6103,'20261002',630,,1572431,27,,,1,70,,1572432,27,,,1,30,,1572433,27,,,1,28,,1572434,27,,,1,68,,1572435,27,,,1,32,,1572436,27,,,1,70,,1572437,27,,,1,30,,1572438,27,,,1,69,,1572439,27,,,1,30,,1572440,27,,,1,70,,1572441,27,,,1,30,,1572442,27,,,1,69,,1572443,27,,,1,30,,1572444,27,,,1,71,,1572445,27,,,1,30,,1572446,27,,,1,70,,1572447,27,,,1,30,,1572448,27,,,1,70,,1572449,27,,,1,30,,1572450,27,,,1,68,,1572451,27,,,1,31,,1572452,27,,,1,71,,1572453,27,,,1,30,,1572454,27,,,1,70,,1572455,27,,,1,30,,1572456,27,,,1,101,,1572457,27,,,1,100,,1572458,27,,,1,100,,1572459,27,,,1,101,,1572460,27,,,1,100,,1572461,27,,,1
6103,'20261003',800,,1572462,27,,,1,28,,1572463,27,,,1,30,,1572464,27,,,1,100,,1572465,27,,,1,99,,1572466,27,,,1,100,,1572467,27,,,1,70,,1572468,27,,,1,30,,1572469,27,,,1,70,,1572470,27,,,1,30,,1572471,27,,,1,70,,1572472,27,,,1,30,,1572473,27,,,1,70,,1572474,27,,,1,30,,1572475,27,,,1,70,,1572476,27,,,1,30,,1572477,27,,,1,71,,1572478,27,,,1,30,,1572479,27,,,1,101,,1572480,27,,,1,100,,1572481,27,,,1,100,,1572482,27,,,1,100,,1572483,27,,,1,142,,1572484,27,,,1
6103,'20261004',800,,1572485,27,,,1,28,,1572486,27,,,1,30,,1572487,27,,,1,100,,1572488,27,,,1,99,,1572489,27,,,1,100,,1572490,27,,,1,70,,1572491,27,,,1,30,,1572492,27,,,1,70,,1572493,27,,,1,30,,1572494,27,,,1,70,,1572495,27,,,1,30,,1572496,27,,,1,70,,1572497,27,,,1,30,,1572498,27,,,1,70,,1572499,27,,,1,30,,1572500,27,,,1,71,,1572501,27,,,1,30,,1572502,27,,,1,101,,1572503,27,,,1,100,,1572504,27,,,1,100,,1572505,27,,,1,100,,1572506,27,,,1,142,,1572507,27,,,1
6103,'20261005',630,,1572508,27,,,1,70,,1572509,27,,,1,30,,1572510,27,,,1,28,,1572511,27,,,1,68,,1572512,27,,,1,32,,1572513,27,,,1,70,,1572514,27,,,1,30,,1572515,27,,,1,69,,1572516,27,,,1,30,,1572517,27,,,1,70,,1572518,27,,,1,30,,1572519,27,,,1,69,,1572520,27,,,1,30,,1572521,27,,,1,71,,1572522,27,,,1,30,,1572523,27,,,1,70,,1572524,27,,,1,30,,1572525,27,,,1,70,,1572526,27,,,1,30,,1572527,27,,,1,68,,1572528,27,,,1,31,,1572529,27,,,1,71,,1572530,27,,,1,30,,1572531,27,,,1,70,,1572532,27,,,1,30,,1572533,27,,,1,101,,1572534,27,,,1,100,,1572535,27,,,1,100,,1572536,27,,,1,101,,1572537,27,,,1,100,,1572538,27,,,1
6103,'20261006',630,,1519264,27,,,1,70,,1519265,27,,,1,30,,1519266,27,,,1,28,,1519267,27,,,1,68,,1519268,27,,,1,32,,1519269,27,,,1,70,,1519270,27,,,1,30,,1519283,27,,,1,69,,1519271,27,,,1,30,,1519284,27,,,1,70,,1519272,27,,,1,30,,1519285,27,,,1,69,,1519273,27,,,1,30,,1519286,27,,,1,71,,1519274,27,,,1,30,,1519287,27,,,1,70,,1519275,27,,,1,30,,1519288,27,,,1,70,,1519276,27,,,1,30,,1519277,27,,,1,68,,1519278,27,,,1,31,,1519279,27,,,1,71,,1519280,27,,,1,30,,1519281,27,,,1,70,,1519282,27,,,1,30,,1519289,27,,,1,101,,1519290,27,,,1,100,,1519291,27,,,1,100,,1519292,27,,,1,101,,1519293,27,,,1,100,,1519294,27,,,1
6103,'20261007',630,,1519295,27,,,1,70,,1519296,27,,,1,30,,1519297,27,,,1,28,,1519298,27,,,1,68,,1519299,27,,,1,32,,1519300,27,,,1,70,,1519301,27,,,1,30,,1519314,27,,,1,69,,1519302,27,,,1,30,,1519315,27,,,1,70,,1519303,27,,,1,30,,1519316,27,,,1,69,,1519304,27,,,1,30,,1519317,27,,,1,71,,1519305,27,,,1,30,,1519318,27,,,1,70,,1519306,27,,,1,30,,1519319,27,,,1,70,,1519307,27,,,1,30,,1519308,27,,,1,68,,1519309,27,,,1,31,,1519310,27,,,1,71,,1519311,27,,,1,30,,1519312,27,,,1,70,,1519313,27,,,1,30,,1519320,27,,,1,101,,1519321,27,,,1,100,,1519322,27,,,1,100,,1519323,27,,,1,101,,1519324,27,,,1,100,,1519325,27,,,1
6103,'20261008',630,,1519326,27,,,1,70,,1519327,27,,,1,30,,1519328,27,,,1,28,,1519329,27,,,1,68,,1519330,27,,,1,32,,1519331,27,,,1,70,,1519332,27,,,1,30,,1519345,27,,,1,69,,1519333,27,,,1,30,,1519346,27,,,1,70,,1519334,27,,,1,30,,1519347,27,,,1,69,,1519335,27,,,1,30,,1519348,27,,,1,71,,1519336,27,,,1,30,,1519349,27,,,1,70,,1519337,27,,,1,30,,1519350,27,,,1,70,,1519338,27,,,1,30,,1519339,27,,,1,68,,1519340,27,,,1,31,,1519341,27,,,1,71,,1519342,27,,,1,30,,1519343,27,,,1,70,,1519344,27,,,1,30,,1519351,27,,,1,101,,1519352,27,,,1,100,,1519353,27,,,1,100,,1519354,27,,,1,101,,1519355,27,,,1,100,,1519356,27,,,1
6103,'20261009',630,,1519357,27,,,1,70,,1519358,27,,,1,30,,1519359,27,,,1,28,,1519360,27,,,1,68,,1519361,27,,,1,32,,1519362,27,,,1,70,,1519363,27,,,1,30,,1519376,27,,,1,69,,1519364,27,,,1,30,,1519377,27,,,1,70,,1519365,27,,,1,30,,1519378,27,,,1,69,,1519366,27,,,1,30,,1519379,27,,,1,71,,1519367,27,,,1,30,,1519380,27,,,1,70,,1519368,27,,,1,30,,1519381,27,,,1,70,,1519369,27,,,1,30,,1519370,27,,,1,68,,1519371,27,,,1,31,,1519372,27,,,1,71,,1519373,27,,,1,30,,1519374,27,,,1,70,,1519375,27,,,1,30,,1519382,27,,,1,101,,1519383,27,,,1,100,,1519384,27,,,1,100,,1519385,27,,,1,101,,1519386,27,,,1,100,,1519387,27,,,1
6103,'20261010',800,,1547643,27,,,1,28,,1547659,27,,,1,30,,1547644,27,,,1,100,,1547648,27,,,1,99,,1547649,27,,,1,100,,1547650,27,,,1,70,,1547660,27,,,1,30,,1547651,27,,,1,70,,1547661,27,,,1,30,,1547652,27,,,1,70,,1547662,27,,,1,30,,1547653,27,,,1,70,,1547663,27,,,1,30,,1547645,27,,,1,70,,1547664,27,,,1,30,,1547646,27,,,1,71,,1547665,27,,,1,30,,1547647,27,,,1,101,,1547654,27,,,1,100,,1547655,27,,,1,100,,1547656,27,,,1,100,,1547657,27,,,1,142,,1547658,27,,,1
6103,'20261011',800,,1547666,27,,,1,28,,1547682,27,,,1,30,,1547667,27,,,1,100,,1547671,27,,,1,99,,1547672,27,,,1,100,,1547673,27,,,1,70,,1547683,27,,,1,30,,1547674,27,,,1,70,,1547684,27,,,1,30,,1547675,27,,,1,70,,1547685,27,,,1,30,,1547676,27,,,1,70,,1547686,27,,,1,30,,1547668,27,,,1,70,,1547687,27,,,1,30,,1547669,27,,,1,71,,1547688,27,,,1,30,,1547670,27,,,1,101,,1547677,27,,,1,100,,1547678,27,,,1,100,,1547679,27,,,1,100,,1547680,27,,,1,142,,1547681,27,,,1
6103,'20261012',800,,1547689,27,,,1,28,,1547705,27,,,1,30,,1547690,27,,,1,100,,1547694,27,,,1,99,,1547695,27,,,1,100,,1547696,27,,,1,70,,1547706,27,,,1,30,,1547697,27,,,1,70,,1547707,27,,,1,30,,1547698,27,,,1,70,,1547708,27,,,1,30,,1547699,27,,,1,70,,1547709,27,,,1,30,,1547691,27,,,1,70,,1547710,27,,,1,30,,1547692,27,,,1,71,,1547711,27,,,1,30,,1547693,27,,,1,101,,1547700,27,,,1,100,,1547701,27,,,1,100,,1547702,27,,,1,100,,1547703,27,,,1,142,,1547704,27,,,1
6103,'20261013',630,,1572539,27,,,1,70,,1572540,27,,,1,30,,1572541,27,,,1,28,,1572542,27,,,1,68,,1572543,27,,,1,32,,1572544,27,,,1,70,,1572545,27,,,1,30,,1572558,27,,,1,69,,1572546,27,,,1,30,,1572559,27,,,1,70,,1572547,27,,,1,30,,1572560,27,,,1,69,,1572548,27,,,1,30,,1572561,27,,,1,71,,1572549,27,,,1,30,,1572562,27,,,1,70,,1572550,27,,,1,30,,1572563,27,,,1,70,,1572551,27,,,1,30,,1572552,27,,,1,68,,1572553,27,,,1,31,,1572554,27,,,1,71,,1572555,27,,,1,30,,1572556,27,,,1,70,,1572557,27,,,1,30,,1572564,27,,,1,101,,1572565,27,,,1,100,,1572566,27,,,1,100,,1572567,27,,,1,101,,1572568,27,,,1,100,,1572569,27,,,1
6103,'20261014',630,,1572570,27,,,1,70,,1572571,27,,,1,30,,1572572,27,,,1,28,,1572573,27,,,1,68,,1572574,27,,,1,32,,1572575,27,,,1,70,,1572576,27,,,1,30,,1572589,27,,,1,69,,1572577,27,,,1,30,,1572590,27,,,1,70,,1572578,27,,,1,30,,1572591,27,,,1,69,,1572579,27,,,1,30,,1572592,27,,,1,71,,1572580,27,,,1,30,,1572593,27,,,1,70,,1572581,27,,,1,30,,1572594,27,,,1,70,,1572582,27,,,1,30,,1572583,27,,,1,68,,1572584,27,,,1,31,,1572585,27,,,1,71,,1572586,27,,,1,30,,1572587,27,,,1,70,,1572588,27,,,1,30,,1572595,27,,,1,101,,1572596,27,,,1,100,,1572597,27,,,1,100,,1572598,27,,,1,101,,1572599,27,,,1,100,,1572600,27,,,1
6103,'20261015',630,,1572601,27,,,1,70,,1572602,27,,,1,30,,1572603,27,,,1,28,,1572604,27,,,1,68,,1572605,27,,,1,32,,1572606,27,,,1,70,,1572607,27,,,1,30,,1572620,27,,,1,69,,1572608,27,,,1,30,,1572621,27,,,1,70,,1572609,27,,,1,30,,1572622,27,,,1,69,,1572610,27,,,1,30,,1572623,27,,,1,71,,1572611,27,,,1,30,,1572624,27,,,1,70,,1572612,27,,,1,30,,1572625,27,,,1,70,,1572613,27,,,1,30,,1572614,27,,,1,68,,1572615,27,,,1,31,,1572616,27,,,1,71,,1572617,27,,,1,30,,1572618,27,,,1,70,,1572619,27,,,1,30,,1572626,27,,,1,101,,1572627,27,,,1,100,,1572628,27,,,1,100,,1572629,27,,,1,101,,1572630,27,,,1,100,,1572631,27,,,1
6103,'20261016',630,,1572632,27,,,1,70,,1572633,27,,,1,30,,1572634,27,,,1,28,,1572635,27,,,1,68,,1572636,27,,,1,32,,1572637,27,,,1,70,,1572638,27,,,1,30,,1572651,27,,,1,69,,1572639,27,,,1,30,,1572652,27,,,1,70,,1572640,27,,,1,30,,1572653,27,,,1,69,,1572641,27,,,1,30,,1572654,27,,,1,71,,1572642,27,,,1,30,,1572655,27,,,1,70,,1572643,27,,,1,30,,1572656,27,,,1,70,,1572644,27,,,1,30,,1572645,27,,,1,68,,1572646,27,,,1,31,,1572647,27,,,1,71,,1572648,27,,,1,30,,1572649,27,,,1,70,,1572650,27,,,1,30,,1572657,27,,,1,101,,1572658,27,,,1,100,,1572659,27,,,1,100,,1572660,27,,,1,101,,1572661,27,,,1,100,,1572662,27,,,1
7000,'20261002',633,,1572664,7,,,0,16,,1572665,7,,,0,62,,1572666,7,,,0,22,,1572667,7,,,0,20,,1572668,7,,,0,62,,1572669,7,,,0,20,,1572670,7,,,0,21,,1572671,7,,,0,60,,1572672,7,,,0,20,,1572673,7,,,0,20,,1572674,7,,,0,59,,1572675,7,,,0,18,,1572676,7,,,0,20,,1572677,7,,,0,60,,1572678,7,,,0,20,,1572679,7,,,0,20,,1572680,7,,,0,57,,1572681,7,,,0,21,,1572682,7,,,0,18,,1572683,7,,,0,63,,1572684,7,,,0,19,,1572685,7,,,0,19,,1572686,7,,,0,61,,1572687,7,,,0,19,,1572688,7,,,0,17,,1572689,7,,,0,62,,1572690,7,,,0,21,,1572691,7,,,0,23,,1572692,7,,,0,63,,1572693,7,,,0,23,,1572694,7,,,0,64,,1572695,7,,,0,19,,1572696,7,,,0,20,,1572697,7,,,0,17,,1572663,3,,,0,42,,1572698,7,,,0,19,,1572699,7,,,0,20,,1572700,7,,,0,19,,1572701,7,,,0,70,,1572702,7,,,0,30,,1572703,7,,,0,70,,1572704,7,,,0,30,,1572705,7,,,0,70,,1572706,7,,,0,30,,1572707,7,,,0,70,,1572708,7,,,0,71,,1572709,7,,,0,30,,1572710,7,,,0
7000,'20261003',630,,1572711,7,,,0,70,,1572712,7,,,0,30,,1572713,7,,,0,70,,1572714,7,,,0,30,,1572715,7,,,0,70,,1572716,7,,,0,29,,1572717,7,,,0,30,,1572718,7,,,0,69,,1572719,7,,,0,30,,1572720,7,,,0,70,,1572721,7,,,0,30,,1572722,7,,,0,69,,1572723,7,,,0,30,,1572724,7,,,0,70,,1572725,7,,,0,30,,1572726,7,,,0,70,,1572727,7,,,0,30,,1572728,7,,,0,70,,1572729,7,,,0,30,,1572730,7,,,0,71,,1572731,7,,,0,30,,1572732,7,,,0,71,,1572733,7,,,0,30,,1572734,7,,,0,70,,1572735,7,,,0,30,,1572736,7,,,0,72,,1572737,7,,,0,70,,1572738,7,,,0,30,,1572739,7,,,0,70,,1572740,7,,,0,30,,1572741,7,,,0,70,,1572742,7,,,0,30,,1572743,7,,,0,70,,1572744,7,,,0
7000,'20261004',630,,1572745,7,,,0,70,,1572746,7,,,0,30,,1572747,7,,,0,70,,1572748,7,,,0,30,,1572749,7,,,0,70,,1572750,7,,,0,29,,1572751,7,,,0,30,,1572752,7,,,0,69,,1572753,7,,,0,30,,1572754,7,,,0,70,,1572755,7,,,0,30,,1572756,7,,,0,69,,1572757,7,,,0,30,,1572758,7,,,0,70,,1572759,7,,,0,30,,1572760,7,,,0,70,,1572761,7,,,0,30,,1572762,7,,,0,70,,1572763,7,,,0,30,,1572764,7,,,0,71,,1572765,7,,,0,30,,1572766,7,,,0,71,,1572767,7,,,0,30,,1572768,7,,,0,70,,1572769,7,,,0,30,,1572770,7,,,0,72,,1572771,7,,,0,70,,1572772,7,,,0,30,,1572773,7,,,0,70,,1572774,7,,,0,30,,1572775,7,,,0,70,,1572776,7,,,0,30,,1572777,7,,,0,70,,1572778,7,,,0
7000,'20261005',633,,1572780,7,,,0,16,,1572781,7,,,0,62,,1572782,7,,,0,22,,1572783,7,,,0,20,,1572784,7,,,0,62,,1572785,7,,,0,20,,1572786,7,,,0,21,,1572787,7,,,0,60,,1572788,7,,,0,20,,1572789,7,,,0,20,,1572790,7,,,0,59,,1572791,7,,,0,18,,1572792,7,,,0,20,,1572793,7,,,0,60,,1572794,7,,,0,20,,1572795,7,,,0,20,,1572796,7,,,0,57,,1572797,7,,,0,21,,1572798,7,,,0,18,,1572799,7,,,0,63,,1572800,7,,,0,19,,1572801,7,,,0,19,,1572802,7,,,0,61,,1572803,7,,,0,19,,1572804,7,,,0,17,,1572805,7,,,0,62,,1572806,7,,,0,21,,1572807,7,,,0,23,,1572808,7,,,0,63,,1572809,7,,,0,23,,1572810,7,,,0,64,,1572811,7,,,0,19,,1572812,7,,,0,20,,1572813,7,,,0,17,,1572779,3,,,0,42,,1572814,7,,,0,19,,1572815,7,,,0,20,,1572816,7,,,0,19,,1572817,7,,,0,70,,1572818,7,,,0,30,,1572819,7,,,0,70,,1572820,7,,,0,30,,1572821,7,,,0,70,,1572822,7,,,0,30,,1572823,7,,,0,70,,1572824,7,,,0,71,,1572825,7,,,0,30,,1572826,7,,,0
7000,'20261006',633,,1519552,7,,,0,16,,1519565,7,,,0,62,,1519566,7,,,0,22,,1519553,7,,,0,20,,1519567,7,,,0,62,,1519568,7,,,0,20,,1519554,7,,,0,21,,1519569,7,,,0,60,,1519570,7,,,0,20,,1519555,7,,,0,20,,1519571,7,,,0,59,,1519572,7,,,0,18,,1519556,7,,,0,20,,1519573,7,,,0,60,,1519574,7,,,0,20,,1519557,7,,,0,20,,1519575,7,,,0,57,,1519576,7,,,0,21,,1519558,7,,,0,18,,1519577,7,,,0,63,,1519578,7,,,0,19,,1519559,7,,,0,19,,1519579,7,,,0,61,,1519580,7,,,0,19,,1519560,7,,,0,17,,1519581,7,,,0,62,,1519582,7,,,0,21,,1519561,7,,,0,23,,1519583,7,,,0,63,,1519584,7,,,0,23,,1519562,7,,,0,64,,1519585,7,,,0,19,,1519586,7,,,0,20,,1519563,7,,,0,59,,1519587,7,,,0,19,,1519588,7,,,0,20,,1519564,7,,,0,19,,1519589,7,,,0,70,,1519590,7,,,0,30,,1519591,7,,,0,70,,1519592,7,,,0,30,,1519593,7,,,0,70,,1519594,7,,,0,30,,1519595,7,,,0,70,,1519596,7,,,0,71,,1519597,7,,,0,30,,1519598,7,,,0
7000,'20261007',633,,1519599,7,,,0,16,,1519612,7,,,0,62,,1519613,7,,,0,22,,1519600,7,,,0,20,,1519614,7,,,0,62,,1519615,7,,,0,20,,1519601,7,,,0,21,,1519616,7,,,0,60,,1519617,7,,,0,20,,1519602,7,,,0,20,,1519618,7,,,0,59,,1519619,7,,,0,18,,1519603,7,,,0,20,,1519620,7,,,0,60,,1519621,7,,,0,20,,1519604,7,,,0,20,,1519622,7,,,0,57,,1519623,7,,,0,21,,1519605,7,,,0,18,,1519624,7,,,0,63,,1519625,7,,,0,19,,1519606,7,,,0,19,,1519626,7,,,0,61,,1519627,7,,,0,19,,1519607,7,,,0,17,,1519628,7,,,0,62,,1519629,7,,,0,21,,1519608,7,,,0,23,,1519630,7,,,0,63,,1519631,7,,,0,23,,1519609,7,,,0,64,,1519632,7,,,0,19,,1519633,7,,,0,20,,1519610,7,,,0,59,,1519634,7,,,0,19,,1519635,7,,,0,20,,1519611,7,,,0,19,,1519636,7,,,0,70,,1519637,7,,,0,30,,1519638,7,,,0,70,,1519639,7,,,0,30,,1519640,7,,,0,70,,1519641,7,,,0,30,,1519642,7,,,0,70,,1519643,7,,,0,71,,1519644,7,,,0,30,,1519645,7,,,0
7000,'20261008',633,,1519646,7,,,0,16,,1519659,7,,,0,62,,1519660,7,,,0,22,,1519647,7,,,0,20,,1519661,7,,,0,62,,1519662,7,,,0,20,,1519648,7,,,0,21,,1519663,7,,,0,60,,1519664,7,,,0,20,,1519649,7,,,0,20,,1519665,7,,,0,59,,1519666,7,,,0,18,,1519650,7,,,0,20,,1519667,7,,,0,60,,1519668,7,,,0,20,,1519651,7,,,0,20,,1519669,7,,,0,57,,1519670,7,,,0,21,,1519652,7,,,0,18,,1519671,7,,,0,63,,1519672,7,,,0,19,,1519653,7,,,0,19,,1519673,7,,,0,61,,1519674,7,,,0,19,,1519654,7,,,0,17,,1519675,7,,,0,62,,1519676,7,,,0,21,,1519655,7,,,0,23,,1519677,7,,,0,63,,1519678,7,,,0,23,,1519656,7,,,0,64,,1519679,7,,,0,19,,1519680,7,,,0,20,,1519657,7,,,0,59,,1519681,7,,,0,19,,1519682,7,,,0,20,,1519658,7,,,0,19,,1519683,7,,,0,70,,1519684,7,,,0,30,,1519685,7,,,0,70,,1519686,7,,,0,30,,1519687,7,,,0,70,,1519688,7,,,0,30,,1519689,7,,,0,70,,1519690,7,,,0,71,,1519691,7,,,0,30,,1519692,7,,,0
7000,'20261009',633,,1519693,7,,,0,16,,1519706,7,,,0,62,,1519707,7,,,0,22,,1519694,7,,,0,20,,1519708,7,,,0,62,,1519709,7,,,0,20,,1519695,7,,,0,21,,1519710,7,,,0,60,,1519711,7,,,0,20,,1519696,7,,,0,20,,1519712,7,,,0,59,,1519713,7,,,0,18,,1519697,7,,,0,20,,1519714,7,,,0,60,,1519715,7,,,0,20,,1519698,7,,,0,20,,1519716,7,,,0,57,,1519717,7,,,0,21,,1519699,7,,,0,18,,1519718,7,,,0,63,,1519719,7,,,0,19,,1519700,7,,,0,19,,1519720,7,,,0,61,,1519721,7,,,0,19,,1519701,7,,,0,17,,1519722,7,,,0,62,,1519723,7,,,0,21,,1519702,7,,,0,23,,1519724,7,,,0,63,,1519725,7,,,0,23,,1519703,7,,,0,64,,1519726,7,,,0,19,,1519727,7,,,0,20,,1519704,7,,,0,59,,1519728,7,,,0,19,,1519729,7,,,0,20,,1519705,7,,,0,19,,1519730,7,,,0,70,,1519731,7,,,0,30,,1519732,7,,,0,70,,1519733,7,,,0,30,,1519734,7,,,0,70,,1519735,7,,,0,30,,1519736,7,,,0,70,,1519737,7,,,0,71,,1519738,7,,,0,30,,1519739,7,,,0
7000,'20261010',630,,1547856,7,,,0,70,,1547874,7,,,0,30,,1547857,7,,,0,70,,1547875,7,,,0,30,,1547858,7,,,0,70,,1547876,7,,,0,29,,1547859,7,,,0,30,,1547877,7,,,0,69,,1547860,7,,,0,30,,1547878,7,,,0,70,,1547861,7,,,0,30,,1547879,7,,,0,69,,1547862,7,,,0,30,,1547880,7,,,0,70,,1547863,7,,,0,30,,1547881,7,,,0,70,,1547864,7,,,0,30,,1547882,7,,,0,70,,1547865,7,,,0,30,,1547883,7,,,0,71,,1547866,7,,,0,30,,1547884,7,,,0,71,,1547867,7,,,0,30,,1547885,7,,,0,70,,1547868,7,,,0,30,,1547889,7,,,0,72,,1547886,7,,,0,70,,1547869,7,,,0,30,,1547887,7,,,0,70,,1547870,7,,,0,30,,1547873,7,,,0,70,,1547871,7,,,0,30,,1547888,7,,,0,70,,1547872,7,,,0
7000,'20261011',630,,1547890,7,,,0,70,,1547907,7,,,0,30,,1547891,7,,,0,70,,1547908,7,,,0,30,,1547892,7,,,0,70,,1547909,7,,,0,29,,1547893,7,,,0,30,,1547910,7,,,0,69,,1547894,7,,,0,30,,1547911,7,,,0,70,,1547895,7,,,0,30,,1547912,7,,,0,69,,1547896,7,,,0,30,,1547913,7,,,0,70,,1547897,7,,,0,30,,1547914,7,,,0,70,,1547898,7,,,0,30,,1547915,7,,,0,70,,1547899,7,,,0,30,,1547916,7,,,0,71,,1547900,7,,,0,30,,1547917,7,,,0,71,,1547901,7,,,0,30,,1547918,7,,,0,70,,1547902,7,,,0,30,,1547919,7,,,0,72,,1547903,7,,,0,70,,1547920,7,,,0,30,,1547904,7,,,0,70,,1547922,7,,,0,30,,1547905,7,,,0,70,,1547921,7,,,0,30,,1547906,7,,,0,70,,1547923,7,,,0
7000,'20261012',630,,1547924,7,,,0,70,,1547941,7,,,0,30,,1547925,7,,,0,70,,1547942,7,,,0,30,,1547926,7,,,0,70,,1547943,7,,,0,29,,1547927,7,,,0,30,,1547944,7,,,0,69,,1547928,7,,,0,30,,1547945,7,,,0,70,,1547929,7,,,0,30,,1547946,7,,,0,69,,1547930,7,,,0,30,,1547947,7,,,0,70,,1547931,7,,,0,30,,1547948,7,,,0,70,,1547932,7,,,0,30,,1547949,7,,,0,70,,1547933,7,,,0,30,,1547950,7,,,0,71,,1547934,7,,,0,30,,1547951,7,,,0,71,,1547935,7,,,0,30,,1547952,7,,,0,70,,1547936,7,,,0,30,,1547953,7,,,0,72,,1547937,7,,,0,70,,1547954,7,,,0,30,,1547938,7,,,0,70,,1547956,7,,,0,30,,1547939,7,,,0,70,,1547955,7,,,0,30,,1547940,7,,,0,70,,1547957,7,,,0
7000,'20261013',633,,1572827,7,,,0,16,,1572840,7,,,0,62,,1572841,7,,,0,22,,1572828,7,,,0,20,,1572842,7,,,0,62,,1572843,7,,,0,20,,1572829,7,,,0,21,,1572844,7,,,0,60,,1572845,7,,,0,20,,1572830,7,,,0,20,,1572846,7,,,0,59,,1572847,7,,,0,18,,1572831,7,,,0,20,,1572848,7,,,0,60,,1572849,7,,,0,20,,1572832,7,,,0,20,,1572850,7,,,0,57,,1572851,7,,,0,21,,1572833,7,,,0,18,,1572852,7,,,0,63,,1572853,7,,,0,19,,1572834,7,,,0,19,,1572854,7,,,0,61,,1572855,7,,,0,19,,1572835,7,,,0,17,,1572856,7,,,0,62,,1572857,7,,,0,21,,1572836,7,,,0,23,,1572858,7,,,0,63,,1572859,7,,,0,23,,1572837,7,,,0,64,,1572860,7,,,0,19,,1572861,7,,,0,20,,1572838,7,,,0,59,,1572862,7,,,0,19,,1572863,7,,,0,20,,1572839,7,,,0,19,,1572864,7,,,0,70,,1572865,7,,,0,30,,1572866,7,,,0,70,,1572867,7,,,0,30,,1572868,7,,,0,70,,1572869,7,,,0,30,,1572870,7,,,0,70,,1572871,7,,,0,71,,1572872,7,,,0,30,,1572873,7,,,0
7000,'20261014',633,,1572874,7,,,0,16,,1572887,7,,,0,62,,1572888,7,,,0,22,,1572875,7,,,0,20,,1572889,7,,,0,62,,1572890,7,,,0,20,,1572876,7,,,0,21,,1572891,7,,,0,60,,1572892,7,,,0,20,,1572877,7,,,0,20,,1572893,7,,,0,59,,1572894,7,,,0,18,,1572878,7,,,0,20,,1572895,7,,,0,60,,1572896,7,,,0,20,,1572879,7,,,0,20,,1572897,7,,,0,57,,1572898,7,,,0,21,,1572880,7,,,0,18,,1572899,7,,,0,63,,1572900,7,,,0,19,,1572881,7,,,0,19,,1572901,7,,,0,61,,1572902,7,,,0,19,,1572882,7,,,0,17,,1572903,7,,,0,62,,1572904,7,,,0,21,,1572883,7,,,0,23,,1572905,7,,,0,63,,1572906,7,,,0,23,,1572884,7,,,0,64,,1572907,7,,,0,19,,1572908,7,,,0,20,,1572885,7,,,0,59,,1572909,7,,,0,19,,1572910,7,,,0,20,,1572886,7,,,0,19,,1572911,7,,,0,70,,1572912,7,,,0,30,,1572913,7,,,0,70,,1572914,7,,,0,30,,1572915,7,,,0,70,,1572916,7,,,0,30,,1572917,7,,,0,70,,1572918,7,,,0,71,,1572919,7,,,0,30,,1572920,7,,,0
7000,'20261015',633,,1572921,7,,,0,16,,1572934,7,,,0,62,,1572935,7,,,0,22,,1572922,7,,,0,20,,1572936,7,,,0,62,,1572937,7,,,0,20,,1572923,7,,,0,21,,1572938,7,,,0,60,,1572939,7,,,0,20,,1572924,7,,,0,20,,1572940,7,,,0,59,,1572941,7,,,0,18,,1572925,7,,,0,20,,1572942,7,,,0,60,,1572943,7,,,0,20,,1572926,7,,,0,20,,1572944,7,,,0,57,,1572945,7,,,0,21,,1572927,7,,,0,18,,1572946,7,,,0,63,,1572947,7,,,0,19,,1572928,7,,,0,19,,1572948,7,,,0,61,,1572949,7,,,0,19,,1572929,7,,,0,17,,1572950,7,,,0,62,,1572951,7,,,0,21,,1572930,7,,,0,23,,1572952,7,,,0,63,,1572953,7,,,0,23,,1572931,7,,,0,64,,1572954,7,,,0,19,,1572955,7,,,0,20,,1572932,7,,,0,59,,1572956,7,,,0,19,,1572957,7,,,0,20,,1572933,7,,,0,19,,1572958,7,,,0,70,,1572959,7,,,0,30,,1572960,7,,,0,70,,1572961,7,,,0,30,,1572962,7,,,0,70,,1572963,7,,,0,30,,1572964,7,,,0,70,,1572965,7,,,0,71,,1572966,7,,,0,30,,1572967,7,,,0
7000,'20261016',633,,1572968,7,,,0,16,,1572981,7,,,0,62,,1572982,7,,,0,22,,1572969,7,,,0,20,,1572983,7,,,0,62,,1572984,7,,,0,20,,1572970,7,,,0,21,,1572985,7,,,0,60,,1572986,7,,,0,20,,1572971,7,,,0,20,,1572987,7,,,0,59,,1572988,7,,,0,18,,1572972,7,,,0,20,,1572989,7,,,0,60,,1572990,7,,,0,20,,1572973,7,,,0,20,,1572991,7,,,0,57,,1572992,7,,,0,21,,1572974,7,,,0,18,,1572993,7,,,0,63,,1572994,7,,,0,19,,1572975,7,,,0,19,,1572995,7,,,0,61,,1572996,7,,,0,19,,1572976,7,,,0,17,,1572997,7,,,0,62,,1572998,7,,,0,21,,1572977,7,,,0,23,,1572999,7,,,0,63,,1573000,7,,,0,23,,1572978,7,,,0,64,,1573001,7,,,0,19,,1573002,7,,,0,20,,1572979,7,,,0,59,,1573003,7,,,0,19,,1573004,7,,,0,20,,1572980,7,,,0,19,,1573005,7,,,0,70,,1573006,7,,,0,30,,1573007,7,,,0,70,,1573008,7,,,0,30,,1573009,7,,,0,70,,1573010,7,,,0,30,,1573011,7,,,0,70,,1573012,7,,,0,71,,1573013,7,,,0,30,,1573014,7,,,0
7001,'20261002',630,,1573015,75,,,0,19,,1573016,75,,,0,58,,1573017,75,,,0,22,,1573018,75,,,0,20,,1573019,75,,,0,60,,1573020,75,,,0,18,,1573021,75,,,0,18,,1573022,75,,,0,60,,1573023,75,,,0,21,,1573024,75,,,0,18,,1573025,75,,,0,59,,1573026,75,,,0,18,,1573027,75,,,0,19,,1573028,75,,,0,60,,1573029,75,,,0,20,,1573030,75,,,0,20,,1573031,75,,,0,61,,1573032,75,,,0,20,,1573033,75,,,0,20,,1573034,75,,,0,61,,1573035,75,,,0,20,,1573036,75,,,0,19,,1573037,75,,,0,17,,1573038,75,,,0,62,,1573039,75,,,0,19,,1573040,75,,,0,63,,1573041,75,,,0,20,,1573042,75,,,0,24,,1573043,75,,,0,61,,1573044,75,,,0,21,,1573045,75,,,0,22,,1573046,75,,,0,64,,1573047,75,,,0,23,,1573048,75,,,0,21,,1573049,75,,,0,62,,1573050,75,,,0,20,,1573051,75,,,0,60,,1573052,75,,,0,29,,1573053,75,,,0,30,,1573054,75,,,0,70,,1573055,75,,,0,30,,1573056,75,,,0,70,,1573057,75,,,0,71,,1573058,75,,,0,30,,1573059,75,,,0,70,,1573060,75,,,0,30,,1573061,75,,,0
7001,'20261003',629,,1573062,75,,,0,30,,1573063,75,,,0,70,,1573064,75,,,0,30,,1573065,75,,,0,70,,1573066,75,,,0,30,,1573067,75,,,0,70,,1573068,75,,,0,30,,1573069,75,,,0,70,,1573070,75,,,0,30,,1573071,75,,,0,70,,1573072,75,,,0,30,,1573073,75,,,0,69,,1573074,75,,,0,30,,1573075,75,,,0,70,,1573076,75,,,0,30,,1573077,75,,,0,70,,1573078,75,,,0,30,,1573079,75,,,0,70,,1573080,75,,,0,30,,1573081,75,,,0,69,,1573082,75,,,0,30,,1573083,75,,,0,71,,1573084,75,,,0,31,,1573085,75,,,0,70,,1573086,75,,,0,30,,1573087,75,,,0,70,,1573088,75,,,0,30,,1573089,75,,,0,70,,1573090,75,,,0,30,,1573091,75,,,0,70,,1573092,75,,,0,30,,1573093,75,,,0,70,,1573094,75,,,0,30,,1573095,75,,,0
7001,'20261004',629,,1573096,75,,,0,30,,1573097,75,,,0,70,,1573098,75,,,0,30,,1573099,75,,,0,70,,1573100,75,,,0,30,,1573101,75,,,0,70,,1573102,75,,,0,30,,1573103,75,,,0,70,,1573104,75,,,0,30,,1573105,75,,,0,70,,1573106,75,,,0,30,,1573107,75,,,0,69,,1573108,75,,,0,30,,1573109,75,,,0,70,,1573110,75,,,0,30,,1573111,75,,,0,70,,1573112,75,,,0,30,,1573113,75,,,0,70,,1573114,75,,,0,30,,1573115,75,,,0,69,,1573116,75,,,0,30,,1573117,75,,,0,71,,1573118,75,,,0,31,,1573119,75,,,0,70,,1573120,75,,,0,30,,1573121,75,,,0,70,,1573122,75,,,0,30,,1573123,75,,,0,70,,1573124,75,,,0,30,,1573125,75,,,0,70,,1573126,75,,,0,30,,1573127,75,,,0,70,,1573128,75,,,0,30,,1573129,75,,,0
7001,'20261005',630,,1573130,75,,,0,19,,1573131,75,,,0,58,,1573132,75,,,0,22,,1573133,75,,,0,20,,1573134,75,,,0,60,,1573135,75,,,0,18,,1573136,75,,,0,18,,1573137,75,,,0,60,,1573138,75,,,0,21,,1573139,75,,,0,18,,1573140,75,,,0,59,,1573141,75,,,0,18,,1573142,75,,,0,19,,1573143,75,,,0,60,,1573144,75,,,0,20,,1573145,75,,,0,20,,1573146,75,,,0,61,,1573147,75,,,0,20,,1573148,75,,,0,20,,1573149,75,,,0,61,,1573150,75,,,0,20,,1573151,75,,,0,19,,1573152,75,,,0,17,,1573153,75,,,0,62,,1573154,75,,,0,19,,1573155,75,,,0,63,,1573156,75,,,0,20,,1573157,75,,,0,24,,1573158,75,,,0,61,,1573159,75,,,0,21,,1573160,75,,,0,22,,1573161,75,,,0,64,,1573162,75,,,0,23,,1573163,75,,,0,21,,1573164,75,,,0,62,,1573165,75,,,0,20,,1573166,75,,,0,60,,1573167,75,,,0,29,,1573168,75,,,0,30,,1573169,75,,,0,70,,1573170,75,,,0,30,,1573171,75,,,0,70,,1573172,75,,,0,71,,1573173,75,,,0,30,,1573174,75,,,0,70,,1573175,75,,,0,30,,1573176,75,,,0
7001,'20261006',630,,1519902,75,,,0,19,,1519919,75,,,0,58,,1519920,75,,,0,22,,1519903,75,,,0,20,,1519921,75,,,0,60,,1519922,75,,,0,18,,1519904,75,,,0,18,,1519923,75,,,0,60,,1519924,75,,,0,21,,1519905,75,,,0,18,,1519925,75,,,0,59,,1519926,75,,,0,18,,1519906,75,,,0,19,,1519927,75,,,0,60,,1519928,75,,,0,20,,1519907,75,,,0,20,,1519929,75,,,0,61,,1519930,75,,,0,20,,1519908,75,,,0,20,,1519931,75,,,0,61,,1519932,75,,,0,20,,1519909,75,,,0,19,,1519933,75,,,0,17,,1519934,75,,,0,62,,1519910,75,,,0,19,,1519935,75,,,0,63,,1519936,75,,,0,20,,1519911,75,,,0,24,,1519937,75,,,0,61,,1519938,75,,,0,21,,1519912,75,,,0,22,,1519939,75,,,0,64,,1519940,75,,,0,23,,1519913,75,,,0,21,,1519941,75,,,0,62,,1519942,75,,,0,20,,1519914,75,,,0,60,,1519943,75,,,0,29,,1519915,75,,,0,30,,1519944,75,,,0,70,,1519916,75,,,0,30,,1519945,75,,,0,70,,1519917,75,,,0,71,,1519946,75,,,0,30,,1519918,75,,,0,70,,1519947,75,,,0,30,,1519948,75,,,0
7001,'20261007',630,,1519949,75,,,0,19,,1519966,75,,,0,58,,1519967,75,,,0,22,,1519950,75,,,0,20,,1519968,75,,,0,60,,1519969,75,,,0,18,,1519951,75,,,0,18,,1519970,75,,,0,60,,1519971,75,,,0,21,,1519952,75,,,0,18,,1519972,75,,,0,59,,1519973,75,,,0,18,,1519953,75,,,0,19,,1519974,75,,,0,60,,1519975,75,,,0,20,,1519954,75,,,0,20,,1519976,75,,,0,61,,1519977,75,,,0,20,,1519955,75,,,0,20,,1519978,75,,,0,61,,1519979,75,,,0,20,,1519956,75,,,0,19,,1519980,75,,,0,17,,1519981,75,,,0,62,,1519957,75,,,0,19,,1519982,75,,,0,63,,1519983,75,,,0,20,,1519958,75,,,0,24,,1519984,75,,,0,61,,1519985,75,,,0,21,,1519959,75,,,0,22,,1519986,75,,,0,64,,1519987,75,,,0,23,,1519960,75,,,0,21,,1519988,75,,,0,62,,1519989,75,,,0,20,,1519961,75,,,0,60,,1519990,75,,,0,29,,1519962,75,,,0,30,,1519991,75,,,0,70,,1519963,75,,,0,30,,1519992,75,,,0,70,,1519964,75,,,0,71,,1519993,75,,,0,30,,1519965,75,,,0,70,,1519994,75,,,0,30,,1519995,75,,,0
7001,'20261008',630,,1519996,75,,,0,19,,1520013,75,,,0,58,,1520014,75,,,0,22,,1519997,75,,,0,20,,1520015,75,,,0,60,,1520016,75,,,0,18,,1519998,75,,,0,18,,1520017,75,,,0,60,,1520018,75,,,0,21,,1519999,75,,,0,18,,1520019,75,,,0,59,,1520020,75,,,0,18,,1520000,75,,,0,19,,1520021,75,,,0,60,,1520022,75,,,0,20,,1520001,75,,,0,20,,1520023,75,,,0,61,,1520024,75,,,0,20,,1520002,75,,,0,20,,1520025,75,,,0,61,,1520026,75,,,0,20,,1520003,75,,,0,19,,1520027,75,,,0,17,,1520028,75,,,0,62,,1520004,75,,,0,19,,1520029,75,,,0,63,,1520030,75,,,0,20,,1520005,75,,,0,24,,1520031,75,,,0,61,,1520032,75,,,0,21,,1520006,75,,,0,22,,1520033,75,,,0,64,,1520034,75,,,0,23,,1520007,75,,,0,21,,1520035,75,,,0,62,,1520036,75,,,0,20,,1520008,75,,,0,60,,1520037,75,,,0,29,,1520009,75,,,0,30,,1520038,75,,,0,70,,1520010,75,,,0,30,,1520039,75,,,0,70,,1520011,75,,,0,71,,1520040,75,,,0,30,,1520012,75,,,0,70,,1520041,75,,,0,30,,1520042,75,,,0
7001,'20261009',630,,1520043,75,,,0,19,,1520060,75,,,0,58,,1520061,75,,,0,22,,1520044,75,,,0,20,,1520062,75,,,0,60,,1520063,75,,,0,18,,1520045,75,,,0,18,,1520064,75,,,0,60,,1520065,75,,,0,21,,1520046,75,,,0,18,,1520066,75,,,0,59,,1520067,75,,,0,18,,1520047,75,,,0,19,,1520068,75,,,0,60,,1520069,75,,,0,20,,1520048,75,,,0,20,,1520070,75,,,0,61,,1520071,75,,,0,20,,1520049,75,,,0,20,,1520072,75,,,0,61,,1520073,75,,,0,20,,1520050,75,,,0,19,,1520074,75,,,0,17,,1520075,75,,,0,62,,1520051,75,,,0,19,,1520076,75,,,0,63,,1520077,75,,,0,20,,1520052,75,,,0,24,,1520078,75,,,0,61,,1520079,75,,,0,21,,1520053,75,,,0,22,,1520080,75,,,0,64,,1520081,75,,,0,23,,1520054,75,,,0,21,,1520082,75,,,0,62,,1520083,75,,,0,20,,1520055,75,,,0,60,,1520084,75,,,0,29,,1520056,75,,,0,30,,1520085,75,,,0,70,,1520057,75,,,0,30,,1520086,75,,,0,70,,1520058,75,,,0,71,,1520087,75,,,0,30,,1520059,75,,,0,70,,1520088,75,,,0,30,,1520089,75,,,0
7001,'20261010',629,,1548099,75,,,0,30,,1548115,75,,,0,70,,1548100,75,,,0,30,,1548116,75,,,0,70,,1548101,75,,,0,30,,1548117,75,,,0,70,,1548102,75,,,0,30,,1548118,75,,,0,70,,1548103,75,,,0,30,,1548119,75,,,0,70,,1548104,75,,,0,30,,1548120,75,,,0,69,,1548105,75,,,0,30,,1548121,75,,,0,70,,1548106,75,,,0,30,,1548122,75,,,0,70,,1548123,75,,,0,30,,1548124,75,,,0,70,,1548125,75,,,0,30,,1548126,75,,,0,69,,1548107,75,,,0,30,,1548127,75,,,0,71,,1548108,75,,,0,31,,1548128,75,,,0,70,,1548109,75,,,0,30,,1548129,75,,,0,70,,1548130,75,,,0,30,,1548110,75,,,0,70,,1548131,75,,,0,30,,1548111,75,,,0,70,,1548114,75,,,0,30,,1548112,75,,,0,70,,1548132,75,,,0,30,,1548113,75,,,0
7001,'20261011',629,,1548133,75,,,0,30,,1548150,75,,,0,70,,1548134,75,,,0,30,,1548151,75,,,0,70,,1548135,75,,,0,30,,1548149,75,,,0,70,,1548136,75,,,0,30,,1548152,75,,,0,70,,1548137,75,,,0,30,,1548153,75,,,0,70,,1548138,75,,,0,30,,1548154,75,,,0,69,,1548139,75,,,0,30,,1548155,75,,,0,70,,1548140,75,,,0,30,,1548156,75,,,0,70,,1548157,75,,,0,30,,1548158,75,,,0,70,,1548159,75,,,0,30,,1548160,75,,,0,69,,1548141,75,,,0,30,,1548161,75,,,0,71,,1548142,75,,,0,31,,1548162,75,,,0,70,,1548143,75,,,0,30,,1548163,75,,,0,70,,1548164,75,,,0,30,,1548144,75,,,0,70,,1548165,75,,,0,30,,1548145,75,,,0,70,,1548148,75,,,0,30,,1548146,75,,,0,70,,1548166,75,,,0,30,,1548147,75,,,0
7001,'20261012',629,,1548167,75,,,0,30,,1548184,75,,,0,70,,1548168,75,,,0,30,,1548185,75,,,0,70,,1548169,75,,,0,30,,1548183,75,,,0,70,,1548170,75,,,0,30,,1548186,75,,,0,70,,1548171,75,,,0,30,,1548187,75,,,0,70,,1548172,75,,,0,30,,1548188,75,,,0,69,,1548173,75,,,0,30,,1548189,75,,,0,70,,1548174,75,,,0,30,,1548190,75,,,0,70,,1548191,75,,,0,30,,1548192,75,,,0,70,,1548193,75,,,0,30,,1548194,75,,,0,69,,1548175,75,,,0,30,,1548195,75,,,0,71,,1548176,75,,,0,31,,1548196,75,,,0,70,,1548177,75,,,0,30,,1548197,75,,,0,70,,1548198,75,,,0,30,,1548178,75,,,0,70,,1548199,75,,,0,30,,1548179,75,,,0,70,,1548182,75,,,0,30,,1548180,75,,,0,70,,1548200,75,,,0,30,,1548181,75,,,0
7001,'20261013',630,,1573177,75,,,0,19,,1573194,75,,,0,58,,1573195,75,,,0,22,,1573178,75,,,0,20,,1573196,75,,,0,60,,1573197,75,,,0,18,,1573179,75,,,0,18,,1573198,75,,,0,60,,1573199,75,,,0,21,,1573180,75,,,0,18,,1573200,75,,,0,59,,1573201,75,,,0,18,,1573181,75,,,0,19,,1573202,75,,,0,60,,1573203,75,,,0,20,,1573182,75,,,0,20,,1573204,75,,,0,61,,1573205,75,,,0,20,,1573183,75,,,0,20,,1573206,75,,,0,61,,1573207,75,,,0,20,,1573184,75,,,0,19,,1573208,75,,,0,17,,1573209,75,,,0,62,,1573185,75,,,0,19,,1573210,75,,,0,63,,1573211,75,,,0,20,,1573186,75,,,0,24,,1573212,75,,,0,61,,1573213,75,,,0,21,,1573187,75,,,0,22,,1573214,75,,,0,64,,1573215,75,,,0,23,,1573188,75,,,0,21,,1573216,75,,,0,62,,1573217,75,,,0,20,,1573189,75,,,0,60,,1573218,75,,,0,29,,1573190,75,,,0,30,,1573219,75,,,0,70,,1573191,75,,,0,30,,1573220,75,,,0,70,,1573192,75,,,0,71,,1573221,75,,,0,30,,1573193,75,,,0,70,,1573222,75,,,0,30,,1573223,75,,,0
7001,'20261014',630,,1573224,75,,,0,19,,1573241,75,,,0,58,,1573242,75,,,0,22,,1573225,75,,,0,20,,1573243,75,,,0,60,,1573244,75,,,0,18,,1573226,75,,,0,18,,1573245,75,,,0,60,,1573246,75,,,0,21,,1573227,75,,,0,18,,1573247,75,,,0,59,,1573248,75,,,0,18,,1573228,75,,,0,19,,1573249,75,,,0,60,,1573250,75,,,0,20,,1573229,75,,,0,20,,1573251,75,,,0,61,,1573252,75,,,0,20,,1573230,75,,,0,20,,1573253,75,,,0,61,,1573254,75,,,0,20,,1573231,75,,,0,19,,1573255,75,,,0,17,,1573256,75,,,0,62,,1573232,75,,,0,19,,1573257,75,,,0,63,,1573258,75,,,0,20,,1573233,75,,,0,24,,1573259,75,,,0,61,,1573260,75,,,0,21,,1573234,75,,,0,22,,1573261,75,,,0,64,,1573262,75,,,0,23,,1573235,75,,,0,21,,1573263,75,,,0,62,,1573264,75,,,0,20,,1573236,75,,,0,60,,1573265,75,,,0,29,,1573237,75,,,0,30,,1573266,75,,,0,70,,1573238,75,,,0,30,,1573267,75,,,0,70,,1573239,75,,,0,71,,1573268,75,,,0,30,,1573240,75,,,0,70,,1573269,75,,,0,30,,1573270,75,,,0
7001,'20261015',630,,1573271,75,,,0,19,,1573288,75,,,0,58,,1573289,75,,,0,22,,1573272,75,,,0,20,,1573290,75,,,0,60,,1573291,75,,,0,18,,1573273,75,,,0,18,,1573292,75,,,0,60,,1573293,75,,,0,21,,1573274,75,,,0,18,,1573294,75,,,0,59,,1573295,75,,,0,18,,1573275,75,,,0,19,,1573296,75,,,0,60,,1573297,75,,,0,20,,1573276,75,,,0,20,,1573298,75,,,0,61,,1573299,75,,,0,20,,1573277,75,,,0,20,,1573300,75,,,0,61,,1573301,75,,,0,20,,1573278,75,,,0,19,,1573302,75,,,0,17,,1573303,75,,,0,62,,1573279,75,,,0,19,,1573304,75,,,0,63,,1573305,75,,,0,20,,1573280,75,,,0,24,,1573306,75,,,0,61,,1573307,75,,,0,21,,1573281,75,,,0,22,,1573308,75,,,0,64,,1573309,75,,,0,23,,1573282,75,,,0,21,,1573310,75,,,0,62,,1573311,75,,,0,20,,1573283,75,,,0,60,,1573312,75,,,0,29,,1573284,75,,,0,30,,1573313,75,,,0,70,,1573285,75,,,0,30,,1573314,75,,,0,70,,1573286,75,,,0,71,,1573315,75,,,0,30,,1573287,75,,,0,70,,1573316,75,,,0,30,,1573317,75,,,0
7001,'20261016',630,,1573318,75,,,0,19,,1573335,75,,,0,58,,1573336,75,,,0,22,,1573319,75,,,0,20,,1573337,75,,,0,60,,1573338,75,,,0,18,,1573320,75,,,0,18,,1573339,75,,,0,60,,1573340,75,,,0,21,,1573321,75,,,0,18,,1573341,75,,,0,59,,1573342,75,,,0,18,,1573322,75,,,0,19,,1573343,75,,,0,60,,1573344,75,,,0,20,,1573323,75,,,0,20,,1573345,75,,,0,61,,1573346,75,,,0,20,,1573324,75,,,0,20,,1573347,75,,,0,61,,1573348,75,,,0,20,,1573325,75,,,0,19,,1573349,75,,,0,17,,1573350,75,,,0,62,,1573326,75,,,0,19,,1573351,75,,,0,63,,1573352,75,,,0,20,,1573327,75,,,0,24,,1573353,75,,,0,61,,1573354,75,,,0,21,,1573328,75,,,0,22,,1573355,75,,,0,64,,1573356,75,,,0,23,,1573329,75,,,0,21,,1573357,75,,,0,62,,1573358,75,,,0,20,,1573330,75,,,0,60,,1573359,75,,,0,29,,1573331,75,,,0,30,,1573360,75,,,0,70,,1573332,75,,,0,30,,1573361,75,,,0,70,,1573333,75,,,0,71,,1573362,75,,,0,30,,1573334,75,,,0,70,,1573363,75,,,0,30,,1573364,75,,,0
7101,'20261002',611,,1573713,16,,,0,17,,1573714,16,,,0,20,,1573715,16,,,0,61,,1573716,16,,,0,20,,1573717,16,,,0,20,,1573718,16,,,0,58,,1573719,16,,,0,21,,1573720,16,,,0,19,,1573721,16,,,0,60,,1573722,16,,,0,19,,1573723,16,,,0,19,,1573724,16,,,0,65,,1573725,16,,,0,20,,1573726,16,,,0,19,,1573727,16,,,0,60,,1573728,16,,,0,17,,1573729,16,,,0,19,,1573730,16,,,0,60,,1573731,16,,,0,21,,1573732,16,,,0,20,,1573733,16,,,0,60,,1573734,16,,,0,21,,1573735,16,,,0,21,,1573736,16,,,0,63,,1573737,16,,,0,22,,1573738,16,,,0,21,,1573739,16,,,0,61,,1573740,16,,,0,20,,1573741,16,,,0,23,,1573742,16,,,0,59,,1573743,16,,,0,22,,1573744,16,,,0,20,,1573745,16,,,0,58,,1573746,16,,,0,20,,1573747,16,,,0,20,,1573748,16,,,0,62,,1573749,16,,,0,18,,1573750,16,,,0,20,,1573751,16,,,0,61,,1573752,16,,,0,30,,1573753,16,,,0,70,,1573754,16,,,0,30,,1573755,16,,,0,70,,1573756,16,,,0,30,,1573757,16,,,0,71,,1573758,16,,,0,30,,1573759,16,,,0
7101,'20261003',714,,1573760,16,,,0,30,,1573761,16,,,0,70,,1573762,16,,,0,31,,1573763,16,,,0,70,,1573764,16,,,0,31,,1573765,16,,,0,70,,1573766,16,,,0,31,,1573767,16,,,0,70,,1573768,16,,,0,30,,1573769,16,,,0,69,,1573770,16,,,0,31,,1573771,16,,,0,70,,1573772,16,,,0,30,,1573773,16,,,0,70,,1573774,16,,,0,32,,1573775,16,,,0,68,,1573776,16,,,0,30,,1573777,16,,,0,70,,1573778,16,,,0,30,,1573779,16,,,0,70,,1573780,16,,,0,30,,1573781,16,,,0,71,,1573782,16,,,0,29,,1573783,16,,,0,70,,1573784,16,,,0,28,,1573785,16,,,0,71,,1573786,16,,,0,30,,1573787,16,,,0,71,,1573788,16,,,0,30,,1573789,16,,,0,70,,1573790,16,,,0,31,,1573791,16,,,0,71,,1573792,16,,,0
7101,'20261004',714,,1573793,16,,,0,30,,1573794,16,,,0,70,,1573795,16,,,0,31,,1573796,16,,,0,70,,1573797,16,,,0,31,,1573798,16,,,0,70,,1573799,16,,,0,31,,1573800,16,,,0,70,,1573801,16,,,0,30,,1573802,16,,,0,69,,1573803,16,,,0,31,,1573804,16,,,0,70,,1573805,16,,,0,30,,1573806,16,,,0,70,,1573807,16,,,0,32,,1573808,16,,,0,68,,1573809,16,,,0,30,,1573810,16,,,0,70,,1573811,16,,,0,30,,1573812,16,,,0,70,,1573813,16,,,0,30,,1573814,16,,,0,71,,1573815,16,,,0,29,,1573816,16,,,0,70,,1573817,16,,,0,28,,1573818,16,,,0,71,,1573819,16,,,0,30,,1573820,16,,,0,71,,1573821,16,,,0,30,,1573822,16,,,0,70,,1573823,16,,,0,31,,1573824,16,,,0,71,,1573825,16,,,0
7101,'20261005',611,,1573826,16,,,0,17,,1573827,16,,,0,20,,1573828,16,,,0,61,,1573829,16,,,0,20,,1573830,16,,,0,20,,1573831,16,,,0,58,,1573832,16,,,0,21,,1573833,16,,,0,19,,1573834,16,,,0,60,,1573835,16,,,0,19,,1573836,16,,,0,19,,1573837,16,,,0,65,,1573838,16,,,0,20,,1573839,16,,,0,19,,1573840,16,,,0,60,,1573841,16,,,0,17,,1573842,16,,,0,19,,1573843,16,,,0,60,,1573844,16,,,0,21,,1573845,16,,,0,20,,1573846,16,,,0,60,,1573847,16,,,0,21,,1573848,16,,,0,21,,1573849,16,,,0,63,,1573850,16,,,0,22,,1573851,16,,,0,21,,1573852,16,,,0,61,,1573853,16,,,0,20,,1573854,16,,,0,23,,1573855,16,,,0,59,,1573856,16,,,0,22,,1573857,16,,,0,20,,1573858,16,,,0,58,,1573859,16,,,0,20,,1573860,16,,,0,20,,1573861,16,,,0,62,,1573862,16,,,0,18,,1573863,16,,,0,20,,1573864,16,,,0,61,,1573865,16,,,0,30,,1573866,16,,,0,70,,1573867,16,,,0,30,,1573868,16,,,0,70,,1573869,16,,,0,30,,1573870,16,,,0,71,,1573871,16,,,0,30,,1573872,16,,,0
7101,'20261006',611,,1520644,16,,,0,17,,1520643,16,,,0,20,,1520598,16,,,0,61,,1520599,16,,,0,20,,1520600,16,,,0,20,,1520601,16,,,0,58,,1520602,16,,,0,21,,1520603,16,,,0,19,,1520604,16,,,0,60,,1520605,16,,,0,19,,1520606,16,,,0,19,,1520607,16,,,0,65,,1520608,16,,,0,20,,1520609,16,,,0,19,,1520610,16,,,0,60,,1520611,16,,,0,17,,1520612,16,,,0,19,,1520613,16,,,0,60,,1520614,16,,,0,21,,1520615,16,,,0,20,,1520616,16,,,0,60,,1520617,16,,,0,21,,1520618,16,,,0,21,,1520619,16,,,0,63,,1520620,16,,,0,22,,1520621,16,,,0,21,,1520622,16,,,0,61,,1520623,16,,,0,20,,1520624,16,,,0,23,,1520625,16,,,0,59,,1520626,16,,,0,22,,1520627,16,,,0,20,,1520628,16,,,0,58,,1520629,16,,,0,20,,1520630,16,,,0,20,,1520631,16,,,0,62,,1520632,16,,,0,18,,1520633,16,,,0,20,,1520634,16,,,0,61,,1520635,16,,,0,30,,1520636,16,,,0,70,,1520637,16,,,0,30,,1520638,16,,,0,70,,1520640,16,,,0,30,,1520641,16,,,0,71,,1520642,16,,,0,30,,1520639,16,,,0
7101,'20261007',611,,1520691,16,,,0,17,,1520690,16,,,0,20,,1520645,16,,,0,61,,1520646,16,,,0,20,,1520647,16,,,0,20,,1520648,16,,,0,58,,1520649,16,,,0,21,,1520650,16,,,0,19,,1520651,16,,,0,60,,1520652,16,,,0,19,,1520653,16,,,0,19,,1520654,16,,,0,65,,1520655,16,,,0,20,,1520656,16,,,0,19,,1520657,16,,,0,60,,1520658,16,,,0,17,,1520659,16,,,0,19,,1520660,16,,,0,60,,1520661,16,,,0,21,,1520662,16,,,0,20,,1520663,16,,,0,60,,1520664,16,,,0,21,,1520665,16,,,0,21,,1520666,16,,,0,63,,1520667,16,,,0,22,,1520668,16,,,0,21,,1520669,16,,,0,61,,1520670,16,,,0,20,,1520671,16,,,0,23,,1520672,16,,,0,59,,1520673,16,,,0,22,,1520674,16,,,0,20,,1520675,16,,,0,58,,1520676,16,,,0,20,,1520677,16,,,0,20,,1520678,16,,,0,62,,1520679,16,,,0,18,,1520680,16,,,0,20,,1520681,16,,,0,61,,1520682,16,,,0,30,,1520683,16,,,0,70,,1520684,16,,,0,30,,1520685,16,,,0,70,,1520687,16,,,0,30,,1520688,16,,,0,71,,1520689,16,,,0,30,,1520686,16,,,0
7101,'20261008',611,,1520738,16,,,0,17,,1520737,16,,,0,20,,1520692,16,,,0,61,,1520693,16,,,0,20,,1520694,16,,,0,20,,1520695,16,,,0,58,,1520696,16,,,0,21,,1520697,16,,,0,19,,1520698,16,,,0,60,,1520699,16,,,0,19,,1520700,16,,,0,19,,1520701,16,,,0,65,,1520702,16,,,0,20,,1520703,16,,,0,19,,1520704,16,,,0,60,,1520705,16,,,0,17,,1520706,16,,,0,19,,1520707,16,,,0,60,,1520708,16,,,0,21,,1520709,16,,,0,20,,1520710,16,,,0,60,,1520711,16,,,0,21,,1520712,16,,,0,21,,1520713,16,,,0,63,,1520714,16,,,0,22,,1520715,16,,,0,21,,1520716,16,,,0,61,,1520717,16,,,0,20,,1520718,16,,,0,23,,1520719,16,,,0,59,,1520720,16,,,0,22,,1520721,16,,,0,20,,1520722,16,,,0,58,,1520723,16,,,0,20,,1520724,16,,,0,20,,1520725,16,,,0,62,,1520726,16,,,0,18,,1520727,16,,,0,20,,1520728,16,,,0,61,,1520729,16,,,0,30,,1520730,16,,,0,70,,1520731,16,,,0,30,,1520732,16,,,0,70,,1520734,16,,,0,30,,1520735,16,,,0,71,,1520736,16,,,0,30,,1520733,16,,,0
7101,'20261009',611,,1520785,16,,,0,17,,1520784,16,,,0,20,,1520739,16,,,0,61,,1520740,16,,,0,20,,1520741,16,,,0,20,,1520742,16,,,0,58,,1520743,16,,,0,21,,1520744,16,,,0,19,,1520745,16,,,0,60,,1520746,16,,,0,19,,1520747,16,,,0,19,,1520748,16,,,0,65,,1520749,16,,,0,20,,1520750,16,,,0,19,,1520751,16,,,0,60,,1520752,16,,,0,17,,1520753,16,,,0,19,,1520754,16,,,0,60,,1520755,16,,,0,21,,1520756,16,,,0,20,,1520757,16,,,0,60,,1520758,16,,,0,21,,1520759,16,,,0,21,,1520760,16,,,0,63,,1520761,16,,,0,22,,1520762,16,,,0,21,,1520763,16,,,0,61,,1520764,16,,,0,20,,1520765,16,,,0,23,,1520766,16,,,0,59,,1520767,16,,,0,22,,1520768,16,,,0,20,,1520769,16,,,0,58,,1520770,16,,,0,20,,1520771,16,,,0,20,,1520772,16,,,0,62,,1520773,16,,,0,18,,1520774,16,,,0,20,,1520775,16,,,0,61,,1520776,16,,,0,30,,1520777,16,,,0,70,,1520778,16,,,0,30,,1520779,16,,,0,70,,1520781,16,,,0,30,,1520782,16,,,0,71,,1520783,16,,,0,30,,1520780,16,,,0
7101,'20261010',714,,1548582,16,,,0,30,,1548583,16,,,0,70,,1548584,16,,,0,31,,1548585,16,,,0,70,,1548586,16,,,0,31,,1548587,16,,,0,70,,1548588,16,,,0,31,,1548589,16,,,0,70,,1548590,16,,,0,30,,1548591,16,,,0,69,,1548592,16,,,0,31,,1548593,16,,,0,70,,1548594,16,,,0,30,,1548595,16,,,0,70,,1548596,16,,,0,32,,1548597,16,,,0,68,,1548598,16,,,0,30,,1548599,16,,,0,70,,1548600,16,,,0,30,,1548601,16,,,0,70,,1548602,16,,,0,30,,1548603,16,,,0,71,,1548604,16,,,0,29,,1548605,16,,,0,70,,1548606,16,,,0,28,,1548607,16,,,0,71,,1548608,16,,,0,30,,1548609,16,,,0,71,,1548610,16,,,0,30,,1548611,16,,,0,70,,1548612,16,,,0,31,,1548613,16,,,0,71,,1548614,16,,,0
7101,'20261011',714,,1548615,16,,,0,30,,1548616,16,,,0,70,,1548617,16,,,0,31,,1548618,16,,,0,70,,1548619,16,,,0,31,,1548620,16,,,0,70,,1548621,16,,,0,31,,1548622,16,,,0,70,,1548623,16,,,0,30,,1548624,16,,,0,69,,1548625,16,,,0,31,,1548626,16,,,0,70,,1548627,16,,,0,30,,1548628,16,,,0,70,,1548629,16,,,0,32,,1548630,16,,,0,68,,1548631,16,,,0,30,,1548632,16,,,0,70,,1548633,16,,,0,30,,1548634,16,,,0,70,,1548635,16,,,0,30,,1548636,16,,,0,71,,1548637,16,,,0,29,,1548638,16,,,0,70,,1548639,16,,,0,28,,1548640,16,,,0,71,,1548641,16,,,0,30,,1548642,16,,,0,71,,1548643,16,,,0,30,,1548644,16,,,0,70,,1548645,16,,,0,31,,1548646,16,,,0,71,,1548647,16,,,0
7101,'20261012',714,,1548648,16,,,0,30,,1548649,16,,,0,70,,1548650,16,,,0,31,,1548651,16,,,0,70,,1548652,16,,,0,31,,1548653,16,,,0,70,,1548654,16,,,0,31,,1548655,16,,,0,70,,1548656,16,,,0,30,,1548657,16,,,0,69,,1548658,16,,,0,31,,1548659,16,,,0,70,,1548660,16,,,0,30,,1548661,16,,,0,70,,1548662,16,,,0,32,,1548663,16,,,0,68,,1548664,16,,,0,30,,1548665,16,,,0,70,,1548666,16,,,0,30,,1548667,16,,,0,70,,1548668,16,,,0,30,,1548669,16,,,0,71,,1548670,16,,,0,29,,1548671,16,,,0,70,,1548672,16,,,0,28,,1548673,16,,,0,71,,1548674,16,,,0,30,,1548675,16,,,0,71,,1548676,16,,,0,30,,1548677,16,,,0,70,,1548678,16,,,0,31,,1548679,16,,,0,71,,1548680,16,,,0
7101,'20261013',611,,1573919,16,,,0,17,,1573918,16,,,0,20,,1573873,16,,,0,61,,1573874,16,,,0,20,,1573875,16,,,0,20,,1573876,16,,,0,58,,1573877,16,,,0,21,,1573878,16,,,0,19,,1573879,16,,,0,60,,1573880,16,,,0,19,,1573881,16,,,0,19,,1573882,16,,,0,65,,1573883,16,,,0,20,,1573884,16,,,0,19,,1573885,16,,,0,60,,1573886,16,,,0,17,,1573887,16,,,0,19,,1573888,16,,,0,60,,1573889,16,,,0,21,,1573890,16,,,0,20,,1573891,16,,,0,60,,1573892,16,,,0,21,,1573893,16,,,0,21,,1573894,16,,,0,63,,1573895,16,,,0,22,,1573896,16,,,0,21,,1573897,16,,,0,61,,1573898,16,,,0,20,,1573899,16,,,0,23,,1573900,16,,,0,59,,1573901,16,,,0,22,,1573902,16,,,0,20,,1573903,16,,,0,58,,1573904,16,,,0,20,,1573905,16,,,0,20,,1573906,16,,,0,62,,1573907,16,,,0,18,,1573908,16,,,0,20,,1573909,16,,,0,61,,1573910,16,,,0,30,,1573911,16,,,0,70,,1573912,16,,,0,30,,1573913,16,,,0,70,,1573915,16,,,0,30,,1573916,16,,,0,71,,1573917,16,,,0,30,,1573914,16,,,0
7101,'20261014',611,,1573966,16,,,0,17,,1573965,16,,,0,20,,1573920,16,,,0,61,,1573921,16,,,0,20,,1573922,16,,,0,20,,1573923,16,,,0,58,,1573924,16,,,0,21,,1573925,16,,,0,19,,1573926,16,,,0,60,,1573927,16,,,0,19,,1573928,16,,,0,19,,1573929,16,,,0,65,,1573930,16,,,0,20,,1573931,16,,,0,19,,1573932,16,,,0,60,,1573933,16,,,0,17,,1573934,16,,,0,19,,1573935,16,,,0,60,,1573936,16,,,0,21,,1573937,16,,,0,20,,1573938,16,,,0,60,,1573939,16,,,0,21,,1573940,16,,,0,21,,1573941,16,,,0,63,,1573942,16,,,0,22,,1573943,16,,,0,21,,1573944,16,,,0,61,,1573945,16,,,0,20,,1573946,16,,,0,23,,1573947,16,,,0,59,,1573948,16,,,0,22,,1573949,16,,,0,20,,1573950,16,,,0,58,,1573951,16,,,0,20,,1573952,16,,,0,20,,1573953,16,,,0,62,,1573954,16,,,0,18,,1573955,16,,,0,20,,1573956,16,,,0,61,,1573957,16,,,0,30,,1573958,16,,,0,70,,1573959,16,,,0,30,,1573960,16,,,0,70,,1573962,16,,,0,30,,1573963,16,,,0,71,,1573964,16,,,0,30,,1573961,16,,,0
7101,'20261015',611,,1574013,16,,,0,17,,1574012,16,,,0,20,,1573967,16,,,0,61,,1573968,16,,,0,20,,1573969,16,,,0,20,,1573970,16,,,0,58,,1573971,16,,,0,21,,1573972,16,,,0,19,,1573973,16,,,0,60,,1573974,16,,,0,19,,1573975,16,,,0,19,,1573976,16,,,0,65,,1573977,16,,,0,20,,1573978,16,,,0,19,,1573979,16,,,0,60,,1573980,16,,,0,17,,1573981,16,,,0,19,,1573982,16,,,0,60,,1573983,16,,,0,21,,1573984,16,,,0,20,,1573985,16,,,0,60,,1573986,16,,,0,21,,1573987,16,,,0,21,,1573988,16,,,0,63,,1573989,16,,,0,22,,1573990,16,,,0,21,,1573991,16,,,0,61,,1573992,16,,,0,20,,1573993,16,,,0,23,,1573994,16,,,0,59,,1573995,16,,,0,22,,1573996,16,,,0,20,,1573997,16,,,0,58,,1573998,16,,,0,20,,1573999,16,,,0,20,,1574000,16,,,0,62,,1574001,16,,,0,18,,1574002,16,,,0,20,,1574003,16,,,0,61,,1574004,16,,,0,30,,1574005,16,,,0,70,,1574006,16,,,0,30,,1574007,16,,,0,70,,1574009,16,,,0,30,,1574010,16,,,0,71,,1574011,16,,,0,30,,1574008,16,,,0
7101,'20261016',611,,1574060,16,,,0,17,,1574059,16,,,0,20,,1574014,16,,,0,61,,1574015,16,,,0,20,,1574016,16,,,0,20,,1574017,16,,,0,58,,1574018,16,,,0,21,,1574019,16,,,0,19,,1574020,16,,,0,60,,1574021,16,,,0,19,,1574022,16,,,0,19,,1574023,16,,,0,65,,1574024,16,,,0,20,,1574025,16,,,0,19,,1574026,16,,,0,60,,1574027,16,,,0,17,,1574028,16,,,0,19,,1574029,16,,,0,60,,1574030,16,,,0,21,,1574031,16,,,0,20,,1574032,16,,,0,60,,1574033,16,,,0,21,,1574034,16,,,0,21,,1574035,16,,,0,63,,1574036,16,,,0,22,,1574037,16,,,0,21,,1574038,16,,,0,61,,1574039,16,,,0,20,,1574040,16,,,0,23,,1574041,16,,,0,59,,1574042,16,,,0,22,,1574043,16,,,0,20,,1574044,16,,,0,58,,1574045,16,,,0,20,,1574046,16,,,0,20,,1574047,16,,,0,62,,1574048,16,,,0,18,,1574049,16,,,0,20,,1574050,16,,,0,61,,1574051,16,,,0,30,,1574052,16,,,0,70,,1574053,16,,,0,30,,1574054,16,,,0,70,,1574056,16,,,0,30,,1574057,16,,,0,71,,1574058,16,,,0,30,,1574055,16,,,0
8200,'20261002',631,,1576512,31,,,0,78,,1576513,31,,,0,38,,1576514,31,,,0,71,,1576515,31,,,0,33,,1576516,31,,,0,108,,1576517,31,,,0,86,,1576518,31,,,0,100,,1576519,31,,,0,99,,1576520,31,,,0,99,,1576521,31,,,0,93,,1576522,31,,,0,98,,1576523,31,,,0,93,,1576524,31,,,0,30,,1576525,31,,,0,70,,1576526,31,,,0,28,,1576527,31,,,0,100,,1576528,31,,,0,74,,1576529,31,,,0,99,,1576530,31,,,0,102,,1576531,31,,,0,100,,1576532,31,,,0,100,,1576533,31,,,0
8200,'20261003',659,,1576534,31,,,0,100,,1576535,31,,,0,100,,1576536,31,,,0,100,,1576537,31,,,0,100,,1576538,31,,,0,99,,1576539,31,,,0,99,,1576540,31,,,0,100,,1576541,31,,,0,100,,1576542,31,,,0,100,,1576543,31,,,0,100,,1576544,31,,,0,100,,1576545,31,,,0,143,,1576546,31,,,0,100,,1576547,31,,,0,100,,1576548,31,,,0,100,,1576549,31,,,0,130,,1576550,31,,,0
8200,'20261004',659,,1576551,31,,,0,100,,1576552,31,,,0,100,,1576553,31,,,0,100,,1576554,31,,,0,100,,1576555,31,,,0,99,,1576556,31,,,0,99,,1576557,31,,,0,100,,1576558,31,,,0,100,,1576559,31,,,0,100,,1576560,31,,,0,100,,1576561,31,,,0,100,,1576562,31,,,0,143,,1576563,31,,,0,100,,1576564,31,,,0,100,,1576565,31,,,0,100,,1576566,31,,,0,130,,1576567,31,,,0
8200,'20261005',631,,1576568,31,,,0,78,,1576569,31,,,0,38,,1576570,31,,,0,71,,1576571,31,,,0,33,,1576572,31,,,0,108,,1576573,31,,,0,86,,1576574,31,,,0,100,,1576575,31,,,0,99,,1576576,31,,,0,99,,1576577,31,,,0,93,,1576578,31,,,0,98,,1576579,31,,,0,93,,1576580,31,,,0,30,,1576581,31,,,0,70,,1576582,31,,,0,28,,1576583,31,,,0,100,,1576584,31,,,0,74,,1576585,31,,,0,99,,1576586,31,,,0,102,,1576587,31,,,0,100,,1576588,31,,,0,100,,1576589,31,,,0
8200,'20261006',631,,1523335,31,,,0,78,,1523318,31,,,0,38,,1523339,31,,,0,71,,1523325,31,,,0,33,,1523334,31,,,0,108,,1523326,31,,,0,86,,1523333,31,,,0,100,,1523327,31,,,0,99,,1523319,31,,,0,99,,1523328,31,,,0,93,,1523332,31,,,0,98,,1523329,31,,,0,93,,1523320,31,,,0,30,,1523321,31,,,0,70,,1523322,31,,,0,28,,1523323,31,,,0,100,,1523330,31,,,0,74,,1523331,31,,,0,99,,1523337,31,,,0,102,,1523336,31,,,0,100,,1523338,31,,,0,100,,1523324,31,,,0
8200,'20261007',631,,1523357,31,,,0,78,,1523340,31,,,0,38,,1523361,31,,,0,71,,1523347,31,,,0,33,,1523356,31,,,0,108,,1523348,31,,,0,86,,1523355,31,,,0,100,,1523349,31,,,0,99,,1523341,31,,,0,99,,1523350,31,,,0,93,,1523354,31,,,0,98,,1523351,31,,,0,93,,1523342,31,,,0,30,,1523343,31,,,0,70,,1523344,31,,,0,28,,1523345,31,,,0,100,,1523352,31,,,0,74,,1523353,31,,,0,99,,1523359,31,,,0,102,,1523358,31,,,0,100,,1523360,31,,,0,100,,1523346,31,,,0
8200,'20261008',631,,1523379,31,,,0,78,,1523362,31,,,0,38,,1523383,31,,,0,71,,1523369,31,,,0,33,,1523378,31,,,0,108,,1523370,31,,,0,86,,1523377,31,,,0,100,,1523371,31,,,0,99,,1523363,31,,,0,99,,1523372,31,,,0,93,,1523376,31,,,0,98,,1523373,31,,,0,93,,1523364,31,,,0,30,,1523365,31,,,0,70,,1523366,31,,,0,28,,1523367,31,,,0,100,,1523374,31,,,0,74,,1523375,31,,,0,99,,1523381,31,,,0,102,,1523380,31,,,0,100,,1523382,31,,,0,100,,1523368,31,,,0
8200,'20261009',631,,1523401,31,,,0,78,,1523384,31,,,0,38,,1523405,31,,,0,71,,1523391,31,,,0,33,,1523400,31,,,0,108,,1523392,31,,,0,86,,1523399,31,,,0,100,,1523393,31,,,0,99,,1523385,31,,,0,99,,1523394,31,,,0,93,,1523398,31,,,0,98,,1523395,31,,,0,93,,1523386,31,,,0,30,,1523387,31,,,0,70,,1523388,31,,,0,28,,1523389,31,,,0,100,,1523396,31,,,0,74,,1523397,31,,,0,99,,1523403,31,,,0,102,,1523402,31,,,0,100,,1523404,31,,,0,100,,1523390,31,,,0
8200,'20261010',659,,1550522,31,,,0,100,,1550508,31,,,0,100,,1550512,31,,,0,100,,1550513,31,,,0,100,,1550520,31,,,0,99,,1550514,31,,,0,99,,1550509,31,,,0,100,,1550515,31,,,0,100,,1550521,31,,,0,100,,1550516,31,,,0,100,,1550524,31,,,0,100,,1550510,31,,,0,143,,1550517,31,,,0,100,,1550519,31,,,0,100,,1550523,31,,,0,100,,1550518,31,,,0,130,,1550511,31,,,0
8200,'20261011',659,,1550537,31,,,0,100,,1550538,31,,,0,100,,1550534,31,,,0,100,,1550539,31,,,0,100,,1550533,31,,,0,99,,1550535,31,,,0,99,,1550528,31,,,0,100,,1550525,31,,,0,100,,1550531,31,,,0,100,,1550532,31,,,0,100,,1550541,31,,,0,100,,1550529,31,,,0,143,,1550526,31,,,0,100,,1550536,31,,,0,100,,1550540,31,,,0,100,,1550527,31,,,0,130,,1550530,31,,,0
8200,'20261012',659,,1550554,31,,,0,100,,1550555,31,,,0,100,,1550551,31,,,0,100,,1550556,31,,,0,100,,1550550,31,,,0,99,,1550552,31,,,0,99,,1550545,31,,,0,100,,1550542,31,,,0,100,,1550548,31,,,0,100,,1550549,31,,,0,100,,1550558,31,,,0,100,,1550546,31,,,0,143,,1550543,31,,,0,100,,1550553,31,,,0,100,,1550557,31,,,0,100,,1550544,31,,,0,130,,1550547,31,,,0
8200,'20261013',631,,1576607,31,,,0,78,,1576590,31,,,0,38,,1576611,31,,,0,71,,1576597,31,,,0,33,,1576606,31,,,0,108,,1576598,31,,,0,86,,1576605,31,,,0,100,,1576599,31,,,0,99,,1576591,31,,,0,99,,1576600,31,,,0,93,,1576604,31,,,0,98,,1576601,31,,,0,93,,1576592,31,,,0,30,,1576593,31,,,0,70,,1576594,31,,,0,28,,1576595,31,,,0,100,,1576602,31,,,0,74,,1576603,31,,,0,99,,1576609,31,,,0,102,,1576608,31,,,0,100,,1576610,31,,,0,100,,1576596,31,,,0
8200,'20261014',631,,1576629,31,,,0,78,,1576612,31,,,0,38,,1576633,31,,,0,71,,1576619,31,,,0,33,,1576628,31,,,0,108,,1576620,31,,,0,86,,1576627,31,,,0,100,,1576621,31,,,0,99,,1576613,31,,,0,99,,1576622,31,,,0,93,,1576626,31,,,0,98,,1576623,31,,,0,93,,1576614,31,,,0,30,,1576615,31,,,0,70,,1576616,31,,,0,28,,1576617,31,,,0,100,,1576624,31,,,0,74,,1576625,31,,,0,99,,1576631,31,,,0,102,,1576630,31,,,0,100,,1576632,31,,,0,100,,1576618,31,,,0
8200,'20261015',631,,1576651,31,,,0,78,,1576634,31,,,0,38,,1576655,31,,,0,71,,1576641,31,,,0,33,,1576650,31,,,0,108,,1576642,31,,,0,86,,1576649,31,,,0,100,,1576643,31,,,0,99,,1576635,31,,,0,99,,1576644,31,,,0,93,,1576648,31,,,0,98,,1576645,31,,,0,93,,1576636,31,,,0,30,,1576637,31,,,0,70,,1576638,31,,,0,28,,1576639,31,,,0,100,,1576646,31,,,0,74,,1576647,31,,,0,99,,1576653,31,,,0,102,,1576652,31,,,0,100,,1576654,31,,,0,100,,1576640,31,,,0
8200,'20261016',631,,1576673,31,,,0,78,,1576656,31,,,0,38,,1576677,31,,,0,71,,1576663,31,,,0,33,,1576672,31,,,0,108,,1576664,31,,,0,86,,1576671,31,,,0,100,,1576665,31,,,0,99,,1576657,31,,,0,99,,1576666,31,,,0,93,,1576670,31,,,0,98,,1576667,31,,,0,93,,1576658,31,,,0,30,,1576659,31,,,0,70,,1576660,31,,,0,28,,1576661,31,,,0,100,,1576668,31,,,0,74,,1576669,31,,,0,99,,1576675,31,,,0,102,,1576674,31,,,0,100,,1576676,31,,,0,100,,1576662,31,,,0
8201,'20261002',607,,1576678,83,,,0,32,,1576679,83,,,0,69,,1576680,83,,,0,30,,1576681,83,,,0,75,,1576682,83,,,0,37,,1576683,83,,,0,75,,1576684,83,,,0,99,,1576685,83,,,0,101,,1576694,68,,,0,95,,1576686,83,,,0,98,,1576695,68,,,0,97,,1576687,83,,,0,95,,1576696,68,,,0,108,,1576688,83,,,0,100,,1576697,68,,,0,94,,1576689,83,,,0,93,,1576690,83,,,0,23,,1576691,83,,,0,100,,1576692,83,,,0,130,,1576698,68,,,0,171,,1576693,83,,,0
8201,'20261003',659,,1576699,83,,,0,99,,1576708,68,,,0,100,,1576700,83,,,0,100,,1576709,68,,,0,100,,1576701,83,,,0,100,,1576710,68,,,0,100,,1576702,83,,,0,100,,1576711,68,,,0,100,,1576703,83,,,0,100,,1576712,68,,,0,100,,1576704,83,,,0,101,,1576713,68,,,0,100,,1576705,83,,,0,100,,1576714,68,,,0,100,,1576706,83,,,0,170,,1576715,68,,,0,130,,1576707,83,,,0
8201,'20261004',659,,1576716,83,,,0,99,,1576725,68,,,0,100,,1576717,83,,,0,100,,1576726,68,,,0,100,,1576718,83,,,0,100,,1576727,68,,,0,100,,1576719,83,,,0,100,,1576728,68,,,0,100,,1576720,83,,,0,100,,1576729,68,,,0,100,,1576721,83,,,0,101,,1576730,68,,,0,100,,1576722,83,,,0,100,,1576731,68,,,0,100,,1576723,83,,,0,170,,1576732,68,,,0,130,,1576724,83,,,0
8201,'20261005',607,,1576733,83,,,0,32,,1576734,83,,,0,69,,1576735,83,,,0,30,,1576736,83,,,0,75,,1576737,83,,,0,37,,1576738,83,,,0,75,,1576739,83,,,0,99,,1576740,83,,,0,101,,1576749,68,,,0,95,,1576741,83,,,0,98,,1576750,68,,,0,97,,1576742,83,,,0,95,,1576751,68,,,0,108,,1576743,83,,,0,100,,1576752,68,,,0,94,,1576744,83,,,0,93,,1576745,83,,,0,23,,1576746,83,,,0,100,,1576747,83,,,0,130,,1576753,68,,,0,171,,1576748,83,,,0
8201,'20261006',607,,1523482,83,,,0,32,,1523483,83,,,0,69,,1523484,83,,,0,30,,1523485,83,,,0,75,,1523499,83,,,0,37,,1523496,83,,,0,75,,1523501,83,,,0,99,,1523486,83,,,0,101,,1523491,68,,,0,95,,1523487,83,,,0,98,,1523492,68,,,0,97,,1523498,83,,,0,95,,1523493,68,,,0,108,,1523497,83,,,0,100,,1523494,68,,,0,94,,1523488,83,,,0,93,,1523489,83,,,0,23,,1523500,83,,,0,100,,1523502,83,,,0,130,,1523495,68,,,0,171,,1523490,83,,,0
8201,'20261007',607,,1523503,83,,,0,32,,1523504,83,,,0,69,,1523505,83,,,0,30,,1523506,83,,,0,75,,1523520,83,,,0,37,,1523517,83,,,0,75,,1523522,83,,,0,99,,1523507,83,,,0,101,,1523512,68,,,0,95,,1523508,83,,,0,98,,1523513,68,,,0,97,,1523519,83,,,0,95,,1523514,68,,,0,108,,1523518,83,,,0,100,,1523515,68,,,0,94,,1523509,83,,,0,93,,1523510,83,,,0,23,,1523521,83,,,0,100,,1523523,83,,,0,130,,1523516,68,,,0,171,,1523511,83,,,0
8201,'20261008',607,,1523524,83,,,0,32,,1523525,83,,,0,69,,1523526,83,,,0,30,,1523527,83,,,0,75,,1523541,83,,,0,37,,1523538,83,,,0,75,,1523543,83,,,0,99,,1523528,83,,,0,101,,1523533,68,,,0,95,,1523529,83,,,0,98,,1523534,68,,,0,97,,1523540,83,,,0,95,,1523535,68,,,0,108,,1523539,83,,,0,100,,1523536,68,,,0,94,,1523530,83,,,0,93,,1523531,83,,,0,23,,1523542,83,,,0,100,,1523544,83,,,0,130,,1523537,68,,,0,171,,1523532,83,,,0
8201,'20261009',607,,1523545,83,,,0,32,,1523546,83,,,0,69,,1523547,83,,,0,30,,1523548,83,,,0,75,,1523562,83,,,0,37,,1523559,83,,,0,75,,1523564,83,,,0,99,,1523549,83,,,0,101,,1523554,68,,,0,95,,1523550,83,,,0,98,,1523555,68,,,0,97,,1523561,83,,,0,95,,1523556,68,,,0,108,,1523560,83,,,0,100,,1523557,68,,,0,94,,1523551,83,,,0,93,,1523552,83,,,0,23,,1523563,83,,,0,100,,1523565,83,,,0,130,,1523558,68,,,0,171,,1523553,83,,,0
8201,'20261010',659,,1550637,83,,,0,99,,1550631,68,,,0,100,,1550632,83,,,0,100,,1550625,68,,,0,100,,1550635,83,,,0,100,,1550626,68,,,0,100,,1550622,83,,,0,100,,1550627,68,,,0,100,,1550633,83,,,0,100,,1550628,68,,,0,100,,1550634,83,,,0,101,,1550629,68,,,0,100,,1550636,83,,,0,100,,1550623,68,,,0,100,,1550630,83,,,0,170,,1550638,68,,,0,130,,1550624,83,,,0
8201,'20261011',659,,1550655,83,,,0,99,,1550654,68,,,0,100,,1550650,83,,,0,100,,1550652,68,,,0,100,,1550651,83,,,0,100,,1550653,68,,,0,100,,1550644,83,,,0,100,,1550639,68,,,0,100,,1550648,83,,,0,100,,1550640,68,,,0,100,,1550647,83,,,0,101,,1550641,68,,,0,100,,1550649,83,,,0,100,,1550645,68,,,0,100,,1550643,83,,,0,170,,1550642,68,,,0,130,,1550646,83,,,0
8201,'20261012',659,,1550672,83,,,0,99,,1550671,68,,,0,100,,1550667,83,,,0,100,,1550669,68,,,0,100,,1550668,83,,,0,100,,1550670,68,,,0,100,,1550661,83,,,0,100,,1550656,68,,,0,100,,1550665,83,,,0,100,,1550657,68,,,0,100,,1550664,83,,,0,101,,1550658,68,,,0,100,,1550666,83,,,0,100,,1550662,68,,,0,100,,1550660,83,,,0,170,,1550659,68,,,0,130,,1550663,83,,,0
8201,'20261013',607,,1576754,83,,,0,32,,1576755,83,,,0,69,,1576756,83,,,0,30,,1576757,83,,,0,75,,1576771,83,,,0,37,,1576768,83,,,0,75,,1576773,83,,,0,99,,1576758,83,,,0,101,,1576763,68,,,0,95,,1576759,83,,,0,98,,1576764,68,,,0,97,,1576770,83,,,0,95,,1576765,68,,,0,108,,1576769,83,,,0,100,,1576766,68,,,0,94,,1576760,83,,,0,93,,1576761,83,,,0,23,,1576772,83,,,0,100,,1576774,83,,,0,130,,1576767,68,,,0,171,,1576762,83,,,0
8201,'20261014',607,,1576775,83,,,0,32,,1576776,83,,,0,69,,1576777,83,,,0,30,,1576778,83,,,0,75,,1576792,83,,,0,37,,1576789,83,,,0,75,,1576794,83,,,0,99,,1576779,83,,,0,101,,1576784,68,,,0,95,,1576780,83,,,0,98,,1576785,68,,,0,97,,1576791,83,,,0,95,,1576786,68,,,0,108,,1576790,83,,,0,100,,1576787,68,,,0,94,,1576781,83,,,0,93,,1576782,83,,,0,23,,1576793,83,,,0,100,,1576795,83,,,0,130,,1576788,68,,,0,171,,1576783,83,,,0
8201,'20261015',607,,1576796,83,,,0,32,,1576797,83,,,0,69,,1576798,83,,,0,30,,1576799,83,,,0,75,,1576813,83,,,0,37,,1576810,83,,,0,75,,1576815,83,,,0,99,,1576800,83,,,0,101,,1576805,68,,,0,95,,1576801,83,,,0,98,,1576806,68,,,0,97,,1576812,83,,,0,95,,1576807,68,,,0,108,,1576811,83,,,0,100,,1576808,68,,,0,94,,1576802,83,,,0,93,,1576803,83,,,0,23,,1576814,83,,,0,100,,1576816,83,,,0,130,,1576809,68,,,0,171,,1576804,83,,,0
8201,'20261016',607,,1576817,83,,,0,32,,1576818,83,,,0,69,,1576819,83,,,0,30,,1576820,83,,,0,75,,1576834,83,,,0,37,,1576831,83,,,0,75,,1576836,83,,,0,99,,1576821,83,,,0,101,,1576826,68,,,0,95,,1576822,83,,,0,98,,1576827,68,,,0,97,,1576833,83,,,0,95,,1576828,68,,,0,108,,1576832,83,,,0,100,,1576829,68,,,0,94,,1576823,83,,,0,93,,1576824,83,,,0,23,,1576835,83,,,0,100,,1576837,83,,,0,130,,1576830,68,,,0,171,,1576825,83,,,0
18501,'20261002',700,,1579733,15,,,0,24,,1579734,15,,,0,79,,1579735,15,,,0,27,,1579736,15,,,0,921,,1579737,3,,,0
18501,'20261005',700,,1579738,15,,,0,24,,1579739,15,,,0,79,,1579740,15,,,0,27,,1579741,15,,,0,921,,1579742,3,,,0
18501,'20261006',700,,1526471,15,,,0,24,,1526472,15,,,0,79,,1526473,15,,,0,27,,1526475,15,,,0,921,,1526474,3,,,0
18501,'20261007',700,,1526476,15,,,0,24,,1526477,15,,,0,79,,1526478,15,,,0,27,,1526480,15,,,0,921,,1526479,3,,,0
18501,'20261008',700,,1526481,15,,,0,24,,1526482,15,,,0,79,,1526483,15,,,0,27,,1526485,15,,,0,921,,1526484,3,,,0
18501,'20261009',700,,1526486,15,,,0,24,,1526487,15,,,0,79,,1526488,15,,,0,27,,1526490,15,,,0,921,,1526489,3,,,0
18501,'20261013',700,,1579743,15,,,0,24,,1579744,15,,,0,79,,1579745,15,,,0,27,,1579747,15,,,0,921,,1579746,3,,,0
18501,'20261014',700,,1579748,15,,,0,24,,1579749,15,,,0,79,,1579750,15,,,0,27,,1579752,15,,,0,921,,1579751,3,,,0
18501,'20261015',700,,1579753,15,,,0,24,,1579754,15,,,0,79,,1579755,15,,,0,27,,1579757,15,,,0,921,,1579756,3,,,0
18501,'20261016',700,,1579758,15,,,0,24,,1579759,15,,,0,79,,1579760,15,,,0,27,,1579762,15,,,0,921,,1579761,3,,,0
80302,'20261002',540,,1587251,11,,,1,16,,1587252,11,,,1,55,,1587253,11,,,1,14,,1587254,11,,,1,14,,1587255,11,,,1,11,,1587256,11,,,1,9,,1587257,11,,,1,51,,1587258,11,,,1,10,,1587259,11,,,1,11,,1587260,11,,,1,8,,1587261,11,,,1,9,,1587262,11,,,1,11,,1587263,11,,,1,50,,1587264,11,,,1,10,,1587265,11,,,1,10,,1587266,11,,,1,11,,1587267,11,,,1,11,,1587268,11,,,1,50,,1587269,11,,,1,13,,1587270,11,,,1,14,,1587271,11,,,1,11,,1587272,11,,,1,12,,1587273,11,,,1,52,,1587274,11,,,1,12,,1587275,11,,,1,12,,1587276,11,,,1,12,,1587277,11,,,1,12,,1587278,11,,,1,52,,1587279,11,,,1,12,,1587280,11,,,1,12,,1587281,11,,,1,12,,1587282,11,,,1,11,,1587283,11,,,1,51,,1587284,11,,,1,12,,1587285,11,,,1,12,,1587286,11,,,1,12,,1587287,11,,,1,12,,1587288,11,,,1,52,,1587289,11,,,1,11,,1587290,11,,,1,11,,1587291,11,,,1,13,,1587292,11,,,1,12,,1587293,11,,,1,53,,1587294,11,,,1,12,,1587295,11,,,1,12,,1587296,11,,,1,12,,1587297,11,,,1,11,,1587298,11,,,1,52,,1587299,11,,,1,10,,1587300,11,,,1,10,,1587301,11,,,1,10,,1587302,11,,,1,10,,1587303,11,,,1,10,,1587304,11,,,1,9,,1587305,11,,,1,50,,1587306,11,,,1,9,,1587307,11,,,1,10,,1587308,11,,,1,10,,1587309,11,,,1,9,,1587310,11,,,1,8,,1587311,11,,,1,49,,1587312,11,,,1,8,,1587313,11,,,1,10,,1587314,11,,,1,6,,1587315,11,,,1,8,,1587316,11,,,1,9,,1587317,11,,,1,9,,1587318,11,,,1,49,,1587319,11,,,1,12,,1587320,11,,,1,11,,1587321,11,,,1,9,,1587322,11,,,1,13,,1587323,11,,,1,55,,1587324,11,,,1,14,,1587325,11,,,1,16,,1587326,11,,,1,16,,1587327,11,,,1,56,,1587328,11,,,1,15,,1587329,11,,,1,15,,1587330,11,,,1,15,,1587331,11,,,1,56,,1587332,11,,,1,15,,1587333,11,,,1,15,,1587334,11,,,1,15,,1587335,11,,,1,55,,1587336,11,,,1,14,,1587337,11,,,1,15,,1587338,11,,,1,15,,1587339,11,,,1,55,,1587340,11,,,1,15,,1587341,11,,,1,15,,1587342,11,,,1,15,,1587343,11,,,1,55,,1587344,11,,,1,13,,1587345,11,,,1,15,,1587346,11,,,1,16,,1587347,11,,,1,55,,1587348,11,,,1
80302,'20261003',534,,1587349,11,,,1,15,,1587350,11,,,1,56,,1587351,11,,,1,16,,1587352,11,,,1,16,,1587353,11,,,1,16,,1587354,11,,,1,56,,1587355,11,,,1,14,,1587356,11,,,1,15,,1587357,11,,,1,15,,1587358,11,,,1,55,,1587359,11,,,1,13,,1587360,11,,,1,15,,1587361,11,,,1,15,,1587362,11,,,1,55,,1587363,11,,,1,15,,1587364,11,,,1,15,,1587365,11,,,1,15,,1587366,11,,,1,55,,1587367,11,,,1,15,,1587368,11,,,1,15,,1587369,11,,,1,15,,1587370,11,,,1,54,,1587371,11,,,1,15,,1587372,11,,,1,15,,1587373,11,,,1,14,,1587374,11,,,1,55,,1587375,11,,,1,16,,1587376,11,,,1,15,,1587377,11,,,1,14,,1587378,11,,,1,55,,1587379,11,,,1,15,,1587380,11,,,1,16,,1587381,11,,,1,13,,1587382,11,,,1,55,,1587383,11,,,1,14,,1587384,11,,,1,18,,1587385,11,,,1,15,,1587386,11,,,1,55,,1587387,11,,,1,15,,1587388,11,,,1,16,,1587389,11,,,1,13,,1587390,11,,,1,56,,1587391,11,,,1,15,,1587392,11,,,1,16,,1587393,11,,,1,14,,1587394,11,,,1,55,,1587395,11,,,1,16,,1587396,11,,,1,15,,1587397,11,,,1,16,,1587398,11,,,1,55,,1587399,11,,,1,15,,1587400,11,,,1,16,,1587401,11,,,1,15,,1587402,11,,,1,55,,1587403,11,,,1,15,,1587404,11,,,1,15,,1587405,11,,,1,15,,1587406,11,,,1,58,,1587407,11,,,1,15,,1587408,11,,,1,15,,1587409,11,,,1,15,,1587410,11,,,1,55,,1587411,11,,,1,15,,1587412,11,,,1,15,,1587413,11,,,1,15,,1587414,11,,,1,55,,1587415,11,,,1,15,,1587416,11,,,1,15,,1587417,11,,,1,15,,1587418,11,,,1,55,,1587419,11,,,1,15,,1587420,11,,,1,14,,1587421,11,,,1,15,,1587422,11,,,1,55,,1587423,11,,,1,15,,1587424,11,,,1,14,,1587425,11,,,1
80302,'20261004',534,,1587426,11,,,1,15,,1587427,11,,,1,56,,1587428,11,,,1,16,,1587429,11,,,1,16,,1587430,11,,,1,16,,1587431,11,,,1,56,,1587432,11,,,1,14,,1587433,11,,,1,15,,1587434,11,,,1,15,,1587435,11,,,1,55,,1587436,11,,,1,13,,1587437,11,,,1,15,,1587438,11,,,1,15,,1587439,11,,,1,55,,1587440,11,,,1,15,,1587441,11,,,1,15,,1587442,11,,,1,15,,1587443,11,,,1,55,,1587444,11,,,1,15,,1587445,11,,,1,15,,1587446,11,,,1,15,,1587447,11,,,1,54,,1587448,11,,,1,15,,1587449,11,,,1,15,,1587450,11,,,1,14,,1587451,11,,,1,55,,1587452,11,,,1,16,,1587453,11,,,1,15,,1587454,11,,,1,14,,1587455,11,,,1,55,,1587456,11,,,1,15,,1587457,11,,,1,16,,1587458,11,,,1,13,,1587459,11,,,1,55,,1587460,11,,,1,14,,1587461,11,,,1,18,,1587462,11,,,1,15,,1587463,11,,,1,55,,1587464,11,,,1,15,,1587465,11,,,1,16,,1587466,11,,,1,13,,1587467,11,,,1,56,,1587468,11,,,1,15,,1587469,11,,,1,16,,1587470,11,,,1,14,,1587471,11,,,1,55,,1587472,11,,,1,16,,1587473,11,,,1,15,,1587474,11,,,1,16,,1587475,11,,,1,55,,1587476,11,,,1,15,,1587477,11,,,1,16,,1587478,11,,,1,15,,1587479,11,,,1,55,,1587480,11,,,1,15,,1587481,11,,,1,15,,1587482,11,,,1,15,,1587483,11,,,1,58,,1587484,11,,,1,15,,1587485,11,,,1,15,,1587486,11,,,1,15,,1587487,11,,,1,55,,1587488,11,,,1,15,,1587489,11,,,1,15,,1587490,11,,,1,15,,1587491,11,,,1,55,,1587492,11,,,1,15,,1587493,11,,,1,15,,1587494,11,,,1,15,,1587495,11,,,1,55,,1587496,11,,,1,15,,1587497,11,,,1,14,,1587498,11,,,1,15,,1587499,11,,,1,55,,1587500,11,,,1,15,,1587501,11,,,1,14,,1587502,11,,,1
80302,'20261005',540,,1587503,11,,,1,16,,1587504,11,,,1,55,,1587505,11,,,1,14,,1587506,11,,,1,14,,1587507,11,,,1,11,,1587508,11,,,1,9,,1587509,11,,,1,51,,1587510,11,,,1,10,,1587511,11,,,1,11,,1587512,11,,,1,8,,1587513,11,,,1,9,,1587514,11,,,1,11,,1587515,11,,,1,50,,1587516,11,,,1,10,,1587517,11,,,1,10,,1587518,11,,,1,11,,1587519,11,,,1,11,,1587520,11,,,1,50,,1587521,11,,,1,13,,1587522,11,,,1,14,,1587523,11,,,1,11,,1587524,11,,,1,12,,1587525,11,,,1,52,,1587526,11,,,1,12,,1587527,11,,,1,12,,1587528,11,,,1,12,,1587529,11,,,1,12,,1587530,11,,,1,52,,1587531,11,,,1,12,,1587532,11,,,1,12,,1587533,11,,,1,12,,1587534,11,,,1,11,,1587535,11,,,1,51,,1587536,11,,,1,12,,1587537,11,,,1,12,,1587538,11,,,1,12,,1587539,11,,,1,12,,1587540,11,,,1,52,,1587541,11,,,1,11,,1587542,11,,,1,11,,1587543,11,,,1,13,,1587544,11,,,1,12,,1587545,11,,,1,53,,1587546,11,,,1,12,,1587547,11,,,1,12,,1587548,11,,,1,12,,1587549,11,,,1,11,,1587550,11,,,1,52,,1587551,11,,,1,10,,1587552,11,,,1,10,,1587553,11,,,1,10,,1587554,11,,,1,10,,1587555,11,,,1,10,,1587556,11,,,1,9,,1587557,11,,,1,50,,1587558,11,,,1,9,,1587559,11,,,1,10,,1587560,11,,,1,10,,1587561,11,,,1,9,,1587562,11,,,1,8,,1587563,11,,,1,49,,1587564,11,,,1,8,,1587565,11,,,1,10,,1587566,11,,,1,6,,1587567,11,,,1,8,,1587568,11,,,1,9,,1587569,11,,,1,9,,1587570,11,,,1,49,,1587571,11,,,1,12,,1587572,11,,,1,11,,1587573,11,,,1,9,,1587574,11,,,1,13,,1587575,11,,,1,55,,1587576,11,,,1,14,,1587577,11,,,1,16,,1587578,11,,,1,16,,1587579,11,,,1,56,,1587580,11,,,1,15,,1587581,11,,,1,15,,1587582,11,,,1,15,,1587583,11,,,1,56,,1587584,11,,,1,15,,1587585,11,,,1,15,,1587586,11,,,1,15,,1587587,11,,,1,55,,1587588,11,,,1,14,,1587589,11,,,1,15,,1587590,11,,,1,15,,1587591,11,,,1,55,,1587592,11,,,1,15,,1587593,11,,,1,15,,1587594,11,,,1,15,,1587595,11,,,1,55,,1587596,11,,,1,13,,1587597,11,,,1,15,,1587598,11,,,1,16,,1587599,11,,,1,55,,1587600,11,,,1
80302,'20261006',540,,1534314,11,,,1,16,,1534315,11,,,1,55,,1534316,11,,,1,14,,1534317,11,,,1,14,,1534318,11,,,1,11,,1534397,11,,,1,9,,1534396,11,,,1,51,,1534319,11,,,1,10,,1534320,11,,,1,11,,1534323,11,,,1,8,,1534324,11,,,1,9,,1534325,11,,,1,11,,1534326,11,,,1,50,,1534328,11,,,1,10,,1534330,11,,,1,10,,1534331,11,,,1,11,,1534406,11,,,1,11,,1534410,11,,,1,50,,1534409,11,,,1,13,,1534332,11,,,1,14,,1534334,11,,,1,11,,1534335,11,,,1,12,,1534321,11,,,1,52,,1534327,11,,,1,12,,1534333,11,,,1,12,,1534322,11,,,1,12,,1534329,11,,,1,12,,1534395,11,,,1,52,,1534394,11,,,1,12,,1534393,11,,,1,12,,1534392,11,,,1,12,,1534391,11,,,1,11,,1534390,11,,,1,51,,1534389,11,,,1,12,,1534388,11,,,1,12,,1534387,11,,,1,12,,1534386,11,,,1,12,,1534385,11,,,1,52,,1534384,11,,,1,11,,1534383,11,,,1,11,,1534382,11,,,1,13,,1534381,11,,,1,12,,1534380,11,,,1,53,,1534379,11,,,1,12,,1534378,11,,,1,12,,1534377,11,,,1,12,,1534376,11,,,1,11,,1534375,11,,,1,52,,1534374,11,,,1,10,,1534373,11,,,1,10,,1534372,11,,,1,10,,1534371,11,,,1,10,,1534370,11,,,1,10,,1534367,11,,,1,9,,1534400,11,,,1,50,,1534369,11,,,1,9,,1534368,11,,,1,10,,1534366,11,,,1,10,,1534401,11,,,1,9,,1534365,11,,,1,8,,1534364,11,,,1,49,,1534363,11,,,1,8,,1534362,11,,,1,10,,1534361,11,,,1,6,,1534360,11,,,1,8,,1534399,11,,,1,9,,1534402,11,,,1,9,,1534403,11,,,1,49,,1534359,11,,,1,12,,1534407,11,,,1,11,,1534404,11,,,1,9,,1534358,11,,,1,13,,1534357,11,,,1,55,,1534356,11,,,1,14,,1534411,11,,,1,16,,1534355,11,,,1,16,,1534354,11,,,1,56,,1534353,11,,,1,15,,1534352,11,,,1,15,,1534351,11,,,1,15,,1534350,11,,,1,56,,1534349,11,,,1,15,,1534348,11,,,1,15,,1534347,11,,,1,15,,1534346,11,,,1,55,,1534345,11,,,1,14,,1534344,11,,,1,15,,1534343,11,,,1,15,,1534342,11,,,1,55,,1534340,11,,,1,15,,1534341,11,,,1,15,,1534339,11,,,1,15,,1534338,11,,,1,55,,1534337,11,,,1,13,,1534398,11,,,1,15,,1534405,11,,,1,16,,1534408,11,,,1,55,,1534336,11,,,1
80302,'20261007',540,,1534412,11,,,1,16,,1534413,11,,,1,55,,1534414,11,,,1,14,,1534415,11,,,1,14,,1534416,11,,,1,11,,1534495,11,,,1,9,,1534494,11,,,1,51,,1534417,11,,,1,10,,1534418,11,,,1,11,,1534421,11,,,1,8,,1534422,11,,,1,9,,1534423,11,,,1,11,,1534424,11,,,1,50,,1534426,11,,,1,10,,1534428,11,,,1,10,,1534429,11,,,1,11,,1534504,11,,,1,11,,1534508,11,,,1,50,,1534507,11,,,1,13,,1534430,11,,,1,14,,1534432,11,,,1,11,,1534433,11,,,1,12,,1534419,11,,,1,52,,1534425,11,,,1,12,,1534431,11,,,1,12,,1534420,11,,,1,12,,1534427,11,,,1,12,,1534493,11,,,1,52,,1534492,11,,,1,12,,1534491,11,,,1,12,,1534490,11,,,1,12,,1534489,11,,,1,11,,1534488,11,,,1,51,,1534487,11,,,1,12,,1534486,11,,,1,12,,1534485,11,,,1,12,,1534484,11,,,1,12,,1534483,11,,,1,52,,1534482,11,,,1,11,,1534481,11,,,1,11,,1534480,11,,,1,13,,1534479,11,,,1,12,,1534478,11,,,1,53,,1534477,11,,,1,12,,1534476,11,,,1,12,,1534475,11,,,1,12,,1534474,11,,,1,11,,1534473,11,,,1,52,,1534472,11,,,1,10,,1534471,11,,,1,10,,1534470,11,,,1,10,,1534469,11,,,1,10,,1534468,11,,,1,10,,1534465,11,,,1,9,,1534498,11,,,1,50,,1534467,11,,,1,9,,1534466,11,,,1,10,,1534464,11,,,1,10,,1534499,11,,,1,9,,1534463,11,,,1,8,,1534462,11,,,1,49,,1534461,11,,,1,8,,1534460,11,,,1,10,,1534459,11,,,1,6,,1534458,11,,,1,8,,1534497,11,,,1,9,,1534500,11,,,1,9,,1534501,11,,,1,49,,1534457,11,,,1,12,,1534505,11,,,1,11,,1534502,11,,,1,9,,1534456,11,,,1,13,,1534455,11,,,1,55,,1534454,11,,,1,14,,1534509,11,,,1,16,,1534453,11,,,1,16,,1534452,11,,,1,56,,1534451,11,,,1,15,,1534450,11,,,1,15,,1534449,11,,,1,15,,1534448,11,,,1,56,,1534447,11,,,1,15,,1534446,11,,,1,15,,1534445,11,,,1,15,,1534444,11,,,1,55,,1534443,11,,,1,14,,1534442,11,,,1,15,,1534441,11,,,1,15,,1534440,11,,,1,55,,1534438,11,,,1,15,,1534439,11,,,1,15,,1534437,11,,,1,15,,1534436,11,,,1,55,,1534435,11,,,1,13,,1534496,11,,,1,15,,1534503,11,,,1,16,,1534506,11,,,1,55,,1534434,11,,,1
80302,'20261008',540,,1534510,11,,,1,16,,1534511,11,,,1,55,,1534512,11,,,1,14,,1534513,11,,,1,14,,1534514,11,,,1,11,,1534593,11,,,1,9,,1534592,11,,,1,51,,1534515,11,,,1,10,,1534516,11,,,1,11,,1534519,11,,,1,8,,1534520,11,,,1,9,,1534521,11,,,1,11,,1534522,11,,,1,50,,1534524,11,,,1,10,,1534526,11,,,1,10,,1534527,11,,,1,11,,1534602,11,,,1,11,,1534606,11,,,1,50,,1534605,11,,,1,13,,1534528,11,,,1,14,,1534530,11,,,1,11,,1534531,11,,,1,12,,1534517,11,,,1,52,,1534523,11,,,1,12,,1534529,11,,,1,12,,1534518,11,,,1,12,,1534525,11,,,1,12,,1534591,11,,,1,52,,1534590,11,,,1,12,,1534589,11,,,1,12,,1534588,11,,,1,12,,1534587,11,,,1,11,,1534586,11,,,1,51,,1534585,11,,,1,12,,1534584,11,,,1,12,,1534583,11,,,1,12,,1534582,11,,,1,12,,1534581,11,,,1,52,,1534580,11,,,1,11,,1534579,11,,,1,11,,1534578,11,,,1,13,,1534577,11,,,1,12,,1534576,11,,,1,53,,1534575,11,,,1,12,,1534574,11,,,1,12,,1534573,11,,,1,12,,1534572,11,,,1,11,,1534571,11,,,1,52,,1534570,11,,,1,10,,1534569,11,,,1,10,,1534568,11,,,1,10,,1534567,11,,,1,10,,1534566,11,,,1,10,,1534563,11,,,1,9,,1534596,11,,,1,50,,1534565,11,,,1,9,,1534564,11,,,1,10,,1534562,11,,,1,10,,1534597,11,,,1,9,,1534561,11,,,1,8,,1534560,11,,,1,49,,1534559,11,,,1,8,,1534558,11,,,1,10,,1534557,11,,,1,6,,1534556,11,,,1,8,,1534595,11,,,1,9,,1534598,11,,,1,9,,1534599,11,,,1,49,,1534555,11,,,1,12,,1534603,11,,,1,11,,1534600,11,,,1,9,,1534554,11,,,1,13,,1534553,11,,,1,55,,1534552,11,,,1,14,,1534607,11,,,1,16,,1534551,11,,,1,16,,1534550,11,,,1,56,,1534549,11,,,1,15,,1534548,11,,,1,15,,1534547,11,,,1,15,,1534546,11,,,1,56,,1534545,11,,,1,15,,1534544,11,,,1,15,,1534543,11,,,1,15,,1534542,11,,,1,55,,1534541,11,,,1,14,,1534540,11,,,1,15,,1534539,11,,,1,15,,1534538,11,,,1,55,,1534536,11,,,1,15,,1534537,11,,,1,15,,1534535,11,,,1,15,,1534534,11,,,1,55,,1534533,11,,,1,13,,1534594,11,,,1,15,,1534601,11,,,1,16,,1534604,11,,,1,55,,1534532,11,,,1
80302,'20261009',540,,1534608,11,,,1,16,,1534609,11,,,1,55,,1534610,11,,,1,14,,1534611,11,,,1,14,,1534612,11,,,1,11,,1534691,11,,,1,9,,1534690,11,,,1,51,,1534613,11,,,1,10,,1534614,11,,,1,11,,1534617,11,,,1,8,,1534618,11,,,1,9,,1534619,11,,,1,11,,1534620,11,,,1,50,,1534622,11,,,1,10,,1534624,11,,,1,10,,1534625,11,,,1,11,,1534700,11,,,1,11,,1534704,11,,,1,50,,1534703,11,,,1,13,,1534626,11,,,1,14,,1534628,11,,,1,11,,1534629,11,,,1,12,,1534615,11,,,1,52,,1534621,11,,,1,12,,1534627,11,,,1,12,,1534616,11,,,1,12,,1534623,11,,,1,12,,1534689,11,,,1,52,,1534688,11,,,1,12,,1534687,11,,,1,12,,1534686,11,,,1,12,,1534685,11,,,1,11,,1534684,11,,,1,51,,1534683,11,,,1,12,,1534682,11,,,1,12,,1534681,11,,,1,12,,1534680,11,,,1,12,,1534679,11,,,1,52,,1534678,11,,,1,11,,1534677,11,,,1,11,,1534676,11,,,1,13,,1534675,11,,,1,12,,1534674,11,,,1,53,,1534673,11,,,1,12,,1534672,11,,,1,12,,1534671,11,,,1,12,,1534670,11,,,1,11,,1534669,11,,,1,52,,1534668,11,,,1,10,,1534667,11,,,1,10,,1534666,11,,,1,10,,1534665,11,,,1,10,,1534664,11,,,1,10,,1534661,11,,,1,9,,1534694,11,,,1,50,,1534663,11,,,1,9,,1534662,11,,,1,10,,1534660,11,,,1,10,,1534695,11,,,1,9,,1534659,11,,,1,8,,1534658,11,,,1,49,,1534657,11,,,1,8,,1534656,11,,,1,10,,1534655,11,,,1,6,,1534654,11,,,1,8,,1534693,11,,,1,9,,1534696,11,,,1,9,,1534697,11,,,1,49,,1534653,11,,,1,12,,1534701,11,,,1,11,,1534698,11,,,1,9,,1534652,11,,,1,13,,1534651,11,,,1,55,,1534650,11,,,1,14,,1534705,11,,,1,16,,1534649,11,,,1,16,,1534648,11,,,1,56,,1534647,11,,,1,15,,1534646,11,,,1,15,,1534645,11,,,1,15,,1534644,11,,,1,56,,1534643,11,,,1,15,,1534642,11,,,1,15,,1534641,11,,,1,15,,1534640,11,,,1,55,,1534639,11,,,1,14,,1534638,11,,,1,15,,1534637,11,,,1,15,,1534636,11,,,1,55,,1534634,11,,,1,15,,1534635,11,,,1,15,,1534633,11,,,1,15,,1534632,11,,,1,55,,1534631,11,,,1,13,,1534692,11,,,1,15,,1534699,11,,,1,16,,1534702,11,,,1,55,,1534630,11,,,1
80302,'20261010',534,,1557673,11,,,1,15,,1557672,11,,,1,56,,1557734,11,,,1,16,,1557675,11,,,1,16,,1557676,11,,,1,16,,1557674,11,,,1,56,,1557735,11,,,1,14,,1557677,11,,,1,15,,1557685,11,,,1,15,,1557687,11,,,1,55,,1557736,11,,,1,13,,1557689,11,,,1,15,,1557688,11,,,1,15,,1557738,11,,,1,55,,1557682,11,,,1,15,,1557686,11,,,1,15,,1557681,11,,,1,15,,1557680,11,,,1,55,,1557684,11,,,1,15,,1557678,11,,,1,15,,1557683,11,,,1,15,,1557679,11,,,1,54,,1557725,11,,,1,15,,1557728,11,,,1,15,,1557726,11,,,1,14,,1557720,11,,,1,55,,1557694,11,,,1,16,,1557703,11,,,1,15,,1557691,11,,,1,14,,1557713,11,,,1,55,,1557718,11,,,1,15,,1557707,11,,,1,16,,1557722,11,,,1,13,,1557698,11,,,1,55,,1557712,11,,,1,14,,1557723,11,,,1,18,,1557721,11,,,1,15,,1557715,11,,,1,55,,1557714,11,,,1,15,,1557724,11,,,1,16,,1557730,11,,,1,13,,1557716,11,,,1,56,,1557719,11,,,1,15,,1557700,11,,,1,16,,1557727,11,,,1,14,,1557717,11,,,1,55,,1557706,11,,,1,16,,1557705,11,,,1,15,,1557702,11,,,1,16,,1557696,11,,,1,55,,1557708,11,,,1,15,,1557709,11,,,1,16,,1557739,11,,,1,15,,1557711,11,,,1,55,,1557692,11,,,1,15,,1557701,11,,,1,15,,1557740,11,,,1,15,,1557693,11,,,1,58,,1557690,11,,,1,15,,1557737,11,,,1,15,,1557697,11,,,1,15,,1557741,11,,,1,55,,1557731,11,,,1,15,,1557743,11,,,1,15,,1557733,11,,,1,15,,1557744,11,,,1,55,,1557695,11,,,1,15,,1557745,11,,,1,15,,1557729,11,,,1,15,,1557742,11,,,1,55,,1557704,11,,,1,15,,1557710,11,,,1,14,,1557746,11,,,1,15,,1557732,11,,,1,55,,1557747,11,,,1,15,,1557699,11,,,1,14,,1557748,11,,,1
80302,'20261011',534,,1557796,11,,,1,15,,1557795,11,,,1,56,,1557750,11,,,1,16,,1557815,11,,,1,16,,1557816,11,,,1,16,,1557807,11,,,1,56,,1557754,11,,,1,14,,1557813,11,,,1,15,,1557817,11,,,1,15,,1557811,11,,,1,55,,1557763,11,,,1,13,,1557814,11,,,1,15,,1557812,11,,,1,15,,1557766,11,,,1,55,,1557802,11,,,1,15,,1557800,11,,,1,15,,1557808,11,,,1,15,,1557805,11,,,1,55,,1557810,11,,,1,15,,1557809,11,,,1,15,,1557797,11,,,1,15,,1557806,11,,,1,54,,1557764,11,,,1,15,,1557760,11,,,1,15,,1557749,11,,,1,14,,1557790,11,,,1,55,,1557819,11,,,1,16,,1557778,11,,,1,15,,1557804,11,,,1,14,,1557784,11,,,1,55,,1557777,11,,,1,15,,1557794,11,,,1,16,,1557792,11,,,1,13,,1557822,11,,,1,55,,1557793,11,,,1,14,,1557759,11,,,1,18,,1557791,11,,,1,15,,1557785,11,,,1,55,,1557776,11,,,1,15,,1557752,11,,,1,16,,1557757,11,,,1,13,,1557775,11,,,1,56,,1557786,11,,,1,15,,1557823,11,,,1,16,,1557756,11,,,1,14,,1557788,11,,,1,55,,1557781,11,,,1,16,,1557780,11,,,1,15,,1557825,11,,,1,16,,1557801,11,,,1,55,,1557787,11,,,1,15,,1557782,11,,,1,16,,1557767,11,,,1,15,,1557783,11,,,1,55,,1557818,11,,,1,15,,1557824,11,,,1,15,,1557751,11,,,1,15,,1557799,11,,,1,58,,1557798,11,,,1,15,,1557762,11,,,1,15,,1557821,11,,,1,15,,1557768,11,,,1,55,,1557758,11,,,1,15,,1557770,11,,,1,15,,1557753,11,,,1,15,,1557771,11,,,1,55,,1557820,11,,,1,15,,1557755,11,,,1,15,,1557765,11,,,1,15,,1557769,11,,,1,55,,1557779,11,,,1,15,,1557789,11,,,1,14,,1557774,11,,,1,15,,1557761,11,,,1,55,,1557773,11,,,1,15,,1557803,11,,,1,14,,1557772,11,,,1
80302,'20261012',534,,1557873,11,,,1,15,,1557872,11,,,1,56,,1557827,11,,,1,16,,1557892,11,,,1,16,,1557893,11,,,1,16,,1557884,11,,,1,56,,1557831,11,,,1,14,,1557890,11,,,1,15,,1557894,11,,,1,15,,1557888,11,,,1,55,,1557840,11,,,1,13,,1557891,11,,,1,15,,1557889,11,,,1,15,,1557843,11,,,1,55,,1557879,11,,,1,15,,1557877,11,,,1,15,,1557885,11,,,1,15,,1557882,11,,,1,55,,1557887,11,,,1,15,,1557886,11,,,1,15,,1557874,11,,,1,15,,1557883,11,,,1,54,,1557841,11,,,1,15,,1557837,11,,,1,15,,1557826,11,,,1,14,,1557867,11,,,1,55,,1557896,11,,,1,16,,1557855,11,,,1,15,,1557881,11,,,1,14,,1557861,11,,,1,55,,1557854,11,,,1,15,,1557871,11,,,1,16,,1557869,11,,,1,13,,1557899,11,,,1,55,,1557870,11,,,1,14,,1557836,11,,,1,18,,1557868,11,,,1,15,,1557862,11,,,1,55,,1557853,11,,,1,15,,1557829,11,,,1,16,,1557834,11,,,1,13,,1557852,11,,,1,56,,1557863,11,,,1,15,,1557900,11,,,1,16,,1557833,11,,,1,14,,1557865,11,,,1,55,,1557858,11,,,1,16,,1557857,11,,,1,15,,1557902,11,,,1,16,,1557878,11,,,1,55,,1557864,11,,,1,15,,1557859,11,,,1,16,,1557844,11,,,1,15,,1557860,11,,,1,55,,1557895,11,,,1,15,,1557901,11,,,1,15,,1557828,11,,,1,15,,1557876,11,,,1,58,,1557875,11,,,1,15,,1557839,11,,,1,15,,1557898,11,,,1,15,,1557845,11,,,1,55,,1557835,11,,,1,15,,1557847,11,,,1,15,,1557830,11,,,1,15,,1557848,11,,,1,55,,1557897,11,,,1,15,,1557832,11,,,1,15,,1557842,11,,,1,15,,1557846,11,,,1,55,,1557856,11,,,1,15,,1557866,11,,,1,14,,1557851,11,,,1,15,,1557838,11,,,1,55,,1557850,11,,,1,15,,1557880,11,,,1,14,,1557849,11,,,1
80302,'20261013',540,,1587601,11,,,1,16,,1587602,11,,,1,55,,1587603,11,,,1,14,,1587604,11,,,1,14,,1587605,11,,,1,11,,1587684,11,,,1,9,,1587683,11,,,1,51,,1587606,11,,,1,10,,1587607,11,,,1,11,,1587610,11,,,1,8,,1587611,11,,,1,9,,1587612,11,,,1,11,,1587613,11,,,1,50,,1587615,11,,,1,10,,1587617,11,,,1,10,,1587618,11,,,1,11,,1587693,11,,,1,11,,1587697,11,,,1,50,,1587696,11,,,1,13,,1587619,11,,,1,14,,1587621,11,,,1,11,,1587622,11,,,1,12,,1587608,11,,,1,52,,1587614,11,,,1,12,,1587620,11,,,1,12,,1587609,11,,,1,12,,1587616,11,,,1,12,,1587682,11,,,1,52,,1587681,11,,,1,12,,1587680,11,,,1,12,,1587679,11,,,1,12,,1587678,11,,,1,11,,1587677,11,,,1,51,,1587676,11,,,1,12,,1587675,11,,,1,12,,1587674,11,,,1,12,,1587673,11,,,1,12,,1587672,11,,,1,52,,1587671,11,,,1,11,,1587670,11,,,1,11,,1587669,11,,,1,13,,1587668,11,,,1,12,,1587667,11,,,1,53,,1587666,11,,,1,12,,1587665,11,,,1,12,,1587664,11,,,1,12,,1587663,11,,,1,11,,1587662,11,,,1,52,,1587661,11,,,1,10,,1587660,11,,,1,10,,1587659,11,,,1,10,,1587658,11,,,1,10,,1587657,11,,,1,10,,1587654,11,,,1,9,,1587687,11,,,1,50,,1587656,11,,,1,9,,1587655,11,,,1,10,,1587653,11,,,1,10,,1587688,11,,,1,9,,1587652,11,,,1,8,,1587651,11,,,1,49,,1587650,11,,,1,8,,1587649,11,,,1,10,,1587648,11,,,1,6,,1587647,11,,,1,8,,1587686,11,,,1,9,,1587689,11,,,1,9,,1587690,11,,,1,49,,1587646,11,,,1,12,,1587694,11,,,1,11,,1587691,11,,,1,9,,1587645,11,,,1,13,,1587644,11,,,1,55,,1587643,11,,,1,14,,1587698,11,,,1,16,,1587642,11,,,1,16,,1587641,11,,,1,56,,1587640,11,,,1,15,,1587639,11,,,1,15,,1587638,11,,,1,15,,1587637,11,,,1,56,,1587636,11,,,1,15,,1587635,11,,,1,15,,1587634,11,,,1,15,,1587633,11,,,1,55,,1587632,11,,,1,14,,1587631,11,,,1,15,,1587630,11,,,1,15,,1587629,11,,,1,55,,1587627,11,,,1,15,,1587628,11,,,1,15,,1587626,11,,,1,15,,1587625,11,,,1,55,,1587624,11,,,1,13,,1587685,11,,,1,15,,1587692,11,,,1,16,,1587695,11,,,1,55,,1587623,11,,,1
80302,'20261014',540,,1587699,11,,,1,16,,1587700,11,,,1,55,,1587701,11,,,1,14,,1587702,11,,,1,14,,1587703,11,,,1,11,,1587782,11,,,1,9,,1587781,11,,,1,51,,1587704,11,,,1,10,,1587705,11,,,1,11,,1587708,11,,,1,8,,1587709,11,,,1,9,,1587710,11,,,1,11,,1587711,11,,,1,50,,1587713,11,,,1,10,,1587715,11,,,1,10,,1587716,11,,,1,11,,1587791,11,,,1,11,,1587795,11,,,1,50,,1587794,11,,,1,13,,1587717,11,,,1,14,,1587719,11,,,1,11,,1587720,11,,,1,12,,1587706,11,,,1,52,,1587712,11,,,1,12,,1587718,11,,,1,12,,1587707,11,,,1,12,,1587714,11,,,1,12,,1587780,11,,,1,52,,1587779,11,,,1,12,,1587778,11,,,1,12,,1587777,11,,,1,12,,1587776,11,,,1,11,,1587775,11,,,1,51,,1587774,11,,,1,12,,1587773,11,,,1,12,,1587772,11,,,1,12,,1587771,11,,,1,12,,1587770,11,,,1,52,,1587769,11,,,1,11,,1587768,11,,,1,11,,1587767,11,,,1,13,,1587766,11,,,1,12,,1587765,11,,,1,53,,1587764,11,,,1,12,,1587763,11,,,1,12,,1587762,11,,,1,12,,1587761,11,,,1,11,,1587760,11,,,1,52,,1587759,11,,,1,10,,1587758,11,,,1,10,,1587757,11,,,1,10,,1587756,11,,,1,10,,1587755,11,,,1,10,,1587752,11,,,1,9,,1587785,11,,,1,50,,1587754,11,,,1,9,,1587753,11,,,1,10,,1587751,11,,,1,10,,1587786,11,,,1,9,,1587750,11,,,1,8,,1587749,11,,,1,49,,1587748,11,,,1,8,,1587747,11,,,1,10,,1587746,11,,,1,6,,1587745,11,,,1,8,,1587784,11,,,1,9,,1587787,11,,,1,9,,1587788,11,,,1,49,,1587744,11,,,1,12,,1587792,11,,,1,11,,1587789,11,,,1,9,,1587743,11,,,1,13,,1587742,11,,,1,55,,1587741,11,,,1,14,,1587796,11,,,1,16,,1587740,11,,,1,16,,1587739,11,,,1,56,,1587738,11,,,1,15,,1587737,11,,,1,15,,1587736,11,,,1,15,,1587735,11,,,1,56,,1587734,11,,,1,15,,1587733,11,,,1,15,,1587732,11,,,1,15,,1587731,11,,,1,55,,1587730,11,,,1,14,,1587729,11,,,1,15,,1587728,11,,,1,15,,1587727,11,,,1,55,,1587725,11,,,1,15,,1587726,11,,,1,15,,1587724,11,,,1,15,,1587723,11,,,1,55,,1587722,11,,,1,13,,1587783,11,,,1,15,,1587790,11,,,1,16,,1587793,11,,,1,55,,1587721,11,,,1
80302,'20261015',540,,1587797,11,,,1,16,,1587798,11,,,1,55,,1587799,11,,,1,14,,1587800,11,,,1,14,,1587801,11,,,1,11,,1587880,11,,,1,9,,1587879,11,,,1,51,,1587802,11,,,1,10,,1587803,11,,,1,11,,1587806,11,,,1,8,,1587807,11,,,1,9,,1587808,11,,,1,11,,1587809,11,,,1,50,,1587811,11,,,1,10,,1587813,11,,,1,10,,1587814,11,,,1,11,,1587889,11,,,1,11,,1587893,11,,,1,50,,1587892,11,,,1,13,,1587815,11,,,1,14,,1587817,11,,,1,11,,1587818,11,,,1,12,,1587804,11,,,1,52,,1587810,11,,,1,12,,1587816,11,,,1,12,,1587805,11,,,1,12,,1587812,11,,,1,12,,1587878,11,,,1,52,,1587877,11,,,1,12,,1587876,11,,,1,12,,1587875,11,,,1,12,,1587874,11,,,1,11,,1587873,11,,,1,51,,1587872,11,,,1,12,,1587871,11,,,1,12,,1587870,11,,,1,12,,1587869,11,,,1,12,,1587868,11,,,1,52,,1587867,11,,,1,11,,1587866,11,,,1,11,,1587865,11,,,1,13,,1587864,11,,,1,12,,1587863,11,,,1,53,,1587862,11,,,1,12,,1587861,11,,,1,12,,1587860,11,,,1,12,,1587859,11,,,1,11,,1587858,11,,,1,52,,1587857,11,,,1,10,,1587856,11,,,1,10,,1587855,11,,,1,10,,1587854,11,,,1,10,,1587853,11,,,1,10,,1587850,11,,,1,9,,1587883,11,,,1,50,,1587852,11,,,1,9,,1587851,11,,,1,10,,1587849,11,,,1,10,,1587884,11,,,1,9,,1587848,11,,,1,8,,1587847,11,,,1,49,,1587846,11,,,1,8,,1587845,11,,,1,10,,1587844,11,,,1,6,,1587843,11,,,1,8,,1587882,11,,,1,9,,1587885,11,,,1,9,,1587886,11,,,1,49,,1587842,11,,,1,12,,1587890,11,,,1,11,,1587887,11,,,1,9,,1587841,11,,,1,13,,1587840,11,,,1,55,,1587839,11,,,1,14,,1587894,11,,,1,16,,1587838,11,,,1,16,,1587837,11,,,1,56,,1587836,11,,,1,15,,1587835,11,,,1,15,,1587834,11,,,1,15,,1587833,11,,,1,56,,1587832,11,,,1,15,,1587831,11,,,1,15,,1587830,11,,,1,15,,1587829,11,,,1,55,,1587828,11,,,1,14,,1587827,11,,,1,15,,1587826,11,,,1,15,,1587825,11,,,1,55,,1587823,11,,,1,15,,1587824,11,,,1,15,,1587822,11,,,1,15,,1587821,11,,,1,55,,1587820,11,,,1,13,,1587881,11,,,1,15,,1587888,11,,,1,16,,1587891,11,,,1,55,,1587819,11,,,1
80302,'20261016',540,,1587895,11,,,1,16,,1587896,11,,,1,55,,1587897,11,,,1,14,,1587898,11,,,1,14,,1587899,11,,,1,11,,1587978,11,,,1,9,,1587977,11,,,1,51,,1587900,11,,,1,10,,1587901,11,,,1,11,,1587904,11,,,1,8,,1587905,11,,,1,9,,1587906,11,,,1,11,,1587907,11,,,1,50,,1587909,11,,,1,10,,1587911,11,,,1,10,,1587912,11,,,1,11,,1587987,11,,,1,11,,1587991,11,,,1,50,,1587990,11,,,1,13,,1587913,11,,,1,14,,1587915,11,,,1,11,,1587916,11,,,1,12,,1587902,11,,,1,52,,1587908,11,,,1,12,,1587914,11,,,1,12,,1587903,11,,,1,12,,1587910,11,,,1,12,,1587976,11,,,1,52,,1587975,11,,,1,12,,1587974,11,,,1,12,,1587973,11,,,1,12,,1587972,11,,,1,11,,1587971,11,,,1,51,,1587970,11,,,1,12,,1587969,11,,,1,12,,1587968,11,,,1,12,,1587967,11,,,1,12,,1587966,11,,,1,52,,1587965,11,,,1,11,,1587964,11,,,1,11,,1587963,11,,,1,13,,1587962,11,,,1,12,,1587961,11,,,1,53,,1587960,11,,,1,12,,1587959,11,,,1,12,,1587958,11,,,1,12,,1587957,11,,,1,11,,1587956,11,,,1,52,,1587955,11,,,1,10,,1587954,11,,,1,10,,1587953,11,,,1,10,,1587952,11,,,1,10,,1587951,11,,,1,10,,1587948,11,,,1,9,,1587981,11,,,1,50,,1587950,11,,,1,9,,1587949,11,,,1,10,,1587947,11,,,1,10,,1587982,11,,,1,9,,1587946,11,,,1,8,,1587945,11,,,1,49,,1587944,11,,,1,8,,1587943,11,,,1,10,,1587942,11,,,1,6,,1587941,11,,,1,8,,1587980,11,,,1,9,,1587983,11,,,1,9,,1587984,11,,,1,49,,1587940,11,,,1,12,,1587988,11,,,1,11,,1587985,11,,,1,9,,1587939,11,,,1,13,,1587938,11,,,1,55,,1587937,11,,,1,14,,1587992,11,,,1,16,,1587936,11,,,1,16,,1587935,11,,,1,56,,1587934,11,,,1,15,,1587933,11,,,1,15,,1587932,11,,,1,15,,1587931,11,,,1,56,,1587930,11,,,1,15,,1587929,11,,,1,15,,1587928,11,,,1,15,,1587927,11,,,1,55,,1587926,11,,,1,14,,1587925,11,,,1,15,,1587924,11,,,1,15,,1587923,11,,,1,55,,1587921,11,,,1,15,,1587922,11,,,1,15,,1587920,11,,,1,15,,1587919,11,,,1,55,,1587918,11,,,1,13,,1587979,11,,,1,15,,1587986,11,,,1,16,,1587989,11,,,1,55,,1587917,11,,,1
80303,'20261002',554,,1587993,25,,,1,55,,1587994,25,,,1,15,,1587995,25,,,1,14,,1587996,25,,,1,13,,1587997,25,,,1,52,,1587998,25,,,1,13,,1587999,25,,,1,12,,1588000,25,,,1,11,,1588001,25,,,1,10,,1588002,25,,,1,9,,1588003,25,,,1,49,,1588004,25,,,1,7,,1588005,25,,,1,8,,1588006,25,,,1,9,,1588007,25,,,1,7,,1588008,25,,,1,9,,1588009,25,,,1,8,,1588010,25,,,1,50,,1588011,25,,,1,10,,1588012,25,,,1,9,,1588013,25,,,1,10,,1588014,25,,,1,10,,1588015,25,,,1,10,,1588016,25,,,1,52,,1588017,25,,,1,12,,1588018,25,,,1,12,,1588019,25,,,1,12,,1588020,25,,,1,12,,1588021,25,,,1,52,,1588022,25,,,1,12,,1588023,25,,,1,12,,1588024,25,,,1,12,,1588025,25,,,1,12,,1588026,25,,,1,54,,1588027,25,,,1,13,,1588028,25,,,1,12,,1588029,25,,,1,12,,1588030,25,,,1,11,,1588031,25,,,1,52,,1588032,25,,,1,12,,1588033,25,,,1,12,,1588034,25,,,1,12,,1588035,25,,,1,12,,1588036,25,,,1,52,,1588037,25,,,1,12,,1588038,25,,,1,11,,1588039,25,,,1,13,,1588040,25,,,1,12,,1588041,25,,,1,51,,1588042,25,,,1,12,,1588043,25,,,1,11,,1588044,25,,,1,10,,1588045,25,,,1,10,,1588046,25,,,1,50,,1588047,25,,,1,9,,1588048,25,,,1,11,,1588049,25,,,1,9,,1588050,25,,,1,11,,1588051,25,,,1,10,,1588052,25,,,1,50,,1588053,25,,,1,11,,1588054,25,,,1,9,,1588055,25,,,1,11,,1588056,25,,,1,9,,1588057,25,,,1,9,,1588058,25,,,1,51,,1588059,25,,,1,9,,1588060,25,,,1,10,,1588061,25,,,1,11,,1588062,25,,,1,12,,1588063,25,,,1,12,,1588064,25,,,1,54,,1588065,25,,,1,14,,1588066,25,,,1,16,,1588067,25,,,1,13,,1588068,25,,,1,55,,1588069,25,,,1,15,,1588070,25,,,1,15,,1588071,25,,,1,15,,1588072,25,,,1,55,,1588073,25,,,1,15,,1588074,25,,,1,15,,1588075,25,,,1,15,,1588076,25,,,1,54,,1588077,25,,,1,15,,1588078,25,,,1,15,,1588079,25,,,1,15,,1588080,25,,,1,55,,1588081,25,,,1,15,,1588082,25,,,1,15,,1588083,25,,,1,15,,1588084,25,,,1,55,,1588085,25,,,1,15,,1588086,25,,,1,15,,1588087,25,,,1,15,,1588088,25,,,1,56,,1588089,25,,,1,15,,1588090,25,,,1
80303,'20261003',556,,1588091,25,,,1,55,,1588092,25,,,1,14,,1588093,25,,,1,15,,1588094,25,,,1,14,,1588095,25,,,1,54,,1588096,25,,,1,15,,1588097,25,,,1,15,,1588098,25,,,1,16,,1588099,25,,,1,56,,1588100,25,,,1,16,,1588101,25,,,1,15,,1588102,25,,,1,15,,1588103,25,,,1,55,,1588104,25,,,1,15,,1588105,25,,,1,15,,1588106,25,,,1,15,,1588107,25,,,1,55,,1588108,25,,,1,15,,1588109,25,,,1,15,,1588110,25,,,1,15,,1588111,25,,,1,55,,1588112,25,,,1,15,,1588113,25,,,1,16,,1588114,25,,,1,15,,1588115,25,,,1,55,,1588116,25,,,1,18,,1588117,25,,,1,15,,1588118,25,,,1,56,,1588119,25,,,1,13,,1588120,25,,,1,15,,1588121,25,,,1,14,,1588122,25,,,1,57,,1588123,25,,,1,15,,1588124,25,,,1,14,,1588125,25,,,1,15,,1588126,25,,,1,56,,1588127,25,,,1,13,,1588128,25,,,1,16,,1588129,25,,,1,16,,1588130,25,,,1,56,,1588131,25,,,1,14,,1588132,25,,,1,15,,1588133,25,,,1,16,,1588134,25,,,1,55,,1588135,25,,,1,13,,1588136,25,,,1,15,,1588137,25,,,1,15,,1588138,25,,,1,14,,1588139,25,,,1,56,,1588140,25,,,1,14,,1588141,25,,,1,15,,1588142,25,,,1,15,,1588143,25,,,1,55,,1588144,25,,,1,15,,1588145,25,,,1,14,,1588146,25,,,1,15,,1588147,25,,,1,55,,1588148,25,,,1,15,,1588149,25,,,1,15,,1588150,25,,,1,15,,1588151,25,,,1,55,,1588152,25,,,1,15,,1588153,25,,,1,15,,1588154,25,,,1,15,,1588155,25,,,1,55,,1588156,25,,,1,15,,1588157,25,,,1,15,,1588158,25,,,1,15,,1588159,25,,,1,55,,1588160,25,,,1,16,,1588161,25,,,1,15,,1588162,25,,,1,15,,1588163,25,,,1,55,,1588164,25,,,1,15,,1588165,25,,,1,15,,1588166,25,,,1,15,,1588167,25,,,1
80303,'20261004',556,,1588168,25,,,1,55,,1588169,25,,,1,14,,1588170,25,,,1,15,,1588171,25,,,1,14,,1588172,25,,,1,54,,1588173,25,,,1,15,,1588174,25,,,1,15,,1588175,25,,,1,16,,1588176,25,,,1,56,,1588177,25,,,1,16,,1588178,25,,,1,15,,1588179,25,,,1,15,,1588180,25,,,1,55,,1588181,25,,,1,15,,1588182,25,,,1,15,,1588183,25,,,1,15,,1588184,25,,,1,55,,1588185,25,,,1,15,,1588186,25,,,1,15,,1588187,25,,,1,15,,1588188,25,,,1,55,,1588189,25,,,1,15,,1588190,25,,,1,16,,1588191,25,,,1,15,,1588192,25,,,1,55,,1588193,25,,,1,18,,1588194,25,,,1,15,,1588195,25,,,1,56,,1588196,25,,,1,13,,1588197,25,,,1,15,,1588198,25,,,1,14,,1588199,25,,,1,57,,1588200,25,,,1,15,,1588201,25,,,1,14,,1588202,25,,,1,15,,1588203,25,,,1,56,,1588204,25,,,1,13,,1588205,25,,,1,16,,1588206,25,,,1,16,,1588207,25,,,1,56,,1588208,25,,,1,14,,1588209,25,,,1,15,,1588210,25,,,1,16,,1588211,25,,,1,55,,1588212,25,,,1,13,,1588213,25,,,1,15,,1588214,25,,,1,15,,1588215,25,,,1,14,,1588216,25,,,1,56,,1588217,25,,,1,14,,1588218,25,,,1,15,,1588219,25,,,1,15,,1588220,25,,,1,55,,1588221,25,,,1,15,,1588222,25,,,1,14,,1588223,25,,,1,15,,1588224,25,,,1,55,,1588225,25,,,1,15,,1588226,25,,,1,15,,1588227,25,,,1,15,,1588228,25,,,1,55,,1588229,25,,,1,15,,1588230,25,,,1,15,,1588231,25,,,1,15,,1588232,25,,,1,55,,1588233,25,,,1,15,,1588234,25,,,1,15,,1588235,25,,,1,15,,1588236,25,,,1,55,,1588237,25,,,1,16,,1588238,25,,,1,15,,1588239,25,,,1,15,,1588240,25,,,1,55,,1588241,25,,,1,15,,1588242,25,,,1,15,,1588243,25,,,1,15,,1588244,25,,,1
80303,'20261005',554,,1588245,25,,,1,55,,1588246,25,,,1,15,,1588247,25,,,1,14,,1588248,25,,,1,13,,1588249,25,,,1,52,,1588250,25,,,1,13,,1588251,25,,,1,12,,1588252,25,,,1,11,,1588253,25,,,1,10,,1588254,25,,,1,9,,1588255,25,,,1,49,,1588256,25,,,1,7,,1588257,25,,,1,8,,1588258,25,,,1,9,,1588259,25,,,1,7,,1588260,25,,,1,9,,1588261,25,,,1,8,,1588262,25,,,1,50,,1588263,25,,,1,10,,1588264,25,,,1,9,,1588265,25,,,1,10,,1588266,25,,,1,10,,1588267,25,,,1,10,,1588268,25,,,1,52,,1588269,25,,,1,12,,1588270,25,,,1,12,,1588271,25,,,1,12,,1588272,25,,,1,12,,1588273,25,,,1,52,,1588274,25,,,1,12,,1588275,25,,,1,12,,1588276,25,,,1,12,,1588277,25,,,1,12,,1588278,25,,,1,54,,1588279,25,,,1,13,,1588280,25,,,1,12,,1588281,25,,,1,12,,1588282,25,,,1,11,,1588283,25,,,1,52,,1588284,25,,,1,12,,1588285,25,,,1,12,,1588286,25,,,1,12,,1588287,25,,,1,12,,1588288,25,,,1,52,,1588289,25,,,1,12,,1588290,25,,,1,11,,1588291,25,,,1,13,,1588292,25,,,1,12,,1588293,25,,,1,51,,1588294,25,,,1,12,,1588295,25,,,1,11,,1588296,25,,,1,10,,1588297,25,,,1,10,,1588298,25,,,1,50,,1588299,25,,,1,9,,1588300,25,,,1,11,,1588301,25,,,1,9,,1588302,25,,,1,11,,1588303,25,,,1,10,,1588304,25,,,1,50,,1588305,25,,,1,11,,1588306,25,,,1,9,,1588307,25,,,1,11,,1588308,25,,,1,9,,1588309,25,,,1,9,,1588310,25,,,1,51,,1588311,25,,,1,9,,1588312,25,,,1,10,,1588313,25,,,1,11,,1588314,25,,,1,12,,1588315,25,,,1,12,,1588316,25,,,1,54,,1588317,25,,,1,14,,1588318,25,,,1,16,,1588319,25,,,1,13,,1588320,25,,,1,55,,1588321,25,,,1,15,,1588322,25,,,1,15,,1588323,25,,,1,15,,1588324,25,,,1,55,,1588325,25,,,1,15,,1588326,25,,,1,15,,1588327,25,,,1,15,,1588328,25,,,1,54,,1588329,25,,,1,15,,1588330,25,,,1,15,,1588331,25,,,1,15,,1588332,25,,,1,55,,1588333,25,,,1,15,,1588334,25,,,1,15,,1588335,25,,,1,15,,1588336,25,,,1,55,,1588337,25,,,1,15,,1588338,25,,,1,15,,1588339,25,,,1,15,,1588340,25,,,1,56,,1588341,25,,,1,15,,1588342,25,,,1
80303,'20261006',554,,1535056,25,,,1,55,,1535057,25,,,1,15,,1535058,25,,,1,14,,1535059,25,,,1,13,,1535060,25,,,1,52,,1535061,25,,,1,13,,1535063,25,,,1,12,,1535065,25,,,1,11,,1535067,25,,,1,10,,1535145,25,,,1,9,,1535069,25,,,1,49,,1535144,25,,,1,7,,1535072,25,,,1,8,,1535073,25,,,1,9,,1535143,25,,,1,7,,1535076,25,,,1,9,,1535078,25,,,1,8,,1535142,25,,,1,50,,1535081,25,,,1,10,,1535153,25,,,1,9,,1535083,25,,,1,10,,1535146,25,,,1,10,,1535141,25,,,1,10,,1535085,25,,,1,52,,1535087,25,,,1,12,,1535090,25,,,1,12,,1535091,25,,,1,12,,1535140,25,,,1,12,,1535094,25,,,1,52,,1535096,25,,,1,12,,1535099,25,,,1,12,,1535101,25,,,1,12,,1535152,25,,,1,12,,1535139,25,,,1,54,,1535103,25,,,1,13,,1535138,25,,,1,12,,1535106,25,,,1,12,,1535107,25,,,1,11,,1535137,25,,,1,52,,1535110,25,,,1,12,,1535108,25,,,1,12,,1535136,25,,,1,12,,1535115,25,,,1,12,,1535135,25,,,1,52,,1535118,25,,,1,12,,1535120,25,,,1,11,,1535122,25,,,1,13,,1535124,25,,,1,12,,1535134,25,,,1,51,,1535062,25,,,1,12,,1535133,25,,,1,11,,1535079,25,,,1,10,,1535132,25,,,1,10,,1535088,25,,,1,50,,1535093,25,,,1,9,,1535100,25,,,1,11,,1535131,25,,,1,9,,1535109,25,,,1,11,,1535114,25,,,1,10,,1535130,25,,,1,50,,1535126,25,,,1,11,,1535075,25,,,1,9,,1535129,25,,,1,11,,1535070,25,,,1,9,,1535117,25,,,1,9,,1535127,25,,,1,51,,1535123,25,,,1,9,,1535112,25,,,1,10,,1535147,25,,,1,11,,1535128,25,,,1,12,,1535097,25,,,1,12,,1535082,25,,,1,54,,1535148,25,,,1,14,,1535064,25,,,1,16,,1535125,25,,,1,13,,1535121,25,,,1,55,,1535119,25,,,1,15,,1535116,25,,,1,15,,1535113,25,,,1,15,,1535111,25,,,1,55,,1535105,25,,,1,15,,1535104,25,,,1,15,,1535102,25,,,1,15,,1535098,25,,,1,54,,1535095,25,,,1,15,,1535092,25,,,1,15,,1535089,25,,,1,15,,1535086,25,,,1,55,,1535084,25,,,1,15,,1535080,25,,,1,15,,1535077,25,,,1,15,,1535074,25,,,1,55,,1535071,25,,,1,15,,1535068,25,,,1,15,,1535066,25,,,1,15,,1535149,25,,,1,56,,1535150,25,,,1,15,,1535151,25,,,1
80303,'20261007',554,,1535154,25,,,1,55,,1535155,25,,,1,15,,1535156,25,,,1,14,,1535157,25,,,1,13,,1535158,25,,,1,52,,1535159,25,,,1,13,,1535161,25,,,1,12,,1535163,25,,,1,11,,1535165,25,,,1,10,,1535243,25,,,1,9,,1535167,25,,,1,49,,1535242,25,,,1,7,,1535170,25,,,1,8,,1535171,25,,,1,9,,1535241,25,,,1,7,,1535174,25,,,1,9,,1535176,25,,,1,8,,1535240,25,,,1,50,,1535179,25,,,1,10,,1535251,25,,,1,9,,1535181,25,,,1,10,,1535244,25,,,1,10,,1535239,25,,,1,10,,1535183,25,,,1,52,,1535185,25,,,1,12,,1535188,25,,,1,12,,1535189,25,,,1,12,,1535238,25,,,1,12,,1535192,25,,,1,52,,1535194,25,,,1,12,,1535197,25,,,1,12,,1535199,25,,,1,12,,1535250,25,,,1,12,,1535237,25,,,1,54,,1535201,25,,,1,13,,1535236,25,,,1,12,,1535204,25,,,1,12,,1535205,25,,,1,11,,1535235,25,,,1,52,,1535208,25,,,1,12,,1535206,25,,,1,12,,1535234,25,,,1,12,,1535213,25,,,1,12,,1535233,25,,,1,52,,1535216,25,,,1,12,,1535218,25,,,1,11,,1535220,25,,,1,13,,1535222,25,,,1,12,,1535232,25,,,1,51,,1535160,25,,,1,12,,1535231,25,,,1,11,,1535177,25,,,1,10,,1535230,25,,,1,10,,1535186,25,,,1,50,,1535191,25,,,1,9,,1535198,25,,,1,11,,1535229,25,,,1,9,,1535207,25,,,1,11,,1535212,25,,,1,10,,1535228,25,,,1,50,,1535224,25,,,1,11,,1535173,25,,,1,9,,1535227,25,,,1,11,,1535168,25,,,1,9,,1535215,25,,,1,9,,1535225,25,,,1,51,,1535221,25,,,1,9,,1535210,25,,,1,10,,1535245,25,,,1,11,,1535226,25,,,1,12,,1535195,25,,,1,12,,1535180,25,,,1,54,,1535246,25,,,1,14,,1535162,25,,,1,16,,1535223,25,,,1,13,,1535219,25,,,1,55,,1535217,25,,,1,15,,1535214,25,,,1,15,,1535211,25,,,1,15,,1535209,25,,,1,55,,1535203,25,,,1,15,,1535202,25,,,1,15,,1535200,25,,,1,15,,1535196,25,,,1,54,,1535193,25,,,1,15,,1535190,25,,,1,15,,1535187,25,,,1,15,,1535184,25,,,1,55,,1535182,25,,,1,15,,1535178,25,,,1,15,,1535175,25,,,1,15,,1535172,25,,,1,55,,1535169,25,,,1,15,,1535166,25,,,1,15,,1535164,25,,,1,15,,1535247,25,,,1,56,,1535248,25,,,1,15,,1535249,25,,,1
80303,'20261008',554,,1535252,25,,,1,55,,1535253,25,,,1,15,,1535254,25,,,1,14,,1535255,25,,,1,13,,1535256,25,,,1,52,,1535257,25,,,1,13,,1535259,25,,,1,12,,1535261,25,,,1,11,,1535263,25,,,1,10,,1535341,25,,,1,9,,1535265,25,,,1,49,,1535340,25,,,1,7,,1535268,25,,,1,8,,1535269,25,,,1,9,,1535339,25,,,1,7,,1535272,25,,,1,9,,1535274,25,,,1,8,,1535338,25,,,1,50,,1535277,25,,,1,10,,1535349,25,,,1,9,,1535279,25,,,1,10,,1535342,25,,,1,10,,1535337,25,,,1,10,,1535281,25,,,1,52,,1535283,25,,,1,12,,1535286,25,,,1,12,,1535287,25,,,1,12,,1535336,25,,,1,12,,1535290,25,,,1,52,,1535292,25,,,1,12,,1535295,25,,,1,12,,1535297,25,,,1,12,,1535348,25,,,1,12,,1535335,25,,,1,54,,1535299,25,,,1,13,,1535334,25,,,1,12,,1535302,25,,,1,12,,1535303,25,,,1,11,,1535333,25,,,1,52,,1535306,25,,,1,12,,1535304,25,,,1,12,,1535332,25,,,1,12,,1535311,25,,,1,12,,1535331,25,,,1,52,,1535314,25,,,1,12,,1535316,25,,,1,11,,1535318,25,,,1,13,,1535320,25,,,1,12,,1535330,25,,,1,51,,1535258,25,,,1,12,,1535329,25,,,1,11,,1535275,25,,,1,10,,1535328,25,,,1,10,,1535284,25,,,1,50,,1535289,25,,,1,9,,1535296,25,,,1,11,,1535327,25,,,1,9,,1535305,25,,,1,11,,1535310,25,,,1,10,,1535326,25,,,1,50,,1535322,25,,,1,11,,1535271,25,,,1,9,,1535325,25,,,1,11,,1535266,25,,,1,9,,1535313,25,,,1,9,,1535323,25,,,1,51,,1535319,25,,,1,9,,1535308,25,,,1,10,,1535343,25,,,1,11,,1535324,25,,,1,12,,1535293,25,,,1,12,,1535278,25,,,1,54,,1535344,25,,,1,14,,1535260,25,,,1,16,,1535321,25,,,1,13,,1535317,25,,,1,55,,1535315,25,,,1,15,,1535312,25,,,1,15,,1535309,25,,,1,15,,1535307,25,,,1,55,,1535301,25,,,1,15,,1535300,25,,,1,15,,1535298,25,,,1,15,,1535294,25,,,1,54,,1535291,25,,,1,15,,1535288,25,,,1,15,,1535285,25,,,1,15,,1535282,25,,,1,55,,1535280,25,,,1,15,,1535276,25,,,1,15,,1535273,25,,,1,15,,1535270,25,,,1,55,,1535267,25,,,1,15,,1535264,25,,,1,15,,1535262,25,,,1,15,,1535345,25,,,1,56,,1535346,25,,,1,15,,1535347,25,,,1
80303,'20261009',554,,1535350,25,,,1,55,,1535351,25,,,1,15,,1535352,25,,,1,14,,1535353,25,,,1,13,,1535354,25,,,1,52,,1535355,25,,,1,13,,1535357,25,,,1,12,,1535359,25,,,1,11,,1535361,25,,,1,10,,1535439,25,,,1,9,,1535363,25,,,1,49,,1535438,25,,,1,7,,1535366,25,,,1,8,,1535367,25,,,1,9,,1535437,25,,,1,7,,1535370,25,,,1,9,,1535372,25,,,1,8,,1535436,25,,,1,50,,1535375,25,,,1,10,,1535447,25,,,1,9,,1535377,25,,,1,10,,1535440,25,,,1,10,,1535435,25,,,1,10,,1535379,25,,,1,52,,1535381,25,,,1,12,,1535384,25,,,1,12,,1535385,25,,,1,12,,1535434,25,,,1,12,,1535388,25,,,1,52,,1535390,25,,,1,12,,1535393,25,,,1,12,,1535395,25,,,1,12,,1535446,25,,,1,12,,1535433,25,,,1,54,,1535397,25,,,1,13,,1535432,25,,,1,12,,1535400,25,,,1,12,,1535401,25,,,1,11,,1535431,25,,,1,52,,1535404,25,,,1,12,,1535402,25,,,1,12,,1535430,25,,,1,12,,1535409,25,,,1,12,,1535429,25,,,1,52,,1535412,25,,,1,12,,1535414,25,,,1,11,,1535416,25,,,1,13,,1535418,25,,,1,12,,1535428,25,,,1,51,,1535356,25,,,1,12,,1535427,25,,,1,11,,1535373,25,,,1,10,,1535426,25,,,1,10,,1535382,25,,,1,50,,1535387,25,,,1,9,,1535394,25,,,1,11,,1535425,25,,,1,9,,1535403,25,,,1,11,,1535408,25,,,1,10,,1535424,25,,,1,50,,1535420,25,,,1,11,,1535369,25,,,1,9,,1535423,25,,,1,11,,1535364,25,,,1,9,,1535411,25,,,1,9,,1535421,25,,,1,51,,1535417,25,,,1,9,,1535406,25,,,1,10,,1535441,25,,,1,11,,1535422,25,,,1,12,,1535391,25,,,1,12,,1535376,25,,,1,54,,1535442,25,,,1,14,,1535358,25,,,1,16,,1535419,25,,,1,13,,1535415,25,,,1,55,,1535413,25,,,1,15,,1535410,25,,,1,15,,1535407,25,,,1,15,,1535405,25,,,1,55,,1535399,25,,,1,15,,1535398,25,,,1,15,,1535396,25,,,1,15,,1535392,25,,,1,54,,1535389,25,,,1,15,,1535386,25,,,1,15,,1535383,25,,,1,15,,1535380,25,,,1,55,,1535378,25,,,1,15,,1535374,25,,,1,15,,1535371,25,,,1,15,,1535368,25,,,1,55,,1535365,25,,,1,15,,1535362,25,,,1,15,,1535360,25,,,1,15,,1535443,25,,,1,56,,1535444,25,,,1,15,,1535445,25,,,1
80303,'20261010',556,,1558197,25,,,1,55,,1558198,25,,,1,14,,1558202,25,,,1,15,,1558260,25,,,1,14,,1558200,25,,,1,54,,1558199,25,,,1,15,,1558201,25,,,1,15,,1558261,25,,,1,16,,1558212,25,,,1,56,,1558208,25,,,1,16,,1558206,25,,,1,15,,1558262,25,,,1,15,,1558205,25,,,1,55,,1558203,25,,,1,15,,1558263,25,,,1,15,,1558204,25,,,1,15,,1558213,25,,,1,55,,1558214,25,,,1,15,,1558210,25,,,1,15,,1558211,25,,,1,15,,1558207,25,,,1,55,,1558209,25,,,1,15,,1558253,25,,,1,16,,1558251,25,,,1,15,,1558256,25,,,1,55,,1558252,25,,,1,18,,1558218,25,,,1,15,,1558222,25,,,1,56,,1558220,25,,,1,13,,1558238,25,,,1,15,,1558243,25,,,1,14,,1558244,25,,,1,57,,1558241,25,,,1,15,,1558239,25,,,1,14,,1558233,25,,,1,15,,1558247,25,,,1,56,,1558234,25,,,1,13,,1558246,25,,,1,16,,1558249,25,,,1,16,,1558248,25,,,1,56,,1558227,25,,,1,14,,1558258,25,,,1,15,,1558242,25,,,1,16,,1558221,25,,,1,55,,1558223,25,,,1,13,,1558240,25,,,1,15,,1558245,25,,,1,15,,1558230,25,,,1,14,,1558229,25,,,1,56,,1558232,25,,,1,14,,1558231,25,,,1,15,,1558236,25,,,1,15,,1558237,25,,,1,55,,1558264,25,,,1,15,,1558255,25,,,1,14,,1558224,25,,,1,15,,1558225,25,,,1,55,,1558265,25,,,1,15,,1558215,25,,,1,15,,1558217,25,,,1,15,,1558267,25,,,1,55,,1558254,25,,,1,15,,1558268,25,,,1,15,,1558216,25,,,1,15,,1558269,25,,,1,55,,1558250,25,,,1,15,,1558266,25,,,1,15,,1558228,25,,,1,15,,1558270,25,,,1,55,,1558226,25,,,1,16,,1558271,25,,,1,15,,1558257,25,,,1,15,,1558272,25,,,1,55,,1558219,25,,,1,15,,1558273,25,,,1,15,,1558235,25,,,1,15,,1558259,25,,,1
80303,'20261011',556,,1558350,25,,,1,55,,1558347,25,,,1,14,,1558345,25,,,1,15,,1558283,25,,,1,14,,1558343,25,,,1,54,,1558342,25,,,1,15,,1558346,25,,,1,15,,1558279,25,,,1,16,,1558334,25,,,1,56,,1558339,25,,,1,16,,1558349,25,,,1,15,,1558286,25,,,1,15,,1558344,25,,,1,55,,1558348,25,,,1,15,,1558284,25,,,1,15,,1558341,25,,,1,15,,1558321,25,,,1,55,,1558327,25,,,1,15,,1558337,25,,,1,15,,1558328,25,,,1,15,,1558338,25,,,1,55,,1558336,25,,,1,15,,1558319,25,,,1,16,,1558313,25,,,1,15,,1558317,25,,,1,55,,1558314,25,,,1,18,,1558330,25,,,1,15,,1558326,25,,,1,56,,1558324,25,,,1,13,,1558295,25,,,1,15,,1558293,25,,,1,14,,1558308,25,,,1,57,,1558306,25,,,1,15,,1558304,25,,,1,14,,1558298,25,,,1,15,,1558311,25,,,1,56,,1558300,25,,,1,13,,1558310,25,,,1,16,,1558312,25,,,1,16,,1558303,25,,,1,56,,1558290,25,,,1,14,,1558320,25,,,1,15,,1558307,25,,,1,16,,1558323,25,,,1,55,,1558331,25,,,1,13,,1558289,25,,,1,15,,1558309,25,,,1,15,,1558305,25,,,1,14,,1558292,25,,,1,56,,1558299,25,,,1,14,,1558296,25,,,1,15,,1558301,25,,,1,15,,1558297,25,,,1,55,,1558282,25,,,1,15,,1558316,25,,,1,14,,1558332,25,,,1,15,,1558333,25,,,1,55,,1558275,25,,,1,15,,1558329,25,,,1,15,,1558325,25,,,1,15,,1558288,25,,,1,55,,1558315,25,,,1,15,,1558277,25,,,1,15,,1558340,25,,,1,15,,1558287,25,,,1,55,,1558302,25,,,1,15,,1558276,25,,,1,15,,1558291,25,,,1,15,,1558278,25,,,1,55,,1558335,25,,,1,16,,1558281,25,,,1,15,,1558318,25,,,1,15,,1558280,25,,,1,55,,1558322,25,,,1,15,,1558285,25,,,1,15,,1558294,25,,,1,15,,1558274,25,,,1
80303,'20261012',556,,1558427,25,,,1,55,,1558424,25,,,1,14,,1558422,25,,,1,15,,1558360,25,,,1,14,,1558420,25,,,1,54,,1558419,25,,,1,15,,1558423,25,,,1,15,,1558356,25,,,1,16,,1558411,25,,,1,56,,1558416,25,,,1,16,,1558426,25,,,1,15,,1558363,25,,,1,15,,1558421,25,,,1,55,,1558425,25,,,1,15,,1558361,25,,,1,15,,1558418,25,,,1,15,,1558398,25,,,1,55,,1558404,25,,,1,15,,1558414,25,,,1,15,,1558405,25,,,1,15,,1558415,25,,,1,55,,1558413,25,,,1,15,,1558396,25,,,1,16,,1558390,25,,,1,15,,1558394,25,,,1,55,,1558391,25,,,1,18,,1558407,25,,,1,15,,1558403,25,,,1,56,,1558401,25,,,1,13,,1558372,25,,,1,15,,1558370,25,,,1,14,,1558385,25,,,1,57,,1558383,25,,,1,15,,1558381,25,,,1,14,,1558375,25,,,1,15,,1558388,25,,,1,56,,1558377,25,,,1,13,,1558387,25,,,1,16,,1558389,25,,,1,16,,1558380,25,,,1,56,,1558367,25,,,1,14,,1558397,25,,,1,15,,1558384,25,,,1,16,,1558400,25,,,1,55,,1558408,25,,,1,13,,1558366,25,,,1,15,,1558386,25,,,1,15,,1558382,25,,,1,14,,1558369,25,,,1,56,,1558376,25,,,1,14,,1558373,25,,,1,15,,1558378,25,,,1,15,,1558374,25,,,1,55,,1558359,25,,,1,15,,1558393,25,,,1,14,,1558409,25,,,1,15,,1558410,25,,,1,55,,1558352,25,,,1,15,,1558406,25,,,1,15,,1558402,25,,,1,15,,1558365,25,,,1,55,,1558392,25,,,1,15,,1558354,25,,,1,15,,1558417,25,,,1,15,,1558364,25,,,1,55,,1558379,25,,,1,15,,1558353,25,,,1,15,,1558368,25,,,1,15,,1558355,25,,,1,55,,1558412,25,,,1,16,,1558358,25,,,1,15,,1558395,25,,,1,15,,1558357,25,,,1,55,,1558399,25,,,1,15,,1558362,25,,,1,15,,1558371,25,,,1,15,,1558351,25,,,1
80303,'20261013',554,,1588343,25,,,1,55,,1588344,25,,,1,15,,1588345,25,,,1,14,,1588346,25,,,1,13,,1588347,25,,,1,52,,1588348,25,,,1,13,,1588350,25,,,1,12,,1588352,25,,,1,11,,1588354,25,,,1,10,,1588432,25,,,1,9,,1588356,25,,,1,49,,1588431,25,,,1,7,,1588359,25,,,1,8,,1588360,25,,,1,9,,1588430,25,,,1,7,,1588363,25,,,1,9,,1588365,25,,,1,8,,1588429,25,,,1,50,,1588368,25,,,1,10,,1588440,25,,,1,9,,1588370,25,,,1,10,,1588433,25,,,1,10,,1588428,25,,,1,10,,1588372,25,,,1,52,,1588374,25,,,1,12,,1588377,25,,,1,12,,1588378,25,,,1,12,,1588427,25,,,1,12,,1588381,25,,,1,52,,1588383,25,,,1,12,,1588386,25,,,1,12,,1588388,25,,,1,12,,1588439,25,,,1,12,,1588426,25,,,1,54,,1588390,25,,,1,13,,1588425,25,,,1,12,,1588393,25,,,1,12,,1588394,25,,,1,11,,1588424,25,,,1,52,,1588397,25,,,1,12,,1588395,25,,,1,12,,1588423,25,,,1,12,,1588402,25,,,1,12,,1588422,25,,,1,52,,1588405,25,,,1,12,,1588407,25,,,1,11,,1588409,25,,,1,13,,1588411,25,,,1,12,,1588421,25,,,1,51,,1588349,25,,,1,12,,1588420,25,,,1,11,,1588366,25,,,1,10,,1588419,25,,,1,10,,1588375,25,,,1,50,,1588380,25,,,1,9,,1588387,25,,,1,11,,1588418,25,,,1,9,,1588396,25,,,1,11,,1588401,25,,,1,10,,1588417,25,,,1,50,,1588413,25,,,1,11,,1588362,25,,,1,9,,1588416,25,,,1,11,,1588357,25,,,1,9,,1588404,25,,,1,9,,1588414,25,,,1,51,,1588410,25,,,1,9,,1588399,25,,,1,10,,1588434,25,,,1,11,,1588415,25,,,1,12,,1588384,25,,,1,12,,1588369,25,,,1,54,,1588435,25,,,1,14,,1588351,25,,,1,16,,1588412,25,,,1,13,,1588408,25,,,1,55,,1588406,25,,,1,15,,1588403,25,,,1,15,,1588400,25,,,1,15,,1588398,25,,,1,55,,1588392,25,,,1,15,,1588391,25,,,1,15,,1588389,25,,,1,15,,1588385,25,,,1,54,,1588382,25,,,1,15,,1588379,25,,,1,15,,1588376,25,,,1,15,,1588373,25,,,1,55,,1588371,25,,,1,15,,1588367,25,,,1,15,,1588364,25,,,1,15,,1588361,25,,,1,55,,1588358,25,,,1,15,,1588355,25,,,1,15,,1588353,25,,,1,15,,1588436,25,,,1,56,,1588437,25,,,1,15,,1588438,25,,,1
80303,'20261014',554,,1588441,25,,,1,55,,1588442,25,,,1,15,,1588443,25,,,1,14,,1588444,25,,,1,13,,1588445,25,,,1,52,,1588446,25,,,1,13,,1588448,25,,,1,12,,1588450,25,,,1,11,,1588452,25,,,1,10,,1588530,25,,,1,9,,1588454,25,,,1,49,,1588529,25,,,1,7,,1588457,25,,,1,8,,1588458,25,,,1,9,,1588528,25,,,1,7,,1588461,25,,,1,9,,1588463,25,,,1,8,,1588527,25,,,1,50,,1588466,25,,,1,10,,1588538,25,,,1,9,,1588468,25,,,1,10,,1588531,25,,,1,10,,1588526,25,,,1,10,,1588470,25,,,1,52,,1588472,25,,,1,12,,1588475,25,,,1,12,,1588476,25,,,1,12,,1588525,25,,,1,12,,1588479,25,,,1,52,,1588481,25,,,1,12,,1588484,25,,,1,12,,1588486,25,,,1,12,,1588537,25,,,1,12,,1588524,25,,,1,54,,1588488,25,,,1,13,,1588523,25,,,1,12,,1588491,25,,,1,12,,1588492,25,,,1,11,,1588522,25,,,1,52,,1588495,25,,,1,12,,1588493,25,,,1,12,,1588521,25,,,1,12,,1588500,25,,,1,12,,1588520,25,,,1,52,,1588503,25,,,1,12,,1588505,25,,,1,11,,1588507,25,,,1,13,,1588509,25,,,1,12,,1588519,25,,,1,51,,1588447,25,,,1,12,,1588518,25,,,1,11,,1588464,25,,,1,10,,1588517,25,,,1,10,,1588473,25,,,1,50,,1588478,25,,,1,9,,1588485,25,,,1,11,,1588516,25,,,1,9,,1588494,25,,,1,11,,1588499,25,,,1,10,,1588515,25,,,1,50,,1588511,25,,,1,11,,1588460,25,,,1,9,,1588514,25,,,1,11,,1588455,25,,,1,9,,1588502,25,,,1,9,,1588512,25,,,1,51,,1588508,25,,,1,9,,1588497,25,,,1,10,,1588532,25,,,1,11,,1588513,25,,,1,12,,1588482,25,,,1,12,,1588467,25,,,1,54,,1588533,25,,,1,14,,1588449,25,,,1,16,,1588510,25,,,1,13,,1588506,25,,,1,55,,1588504,25,,,1,15,,1588501,25,,,1,15,,1588498,25,,,1,15,,1588496,25,,,1,55,,1588490,25,,,1,15,,1588489,25,,,1,15,,1588487,25,,,1,15,,1588483,25,,,1,54,,1588480,25,,,1,15,,1588477,25,,,1,15,,1588474,25,,,1,15,,1588471,25,,,1,55,,1588469,25,,,1,15,,1588465,25,,,1,15,,1588462,25,,,1,15,,1588459,25,,,1,55,,1588456,25,,,1,15,,1588453,25,,,1,15,,1588451,25,,,1,15,,1588534,25,,,1,56,,1588535,25,,,1,15,,1588536,25,,,1
80303,'20261015',554,,1588539,25,,,1,55,,1588540,25,,,1,15,,1588541,25,,,1,14,,1588542,25,,,1,13,,1588543,25,,,1,52,,1588544,25,,,1,13,,1588546,25,,,1,12,,1588548,25,,,1,11,,1588550,25,,,1,10,,1588628,25,,,1,9,,1588552,25,,,1,49,,1588627,25,,,1,7,,1588555,25,,,1,8,,1588556,25,,,1,9,,1588626,25,,,1,7,,1588559,25,,,1,9,,1588561,25,,,1,8,,1588625,25,,,1,50,,1588564,25,,,1,10,,1588636,25,,,1,9,,1588566,25,,,1,10,,1588629,25,,,1,10,,1588624,25,,,1,10,,1588568,25,,,1,52,,1588570,25,,,1,12,,1588573,25,,,1,12,,1588574,25,,,1,12,,1588623,25,,,1,12,,1588577,25,,,1,52,,1588579,25,,,1,12,,1588582,25,,,1,12,,1588584,25,,,1,12,,1588635,25,,,1,12,,1588622,25,,,1,54,,1588586,25,,,1,13,,1588621,25,,,1,12,,1588589,25,,,1,12,,1588590,25,,,1,11,,1588620,25,,,1,52,,1588593,25,,,1,12,,1588591,25,,,1,12,,1588619,25,,,1,12,,1588598,25,,,1,12,,1588618,25,,,1,52,,1588601,25,,,1,12,,1588603,25,,,1,11,,1588605,25,,,1,13,,1588607,25,,,1,12,,1588617,25,,,1,51,,1588545,25,,,1,12,,1588616,25,,,1,11,,1588562,25,,,1,10,,1588615,25,,,1,10,,1588571,25,,,1,50,,1588576,25,,,1,9,,1588583,25,,,1,11,,1588614,25,,,1,9,,1588592,25,,,1,11,,1588597,25,,,1,10,,1588613,25,,,1,50,,1588609,25,,,1,11,,1588558,25,,,1,9,,1588612,25,,,1,11,,1588553,25,,,1,9,,1588600,25,,,1,9,,1588610,25,,,1,51,,1588606,25,,,1,9,,1588595,25,,,1,10,,1588630,25,,,1,11,,1588611,25,,,1,12,,1588580,25,,,1,12,,1588565,25,,,1,54,,1588631,25,,,1,14,,1588547,25,,,1,16,,1588608,25,,,1,13,,1588604,25,,,1,55,,1588602,25,,,1,15,,1588599,25,,,1,15,,1588596,25,,,1,15,,1588594,25,,,1,55,,1588588,25,,,1,15,,1588587,25,,,1,15,,1588585,25,,,1,15,,1588581,25,,,1,54,,1588578,25,,,1,15,,1588575,25,,,1,15,,1588572,25,,,1,15,,1588569,25,,,1,55,,1588567,25,,,1,15,,1588563,25,,,1,15,,1588560,25,,,1,15,,1588557,25,,,1,55,,1588554,25,,,1,15,,1588551,25,,,1,15,,1588549,25,,,1,15,,1588632,25,,,1,56,,1588633,25,,,1,15,,1588634,25,,,1
80303,'20261016',554,,1588637,25,,,1,55,,1588638,25,,,1,15,,1588639,25,,,1,14,,1588640,25,,,1,13,,1588641,25,,,1,52,,1588642,25,,,1,13,,1588644,25,,,1,12,,1588646,25,,,1,11,,1588648,25,,,1,10,,1588726,25,,,1,9,,1588650,25,,,1,49,,1588725,25,,,1,7,,1588653,25,,,1,8,,1588654,25,,,1,9,,1588724,25,,,1,7,,1588657,25,,,1,9,,1588659,25,,,1,8,,1588723,25,,,1,50,,1588662,25,,,1,10,,1588734,25,,,1,9,,1588664,25,,,1,10,,1588727,25,,,1,10,,1588722,25,,,1,10,,1588666,25,,,1,52,,1588668,25,,,1,12,,1588671,25,,,1,12,,1588672,25,,,1,12,,1588721,25,,,1,12,,1588675,25,,,1,52,,1588677,25,,,1,12,,1588680,25,,,1,12,,1588682,25,,,1,12,,1588733,25,,,1,12,,1588720,25,,,1,54,,1588684,25,,,1,13,,1588719,25,,,1,12,,1588687,25,,,1,12,,1588688,25,,,1,11,,1588718,25,,,1,52,,1588691,25,,,1,12,,1588689,25,,,1,12,,1588717,25,,,1,12,,1588696,25,,,1,12,,1588716,25,,,1,52,,1588699,25,,,1,12,,1588701,25,,,1,11,,1588703,25,,,1,13,,1588705,25,,,1,12,,1588715,25,,,1,51,,1588643,25,,,1,12,,1588714,25,,,1,11,,1588660,25,,,1,10,,1588713,25,,,1,10,,1588669,25,,,1,50,,1588674,25,,,1,9,,1588681,25,,,1,11,,1588712,25,,,1,9,,1588690,25,,,1,11,,1588695,25,,,1,10,,1588711,25,,,1,50,,1588707,25,,,1,11,,1588656,25,,,1,9,,1588710,25,,,1,11,,1588651,25,,,1,9,,1588698,25,,,1,9,,1588708,25,,,1,51,,1588704,25,,,1,9,,1588693,25,,,1,10,,1588728,25,,,1,11,,1588709,25,,,1,12,,1588678,25,,,1,12,,1588663,25,,,1,54,,1588729,25,,,1,14,,1588645,25,,,1,16,,1588706,25,,,1,13,,1588702,25,,,1,55,,1588700,25,,,1,15,,1588697,25,,,1,15,,1588694,25,,,1,15,,1588692,25,,,1,55,,1588686,25,,,1,15,,1588685,25,,,1,15,,1588683,25,,,1,15,,1588679,25,,,1,54,,1588676,25,,,1,15,,1588673,25,,,1,15,,1588670,25,,,1,15,,1588667,25,,,1,55,,1588665,25,,,1,15,,1588661,25,,,1,15,,1588658,25,,,1,15,,1588655,25,,,1,55,,1588652,25,,,1,15,,1588649,25,,,1,15,,1588647,25,,,1,15,,1588730,25,,,1,56,,1588731,25,,,1,15,,1588732,25,,,1
98200,'20261002',2557,,1593532,35,,,0
98200,'20261003',2557,,1593533,35,,,0
98200,'20261009',2557,,1540247,35,,,0
98200,'20261010',2557,,1561868,35,,,0
98200,'20261016',2557,,1593534,35,,,0
