1202,'20261006',651,,1596963,42,,,0,76,,1596964,42,,,0,32,,1596965,42,,,0,74,,1596966,42,,,0,69,,1596967,42,,,0,56,,1596968,42,,,0,99,,1596969,42,,,0,100,,1596970,42,,,0,99,,1596971,42,,,0,100,,1596972,42,,,0,99,,1596973,42,,,0,102,,1596974,42,,,0,146,,1596975,42,,,0,103,,1596976,42,,,0,53,,1596977,42,,,0,97,,1596978,42,,,0,100,,1596979,42,,,0,99,,1596980,42,,,0,99,,1596981,42,,,0
1202,'20261007',651,,1596983,42,,,0,76,,1596984,42,,,0,32,,1596985,42,,,0,74,,1596986,42,,,0,69,,1596987,42,,,0,56,,1596988,42,,,0,99,,1596989,42,,,0,100,,1596990,42,,,0,99,,1596991,42,,,0,100,,1596992,42,,,0,99,,1596993,42,,,0,102,,1596994,42,,,0,146,,1596995,42,,,0,103,,1596996,42,,,0,53,,1596997,42,,,0,97,,1596998,42,,,0,100,,1596999,42,,,0,99,,1597000,42,,,0,99,,1597001,42,,,0
1202,'20261008',651,,1597003,42,,,0,76,,1597004,42,,,0,32,,1597005,42,,,0,74,,1597006,42,,,0,69,,1597007,42,,,0,56,,1597008,42,,,0,99,,1597009,42,,,0,100,,1597010,42,,,0,99,,1597011,42,,,0,100,,1597012,42,,,0,99,,1597013,42,,,0,102,,1597014,42,,,0,146,,1597015,42,,,0,103,,1597016,42,,,0,53,,1597017,42,,,0,97,,1597018,42,,,0,100,,1597019,42,,,0,99,,1597020,42,,,0,99,,1597021,42,,,0
1202,'20261009',651,,1597023,42,,,0,76,,1597024,42,,,0,32,,1597025,42,,,0,74,,1597026,42,,,0,69,,1597027,42,,,0,56,,1597028,42,,,0,99,,1597029,42,,,0,100,,1597030,42,,,0,99,,1597031,42,,,0,100,,1597032,42,,,0,99,,1597033,42,,,0,102,,1597034,42,,,0,146,,1597035,42,,,0,103,,1597036,42,,,0,53,,1597037,42,,,0,97,,1597038,42,,,0,100,,1597039,42,,,0,99,,1597040,42,,,0,99,,1597041,42,,,0
1202,'20261010',833,,1542723,42,,,0,101,,1542724,42,,,0,102,,1542725,42,,,0,100,,1542732,43,,,0,107,,1542733,43,,,0,102,,1542734,43,,,0,95,,1542735,43,,,0,106,,1542736,43,,,0,99,,1542737,43,,,0,99,,1542738,43,,,0,97,,1542726,43,,,0,94,,1542727,42,,,0,99,,1542728,42,,,0,99,,1542729,42,,,0,100,,1542730,42,,,0,100,,1542731,42,,,0
1202,'20261011',833,,1542739,42,,,0,101,,1542740,42,,,0,102,,1542741,42,,,0,100,,1542742,43,,,0,107,,1542743,43,,,0,102,,1542744,43,,,0,95,,1542745,43,,,0,106,,1542746,43,,,0,99,,1542747,43,,,0,99,,1542748,43,,,0,97,,1542749,43,,,0,94,,1542750,42,,,0,99,,1542751,42,,,0,99,,1542752,42,,,0,100,,1542753,42,,,0,100,,1542754,42,,,0
1202,'20261012',833,,1542755,42,,,0,101,,1542756,42,,,0,102,,1542757,42,,,0,100,,1542758,43,,,0,107,,1542759,43,,,0,102,,1542760,43,,,0,95,,1542761,43,,,0,106,,1542762,43,,,0,99,,1542763,43,,,0,99,,1542764,43,,,0,97,,1542765,43,,,0,94,,1542766,42,,,0,99,,1542767,42,,,0,99,,1542768,42,,,0,100,,1542769,42,,,0,100,,1542770,42,,,0
1202,'20261013',651,,1565346,42,,,0,76,,1565328,42,,,0,32,,1565329,42,,,0,74,,1565330,42,,,0,69,,1565331,42,,,0,56,,1565332,42,,,0,99,,1565333,42,,,0,100,,1565334,42,,,0,99,,1565335,42,,,0,100,,1565336,42,,,0,99,,1565337,42,,,0,102,,1565338,42,,,0,146,,1565339,42,,,0,103,,1565340,42,,,0,53,,1565341,42,,,0,97,,1565342,42,,,0,100,,1565343,42,,,0,99,,1565344,42,,,0,99,,1565345,42,,,0
1202,'20261014',651,,1565365,42,,,0,76,,1565347,42,,,0,32,,1565348,42,,,0,74,,1565349,42,,,0,69,,1565350,42,,,0,56,,1565351,42,,,0,99,,1565352,42,,,0,100,,1565353,42,,,0,99,,1565354,42,,,0,100,,1565355,42,,,0,99,,1565356,42,,,0,102,,1565357,42,,,0,146,,1565358,42,,,0,103,,1565359,42,,,0,53,,1565360,42,,,0,97,,1565361,42,,,0,100,,1565362,42,,,0,99,,1565363,42,,,0,99,,1565364,42,,,0
1202,'20261015',651,,1565384,42,,,0,76,,1565366,42,,,0,32,,1565367,42,,,0,74,,1565368,42,,,0,69,,1565369,42,,,0,56,,1565370,42,,,0,99,,1565371,42,,,0,100,,1565372,42,,,0,99,,1565373,42,,,0,100,,1565374,42,,,0,99,,1565375,42,,,0,102,,1565376,42,,,0,146,,1565377,42,,,0,103,,1565378,42,,,0,53,,1565379,42,,,0,97,,1565380,42,,,0,100,,1565381,42,,,0,99,,1565382,42,,,0,99,,1565383,42,,,0
1202,'20261016',651,,1565403,42,,,0,76,,1565385,42,,,0,32,,1565386,42,,,0,74,,1565387,42,,,0,69,,1565388,42,,,0,56,,1565389,42,,,0,99,,1565390,42,,,0,100,,1565391,42,,,0,99,,1565392,42,,,0,100,,1565393,42,,,0,99,,1565394,42,,,0,102,,1565395,42,,,0,146,,1565396,42,,,0,103,,1565397,42,,,0,53,,1565398,42,,,0,97,,1565399,42,,,0,100,,1565400,42,,,0,99,,1565401,42,,,0,99,,1565402,42,,,0
1202,'20261017',833,,1597042,42,,,0,101,,1597043,42,,,0,102,,1597044,42,,,0,100,,1597051,43,,,0,107,,1597052,43,,,0,102,,1597053,43,,,0,95,,1597054,43,,,0,106,,1597055,43,,,0,99,,1597056,43,,,0,99,,1597057,43,,,0,97,,1597045,43,,,0,94,,1597046,42,,,0,99,,1597047,42,,,0,99,,1597048,42,,,0,100,,1597049,42,,,0,100,,1597050,42,,,0
1202,'20261018',833,,1597058,42,,,0,101,,1597059,42,,,0,102,,1597060,42,,,0,100,,1597061,43,,,0,107,,1597062,43,,,0,102,,1597063,43,,,0,95,,1597064,43,,,0,106,,1597065,43,,,0,99,,1597066,43,,,0,99,,1597067,43,,,0,97,,1597068,43,,,0,94,,1597069,42,,,0,99,,1597070,42,,,0,99,,1597071,42,,,0,100,,1597072,42,,,0,100,,1597073,42,,,0
1202,'20261019',651,,1597092,42,,,0,76,,1597074,42,,,0,32,,1597075,42,,,0,74,,1597076,42,,,0,69,,1597077,42,,,0,56,,1597078,42,,,0,99,,1597079,42,,,0,100,,1597080,42,,,0,99,,1597081,42,,,0,100,,1597082,42,,,0,99,,1597083,42,,,0,102,,1597084,42,,,0,146,,1597085,42,,,0,103,,1597086,42,,,0,53,,1597087,42,,,0,97,,1597088,42,,,0,100,,1597089,42,,,0,99,,1597090,42,,,0,99,,1597091,42,,,0
1202,'20261020',651,,1597111,42,,,0,76,,1597093,42,,,0,32,,1597094,42,,,0,74,,1597095,42,,,0,69,,1597096,42,,,0,56,,1597097,42,,,0,99,,1597098,42,,,0,100,,1597099,42,,,0,99,,1597100,42,,,0,100,,1597101,42,,,0,99,,1597102,42,,,0,102,,1597103,42,,,0,146,,1597104,42,,,0,103,,1597105,42,,,0,53,,1597106,42,,,0,97,,1597107,42,,,0,100,,1597108,42,,,0,99,,1597109,42,,,0,99,,1597110,42,,,0
7000,'20261006',620,,1604385,2,,,0,16,,1604386,2,,,0,21,,1604387,2,,,0,62,,1604388,2,,,0,19,,1604389,2,,,0,62,,1604390,2,,,0,20,,1604391,2,,,0,22,,1604392,2,,,0,60,,1604393,2,,,0,21,,1604394,2,,,0,20,,1604395,2,,,0,58,,1604396,2,,,0,18,,1604397,2,,,0,19,,1604398,2,,,0,20,,1604399,2,,,0,59,,1604400,2,,,0,20,,1604401,2,,,0,16,,1604402,2,,,0,61,,1604403,2,,,0,18,,1604404,2,,,0,23,,1604405,2,,,0,59,,1604406,2,,,0,19,,1604407,2,,,0,20,,1604408,2,,,0,59,,1604409,2,,,0,17,,1604410,2,,,0,22,,1604411,2,,,0,60,,1604412,2,,,0,22,,1604413,2,,,0,23,,1604414,2,,,0,62,,1604415,2,,,0,26,,1604416,2,,,0,60,,1604417,2,,,0,22,,1604418,2,,,0,19,,1604419,2,,,0,59,,1604420,2,,,0,21,,1604421,2,,,0,19,,1604422,2,,,0,71,,1604423,2,,,0,30,,1604424,2,,,0,70,,1604425,2,,,0,30,,1604426,2,,,0,70,,1604427,2,,,0,30,,1604428,2,,,0,70,,1604429,2,,,0,31,,1604430,2,,,0,70,,1604431,2,,,0
7000,'20261007',620,,1604435,2,,,0,16,,1604436,2,,,0,21,,1604437,2,,,0,62,,1604438,2,,,0,19,,1604439,2,,,0,62,,1604440,2,,,0,20,,1604434,2,,,0,22,,1604433,2,,,0,60,,1604441,2,,,0,21,,1604442,2,,,0,20,,1604443,2,,,0,58,,1604444,2,,,0,18,,1604445,2,,,0,19,,1604446,2,,,0,20,,1604447,2,,,0,59,,1604448,2,,,0,20,,1604449,2,,,0,16,,1604450,2,,,0,61,,1604451,2,,,0,18,,1604452,2,,,0,23,,1604453,2,,,0,59,,1604454,2,,,0,19,,1604455,2,,,0,20,,1604456,2,,,0,59,,1604457,2,,,0,17,,1604458,2,,,0,22,,1604459,2,,,0,60,,1604460,2,,,0,22,,1604461,2,,,0,23,,1604462,2,,,0,62,,1604463,2,,,0,26,,1604464,2,,,0,60,,1604465,2,,,0,22,,1604466,2,,,0,19,,1604467,2,,,0,59,,1604468,2,,,0,21,,1604469,2,,,0,19,,1604470,2,,,0,71,,1604471,2,,,0,30,,1604472,2,,,0,70,,1604473,2,,,0,30,,1604474,2,,,0,70,,1604475,2,,,0,30,,1604476,2,,,0,70,,1604477,2,,,0,31,,1604478,2,,,0,70,,1604479,2,,,0
7000,'20261008',620,,1604483,2,,,0,16,,1604484,2,,,0,21,,1604485,2,,,0,62,,1604486,2,,,0,19,,1604487,2,,,0,62,,1604488,2,,,0,20,,1604482,2,,,0,22,,1604481,2,,,0,60,,1604489,2,,,0,21,,1604490,2,,,0,20,,1604491,2,,,0,58,,1604492,2,,,0,18,,1604493,2,,,0,19,,1604494,2,,,0,20,,1604495,2,,,0,59,,1604496,2,,,0,20,,1604497,2,,,0,16,,1604498,2,,,0,61,,1604499,2,,,0,18,,1604500,2,,,0,23,,1604501,2,,,0,59,,1604502,2,,,0,19,,1604503,2,,,0,20,,1604504,2,,,0,59,,1604505,2,,,0,17,,1604506,2,,,0,22,,1604507,2,,,0,60,,1604508,2,,,0,22,,1604509,2,,,0,23,,1604510,2,,,0,62,,1604511,2,,,0,26,,1604512,2,,,0,60,,1604513,2,,,0,22,,1604514,2,,,0,19,,1604515,2,,,0,59,,1604516,2,,,0,21,,1604517,2,,,0,19,,1604518,2,,,0,71,,1604519,2,,,0,30,,1604520,2,,,0,70,,1604521,2,,,0,30,,1604522,2,,,0,70,,1604523,2,,,0,30,,1604524,2,,,0,70,,1604525,2,,,0,31,,1604526,2,,,0,70,,1604527,2,,,0
7000,'20261009',620,,1604531,2,,,0,16,,1604532,2,,,0,21,,1604533,2,,,0,62,,1604534,2,,,0,19,,1604535,2,,,0,62,,1604536,2,,,0,20,,1604530,2,,,0,22,,1604529,2,,,0,60,,1604537,2,,,0,21,,1604538,2,,,0,20,,1604539,2,,,0,58,,1604540,2,,,0,18,,1604541,2,,,0,19,,1604542,2,,,0,20,,1604543,2,,,0,59,,1604544,2,,,0,20,,1604545,2,,,0,16,,1604546,2,,,0,61,,1604547,2,,,0,18,,1604548,2,,,0,23,,1604549,2,,,0,59,,1604550,2,,,0,19,,1604551,2,,,0,20,,1604552,2,,,0,59,,1604553,2,,,0,17,,1604554,2,,,0,22,,1604555,2,,,0,60,,1604556,2,,,0,22,,1604557,2,,,0,23,,1604558,2,,,0,62,,1604559,2,,,0,26,,1604560,2,,,0,60,,1604561,2,,,0,22,,1604562,2,,,0,19,,1604563,2,,,0,59,,1604564,2,,,0,21,,1604565,2,,,0,19,,1604566,2,,,0,71,,1604567,2,,,0,30,,1604568,2,,,0,70,,1604569,2,,,0,30,,1604570,2,,,0,70,,1604571,2,,,0,30,,1604572,2,,,0,70,,1604573,2,,,0,31,,1604574,2,,,0,70,,1604575,2,,,0
7000,'20261010',616,,1547856,2,,,0,30,,1547874,2,,,0,70,,1547857,2,,,0,30,,1547875,2,,,0,70,,1547858,2,,,0,30,,1547876,2,,,0,69,,1547859,2,,,0,30,,1547877,2,,,0,69,,1547860,2,,,0,30,,1547878,2,,,0,70,,1547861,2,,,0,29,,1547879,2,,,0,69,,1547862,2,,,0,30,,1547880,2,,,0,68,,1547863,2,,,0,30,,1547881,2,,,0,70,,1547864,2,,,0,30,,1547882,2,,,0,70,,1547865,2,,,0,30,,1547883,2,,,0,70,,1547866,2,,,0,30,,1547884,2,,,0,71,,1547867,2,,,0,33,,1547885,2,,,0,71,,1547868,2,,,0,30,,1547889,2,,,0,72,,1547886,2,,,0,30,,1547869,2,,,0,70,,1547887,2,,,0,30,,1547870,2,,,0,70,,1547873,2,,,0,30,,1547871,2,,,0,70,,1547888,2,,,0,30,,1547872,2,,,0
7000,'20261011',616,,1547890,2,,,0,30,,1547907,2,,,0,70,,1547891,2,,,0,30,,1547908,2,,,0,70,,1547892,2,,,0,30,,1547909,2,,,0,69,,1547893,2,,,0,30,,1547910,2,,,0,69,,1547894,2,,,0,30,,1547911,2,,,0,70,,1547895,2,,,0,29,,1547912,2,,,0,69,,1547896,2,,,0,30,,1547913,2,,,0,68,,1547897,2,,,0,30,,1547914,2,,,0,70,,1547898,2,,,0,30,,1547915,2,,,0,70,,1547899,2,,,0,30,,1547916,2,,,0,70,,1547900,2,,,0,30,,1547917,2,,,0,71,,1547901,2,,,0,33,,1547918,2,,,0,71,,1547902,2,,,0,30,,1547919,2,,,0,72,,1547903,2,,,0,30,,1547920,2,,,0,70,,1547904,2,,,0,30,,1547922,2,,,0,70,,1547905,2,,,0,30,,1547921,2,,,0,70,,1547906,2,,,0,30,,1547923,2,,,0
7000,'20261012',616,,1547924,2,,,0,30,,1547941,2,,,0,70,,1547925,2,,,0,30,,1547942,2,,,0,70,,1547926,2,,,0,30,,1547943,2,,,0,69,,1547927,2,,,0,30,,1547944,2,,,0,69,,1547928,2,,,0,30,,1547945,2,,,0,70,,1547929,2,,,0,29,,1547946,2,,,0,69,,1547930,2,,,0,30,,1547947,2,,,0,68,,1547931,2,,,0,30,,1547948,2,,,0,70,,1547932,2,,,0,30,,1547949,2,,,0,70,,1547933,2,,,0,30,,1547950,2,,,0,70,,1547934,2,,,0,30,,1547951,2,,,0,71,,1547935,2,,,0,33,,1547952,2,,,0,71,,1547936,2,,,0,30,,1547953,2,,,0,72,,1547937,2,,,0,30,,1547954,2,,,0,70,,1547938,2,,,0,30,,1547956,2,,,0,70,,1547939,2,,,0,30,,1547955,2,,,0,70,,1547940,2,,,0,30,,1547957,2,,,0
7000,'20261013',620,,1572827,2,,,0,16,,1572840,2,,,0,21,,1572841,2,,,0,62,,1572828,2,,,0,19,,1572842,2,,,0,62,,1572843,2,,,0,20,,1572829,2,,,0,22,,1572844,2,,,0,60,,1572845,2,,,0,21,,1572830,2,,,0,20,,1572846,2,,,0,58,,1572847,2,,,0,18,,1572831,2,,,0,19,,1572848,2,,,0,20,,1572849,2,,,0,59,,1572832,2,,,0,20,,1572850,2,,,0,16,,1572851,2,,,0,61,,1572833,2,,,0,18,,1572852,2,,,0,23,,1572853,2,,,0,59,,1572834,2,,,0,19,,1572854,2,,,0,20,,1572855,2,,,0,59,,1572835,2,,,0,17,,1572856,2,,,0,22,,1572857,2,,,0,60,,1572836,2,,,0,22,,1572858,2,,,0,23,,1572859,2,,,0,62,,1572837,2,,,0,26,,1572860,2,,,0,60,,1572861,2,,,0,22,,1572838,2,,,0,19,,1572862,2,,,0,59,,1572863,2,,,0,21,,1572839,2,,,0,19,,1572864,2,,,0,71,,1572865,2,,,0,30,,1572866,2,,,0,70,,1572867,2,,,0,30,,1572868,2,,,0,70,,1572869,2,,,0,30,,1572870,2,,,0,70,,1572871,2,,,0,31,,1572872,2,,,0,70,,1572873,2,,,0
7000,'20261014',620,,1572874,2,,,0,16,,1572887,2,,,0,21,,1572888,2,,,0,62,,1572875,2,,,0,19,,1572889,2,,,0,62,,1572890,2,,,0,20,,1572876,2,,,0,22,,1572891,2,,,0,60,,1572892,2,,,0,21,,1572877,2,,,0,20,,1572893,2,,,0,58,,1572894,2,,,0,18,,1572878,2,,,0,19,,1572895,2,,,0,20,,1572896,2,,,0,59,,1572879,2,,,0,20,,1572897,2,,,0,16,,1572898,2,,,0,61,,1572880,2,,,0,18,,1572899,2,,,0,23,,1572900,2,,,0,59,,1572881,2,,,0,19,,1572901,2,,,0,20,,1572902,2,,,0,59,,1572882,2,,,0,17,,1572903,2,,,0,22,,1572904,2,,,0,60,,1572883,2,,,0,22,,1572905,2,,,0,23,,1572906,2,,,0,62,,1572884,2,,,0,26,,1572907,2,,,0,60,,1572908,2,,,0,22,,1572885,2,,,0,19,,1572909,2,,,0,59,,1572910,2,,,0,21,,1572886,2,,,0,19,,1572911,2,,,0,71,,1572912,2,,,0,30,,1572913,2,,,0,70,,1572914,2,,,0,30,,1572915,2,,,0,70,,1572916,2,,,0,30,,1572917,2,,,0,70,,1572918,2,,,0,31,,1572919,2,,,0,70,,1572920,2,,,0
7000,'20261015',620,,1572921,2,,,0,16,,1572934,2,,,0,21,,1572935,2,,,0,62,,1572922,2,,,0,19,,1572936,2,,,0,62,,1572937,2,,,0,20,,1572923,2,,,0,22,,1572938,2,,,0,60,,1572939,2,,,0,21,,1572924,2,,,0,20,,1572940,2,,,0,58,,1572941,2,,,0,18,,1572925,2,,,0,19,,1572942,2,,,0,20,,1572943,2,,,0,59,,1572926,2,,,0,20,,1572944,2,,,0,16,,1572945,2,,,0,61,,1572927,2,,,0,18,,1572946,2,,,0,23,,1572947,2,,,0,59,,1572928,2,,,0,19,,1572948,2,,,0,20,,1572949,2,,,0,59,,1572929,2,,,0,17,,1572950,2,,,0,22,,1572951,2,,,0,60,,1572930,2,,,0,22,,1572952,2,,,0,23,,1572953,2,,,0,62,,1572931,2,,,0,26,,1572954,2,,,0,60,,1572955,2,,,0,22,,1572932,2,,,0,19,,1572956,2,,,0,59,,1572957,2,,,0,21,,1572933,2,,,0,19,,1572958,2,,,0,71,,1572959,2,,,0,30,,1572960,2,,,0,70,,1572961,2,,,0,30,,1572962,2,,,0,70,,1572963,2,,,0,30,,1572964,2,,,0,70,,1572965,2,,,0,31,,1572966,2,,,0,70,,1572967,2,,,0
7000,'20261016',620,,1572968,2,,,0,16,,1572981,2,,,0,21,,1572982,2,,,0,62,,1572969,2,,,0,19,,1572983,2,,,0,62,,1572984,2,,,0,20,,1572970,2,,,0,22,,1572985,2,,,0,60,,1572986,2,,,0,21,,1572971,2,,,0,20,,1572987,2,,,0,58,,1572988,2,,,0,18,,1572972,2,,,0,19,,1572989,2,,,0,20,,1572990,2,,,0,59,,1572973,2,,,0,20,,1572991,2,,,0,16,,1572992,2,,,0,61,,1572974,2,,,0,18,,1572993,2,,,0,23,,1572994,2,,,0,59,,1572975,2,,,0,19,,1572995,2,,,0,20,,1572996,2,,,0,59,,1572976,2,,,0,17,,1572997,2,,,0,22,,1572998,2,,,0,60,,1572977,2,,,0,22,,1572999,2,,,0,23,,1573000,2,,,0,62,,1572978,2,,,0,26,,1573001,2,,,0,60,,1573002,2,,,0,22,,1572979,2,,,0,19,,1573003,2,,,0,59,,1573004,2,,,0,21,,1572980,2,,,0,19,,1573005,2,,,0,71,,1573006,2,,,0,30,,1573007,2,,,0,70,,1573008,2,,,0,30,,1573009,2,,,0,70,,1573010,2,,,0,30,,1573011,2,,,0,70,,1573012,2,,,0,31,,1573013,2,,,0,70,,1573014,2,,,0
7000,'20261017',616,,1604576,2,,,0,30,,1604594,2,,,0,70,,1604577,2,,,0,30,,1604595,2,,,0,70,,1604578,2,,,0,30,,1604596,2,,,0,69,,1604579,2,,,0,30,,1604597,2,,,0,69,,1604580,2,,,0,30,,1604598,2,,,0,70,,1604581,2,,,0,29,,1604599,2,,,0,69,,1604582,2,,,0,30,,1604600,2,,,0,68,,1604583,2,,,0,30,,1604601,2,,,0,70,,1604584,2,,,0,30,,1604602,2,,,0,70,,1604585,2,,,0,30,,1604603,2,,,0,70,,1604586,2,,,0,30,,1604604,2,,,0,71,,1604587,2,,,0,33,,1604605,2,,,0,71,,1604588,2,,,0,30,,1604609,2,,,0,72,,1604606,2,,,0,30,,1604589,2,,,0,70,,1604607,2,,,0,30,,1604590,2,,,0,70,,1604593,2,,,0,30,,1604591,2,,,0,70,,1604608,2,,,0,30,,1604592,2,,,0
7000,'20261018',616,,1604610,2,,,0,30,,1604627,2,,,0,70,,1604611,2,,,0,30,,1604628,2,,,0,70,,1604612,2,,,0,30,,1604629,2,,,0,69,,1604613,2,,,0,30,,1604630,2,,,0,69,,1604614,2,,,0,30,,1604631,2,,,0,70,,1604615,2,,,0,29,,1604632,2,,,0,69,,1604616,2,,,0,30,,1604633,2,,,0,68,,1604617,2,,,0,30,,1604634,2,,,0,70,,1604618,2,,,0,30,,1604635,2,,,0,70,,1604619,2,,,0,30,,1604636,2,,,0,70,,1604620,2,,,0,30,,1604637,2,,,0,71,,1604621,2,,,0,33,,1604638,2,,,0,71,,1604622,2,,,0,30,,1604639,2,,,0,72,,1604623,2,,,0,30,,1604640,2,,,0,70,,1604624,2,,,0,30,,1604642,2,,,0,70,,1604625,2,,,0,30,,1604641,2,,,0,70,,1604626,2,,,0,30,,1604643,2,,,0
7000,'20261019',620,,1604644,2,,,0,16,,1604657,2,,,0,21,,1604658,2,,,0,62,,1604645,2,,,0,19,,1604659,2,,,0,62,,1604660,2,,,0,20,,1604646,2,,,0,22,,1604661,2,,,0,60,,1604662,2,,,0,21,,1604647,2,,,0,20,,1604663,2,,,0,58,,1604664,2,,,0,18,,1604648,2,,,0,19,,1604665,2,,,0,20,,1604666,2,,,0,59,,1604649,2,,,0,20,,1604667,2,,,0,16,,1604668,2,,,0,61,,1604650,2,,,0,18,,1604669,2,,,0,23,,1604670,2,,,0,59,,1604651,2,,,0,19,,1604671,2,,,0,20,,1604672,2,,,0,59,,1604652,2,,,0,17,,1604673,2,,,0,22,,1604674,2,,,0,60,,1604653,2,,,0,22,,1604675,2,,,0,23,,1604676,2,,,0,62,,1604654,2,,,0,26,,1604677,2,,,0,60,,1604678,2,,,0,22,,1604655,2,,,0,19,,1604679,2,,,0,59,,1604680,2,,,0,21,,1604656,2,,,0,19,,1604681,2,,,0,71,,1604682,2,,,0,30,,1604683,2,,,0,70,,1604684,2,,,0,30,,1604685,2,,,0,70,,1604686,2,,,0,30,,1604687,2,,,0,70,,1604688,2,,,0,31,,1604689,2,,,0,70,,1604690,2,,,0
7000,'20261020',620,,1604691,2,,,0,16,,1604704,2,,,0,21,,1604705,2,,,0,62,,1604692,2,,,0,19,,1604706,2,,,0,62,,1604707,2,,,0,20,,1604693,2,,,0,22,,1604708,2,,,0,60,,1604709,2,,,0,21,,1604694,2,,,0,20,,1604710,2,,,0,58,,1604711,2,,,0,18,,1604695,2,,,0,19,,1604712,2,,,0,20,,1604713,2,,,0,59,,1604696,2,,,0,20,,1604714,2,,,0,16,,1604715,2,,,0,61,,1604697,2,,,0,18,,1604716,2,,,0,23,,1604717,2,,,0,59,,1604698,2,,,0,19,,1604718,2,,,0,20,,1604719,2,,,0,59,,1604699,2,,,0,17,,1604720,2,,,0,22,,1604721,2,,,0,60,,1604700,2,,,0,22,,1604722,2,,,0,23,,1604723,2,,,0,62,,1604701,2,,,0,26,,1604724,2,,,0,60,,1604725,2,,,0,22,,1604702,2,,,0,19,,1604726,2,,,0,59,,1604727,2,,,0,21,,1604703,2,,,0,19,,1604728,2,,,0,71,,1604729,2,,,0,30,,1604730,2,,,0,70,,1604731,2,,,0,30,,1604732,2,,,0,70,,1604733,2,,,0,30,,1604734,2,,,0,70,,1604735,2,,,0,31,,1604736,2,,,0,70,,1604737,2,,,0
9102,'20261006',536,,1609522,48,,,0,102,,1609523,48,,,0,71,,1609524,48,,,0,30,,1609525,48,,,0,70,,1609526,48,,,0,31,,1609527,48,,,0,69,,1609528,47,,,0,99,,1609529,47,,,0,100,,1609530,47,,,0,100,,1609531,47,,,0,100,,1609532,47,,,0,100,,1609533,47,,,0,100,,1609534,47,,,0,97,,1609535,48,,,0,104,,1609536,48,,,0,100,,1609537,48,,,0,100,,1609538,47,,,0,100,,1609539,47,,,0,99,,1609540,47,,,0,99,,1609541,47,,,0,98,,1609542,48,,,0
9102,'20261007',536,,1609543,48,,,0,102,,1609544,48,,,0,71,,1609545,48,,,0,30,,1609546,48,,,0,70,,1609547,48,,,0,31,,1609548,48,,,0,69,,1609549,47,,,0,99,,1609550,47,,,0,100,,1609551,47,,,0,100,,1609552,47,,,0,100,,1609553,47,,,0,100,,1609554,47,,,0,100,,1609555,47,,,0,97,,1609556,48,,,0,104,,1609557,48,,,0,100,,1609558,48,,,0,100,,1609559,47,,,0,100,,1609560,47,,,0,99,,1609561,47,,,0,99,,1609562,47,,,0,98,,1609563,48,,,0
9102,'20261008',536,,1609564,48,,,0,102,,1609565,48,,,0,71,,1609566,48,,,0,30,,1609567,48,,,0,70,,1609568,48,,,0,31,,1609569,48,,,0,69,,1609570,47,,,0,99,,1609571,47,,,0,100,,1609572,47,,,0,100,,1609573,47,,,0,100,,1609574,47,,,0,100,,1609575,47,,,0,100,,1609576,47,,,0,97,,1609577,48,,,0,104,,1609578,48,,,0,100,,1609579,48,,,0,100,,1609580,47,,,0,100,,1609581,47,,,0,99,,1609582,47,,,0,99,,1609583,47,,,0,98,,1609584,48,,,0
9102,'20261009',536,,1609585,48,,,0,102,,1609586,48,,,0,71,,1609587,48,,,0,30,,1609588,48,,,0,70,,1609589,48,,,0,31,,1609590,48,,,0,69,,1609591,47,,,0,99,,1609592,47,,,0,100,,1609593,47,,,0,100,,1609594,47,,,0,100,,1609595,47,,,0,100,,1609596,47,,,0,100,,1609597,47,,,0,97,,1609598,48,,,0,104,,1609599,48,,,0,100,,1609600,48,,,0,100,,1609601,47,,,0,100,,1609602,47,,,0,99,,1609603,47,,,0,99,,1609604,47,,,0,98,,1609605,48,,,0
9102,'20261010',605,,1551354,48,,,0,101,,1551355,48,,,0,101,,1551356,48,,,0,100,,1551357,47,,,0,100,,1551358,47,,,0,100,,1551359,47,,,0,100,,1551360,47,,,0,100,,1551361,47,,,0,100,,1551362,47,,,0,100,,1551363,47,,,0,100,,1551364,47,,,0,100,,1551365,47,,,0,100,,1551366,47,,,0,99,,1551367,48,,,0,100,,1551368,48,,,0,100,,1551369,48,,,0,100,,1551370,48,,,0,99,,1551371,48,,,0
9102,'20261011',605,,1551372,48,,,0,101,,1551373,48,,,0,101,,1551374,48,,,0,100,,1551375,47,,,0,100,,1551376,47,,,0,100,,1551377,47,,,0,100,,1551378,47,,,0,100,,1551379,47,,,0,100,,1551380,47,,,0,100,,1551381,47,,,0,100,,1551382,47,,,0,100,,1551383,47,,,0,100,,1551384,47,,,0,99,,1551385,48,,,0,100,,1551386,48,,,0,100,,1551387,48,,,0,100,,1551388,48,,,0,99,,1551389,48,,,0
9102,'20261012',605,,1551390,48,,,0,101,,1551391,48,,,0,101,,1551392,48,,,0,100,,1551393,47,,,0,100,,1551394,47,,,0,100,,1551395,47,,,0,100,,1551396,47,,,0,100,,1551397,47,,,0,100,,1551398,47,,,0,100,,1551399,47,,,0,100,,1551400,47,,,0,100,,1551401,47,,,0,100,,1551402,47,,,0,99,,1551403,48,,,0,100,,1551404,48,,,0,100,,1551405,48,,,0,100,,1551406,48,,,0,99,,1551407,48,,,0
9102,'20261013',536,,1577865,48,,,0,102,,1577866,48,,,0,71,,1577867,48,,,0,30,,1577868,48,,,0,70,,1577869,48,,,0,31,,1577870,48,,,0,69,,1577871,47,,,0,99,,1577872,47,,,0,100,,1577873,47,,,0,100,,1577874,47,,,0,100,,1577875,47,,,0,100,,1577876,47,,,0,100,,1577877,47,,,0,97,,1577878,48,,,0,104,,1577879,48,,,0,100,,1577880,48,,,0,100,,1577881,47,,,0,100,,1577882,47,,,0,99,,1577883,47,,,0,99,,1577884,47,,,0,98,,1577885,48,,,0
9102,'20261014',536,,1577886,48,,,0,102,,1577887,48,,,0,71,,1577888,48,,,0,30,,1577889,48,,,0,70,,1577890,48,,,0,31,,1577891,48,,,0,69,,1577892,47,,,0,99,,1577893,47,,,0,100,,1577894,47,,,0,100,,1577895,47,,,0,100,,1577896,47,,,0,100,,1577897,47,,,0,100,,1577898,47,,,0,97,,1577899,48,,,0,104,,1577900,48,,,0,100,,1577901,48,,,0,100,,1577902,47,,,0,100,,1577903,47,,,0,99,,1577904,47,,,0,99,,1577905,47,,,0,98,,1577906,48,,,0
9102,'20261015',536,,1577907,48,,,0,102,,1577908,48,,,0,71,,1577909,48,,,0,30,,1577910,48,,,0,70,,1577911,48,,,0,31,,1577912,48,,,0,69,,1577913,47,,,0,99,,1577914,47,,,0,100,,1577915,47,,,0,100,,1577916,47,,,0,100,,1577917,47,,,0,100,,1577918,47,,,0,100,,1577919,47,,,0,97,,1577920,48,,,0,104,,1577921,48,,,0,100,,1577922,48,,,0,100,,1577923,47,,,0,100,,1577924,47,,,0,99,,1577925,47,,,0,99,,1577926,47,,,0,98,,1577927,48,,,0
9102,'20261016',536,,1577928,48,,,0,102,,1577929,48,,,0,71,,1577930,48,,,0,30,,1577931,48,,,0,70,,1577932,48,,,0,31,,1577933,48,,,0,69,,1577934,47,,,0,99,,1577935,47,,,0,100,,1577936,47,,,0,100,,1577937,47,,,0,100,,1577938,47,,,0,100,,1577939,47,,,0,100,,1577940,47,,,0,97,,1577941,48,,,0,104,,1577942,48,,,0,100,,1577943,48,,,0,100,,1577944,47,,,0,100,,1577945,47,,,0,99,,1577946,47,,,0,99,,1577947,47,,,0,98,,1577948,48,,,0
9102,'20261017',605,,1609606,48,,,0,101,,1609607,48,,,0,101,,1609608,48,,,0,100,,1609609,47,,,0,100,,1609610,47,,,0,100,,1609611,47,,,0,100,,1609612,47,,,0,100,,1609613,47,,,0,100,,1609614,47,,,0,100,,1609615,47,,,0,100,,1609616,47,,,0,100,,1609617,47,,,0,100,,1609618,47,,,0,99,,1609619,48,,,0,100,,1609620,48,,,0,100,,1609621,48,,,0,100,,1609622,48,,,0,99,,1609623,48,,,0
9102,'20261018',605,,1609624,48,,,0,101,,1609625,48,,,0,101,,1609626,48,,,0,100,,1609627,47,,,0,100,,1609628,47,,,0,100,,1609629,47,,,0,100,,1609630,47,,,0,100,,1609631,47,,,0,100,,1609632,47,,,0,100,,1609633,47,,,0,100,,1609634,47,,,0,100,,1609635,47,,,0,100,,1609636,47,,,0,99,,1609637,48,,,0,100,,1609638,48,,,0,100,,1609639,48,,,0,100,,1609640,48,,,0,99,,1609641,48,,,0
9102,'20261019',536,,1609642,48,,,0,102,,1609643,48,,,0,71,,1609644,48,,,0,30,,1609645,48,,,0,70,,1609646,48,,,0,31,,1609647,48,,,0,69,,1609648,47,,,0,99,,1609649,47,,,0,100,,1609650,47,,,0,100,,1609651,47,,,0,100,,1609652,47,,,0,100,,1609653,47,,,0,100,,1609654,47,,,0,97,,1609655,48,,,0,104,,1609656,48,,,0,100,,1609657,48,,,0,100,,1609658,47,,,0,100,,1609659,47,,,0,99,,1609660,47,,,0,99,,1609661,47,,,0,98,,1609662,48,,,0
9102,'20261020',536,,1609663,48,,,0,102,,1609664,48,,,0,71,,1609665,48,,,0,30,,1609666,48,,,0,70,,1609667,48,,,0,31,,1609668,48,,,0,69,,1609669,47,,,0,99,,1609670,47,,,0,100,,1609671,47,,,0,100,,1609672,47,,,0,100,,1609673,47,,,0,100,,1609674,47,,,0,100,,1609675,47,,,0,97,,1609676,48,,,0,104,,1609677,48,,,0,100,,1609678,48,,,0,100,,1609679,47,,,0,100,,1609680,47,,,0,99,,1609681,47,,,0,99,,1609682,47,,,0,98,,1609683,48,,,0
9202,'20261006',605,,1609850,39,,,0,98,,1609851,39,,,0,35,,1609852,39,,,0,72,,1609853,39,,,0,30,,1609854,39,,,0,69,,1609855,39,,,0,99,,1609856,39,,,0,100,,1609857,39,,,0,100,,1609858,39,,,0,101,,1609859,39,,,0,100,,1609860,39,,,0,100,,1609861,39,,,0,107,,1609862,39,,,0,101,,1609863,39,,,0,94,,1609864,39,,,0,99,,1609865,39,,,0,98,,1609866,39,,,0,99,,1609867,39,,,0,98,,1609868,39,,,0,97,,1609869,39,,,0
9202,'20261007',605,,1609870,39,,,0,98,,1609871,39,,,0,35,,1609872,39,,,0,72,,1609873,39,,,0,30,,1609874,39,,,0,69,,1609875,39,,,0,99,,1609876,39,,,0,100,,1609877,39,,,0,100,,1609878,39,,,0,101,,1609879,39,,,0,100,,1609880,39,,,0,100,,1609881,39,,,0,107,,1609882,39,,,0,101,,1609883,39,,,0,94,,1609884,39,,,0,99,,1609885,39,,,0,98,,1609886,39,,,0,99,,1609887,39,,,0,98,,1609888,39,,,0,97,,1609889,39,,,0
9202,'20261008',605,,1609890,39,,,0,98,,1609891,39,,,0,35,,1609892,39,,,0,72,,1609893,39,,,0,30,,1609894,39,,,0,69,,1609895,39,,,0,99,,1609896,39,,,0,100,,1609897,39,,,0,100,,1609898,39,,,0,101,,1609899,39,,,0,100,,1609900,39,,,0,100,,1609901,39,,,0,107,,1609902,39,,,0,101,,1609903,39,,,0,94,,1609904,39,,,0,99,,1609905,39,,,0,98,,1609906,39,,,0,99,,1609907,39,,,0,98,,1609908,39,,,0,97,,1609909,39,,,0
9202,'20261009',605,,1609910,39,,,0,98,,1609911,39,,,0,35,,1609912,39,,,0,72,,1609913,39,,,0,30,,1609914,39,,,0,69,,1609915,39,,,0,99,,1609916,39,,,0,100,,1609917,39,,,0,100,,1609918,39,,,0,101,,1609919,39,,,0,100,,1609920,39,,,0,100,,1609921,39,,,0,107,,1609922,39,,,0,101,,1609923,39,,,0,94,,1609924,39,,,0,99,,1609925,39,,,0,98,,1609926,39,,,0,99,,1609927,39,,,0,98,,1609928,39,,,0,97,,1609929,39,,,0
9202,'20261010',623,,1551604,39,,,0,102,,1551603,39,,,0,100,,1551588,39,,,0,100,,1551599,39,,,0,99,,1551598,39,,,0,100,,1551589,39,,,0,97,,1551600,39,,,0,101,,1551592,39,,,0,101,,1551594,39,,,0,102,,1551593,39,,,0,101,,1551601,39,,,0,104,,1551590,39,,,0,98,,1551591,39,,,0,99,,1551602,39,,,0,97,,1551595,39,,,0,100,,1551596,39,,,0,100,,1551597,39,,,0
9202,'20261011',623,,1551621,39,,,0,102,,1551620,39,,,0,100,,1551605,39,,,0,100,,1551615,39,,,0,99,,1551614,39,,,0,100,,1551606,39,,,0,97,,1551616,39,,,0,101,,1551609,39,,,0,101,,1551611,39,,,0,102,,1551610,39,,,0,101,,1551617,39,,,0,104,,1551607,39,,,0,98,,1551608,39,,,0,99,,1551618,39,,,0,97,,1551612,39,,,0,100,,1551613,39,,,0,100,,1551619,39,,,0
9202,'20261012',623,,1551638,39,,,0,102,,1551637,39,,,0,100,,1551622,39,,,0,100,,1551632,39,,,0,99,,1551631,39,,,0,100,,1551623,39,,,0,97,,1551633,39,,,0,101,,1551626,39,,,0,101,,1551628,39,,,0,102,,1551627,39,,,0,101,,1551634,39,,,0,104,,1551624,39,,,0,98,,1551625,39,,,0,99,,1551635,39,,,0,97,,1551629,39,,,0,100,,1551630,39,,,0,100,,1551636,39,,,0
9202,'20261013',605,,1578206,39,,,0,98,,1578205,39,,,0,35,,1578204,39,,,0,72,,1578187,39,,,0,30,,1578203,39,,,0,69,,1578188,39,,,0,99,,1578189,39,,,0,100,,1578190,39,,,0,100,,1578192,39,,,0,101,,1578193,39,,,0,100,,1578191,39,,,0,100,,1578199,39,,,0,107,,1578197,39,,,0,101,,1578198,39,,,0,94,,1578200,39,,,0,99,,1578194,39,,,0,98,,1578195,39,,,0,99,,1578196,39,,,0,98,,1578201,39,,,0,97,,1578202,39,,,0
9202,'20261014',605,,1578226,39,,,0,98,,1578225,39,,,0,35,,1578224,39,,,0,72,,1578207,39,,,0,30,,1578223,39,,,0,69,,1578208,39,,,0,99,,1578209,39,,,0,100,,1578210,39,,,0,100,,1578212,39,,,0,101,,1578213,39,,,0,100,,1578211,39,,,0,100,,1578219,39,,,0,107,,1578217,39,,,0,101,,1578218,39,,,0,94,,1578220,39,,,0,99,,1578214,39,,,0,98,,1578215,39,,,0,99,,1578216,39,,,0,98,,1578221,39,,,0,97,,1578222,39,,,0
9202,'20261015',605,,1578246,39,,,0,98,,1578245,39,,,0,35,,1578244,39,,,0,72,,1578227,39,,,0,30,,1578243,39,,,0,69,,1578228,39,,,0,99,,1578229,39,,,0,100,,1578230,39,,,0,100,,1578232,39,,,0,101,,1578233,39,,,0,100,,1578231,39,,,0,100,,1578239,39,,,0,107,,1578237,39,,,0,101,,1578238,39,,,0,94,,1578240,39,,,0,99,,1578234,39,,,0,98,,1578235,39,,,0,99,,1578236,39,,,0,98,,1578241,39,,,0,97,,1578242,39,,,0
9202,'20261016',605,,1578266,39,,,0,98,,1578265,39,,,0,35,,1578264,39,,,0,72,,1578247,39,,,0,30,,1578263,39,,,0,69,,1578248,39,,,0,99,,1578249,39,,,0,100,,1578250,39,,,0,100,,1578252,39,,,0,101,,1578253,39,,,0,100,,1578251,39,,,0,100,,1578259,39,,,0,107,,1578257,39,,,0,101,,1578258,39,,,0,94,,1578260,39,,,0,99,,1578254,39,,,0,98,,1578255,39,,,0,99,,1578256,39,,,0,98,,1578261,39,,,0,97,,1578262,39,,,0
9202,'20261017',623,,1609946,39,,,0,102,,1609945,39,,,0,100,,1609930,39,,,0,100,,1609941,39,,,0,99,,1609940,39,,,0,100,,1609931,39,,,0,97,,1609942,39,,,0,101,,1609934,39,,,0,101,,1609936,39,,,0,102,,1609935,39,,,0,101,,1609943,39,,,0,104,,1609932,39,,,0,98,,1609933,39,,,0,99,,1609944,39,,,0,97,,1609937,39,,,0,100,,1609938,39,,,0,100,,1609939,39,,,0
9202,'20261018',623,,1609963,39,,,0,102,,1609962,39,,,0,100,,1609947,39,,,0,100,,1609957,39,,,0,99,,1609956,39,,,0,100,,1609948,39,,,0,97,,1609958,39,,,0,101,,1609951,39,,,0,101,,1609953,39,,,0,102,,1609952,39,,,0,101,,1609959,39,,,0,104,,1609949,39,,,0,98,,1609950,39,,,0,99,,1609960,39,,,0,97,,1609954,39,,,0,100,,1609955,39,,,0,100,,1609961,39,,,0
9202,'20261019',605,,1609983,39,,,0,98,,1609982,39,,,0,35,,1609981,39,,,0,72,,1609964,39,,,0,30,,1609980,39,,,0,69,,1609965,39,,,0,99,,1609966,39,,,0,100,,1609967,39,,,0,100,,1609969,39,,,0,101,,1609970,39,,,0,100,,1609968,39,,,0,100,,1609976,39,,,0,107,,1609974,39,,,0,101,,1609975,39,,,0,94,,1609977,39,,,0,99,,1609971,39,,,0,98,,1609972,39,,,0,99,,1609973,39,,,0,98,,1609978,39,,,0,97,,1609979,39,,,0
9202,'20261020',605,,1610003,39,,,0,98,,1610002,39,,,0,35,,1610001,39,,,0,72,,1609984,39,,,0,30,,1610000,39,,,0,69,,1609985,39,,,0,99,,1609986,39,,,0,100,,1609987,39,,,0,100,,1609989,39,,,0,101,,1609990,39,,,0,100,,1609988,39,,,0,100,,1609996,39,,,0,107,,1609994,39,,,0,101,,1609995,39,,,0,94,,1609997,39,,,0,99,,1609991,39,,,0,98,,1609992,39,,,0,99,,1609993,39,,,0,98,,1609998,39,,,0,97,,1609999,39,,,0
9301,'20261006',614,,1610430,48,0,31 10 1 32 13,0,14,,1610418,53,0,36 13,0,88,,1610431,48,0,31 10 1 32 13,0,15,,1610432,48,0,31 10 1 32 13,0,13,,1610429,10,0,31 10 1 32 13,0,2,,1610433,48,0,31 10 1 32 13,0,60,,1610419,53,0,36 13,0,14,,1610434,48,0,31 10 1 32 13,0,28,,1610435,48,0,31 10 1 32 13,0,70,,1610436,48,0,31 10 1 32 13,0,14,,1610420,53,0,36 13,0,17,,1610437,48,0,31 10 1 32 13,0,98,,1610438,48,0,31 10 1 32 13,0,54,,1610421,53,0,36 13,0,44,,1610439,48,0,31 10 1 32 13,0,86,,1610422,53,0,36 13,0,14,,1610440,48,0,31 10 1 32 13,0,101,,1610441,48,0,31 10 1 32 13,0,56,,1610423,53,0,36 13,0,43,,1610442,48,0,31 10 1 32 13,0,89,,1610424,53,0,36 13,0,8,,1610443,48,0,31 10 1 32 13,0,66,,1610444,48,0,31 10 1 32 13,0,31,,1610445,48,0,31 10 1 32 13,0,70,,1610425,53,0,36 13,0,5,,1610446,48,0,31 10 1 32 13,0,35,,1610447,48,0,31 10 1 32 13,0,82,,1610426,53,0,36 13,0,15,,1610448,48,0,31 10 1 32 13,0,100,,1610449,48,0,31 10 1 32 13,0,55,,1610427,53,0,36 13,0,45,,1610450,48,0,31 10 1 32 13,0,84,,1610428,53,0,36 13,0,15,,1610451,48,0,31 10 1 32 13,0,100,,1610452,48,0,31 10 1 32 13,0
9301,'20261007',614,,1610465,48,0,31 10 1 32 13,0,14,,1610453,53,0,36 13,0,88,,1610466,48,0,31 10 1 32 13,0,15,,1610467,48,0,31 10 1 32 13,0,13,,1610464,10,0,31 10 1 32 13,0,2,,1610468,48,0,31 10 1 32 13,0,60,,1610454,53,0,36 13,0,14,,1610469,48,0,31 10 1 32 13,0,28,,1610470,48,0,31 10 1 32 13,0,70,,1610471,48,0,31 10 1 32 13,0,14,,1610455,53,0,36 13,0,17,,1610472,48,0,31 10 1 32 13,0,98,,1610473,48,0,31 10 1 32 13,0,54,,1610456,53,0,36 13,0,44,,1610474,48,0,31 10 1 32 13,0,86,,1610457,53,0,36 13,0,14,,1610475,48,0,31 10 1 32 13,0,101,,1610476,48,0,31 10 1 32 13,0,56,,1610458,53,0,36 13,0,43,,1610477,48,0,31 10 1 32 13,0,89,,1610459,53,0,36 13,0,8,,1610478,48,0,31 10 1 32 13,0,66,,1610479,48,0,31 10 1 32 13,0,31,,1610480,48,0,31 10 1 32 13,0,70,,1610460,53,0,36 13,0,5,,1610481,48,0,31 10 1 32 13,0,35,,1610482,48,0,31 10 1 32 13,0,82,,1610461,53,0,36 13,0,15,,1610483,48,0,31 10 1 32 13,0,100,,1610484,48,0,31 10 1 32 13,0,55,,1610462,53,0,36 13,0,45,,1610485,48,0,31 10 1 32 13,0,84,,1610463,53,0,36 13,0,15,,1610486,48,0,31 10 1 32 13,0,100,,1610487,48,0,31 10 1 32 13,0
9301,'20261008',614,,1610500,48,0,31 10 1 32 13,0,14,,1610488,53,0,36 13,0,88,,1610501,48,0,31 10 1 32 13,0,15,,1610502,48,0,31 10 1 32 13,0,13,,1610499,10,0,31 10 1 32 13,0,2,,1610503,48,0,31 10 1 32 13,0,60,,1610489,53,0,36 13,0,14,,1610504,48,0,31 10 1 32 13,0,28,,1610505,48,0,31 10 1 32 13,0,70,,1610506,48,0,31 10 1 32 13,0,14,,1610490,53,0,36 13,0,17,,1610507,48,0,31 10 1 32 13,0,98,,1610508,48,0,31 10 1 32 13,0,54,,1610491,53,0,36 13,0,44,,1610509,48,0,31 10 1 32 13,0,86,,1610492,53,0,36 13,0,14,,1610510,48,0,31 10 1 32 13,0,101,,1610511,48,0,31 10 1 32 13,0,56,,1610493,53,0,36 13,0,43,,1610512,48,0,31 10 1 32 13,0,89,,1610494,53,0,36 13,0,8,,1610513,48,0,31 10 1 32 13,0,66,,1610514,48,0,31 10 1 32 13,0,31,,1610515,48,0,31 10 1 32 13,0,70,,1610495,53,0,36 13,0,5,,1610516,48,0,31 10 1 32 13,0,35,,1610517,48,0,31 10 1 32 13,0,82,,1610496,53,0,36 13,0,15,,1610518,48,0,31 10 1 32 13,0,100,,1610519,48,0,31 10 1 32 13,0,55,,1610497,53,0,36 13,0,45,,1610520,48,0,31 10 1 32 13,0,84,,1610498,53,0,36 13,0,15,,1610521,48,0,31 10 1 32 13,0,100,,1610522,48,0,31 10 1 32 13,0
9301,'20261009',614,,1610535,48,0,31 10 1 32 13,0,14,,1610523,53,0,36 13,0,88,,1610536,48,0,31 10 1 32 13,0,15,,1610537,48,0,31 10 1 32 13,0,13,,1610534,10,0,31 10 1 32 13,0,2,,1610538,48,0,31 10 1 32 13,0,60,,1610524,53,0,36 13,0,14,,1610539,48,0,31 10 1 32 13,0,28,,1610540,48,0,31 10 1 32 13,0,70,,1610541,48,0,31 10 1 32 13,0,14,,1610525,53,0,36 13,0,17,,1610542,48,0,31 10 1 32 13,0,98,,1610543,48,0,31 10 1 32 13,0,54,,1610526,53,0,36 13,0,44,,1610544,48,0,31 10 1 32 13,0,86,,1610527,53,0,36 13,0,14,,1610545,48,0,31 10 1 32 13,0,101,,1610546,48,0,31 10 1 32 13,0,56,,1610528,53,0,36 13,0,43,,1610547,48,0,31 10 1 32 13,0,89,,1610529,53,0,36 13,0,8,,1610548,48,0,31 10 1 32 13,0,66,,1610549,48,0,31 10 1 32 13,0,31,,1610550,48,0,31 10 1 32 13,0,70,,1610530,53,0,36 13,0,5,,1610551,48,0,31 10 1 32 13,0,35,,1610552,48,0,31 10 1 32 13,0,82,,1610531,53,0,36 13,0,15,,1610553,48,0,31 10 1 32 13,0,100,,1610554,48,0,31 10 1 32 13,0,55,,1610532,53,0,36 13,0,45,,1610555,48,0,31 10 1 32 13,0,84,,1610533,53,0,36 13,0,15,,1610556,48,0,31 10 1 32 13,0,100,,1610557,48,0,31 10 1 32 13,0
9301,'20261010',628,,1552053,53,0,36 13,0,15,,1552052,48,0,31 10 1 32 13,0,101,,1552042,48,0,31 10 1 32 13,0,56,,1552054,53,0,36 13,0,44,,1552037,48,0,31 10 1 32 13,0,86,,1552055,53,0,36 13,0,14,,1552051,48,0,31 10 1 32 13,0,100,,1552044,48,0,31 10 1 32 13,0,57,,1552056,53,0,36 13,0,43,,1552046,48,0,31 10 1 32 13,0,87,,1552057,53,0,36 13,0,13,,1552038,48,0,31 10 1 32 13,0,101,,1552047,48,0,31 10 1 32 13,0,57,,1552058,53,0,36 13,0,43,,1552045,48,0,31 10 1 32 13,0,88,,1552059,53,0,36 13,0,12,,1552048,48,0,31 10 1 32 13,0,101,,1552039,48,0,31 10 1 32 13,0,58,,1552060,53,0,36 13,0,42,,1552049,48,0,31 10 1 32 13,0,84,,1552061,53,0,36 13,0,15,,1552043,48,0,31 10 1 32 13,0,98,,1552050,48,0,31 10 1 32 13,0,16,,1552062,53,0,36 13,0,84,,1552040,48,0,31 10 1 32 13,0,85,,1552063,53,0,36 13,0,115,,1552041,48,0,31 10 1 32 13,0
9301,'20261011',628,,1552080,53,0,36 13,0,15,,1552079,48,0,31 10 1 32 13,0,101,,1552076,48,0,31 10 1 32 13,0,56,,1552081,53,0,36 13,0,44,,1552069,48,0,31 10 1 32 13,0,86,,1552082,53,0,36 13,0,14,,1552077,48,0,31 10 1 32 13,0,100,,1552064,48,0,31 10 1 32 13,0,57,,1552083,53,0,36 13,0,43,,1552072,48,0,31 10 1 32 13,0,87,,1552084,53,0,36 13,0,13,,1552065,48,0,31 10 1 32 13,0,101,,1552073,48,0,31 10 1 32 13,0,57,,1552085,53,0,36 13,0,43,,1552070,48,0,31 10 1 32 13,0,88,,1552086,53,0,36 13,0,12,,1552074,48,0,31 10 1 32 13,0,101,,1552066,48,0,31 10 1 32 13,0,58,,1552087,53,0,36 13,0,42,,1552075,48,0,31 10 1 32 13,0,84,,1552088,53,0,36 13,0,15,,1552071,48,0,31 10 1 32 13,0,98,,1552078,48,0,31 10 1 32 13,0,16,,1552089,53,0,36 13,0,84,,1552067,48,0,31 10 1 32 13,0,85,,1552090,53,0,36 13,0,115,,1552068,48,0,31 10 1 32 13,0
9301,'20261012',628,,1552107,53,0,36 13,0,15,,1552106,48,0,31 10 1 32 13,0,101,,1552103,48,0,31 10 1 32 13,0,56,,1552108,53,0,36 13,0,44,,1552096,48,0,31 10 1 32 13,0,86,,1552109,53,0,36 13,0,14,,1552104,48,0,31 10 1 32 13,0,100,,1552091,48,0,31 10 1 32 13,0,57,,1552110,53,0,36 13,0,43,,1552099,48,0,31 10 1 32 13,0,87,,1552111,53,0,36 13,0,13,,1552092,48,0,31 10 1 32 13,0,101,,1552100,48,0,31 10 1 32 13,0,57,,1552112,53,0,36 13,0,43,,1552097,48,0,31 10 1 32 13,0,88,,1552113,53,0,36 13,0,12,,1552101,48,0,31 10 1 32 13,0,101,,1552093,48,0,31 10 1 32 13,0,58,,1552114,53,0,36 13,0,42,,1552102,48,0,31 10 1 32 13,0,84,,1552115,53,0,36 13,0,15,,1552098,48,0,31 10 1 32 13,0,98,,1552105,48,0,31 10 1 32 13,0,16,,1552116,53,0,36 13,0,84,,1552094,48,0,31 10 1 32 13,0,85,,1552117,53,0,36 13,0,115,,1552095,48,0,31 10 1 32 13,0
9301,'20261013',614,,1578818,48,0,31 10 1 32 13,0,14,,1578826,53,0,36 13,0,88,,1578803,48,0,31 10 1 32 13,0,15,,1578825,48,0,31 10 1 32 13,0,15,,1578804,48,0,31 10 1 32 13,0,60,,1578827,53,0,36 13,0,14,,1578805,48,0,31 10 1 32 13,0,28,,1578806,48,0,31 10 1 32 13,0,70,,1578807,48,0,31 10 1 32 13,0,14,,1578828,53,0,36 13,0,17,,1578816,48,0,31 10 1 32 13,0,98,,1578808,48,0,31 10 1 32 13,0,54,,1578829,53,0,36 13,0,44,,1578821,48,0,31 10 1 32 13,0,86,,1578830,53,0,36 13,0,14,,1578809,48,0,31 10 1 32 13,0,101,,1578822,48,0,31 10 1 32 13,0,56,,1578831,53,0,36 13,0,43,,1578810,48,0,31 10 1 32 13,0,89,,1578832,53,0,36 13,0,8,,1578814,48,0,31 10 1 32 13,0,66,,1578823,48,0,31 10 1 32 13,0,31,,1578811,48,0,31 10 1 32 13,0,70,,1578833,53,0,36 13,0,5,,1578824,48,0,31 10 1 32 13,0,35,,1578817,48,0,31 10 1 32 13,0,82,,1578834,53,0,36 13,0,15,,1578815,48,0,31 10 1 32 13,0,100,,1578819,48,0,31 10 1 32 13,0,55,,1578835,53,0,36 13,0,45,,1578812,48,0,31 10 1 32 13,0,84,,1578836,53,0,36 13,0,15,,1578820,48,0,31 10 1 32 13,0,100,,1578813,48,0,31 10 1 32 13,0
9301,'20261014',614,,1578852,48,0,31 10 1 32 13,0,14,,1578860,53,0,36 13,0,88,,1578837,48,0,31 10 1 32 13,0,15,,1578859,48,0,31 10 1 32 13,0,15,,1578838,48,0,31 10 1 32 13,0,60,,1578861,53,0,36 13,0,14,,1578839,48,0,31 10 1 32 13,0,28,,1578840,48,0,31 10 1 32 13,0,70,,1578841,48,0,31 10 1 32 13,0,14,,1578862,53,0,36 13,0,17,,1578850,48,0,31 10 1 32 13,0,98,,1578842,48,0,31 10 1 32 13,0,54,,1578863,53,0,36 13,0,44,,1578855,48,0,31 10 1 32 13,0,86,,1578864,53,0,36 13,0,14,,1578843,48,0,31 10 1 32 13,0,101,,1578856,48,0,31 10 1 32 13,0,56,,1578865,53,0,36 13,0,43,,1578844,48,0,31 10 1 32 13,0,89,,1578866,53,0,36 13,0,8,,1578848,48,0,31 10 1 32 13,0,66,,1578857,48,0,31 10 1 32 13,0,31,,1578845,48,0,31 10 1 32 13,0,70,,1578867,53,0,36 13,0,5,,1578858,48,0,31 10 1 32 13,0,35,,1578851,48,0,31 10 1 32 13,0,82,,1578868,53,0,36 13,0,15,,1578849,48,0,31 10 1 32 13,0,100,,1578853,48,0,31 10 1 32 13,0,55,,1578869,53,0,36 13,0,45,,1578846,48,0,31 10 1 32 13,0,84,,1578870,53,0,36 13,0,15,,1578854,48,0,31 10 1 32 13,0,100,,1578847,48,0,31 10 1 32 13,0
9301,'20261015',614,,1578886,48,0,31 10 1 32 13,0,14,,1578894,53,0,36 13,0,88,,1578871,48,0,31 10 1 32 13,0,15,,1578893,48,0,31 10 1 32 13,0,15,,1578872,48,0,31 10 1 32 13,0,60,,1578895,53,0,36 13,0,14,,1578873,48,0,31 10 1 32 13,0,28,,1578874,48,0,31 10 1 32 13,0,70,,1578875,48,0,31 10 1 32 13,0,14,,1578896,53,0,36 13,0,17,,1578884,48,0,31 10 1 32 13,0,98,,1578876,48,0,31 10 1 32 13,0,54,,1578897,53,0,36 13,0,44,,1578889,48,0,31 10 1 32 13,0,86,,1578898,53,0,36 13,0,14,,1578877,48,0,31 10 1 32 13,0,101,,1578890,48,0,31 10 1 32 13,0,56,,1578899,53,0,36 13,0,43,,1578878,48,0,31 10 1 32 13,0,89,,1578900,53,0,36 13,0,8,,1578882,48,0,31 10 1 32 13,0,66,,1578891,48,0,31 10 1 32 13,0,31,,1578879,48,0,31 10 1 32 13,0,70,,1578901,53,0,36 13,0,5,,1578892,48,0,31 10 1 32 13,0,35,,1578885,48,0,31 10 1 32 13,0,82,,1578902,53,0,36 13,0,15,,1578883,48,0,31 10 1 32 13,0,100,,1578887,48,0,31 10 1 32 13,0,55,,1578903,53,0,36 13,0,45,,1578880,48,0,31 10 1 32 13,0,84,,1578904,53,0,36 13,0,15,,1578888,48,0,31 10 1 32 13,0,100,,1578881,48,0,31 10 1 32 13,0
9301,'20261016',614,,1578920,48,0,31 10 1 32 13,0,14,,1578928,53,0,36 13,0,88,,1578905,48,0,31 10 1 32 13,0,15,,1578927,48,0,31 10 1 32 13,0,15,,1578906,48,0,31 10 1 32 13,0,60,,1578929,53,0,36 13,0,14,,1578907,48,0,31 10 1 32 13,0,28,,1578908,48,0,31 10 1 32 13,0,70,,1578909,48,0,31 10 1 32 13,0,14,,1578930,53,0,36 13,0,17,,1578918,48,0,31 10 1 32 13,0,98,,1578910,48,0,31 10 1 32 13,0,54,,1578931,53,0,36 13,0,44,,1578923,48,0,31 10 1 32 13,0,86,,1578932,53,0,36 13,0,14,,1578911,48,0,31 10 1 32 13,0,101,,1578924,48,0,31 10 1 32 13,0,56,,1578933,53,0,36 13,0,43,,1578912,48,0,31 10 1 32 13,0,89,,1578934,53,0,36 13,0,8,,1578916,48,0,31 10 1 32 13,0,66,,1578925,48,0,31 10 1 32 13,0,31,,1578913,48,0,31 10 1 32 13,0,70,,1578935,53,0,36 13,0,5,,1578926,48,0,31 10 1 32 13,0,35,,1578919,48,0,31 10 1 32 13,0,82,,1578936,53,0,36 13,0,15,,1578917,48,0,31 10 1 32 13,0,100,,1578921,48,0,31 10 1 32 13,0,55,,1578937,53,0,36 13,0,45,,1578914,48,0,31 10 1 32 13,0,84,,1578938,53,0,36 13,0,15,,1578922,48,0,31 10 1 32 13,0,100,,1578915,48,0,31 10 1 32 13,0
9301,'20261017',628,,1610574,53,0,36 13,0,15,,1610573,48,0,31 10 1 32 13,0,101,,1610563,48,0,31 10 1 32 13,0,56,,1610575,53,0,36 13,0,44,,1610558,48,0,31 10 1 32 13,0,86,,1610576,53,0,36 13,0,14,,1610572,48,0,31 10 1 32 13,0,100,,1610565,48,0,31 10 1 32 13,0,57,,1610577,53,0,36 13,0,43,,1610567,48,0,31 10 1 32 13,0,87,,1610578,53,0,36 13,0,13,,1610559,48,0,31 10 1 32 13,0,101,,1610568,48,0,31 10 1 32 13,0,57,,1610579,53,0,36 13,0,43,,1610566,48,0,31 10 1 32 13,0,88,,1610580,53,0,36 13,0,12,,1610569,48,0,31 10 1 32 13,0,101,,1610560,48,0,31 10 1 32 13,0,58,,1610581,53,0,36 13,0,42,,1610570,48,0,31 10 1 32 13,0,84,,1610582,53,0,36 13,0,15,,1610564,48,0,31 10 1 32 13,0,98,,1610571,48,0,31 10 1 32 13,0,16,,1610583,53,0,36 13,0,84,,1610561,48,0,31 10 1 32 13,0,85,,1610584,53,0,36 13,0,115,,1610562,48,0,31 10 1 32 13,0
9301,'20261018',628,,1610601,53,0,36 13,0,15,,1610600,48,0,31 10 1 32 13,0,101,,1610597,48,0,31 10 1 32 13,0,56,,1610602,53,0,36 13,0,44,,1610590,48,0,31 10 1 32 13,0,86,,1610603,53,0,36 13,0,14,,1610598,48,0,31 10 1 32 13,0,100,,1610585,48,0,31 10 1 32 13,0,57,,1610604,53,0,36 13,0,43,,1610593,48,0,31 10 1 32 13,0,87,,1610605,53,0,36 13,0,13,,1610586,48,0,31 10 1 32 13,0,101,,1610594,48,0,31 10 1 32 13,0,57,,1610606,53,0,36 13,0,43,,1610591,48,0,31 10 1 32 13,0,88,,1610607,53,0,36 13,0,12,,1610595,48,0,31 10 1 32 13,0,101,,1610587,48,0,31 10 1 32 13,0,58,,1610608,53,0,36 13,0,42,,1610596,48,0,31 10 1 32 13,0,84,,1610609,53,0,36 13,0,15,,1610592,48,0,31 10 1 32 13,0,98,,1610599,48,0,31 10 1 32 13,0,16,,1610610,53,0,36 13,0,84,,1610588,48,0,31 10 1 32 13,0,85,,1610611,53,0,36 13,0,115,,1610589,48,0,31 10 1 32 13,0
9301,'20261019',614,,1610627,48,0,31 10 1 32 13,0,14,,1610635,53,0,36 13,0,88,,1610612,48,0,31 10 1 32 13,0,15,,1610634,48,0,31 10 1 32 13,0,15,,1610613,48,0,31 10 1 32 13,0,60,,1610636,53,0,36 13,0,14,,1610614,48,0,31 10 1 32 13,0,28,,1610615,48,0,31 10 1 32 13,0,70,,1610616,48,0,31 10 1 32 13,0,14,,1610637,53,0,36 13,0,17,,1610625,48,0,31 10 1 32 13,0,98,,1610617,48,0,31 10 1 32 13,0,54,,1610638,53,0,36 13,0,44,,1610630,48,0,31 10 1 32 13,0,86,,1610639,53,0,36 13,0,14,,1610618,48,0,31 10 1 32 13,0,101,,1610631,48,0,31 10 1 32 13,0,56,,1610640,53,0,36 13,0,43,,1610619,48,0,31 10 1 32 13,0,89,,1610641,53,0,36 13,0,8,,1610623,48,0,31 10 1 32 13,0,66,,1610632,48,0,31 10 1 32 13,0,31,,1610620,48,0,31 10 1 32 13,0,70,,1610642,53,0,36 13,0,5,,1610633,48,0,31 10 1 32 13,0,35,,1610626,48,0,31 10 1 32 13,0,82,,1610643,53,0,36 13,0,15,,1610624,48,0,31 10 1 32 13,0,100,,1610628,48,0,31 10 1 32 13,0,55,,1610644,53,0,36 13,0,45,,1610621,48,0,31 10 1 32 13,0,84,,1610645,53,0,36 13,0,15,,1610629,48,0,31 10 1 32 13,0,100,,1610622,48,0,31 10 1 32 13,0
9301,'20261020',614,,1610661,48,0,31 10 1 32 13,0,14,,1610669,53,0,36 13,0,88,,1610646,48,0,31 10 1 32 13,0,15,,1610668,48,0,31 10 1 32 13,0,15,,1610647,48,0,31 10 1 32 13,0,60,,1610670,53,0,36 13,0,14,,1610648,48,0,31 10 1 32 13,0,28,,1610649,48,0,31 10 1 32 13,0,70,,1610650,48,0,31 10 1 32 13,0,14,,1610671,53,0,36 13,0,17,,1610659,48,0,31 10 1 32 13,0,98,,1610651,48,0,31 10 1 32 13,0,54,,1610672,53,0,36 13,0,44,,1610664,48,0,31 10 1 32 13,0,86,,1610673,53,0,36 13,0,14,,1610652,48,0,31 10 1 32 13,0,101,,1610665,48,0,31 10 1 32 13,0,56,,1610674,53,0,36 13,0,43,,1610653,48,0,31 10 1 32 13,0,89,,1610675,53,0,36 13,0,8,,1610657,48,0,31 10 1 32 13,0,66,,1610666,48,0,31 10 1 32 13,0,31,,1610654,48,0,31 10 1 32 13,0,70,,1610676,53,0,36 13,0,5,,1610667,48,0,31 10 1 32 13,0,35,,1610660,48,0,31 10 1 32 13,0,82,,1610677,53,0,36 13,0,15,,1610658,48,0,31 10 1 32 13,0,100,,1610662,48,0,31 10 1 32 13,0,55,,1610678,53,0,36 13,0,45,,1610655,48,0,31 10 1 32 13,0,84,,1610679,53,0,36 13,0,15,,1610663,48,0,31 10 1 32 13,0,100,,1610656,48,0,31 10 1 32 13,0
9402,'20261006',619,,1610681,38,,,0,98,,1610680,38,,,0,2,,1610682,38,,,0,32,,1610683,38,,,0,73,,1610684,38,,,0,29,,1610685,38,,,0,71,,1610686,38,,,0,99,,1610687,38,,,0,99,,1610688,38,,,0,99,,1610689,38,,,0,100,,1610690,38,,,0,100,,1610691,38,,,0,101,,1610692,38,,,0,104,,1610693,38,,,0,99,,1610694,38,,,0,98,,1610695,38,,,0,99,,1610696,38,,,0,99,,1610697,38,,,0,99,,1610698,38,,,0,98,,1610699,38,,,0,99,,1610700,38,,,0
9402,'20261007',619,,1610702,38,,,0,98,,1610701,38,,,0,2,,1610703,38,,,0,32,,1610704,38,,,0,73,,1610705,38,,,0,29,,1610706,38,,,0,71,,1610707,38,,,0,99,,1610708,38,,,0,99,,1610709,38,,,0,99,,1610710,38,,,0,100,,1610711,38,,,0,100,,1610712,38,,,0,101,,1610713,38,,,0,104,,1610714,38,,,0,99,,1610715,38,,,0,98,,1610716,38,,,0,99,,1610717,38,,,0,99,,1610718,38,,,0,99,,1610719,38,,,0,98,,1610720,38,,,0,99,,1610721,38,,,0
9402,'20261008',619,,1610723,38,,,0,98,,1610722,38,,,0,2,,1610724,38,,,0,32,,1610725,38,,,0,73,,1610726,38,,,0,29,,1610727,38,,,0,71,,1610728,38,,,0,99,,1610729,38,,,0,99,,1610730,38,,,0,99,,1610731,38,,,0,100,,1610732,38,,,0,100,,1610733,38,,,0,101,,1610734,38,,,0,104,,1610735,38,,,0,99,,1610736,38,,,0,98,,1610737,38,,,0,99,,1610738,38,,,0,99,,1610739,38,,,0,99,,1610740,38,,,0,98,,1610741,38,,,0,99,,1610742,38,,,0
9402,'20261009',619,,1610744,38,,,0,98,,1610743,38,,,0,2,,1610745,38,,,0,32,,1610746,38,,,0,73,,1610747,38,,,0,29,,1610748,38,,,0,71,,1610749,38,,,0,99,,1610750,38,,,0,99,,1610751,38,,,0,99,,1610752,38,,,0,100,,1610753,38,,,0,100,,1610754,38,,,0,101,,1610755,38,,,0,104,,1610756,38,,,0,99,,1610757,38,,,0,98,,1610758,38,,,0,99,,1610759,38,,,0,99,,1610760,38,,,0,99,,1610761,38,,,0,98,,1610762,38,,,0,99,,1610763,38,,,0
9402,'20261010',611,,1552198,38,,,0,101,,1552181,38,,,0,101,,1552182,38,,,0,100,,1552183,38,,,0,101,,1552184,38,,,0,101,,1552185,38,,,0,101,,1552186,38,,,0,100,,1552187,38,,,0,100,,1552188,38,,,0,100,,1552189,38,,,0,100,,1552190,38,,,0,100,,1552191,38,,,0,100,,1552192,38,,,0,99,,1552193,38,,,0,99,,1552194,38,,,0,99,,1552195,38,,,0,99,,1552196,38,,,0,99,,1552197,38,,,0
9402,'20261011',611,,1552216,38,,,0,101,,1552199,38,,,0,101,,1552200,38,,,0,100,,1552201,38,,,0,101,,1552202,38,,,0,101,,1552203,38,,,0,101,,1552204,38,,,0,100,,1552205,38,,,0,100,,1552206,38,,,0,100,,1552207,38,,,0,100,,1552208,38,,,0,100,,1552209,38,,,0,100,,1552210,38,,,0,99,,1552211,38,,,0,99,,1552212,38,,,0,99,,1552213,38,,,0,99,,1552214,38,,,0,99,,1552215,38,,,0
9402,'20261012',611,,1552234,38,,,0,101,,1552217,38,,,0,101,,1552218,38,,,0,100,,1552219,38,,,0,101,,1552220,38,,,0,101,,1552221,38,,,0,101,,1552222,38,,,0,100,,1552223,38,,,0,100,,1552224,38,,,0,100,,1552225,38,,,0,100,,1552226,38,,,0,100,,1552227,38,,,0,100,,1552228,38,,,0,99,,1552229,38,,,0,99,,1552230,38,,,0,99,,1552231,38,,,0,99,,1552232,38,,,0,99,,1552233,38,,,0
9402,'20261013',619,,1579017,38,,,0,100,,1579019,38,,,0,32,,1579034,38,,,0,73,,1579035,38,,,0,29,,1579033,38,,,0,71,,1579018,38,,,0,99,,1579036,38,,,0,99,,1579020,38,,,0,99,,1579021,38,,,0,100,,1579022,38,,,0,100,,1579023,38,,,0,101,,1579024,38,,,0,104,,1579025,38,,,0,99,,1579026,38,,,0,98,,1579027,38,,,0,99,,1579028,38,,,0,99,,1579029,38,,,0,99,,1579030,38,,,0,98,,1579031,38,,,0,99,,1579032,38,,,0
9402,'20261014',619,,1579037,38,,,0,100,,1579039,38,,,0,32,,1579054,38,,,0,73,,1579055,38,,,0,29,,1579053,38,,,0,71,,1579038,38,,,0,99,,1579056,38,,,0,99,,1579040,38,,,0,99,,1579041,38,,,0,100,,1579042,38,,,0,100,,1579043,38,,,0,101,,1579044,38,,,0,104,,1579045,38,,,0,99,,1579046,38,,,0,98,,1579047,38,,,0,99,,1579048,38,,,0,99,,1579049,38,,,0,99,,1579050,38,,,0,98,,1579051,38,,,0,99,,1579052,38,,,0
9402,'20261015',619,,1579057,38,,,0,100,,1579059,38,,,0,32,,1579074,38,,,0,73,,1579075,38,,,0,29,,1579073,38,,,0,71,,1579058,38,,,0,99,,1579076,38,,,0,99,,1579060,38,,,0,99,,1579061,38,,,0,100,,1579062,38,,,0,100,,1579063,38,,,0,101,,1579064,38,,,0,104,,1579065,38,,,0,99,,1579066,38,,,0,98,,1579067,38,,,0,99,,1579068,38,,,0,99,,1579069,38,,,0,99,,1579070,38,,,0,98,,1579071,38,,,0,99,,1579072,38,,,0
9402,'20261016',619,,1579077,38,,,0,100,,1579079,38,,,0,32,,1579094,38,,,0,73,,1579095,38,,,0,29,,1579093,38,,,0,71,,1579078,38,,,0,99,,1579096,38,,,0,99,,1579080,38,,,0,99,,1579081,38,,,0,100,,1579082,38,,,0,100,,1579083,38,,,0,101,,1579084,38,,,0,104,,1579085,38,,,0,99,,1579086,38,,,0,98,,1579087,38,,,0,99,,1579088,38,,,0,99,,1579089,38,,,0,99,,1579090,38,,,0,98,,1579091,38,,,0,99,,1579092,38,,,0
9402,'20261017',611,,1610781,38,,,0,101,,1610764,38,,,0,101,,1610765,38,,,0,100,,1610766,38,,,0,101,,1610767,38,,,0,101,,1610768,38,,,0,101,,1610769,38,,,0,100,,1610770,38,,,0,100,,1610771,38,,,0,100,,1610772,38,,,0,100,,1610773,38,,,0,100,,1610774,38,,,0,100,,1610775,38,,,0,99,,1610776,38,,,0,99,,1610777,38,,,0,99,,1610778,38,,,0,99,,1610779,38,,,0,99,,1610780,38,,,0
9402,'20261018',611,,1610799,38,,,0,101,,1610782,38,,,0,101,,1610783,38,,,0,100,,1610784,38,,,0,101,,1610785,38,,,0,101,,1610786,38,,,0,101,,1610787,38,,,0,100,,1610788,38,,,0,100,,1610789,38,,,0,100,,1610790,38,,,0,100,,1610791,38,,,0,100,,1610792,38,,,0,100,,1610793,38,,,0,99,,1610794,38,,,0,99,,1610795,38,,,0,99,,1610796,38,,,0,99,,1610797,38,,,0,99,,1610798,38,,,0
9402,'20261019',619,,1610800,38,,,0,100,,1610802,38,,,0,32,,1610817,38,,,0,73,,1610818,38,,,0,29,,1610816,38,,,0,71,,1610801,38,,,0,99,,1610819,38,,,0,99,,1610803,38,,,0,99,,1610804,38,,,0,100,,1610805,38,,,0,100,,1610806,38,,,0,101,,1610807,38,,,0,104,,1610808,38,,,0,99,,1610809,38,,,0,98,,1610810,38,,,0,99,,1610811,38,,,0,99,,1610812,38,,,0,99,,1610813,38,,,0,98,,1610814,38,,,0,99,,1610815,38,,,0
9402,'20261020',619,,1610820,38,,,0,100,,1610822,38,,,0,32,,1610837,38,,,0,73,,1610838,38,,,0,29,,1610836,38,,,0,71,,1610821,38,,,0,99,,1610839,38,,,0,99,,1610823,38,,,0,99,,1610824,38,,,0,100,,1610825,38,,,0,100,,1610826,38,,,0,101,,1610827,38,,,0,104,,1610828,38,,,0,99,,1610829,38,,,0,98,,1610830,38,,,0,99,,1610831,38,,,0,99,,1610832,38,,,0,99,,1610833,38,,,0,98,,1610834,38,,,0,99,,1610835,38,,,0
53000,'20261006',1216,,1613862,2,,,0,200,,1613863,2,,,0,100,,1613864,2,,,0,12,,1613865,2,,,0,15,,1613866,2,,,0,73,,1613867,2,,,0,31,,1613868,2,,,0,71,,1613869,2,,,0,113,,1613870,2,,,0
53000,'20261007',1216,,1613871,2,,,0,200,,1613872,2,,,0,100,,1613873,2,,,0,12,,1613874,2,,,0,15,,1613875,2,,,0,73,,1613876,2,,,0,31,,1613877,2,,,0,71,,1613878,2,,,0,113,,1613879,2,,,0
53000,'20261008',1216,,1613880,2,,,0,200,,1613881,2,,,0,100,,1613882,2,,,0,12,,1613883,2,,,0,15,,1613884,2,,,0,73,,1613885,2,,,0,31,,1613886,2,,,0,71,,1613887,2,,,0,113,,1613888,2,,,0
53000,'20261009',1216,,1613889,2,,,0,200,,1613890,2,,,0,100,,1613891,2,,,0,12,,1613892,2,,,0,15,,1613893,2,,,0,73,,1613894,2,,,0,31,,1613895,2,,,0,71,,1613896,2,,,0,113,,1613897,2,,,0
53000,'20261013',1216,,1582128,2,,,0,200,,1582129,2,,,0,100,,1582131,2,,,0,12,,1582130,2,,,0,15,,1582127,2,,,0,73,,1582124,2,,,0,31,,1582125,2,,,0,71,,1582126,2,,,0,113,,1582132,2,,,0
53000,'20261014',1216,,1582137,2,,,0,200,,1582138,2,,,0,100,,1582140,2,,,0,12,,1582139,2,,,0,15,,1582136,2,,,0,73,,1582133,2,,,0,31,,1582134,2,,,0,71,,1582135,2,,,0,113,,1582141,2,,,0
53000,'20261015',1216,,1582146,2,,,0,200,,1582147,2,,,0,100,,1582149,2,,,0,12,,1582148,2,,,0,15,,1582145,2,,,0,73,,1582142,2,,,0,31,,1582143,2,,,0,71,,1582144,2,,,0,113,,1582150,2,,,0
53000,'20261016',1216,,1582155,2,,,0,200,,1582156,2,,,0,100,,1582158,2,,,0,12,,1582157,2,,,0,15,,1582154,2,,,0,73,,1582151,2,,,0,31,,1582152,2,,,0,71,,1582153,2,,,0,113,,1582159,2,,,0
53000,'20261019',1216,,1613902,2,,,0,200,,1613903,2,,,0,100,,1613905,2,,,0,12,,1613904,2,,,0,15,,1613901,2,,,0,73,,1613898,2,,,0,31,,1613899,2,,,0,71,,1613900,2,,,0,113,,1613906,2,,,0
53000,'20261020',1216,,1613911,2,,,0,200,,1613912,2,,,0,100,,1613914,2,,,0,12,,1613913,2,,,0,15,,1613910,2,,,0,73,,1613907,2,,,0,31,,1613908,2,,,0,71,,1613909,2,,,0,113,,1613915,2,,,0
53100,'20261006',1543,,1613962,2,,,0,72,,1613963,2,,,0,35,,1613964,2,,,0
53100,'20261007',1543,,1613965,2,,,0,72,,1613966,2,,,0,35,,1613967,2,,,0
53100,'20261008',1543,,1613968,2,,,0,72,,1613969,2,,,0,35,,1613970,2,,,0
53100,'20261009',1543,,1613971,2,,,0,72,,1613972,2,,,0,35,,1613973,2,,,0
53100,'20261013',1543,,1582210,2,,,0,72,,1582211,2,,,0,35,,1582212,2,,,0
53100,'20261014',1543,,1582213,2,,,0,72,,1582214,2,,,0,35,,1582215,2,,,0
53100,'20261015',1543,,1582216,2,,,0,72,,1582217,2,,,0,35,,1582218,2,,,0
53100,'20261016',1543,,1582219,2,,,0,72,,1582220,2,,,0,35,,1582221,2,,,0
53100,'20261019',1543,,1613974,2,,,0,72,,1613975,2,,,0,35,,1613976,2,,,0
53100,'20261020',1543,,1613977,2,,,0,72,,1613978,2,,,0,35,,1613979,2,,,0
53600,'20261006',1623,,1613998,2,,,0,80,,1613999,2,,,0,26,,1614000,2,,,0
53600,'20261007',1623,,1614001,2,,,0,80,,1614002,2,,,0,26,,1614003,2,,,0
53600,'20261008',1623,,1614004,2,,,0,80,,1614005,2,,,0,26,,1614006,2,,,0
53600,'20261009',1623,,1614007,2,,,0,80,,1614008,2,,,0,26,,1614009,2,,,0
53600,'20261013',1623,,1582246,2,,,0,80,,1582247,2,,,0,26,,1582248,2,,,0
53600,'20261014',1623,,1582249,2,,,0,80,,1582250,2,,,0,26,,1582251,2,,,0
53600,'20261015',1623,,1582252,2,,,0,80,,1582253,2,,,0,26,,1582254,2,,,0
53600,'20261016',1623,,1582255,2,,,0,80,,1582256,2,,,0,26,,1582257,2,,,0
53600,'20261019',1623,,1614010,2,,,0,80,,1614011,2,,,0,26,,1614012,2,,,0
53600,'20261020',1623,,1614013,2,,,0,80,,1614014,2,,,0,26,,1614015,2,,,0
53700,'20261006',1549,,1614028,2,,,0,74,,1614029,2,,,0,35,,1614030,2,,,0,73,,1614031,2,,,0
53700,'20261007',1549,,1614032,2,,,0,74,,1614033,2,,,0,35,,1614034,2,,,0,73,,1614035,2,,,0
53700,'20261008',1549,,1614036,2,,,0,74,,1614037,2,,,0,35,,1614038,2,,,0,73,,1614039,2,,,0
53700,'20261009',1549,,1614040,2,,,0,74,,1614041,2,,,0,35,,1614042,2,,,0,73,,1614043,2,,,0
53700,'20261013',1549,,1582281,2,,,0,74,,1582278,2,,,0,35,,1582280,2,,,0,73,,1582279,2,,,0
53700,'20261014',1549,,1582285,2,,,0,74,,1582282,2,,,0,35,,1582284,2,,,0,73,,1582283,2,,,0
53700,'20261015',1549,,1582289,2,,,0,74,,1582286,2,,,0,35,,1582288,2,,,0,73,,1582287,2,,,0
53700,'20261016',1549,,1582293,2,,,0,74,,1582290,2,,,0,35,,1582292,2,,,0,73,,1582291,2,,,0
53700,'20261019',1549,,1614047,2,,,0,74,,1614044,2,,,0,35,,1614046,2,,,0,73,,1614045,2,,,0
53700,'20261020',1549,,1614051,2,,,0,74,,1614048,2,,,0,35,,1614050,2,,,0,73,,1614049,2,,,0
53800,'20261006',1623,,1614064,2,,,0,79,,1614065,2,,,0,30,,1614066,2,,,0
53800,'20261007',1623,,1614067,2,,,0,79,,1614068,2,,,0,30,,1614069,2,,,0
53800,'20261008',1623,,1614070,2,,,0,79,,1614071,2,,,0,30,,1614072,2,,,0
53800,'20261009',1623,,1614073,2,,,0,79,,1614074,2,,,0,30,,1614075,2,,,0
53800,'20261013',1623,,1582313,2,,,0,79,,1582312,2,,,0,30,,1582314,2,,,0
53800,'20261014',1623,,1582316,2,,,0,79,,1582315,2,,,0,30,,1582317,2,,,0
53800,'20261015',1623,,1582319,2,,,0,79,,1582318,2,,,0,30,,1582320,2,,,0
53800,'20261016',1623,,1582322,2,,,0,79,,1582321,2,,,0,30,,1582323,2,,,0
53800,'20261019',1623,,1614077,2,,,0,79,,1614076,2,,,0,30,,1614078,2,,,0
53800,'20261020',1623,,1614080,2,,,0,79,,1614079,2,,,0,30,,1614081,2,,,0
55000,'20261006',1507,,1614100,2,,,0,21,,1614101,2,,,0,95,,1614102,2,,,0,34,,1614103,2,,,0,71,,1614104,2,,,0
55000,'20261007',1507,,1614105,2,,,0,21,,1614106,2,,,0,95,,1614107,2,,,0,34,,1614108,2,,,0,71,,1614109,2,,,0
55000,'20261008',1507,,1614110,2,,,0,21,,1614111,2,,,0,95,,1614112,2,,,0,34,,1614113,2,,,0,71,,1614114,2,,,0
55000,'20261009',1507,,1614115,2,,,0,21,,1614116,2,,,0,95,,1614117,2,,,0,34,,1614118,2,,,0,71,,1614119,2,,,0
55000,'20261013',1507,,1582356,2,,,0,21,,1582354,2,,,0,95,,1582353,2,,,0,34,,1582352,2,,,0,71,,1582355,2,,,0
55000,'20261014',1507,,1582361,2,,,0,21,,1582359,2,,,0,95,,1582358,2,,,0,34,,1582357,2,,,0,71,,1582360,2,,,0
55000,'20261015',1507,,1582366,2,,,0,21,,1582364,2,,,0,95,,1582363,2,,,0,34,,1582362,2,,,0,71,,1582365,2,,,0
55000,'20261016',1507,,1582371,2,,,0,21,,1582369,2,,,0,95,,1582368,2,,,0,34,,1582367,2,,,0,71,,1582370,2,,,0
55000,'20261019',1507,,1614124,2,,,0,21,,1614122,2,,,0,95,,1614121,2,,,0,34,,1614120,2,,,0,71,,1614123,2,,,0
55000,'20261020',1507,,1614129,2,,,0,21,,1614127,2,,,0,95,,1614126,2,,,0,34,,1614125,2,,,0,71,,1614128,2,,,0
55400,'20261006',1538,,1614154,2,,,0,62,,1614155,2,,,0,30,,1614156,2,,,0,94,,1614157,2,,,0
55400,'20261007',1538,,1614158,2,,,0,62,,1614159,2,,,0,30,,1614160,2,,,0,94,,1614161,2,,,0
55400,'20261008',1538,,1614162,2,,,0,62,,1614163,2,,,0,30,,1614164,2,,,0,94,,1614165,2,,,0
55400,'20261009',1538,,1614166,2,,,0,62,,1614167,2,,,0,30,,1614168,2,,,0,94,,1614169,2,,,0
55400,'20261013',1538,,1582407,2,,,0,62,,1582405,2,,,0,30,,1582404,2,,,0,94,,1582406,2,,,0
55400,'20261014',1538,,1582411,2,,,0,62,,1582409,2,,,0,30,,1582408,2,,,0,94,,1582410,2,,,0
55400,'20261015',1538,,1582415,2,,,0,62,,1582413,2,,,0,30,,1582412,2,,,0,94,,1582414,2,,,0
55400,'20261016',1538,,1582419,2,,,0,62,,1582417,2,,,0,30,,1582416,2,,,0,94,,1582418,2,,,0
55400,'20261019',1538,,1614173,2,,,0,62,,1614171,2,,,0,30,,1614170,2,,,0,94,,1614172,2,,,0
55400,'20261020',1538,,1614177,2,,,0,62,,1614175,2,,,0,30,,1614174,2,,,0,94,,1614176,2,,,0
55500,'20261006',1625,,1614190,2,,,0,24,,1614191,2,,,0,81,,1614192,2,,,0
55500,'20261007',1625,,1614193,2,,,0,24,,1614194,2,,,0,81,,1614195,2,,,0
55500,'20261008',1625,,1614196,2,,,0,24,,1614197,2,,,0,81,,1614198,2,,,0
55500,'20261009',1625,,1614199,2,,,0,24,,1614200,2,,,0,81,,1614201,2,,,0
55500,'20261013',1625,,1582438,2,,,0,24,,1582439,2,,,0,81,,1582440,2,,,0
55500,'20261014',1625,,1582441,2,,,0,24,,1582442,2,,,0,81,,1582443,2,,,0
55500,'20261015',1625,,1582444,2,,,0,24,,1582445,2,,,0,81,,1582446,2,,,0
55500,'20261016',1625,,1582447,2,,,0,24,,1582448,2,,,0,81,,1582449,2,,,0
55500,'20261019',1625,,1614202,2,,,0,24,,1614203,2,,,0,81,,1614204,2,,,0
55500,'20261020',1625,,1614205,2,,,0,24,,1614206,2,,,0,81,,1614207,2,,,0
55800,'20261006',1626,,1614220,2,,,0,23,,1614221,2,,,0,82,,1614222,2,,,0
55800,'20261007',1626,,1614223,2,,,0,23,,1614224,2,,,0,82,,1614225,2,,,0
55800,'20261008',1626,,1614226,2,,,0,23,,1614227,2,,,0,82,,1614228,2,,,0
55800,'20261009',1626,,1614229,2,,,0,23,,1614230,2,,,0,82,,1614231,2,,,0
55800,'20261013',1626,,1582468,2,,,0,23,,1582469,2,,,0,82,,1582470,2,,,0
55800,'20261014',1626,,1582471,2,,,0,23,,1582472,2,,,0,82,,1582473,2,,,0
55800,'20261015',1626,,1582474,2,,,0,23,,1582475,2,,,0,82,,1582476,2,,,0
55800,'20261016',1626,,1582477,2,,,0,23,,1582478,2,,,0,82,,1582479,2,,,0
55800,'20261019',1626,,1614232,2,,,0,23,,1614233,2,,,0,82,,1614234,2,,,0
55800,'20261020',1626,,1614235,2,,,0,23,,1614236,2,,,0,82,,1614237,2,,,0
57000,'20261006',1543,,1614250,2,,,0,5,,1614251,2,,,0,74,,1614252,2,,,0,23,,1614253,2,,,0,80,,1614254,2,,,0
57000,'20261007',1543,,1614255,2,,,0,5,,1614256,2,,,0,74,,1614257,2,,,0,23,,1614258,2,,,0,80,,1614259,2,,,0
57000,'20261008',1543,,1614260,2,,,0,5,,1614261,2,,,0,74,,1614262,2,,,0,23,,1614263,2,,,0,80,,1614264,2,,,0
57000,'20261009',1543,,1614265,2,,,0,5,,1614266,2,,,0,74,,1614267,2,,,0,23,,1614268,2,,,0,80,,1614269,2,,,0
57000,'20261013',1543,,1582502,2,,,0,5,,1582503,2,,,0,74,,1582504,2,,,0,23,,1582505,2,,,0,80,,1582506,2,,,0
57000,'20261014',1543,,1582507,2,,,0,5,,1582508,2,,,0,74,,1582509,2,,,0,23,,1582510,2,,,0,80,,1582511,2,,,0
57000,'20261015',1543,,1582512,2,,,0,5,,1582513,2,,,0,74,,1582514,2,,,0,23,,1582515,2,,,0,80,,1582516,2,,,0
57000,'20261016',1543,,1582517,2,,,0,5,,1582518,2,,,0,74,,1582519,2,,,0,23,,1582520,2,,,0,80,,1582521,2,,,0
57000,'20261019',1543,,1614270,2,,,0,5,,1614271,2,,,0,74,,1614272,2,,,0,23,,1614273,2,,,0,80,,1614274,2,,,0
57000,'20261020',1543,,1614275,2,,,0,5,,1614276,2,,,0,74,,1614277,2,,,0,23,,1614278,2,,,0,80,,1614279,2,,,0
57200,'20261006',1538,,1614298,2,,,0,83,,1614299,2,,,0,82,,1614300,2,,,0,27,,1614301,2,,,0
57200,'20261007',1538,,1614302,2,,,0,83,,1614303,2,,,0,82,,1614304,2,,,0,27,,1614305,2,,,0
57200,'20261008',1538,,1614306,2,,,0,83,,1614307,2,,,0,82,,1614308,2,,,0,27,,1614309,2,,,0
57200,'20261009',1538,,1614310,2,,,0,83,,1614311,2,,,0,82,,1614312,2,,,0,27,,1614313,2,,,0
57200,'20261013',1538,,1582551,2,,,0,83,,1582548,2,,,0,82,,1582549,2,,,0,27,,1582550,2,,,0
57200,'20261014',1538,,1582555,2,,,0,83,,1582552,2,,,0,82,,1582553,2,,,0,27,,1582554,2,,,0
57200,'20261015',1538,,1582559,2,,,0,83,,1582556,2,,,0,82,,1582557,2,,,0,27,,1582558,2,,,0
57200,'20261016',1538,,1582563,2,,,0,83,,1582560,2,,,0,82,,1582561,2,,,0,27,,1582562,2,,,0
57200,'20261019',1538,,1614317,2,,,0,83,,1614314,2,,,0,82,,1614315,2,,,0,27,,1614316,2,,,0
57200,'20261020',1538,,1614321,2,,,0,83,,1614318,2,,,0,82,,1614319,2,,,0,27,,1614320,2,,,0
57400,'20261006',1544,,1614340,2,,,0,72,,1614341,2,,,0,35,,1614342,2,,,0,69,,1614343,2,,,0
57400,'20261007',1544,,1614344,2,,,0,72,,1614345,2,,,0,35,,1614346,2,,,0,69,,1614347,2,,,0
57400,'20261008',1544,,1614348,2,,,0,72,,1614349,2,,,0,35,,1614350,2,,,0,69,,1614351,2,,,0
57400,'20261009',1544,,1614352,2,,,0,72,,1614353,2,,,0,35,,1614354,2,,,0,69,,1614355,2,,,0
57400,'20261013',1544,,1582593,2,,,0,72,,1582591,2,,,0,35,,1582592,2,,,0,69,,1582590,2,,,0
57400,'20261014',1544,,1582597,2,,,0,72,,1582595,2,,,0,35,,1582596,2,,,0,69,,1582594,2,,,0
57400,'20261015',1544,,1582601,2,,,0,72,,1582599,2,,,0,35,,1582600,2,,,0,69,,1582598,2,,,0
57400,'20261016',1544,,1582605,2,,,0,72,,1582603,2,,,0,35,,1582604,2,,,0,69,,1582602,2,,,0
57400,'20261019',1544,,1614359,2,,,0,72,,1614357,2,,,0,35,,1614358,2,,,0,69,,1614356,2,,,0
57400,'20261020',1544,,1614363,2,,,0,72,,1614361,2,,,0,35,,1614362,2,,,0,69,,1614360,2,,,0
58000,'20261006',1539,,1614382,2,,,0,81,,1614383,2,,,0,23,,1614384,2,,,0,78,,1614385,2,,,0
58000,'20261007',1539,,1614386,2,,,0,81,,1614387,2,,,0,23,,1614388,2,,,0,78,,1614389,2,,,0
58000,'20261008',1539,,1614390,2,,,0,81,,1614391,2,,,0,23,,1614392,2,,,0,78,,1614393,2,,,0
58000,'20261009',1539,,1614394,2,,,0,81,,1614395,2,,,0,23,,1614396,2,,,0,78,,1614397,2,,,0
58000,'20261013',1539,,1582634,2,,,0,81,,1582633,2,,,0,23,,1582632,2,,,0,78,,1582635,2,,,0
58000,'20261014',1539,,1582638,2,,,0,81,,1582637,2,,,0,23,,1582636,2,,,0,78,,1582639,2,,,0
58000,'20261015',1539,,1582642,2,,,0,81,,1582641,2,,,0,23,,1582640,2,,,0,78,,1582643,2,,,0
58000,'20261016',1539,,1582646,2,,,0,81,,1582645,2,,,0,23,,1582644,2,,,0,78,,1582647,2,,,0
58000,'20261019',1539,,1614400,2,,,0,81,,1614399,2,,,0,23,,1614398,2,,,0,78,,1614401,2,,,0
58000,'20261020',1539,,1614404,2,,,0,81,,1614403,2,,,0,23,,1614402,2,,,0,78,,1614405,2,,,0
58100,'20261006',1618,,1614424,2,,,0,32,,1614425,2,,,0,71,,1614426,2,,,0
58100,'20261007',1618,,1614427,2,,,0,32,,1614428,2,,,0,71,,1614429,2,,,0
58100,'20261008',1618,,1614430,2,,,0,32,,1614431,2,,,0,71,,1614432,2,,,0
58100,'20261009',1618,,1614433,2,,,0,32,,1614434,2,,,0,71,,1614435,2,,,0
58100,'20261013',1618,,1582672,2,,,0,32,,1582673,2,,,0,71,,1582674,2,,,0
58100,'20261014',1618,,1582675,2,,,0,32,,1582676,2,,,0,71,,1582677,2,,,0
58100,'20261015',1618,,1582678,2,,,0,32,,1582679,2,,,0,71,,1582680,2,,,0
58100,'20261016',1618,,1582681,2,,,0,32,,1582682,2,,,0,71,,1582683,2,,,0
58100,'20261019',1618,,1614436,2,,,0,32,,1614437,2,,,0,71,,1614438,2,,,0
58100,'20261020',1618,,1614439,2,,,0,32,,1614440,2,,,0,71,,1614441,2,,,0
58200,'20261006',1539,,1614460,2,,,0,61,,1614461,2,,,0,27,,1614462,2,,,0,80,,1614463,2,,,0,29,,1614464,2,,,0
58200,'20261007',1539,,1614465,2,,,0,61,,1614466,2,,,0,27,,1614467,2,,,0,80,,1614468,2,,,0,29,,1614469,2,,,0
58200,'20261008',1539,,1614470,2,,,0,61,,1614471,2,,,0,27,,1614472,2,,,0,80,,1614473,2,,,0,29,,1614474,2,,,0
58200,'20261009',1539,,1614475,2,,,0,61,,1614476,2,,,0,27,,1614477,2,,,0,80,,1614478,2,,,0,29,,1614479,2,,,0
58200,'20261013',1539,,1582715,2,,,0,61,,1582716,2,,,0,27,,1582713,2,,,0,80,,1582714,2,,,0,29,,1582712,2,,,0
58200,'20261014',1539,,1582720,2,,,0,61,,1582721,2,,,0,27,,1582718,2,,,0,80,,1582719,2,,,0,29,,1582717,2,,,0
58200,'20261015',1539,,1582725,2,,,0,61,,1582726,2,,,0,27,,1582723,2,,,0,80,,1582724,2,,,0,29,,1582722,2,,,0
58200,'20261016',1539,,1582730,2,,,0,61,,1582731,2,,,0,27,,1582728,2,,,0,80,,1582729,2,,,0,29,,1582727,2,,,0
58200,'20261019',1539,,1614483,2,,,0,61,,1614484,2,,,0,27,,1614481,2,,,0,80,,1614482,2,,,0,29,,1614480,2,,,0
58200,'20261020',1539,,1614488,2,,,0,61,,1614489,2,,,0,27,,1614486,2,,,0,80,,1614487,2,,,0,29,,1614485,2,,,0
58400,'20261006',1545,,1614520,2,,,0,82,,1614521,2,,,0,25,,1614522,2,,,0,80,,1614523,2,,,0
58400,'20261007',1545,,1614524,2,,,0,82,,1614525,2,,,0,25,,1614526,2,,,0,80,,1614527,2,,,0
58400,'20261008',1545,,1614528,2,,,0,82,,1614529,2,,,0,25,,1614530,2,,,0,80,,1614531,2,,,0
58400,'20261009',1545,,1614532,2,,,0,82,,1614533,2,,,0,25,,1614534,2,,,0,80,,1614535,2,,,0
58400,'20261013',1545,,1582772,2,,,0,82,,1582770,2,,,0,25,,1582771,2,,,0,80,,1582773,2,,,0
58400,'20261014',1545,,1582776,2,,,0,82,,1582774,2,,,0,25,,1582775,2,,,0,80,,1582777,2,,,0
58400,'20261015',1545,,1582780,2,,,0,82,,1582778,2,,,0,25,,1582779,2,,,0,80,,1582781,2,,,0
58400,'20261016',1545,,1582784,2,,,0,82,,1582782,2,,,0,25,,1582783,2,,,0,80,,1582785,2,,,0
58400,'20261019',1545,,1614538,2,,,0,82,,1614536,2,,,0,25,,1614537,2,,,0,80,,1614539,2,,,0
58400,'20261020',1545,,1614542,2,,,0,82,,1614540,2,,,0,25,,1614541,2,,,0,80,,1614543,2,,,0
80400,'20261006',558,,1620553,4,,,1,55,,1620554,4,,,1,15,,1620555,4,,,1,14,,1620556,4,,,1,14,,1620557,4,,,1,53,,1620558,4,,,1,14,,1620559,4,,,1,13,,1620560,4,,,1,14,,1620561,4,,,1,55,,1620562,4,,,1,18,,1620563,4,,,1,18,,1620564,4,,,1,16,,1620565,4,,,1,56,,1620566,4,,,1,16,,1620567,4,,,1,13,,1620568,4,,,1,15,,1620569,4,,,1,53,,1620570,4,,,1,17,,1620571,4,,,1,14,,1620572,4,,,1,13,,1620573,4,,,1,54,,1620574,4,,,1,14,,1620575,4,,,1,14,,1620576,4,,,1,15,,1620577,4,,,1,55,,1620578,4,,,1,14,,1620579,4,,,1,14,,1620580,4,,,1,17,,1620581,4,,,1,55,,1620582,4,,,1,15,,1620583,4,,,1,15,,1620584,4,,,1,15,,1620585,4,,,1,55,,1620586,4,,,1,15,,1620587,4,,,1,15,,1620588,4,,,1,15,,1620589,4,,,1,55,,1620590,4,,,1,10,,1620591,4,,,1,9,,1620592,4,,,1,9,,1620593,4,,,1,10,,1620594,4,,,1,9,,1620595,4,,,1,50,,1620596,4,,,1,10,,1620597,4,,,1,11,,1620598,4,,,1,12,,1620599,4,,,1,10,,1620600,4,,,1,10,,1620601,4,,,1,51,,1620602,4,,,1,11,,1620603,4,,,1,11,,1620604,4,,,1,16,,1620605,4,,,1,56,,1620606,4,,,1,18,,1620607,4,,,1,15,,1620608,4,,,1,18,,1620609,4,,,1,60,,1620610,4,,,1,19,,1620611,4,,,1,18,,1620612,4,,,1,58,,1620613,4,,,1,19,,1620552,4,,,1,18,,1620615,4,,,1,57,,1620616,4,,,1,19,,1620617,4,,,1,18,,1620618,4,,,1,18,,1620619,4,,,1,58,,1620620,4,,,1,17,,1620621,4,,,1,18,,1620622,4,,,1,59,,1620623,4,,,1,17,,1620624,4,,,1,17,,1620625,4,,,1,58,,1620626,4,,,1,17,,1620627,4,,,1,18,,1620628,4,,,1
80400,'20261007',558,,1620630,4,,,1,55,,1620631,4,,,1,15,,1620632,4,,,1,14,,1620633,4,,,1,14,,1620634,4,,,1,53,,1620635,4,,,1,14,,1620636,4,,,1,13,,1620637,4,,,1,14,,1620638,4,,,1,55,,1620639,4,,,1,18,,1620640,4,,,1,18,,1620641,4,,,1,16,,1620642,4,,,1,56,,1620643,4,,,1,16,,1620644,4,,,1,13,,1620645,4,,,1,15,,1620646,4,,,1,53,,1620647,4,,,1,17,,1620648,4,,,1,14,,1620649,4,,,1,13,,1620650,4,,,1,54,,1620651,4,,,1,14,,1620652,4,,,1,14,,1620653,4,,,1,15,,1620654,4,,,1,55,,1620655,4,,,1,14,,1620656,4,,,1,14,,1620657,4,,,1,17,,1620658,4,,,1,55,,1620659,4,,,1,15,,1620660,4,,,1,15,,1620661,4,,,1,15,,1620662,4,,,1,55,,1620663,4,,,1,15,,1620664,4,,,1,15,,1620665,4,,,1,15,,1620666,4,,,1,55,,1620667,4,,,1,10,,1620668,4,,,1,9,,1620669,4,,,1,9,,1620670,4,,,1,10,,1620671,4,,,1,9,,1620672,4,,,1,50,,1620673,4,,,1,10,,1620674,4,,,1,11,,1620675,4,,,1,12,,1620676,4,,,1,10,,1620677,4,,,1,10,,1620678,4,,,1,51,,1620679,4,,,1,11,,1620680,4,,,1,11,,1620681,4,,,1,16,,1620682,4,,,1,56,,1620683,4,,,1,18,,1620684,4,,,1,15,,1620685,4,,,1,18,,1620686,4,,,1,60,,1620687,4,,,1,19,,1620688,4,,,1,18,,1620689,4,,,1,58,,1620690,4,,,1,19,,1620629,4,,,1,18,,1620692,4,,,1,57,,1620693,4,,,1,19,,1620694,4,,,1,18,,1620695,4,,,1,18,,1620696,4,,,1,58,,1620697,4,,,1,17,,1620698,4,,,1,18,,1620699,4,,,1,59,,1620700,4,,,1,17,,1620701,4,,,1,17,,1620702,4,,,1,58,,1620703,4,,,1,17,,1620704,4,,,1,18,,1620705,4,,,1
80400,'20261008',558,,1620707,4,,,1,55,,1620708,4,,,1,15,,1620709,4,,,1,14,,1620710,4,,,1,14,,1620711,4,,,1,53,,1620712,4,,,1,14,,1620713,4,,,1,13,,1620714,4,,,1,14,,1620715,4,,,1,55,,1620716,4,,,1,18,,1620717,4,,,1,18,,1620718,4,,,1,16,,1620719,4,,,1,56,,1620720,4,,,1,16,,1620721,4,,,1,13,,1620722,4,,,1,15,,1620723,4,,,1,53,,1620724,4,,,1,17,,1620725,4,,,1,14,,1620726,4,,,1,13,,1620727,4,,,1,54,,1620728,4,,,1,14,,1620729,4,,,1,14,,1620730,4,,,1,15,,1620731,4,,,1,55,,1620732,4,,,1,14,,1620733,4,,,1,14,,1620734,4,,,1,17,,1620735,4,,,1,55,,1620736,4,,,1,15,,1620737,4,,,1,15,,1620738,4,,,1,15,,1620739,4,,,1,55,,1620740,4,,,1,15,,1620741,4,,,1,15,,1620742,4,,,1,15,,1620743,4,,,1,55,,1620744,4,,,1,10,,1620745,4,,,1,9,,1620746,4,,,1,9,,1620747,4,,,1,10,,1620748,4,,,1,9,,1620749,4,,,1,50,,1620750,4,,,1,10,,1620751,4,,,1,11,,1620752,4,,,1,12,,1620753,4,,,1,10,,1620754,4,,,1,10,,1620755,4,,,1,51,,1620756,4,,,1,11,,1620757,4,,,1,11,,1620758,4,,,1,16,,1620759,4,,,1,56,,1620760,4,,,1,18,,1620761,4,,,1,15,,1620762,4,,,1,18,,1620763,4,,,1,60,,1620764,4,,,1,19,,1620765,4,,,1,18,,1620766,4,,,1,58,,1620767,4,,,1,19,,1620706,4,,,1,18,,1620769,4,,,1,57,,1620770,4,,,1,19,,1620771,4,,,1,18,,1620772,4,,,1,18,,1620773,4,,,1,58,,1620774,4,,,1,17,,1620775,4,,,1,18,,1620776,4,,,1,59,,1620777,4,,,1,17,,1620778,4,,,1,17,,1620779,4,,,1,58,,1620780,4,,,1,17,,1620781,4,,,1,18,,1620782,4,,,1
80400,'20261009',558,,1620784,4,,,1,55,,1620785,4,,,1,15,,1620786,4,,,1,14,,1620787,4,,,1,14,,1620788,4,,,1,53,,1620789,4,,,1,14,,1620790,4,,,1,13,,1620791,4,,,1,14,,1620792,4,,,1,55,,1620793,4,,,1,18,,1620794,4,,,1,18,,1620795,4,,,1,16,,1620796,4,,,1,56,,1620797,4,,,1,16,,1620798,4,,,1,13,,1620799,4,,,1,15,,1620800,4,,,1,53,,1620801,4,,,1,17,,1620802,4,,,1,14,,1620803,4,,,1,13,,1620804,4,,,1,54,,1620805,4,,,1,14,,1620806,4,,,1,14,,1620807,4,,,1,15,,1620808,4,,,1,55,,1620809,4,,,1,14,,1620810,4,,,1,14,,1620811,4,,,1,17,,1620812,4,,,1,55,,1620813,4,,,1,15,,1620814,4,,,1,15,,1620815,4,,,1,15,,1620816,4,,,1,55,,1620817,4,,,1,15,,1620818,4,,,1,15,,1620819,4,,,1,15,,1620820,4,,,1,55,,1620821,4,,,1,10,,1620822,4,,,1,9,,1620823,4,,,1,9,,1620824,4,,,1,10,,1620825,4,,,1,9,,1620826,4,,,1,50,,1620827,4,,,1,10,,1620828,4,,,1,11,,1620829,4,,,1,12,,1620830,4,,,1,10,,1620831,4,,,1,10,,1620832,4,,,1,51,,1620833,4,,,1,11,,1620834,4,,,1,11,,1620835,4,,,1,16,,1620836,4,,,1,56,,1620837,4,,,1,18,,1620838,4,,,1,15,,1620839,4,,,1,18,,1620840,4,,,1,60,,1620841,4,,,1,19,,1620842,4,,,1,18,,1620843,4,,,1,58,,1620844,4,,,1,19,,1620783,4,,,1,18,,1620846,4,,,1,57,,1620847,4,,,1,19,,1620848,4,,,1,18,,1620849,4,,,1,18,,1620850,4,,,1,58,,1620851,4,,,1,17,,1620852,4,,,1,18,,1620853,4,,,1,59,,1620854,4,,,1,17,,1620855,4,,,1,17,,1620856,4,,,1,58,,1620857,4,,,1,17,,1620858,4,,,1,18,,1620859,4,,,1
80400,'20261010',650,,1558706,4,,,1,59,,1558659,4,,,1,18,,1558660,4,,,1,18,,1558661,4,,,1,58,,1558707,4,,,1,18,,1558711,4,,,1,18,,1558662,4,,,1,18,,1558663,4,,,1,57,,1558702,4,,,1,17,,1558712,4,,,1,18,,1558708,4,,,1,58,,1558703,4,,,1,17,,1558710,4,,,1,18,,1558664,4,,,1,16,,1558704,4,,,1,55,,1558665,4,,,1,14,,1558705,4,,,1,15,,1558666,4,,,1,14,,1558713,4,,,1,55,,1558667,4,,,1,15,,1558668,4,,,1,15,,1558669,4,,,1,15,,1558670,4,,,1,55,,1558671,4,,,1,15,,1558672,4,,,1,15,,1558673,4,,,1,15,,1558674,4,,,1,55,,1558675,4,,,1,15,,1558676,4,,,1,15,,1558677,4,,,1,15,,1558678,4,,,1,55,,1558679,4,,,1,15,,1558680,4,,,1,15,,1558681,4,,,1,15,,1558682,4,,,1,55,,1558683,4,,,1,14,,1558684,4,,,1,15,,1558685,4,,,1,15,,1558686,4,,,1,54,,1558687,4,,,1,16,,1558688,4,,,1,23,,1558689,4,,,1,56,,1558690,4,,,1,18,,1558714,4,,,1,18,,1558709,4,,,1,17,,1558715,4,,,1,58,,1558691,4,,,1,17,,1558716,4,,,1,18,,1558692,4,,,1,57,,1558693,4,,,1,18,,1558717,4,,,1,18,,1558694,4,,,1,58,,1558718,4,,,1,17,,1558695,4,,,1,18,,1558696,4,,,1,17,,1558719,4,,,1,58,,1558697,4,,,1,18,,1558720,4,,,1,18,,1558698,4,,,1,58,,1558699,4,,,1,18,,1558721,4,,,1,18,,1558700,4,,,1,18,,1558701,4,,,1,58,,1558722,4,,,1,18,,1558723,4,,,1
80400,'20261011',650,,1558772,4,,,1,59,,1558724,4,,,1,18,,1558776,4,,,1,18,,1558725,4,,,1,58,,1558726,4,,,1,18,,1558774,4,,,1,18,,1558727,4,,,1,18,,1558728,4,,,1,57,,1558730,4,,,1,17,,1558770,4,,,1,18,,1558777,4,,,1,58,,1558773,4,,,1,17,,1558732,4,,,1,18,,1558778,4,,,1,16,,1558729,4,,,1,55,,1558733,4,,,1,14,,1558731,4,,,1,15,,1558771,4,,,1,14,,1558734,4,,,1,55,,1558735,4,,,1,15,,1558736,4,,,1,15,,1558737,4,,,1,15,,1558738,4,,,1,55,,1558739,4,,,1,15,,1558740,4,,,1,15,,1558741,4,,,1,15,,1558742,4,,,1,55,,1558743,4,,,1,15,,1558744,4,,,1,15,,1558745,4,,,1,15,,1558746,4,,,1,55,,1558747,4,,,1,15,,1558748,4,,,1,15,,1558749,4,,,1,15,,1558750,4,,,1,55,,1558751,4,,,1,14,,1558752,4,,,1,15,,1558753,4,,,1,15,,1558754,4,,,1,54,,1558755,4,,,1,16,,1558756,4,,,1,23,,1558757,4,,,1,56,,1558779,4,,,1,18,,1558758,4,,,1,18,,1558775,4,,,1,17,,1558780,4,,,1,58,,1558760,4,,,1,17,,1558781,4,,,1,18,,1558762,4,,,1,57,,1558759,4,,,1,18,,1558783,4,,,1,18,,1558763,4,,,1,58,,1558784,4,,,1,17,,1558761,4,,,1,18,,1558764,4,,,1,17,,1558785,4,,,1,58,,1558765,4,,,1,18,,1558782,4,,,1,18,,1558766,4,,,1,58,,1558767,4,,,1,18,,1558786,4,,,1,18,,1558768,4,,,1,18,,1558769,4,,,1,58,,1558787,4,,,1,18,,1558788,4,,,1
80400,'20261012',650,,1558837,4,,,1,59,,1558789,4,,,1,18,,1558841,4,,,1,18,,1558790,4,,,1,58,,1558791,4,,,1,18,,1558839,4,,,1,18,,1558792,4,,,1,18,,1558793,4,,,1,57,,1558795,4,,,1,17,,1558835,4,,,1,18,,1558842,4,,,1,58,,1558838,4,,,1,17,,1558797,4,,,1,18,,1558843,4,,,1,16,,1558794,4,,,1,55,,1558798,4,,,1,14,,1558796,4,,,1,15,,1558836,4,,,1,14,,1558799,4,,,1,55,,1558800,4,,,1,15,,1558801,4,,,1,15,,1558802,4,,,1,15,,1558803,4,,,1,55,,1558804,4,,,1,15,,1558805,4,,,1,15,,1558806,4,,,1,15,,1558807,4,,,1,55,,1558808,4,,,1,15,,1558809,4,,,1,15,,1558810,4,,,1,15,,1558811,4,,,1,55,,1558812,4,,,1,15,,1558813,4,,,1,15,,1558814,4,,,1,15,,1558815,4,,,1,55,,1558816,4,,,1,14,,1558817,4,,,1,15,,1558818,4,,,1,15,,1558819,4,,,1,54,,1558820,4,,,1,16,,1558821,4,,,1,23,,1558822,4,,,1,56,,1558844,4,,,1,18,,1558823,4,,,1,18,,1558840,4,,,1,17,,1558845,4,,,1,58,,1558825,4,,,1,17,,1558846,4,,,1,18,,1558827,4,,,1,57,,1558824,4,,,1,18,,1558848,4,,,1,18,,1558828,4,,,1,58,,1558849,4,,,1,17,,1558826,4,,,1,18,,1558829,4,,,1,17,,1558850,4,,,1,58,,1558830,4,,,1,18,,1558847,4,,,1,18,,1558831,4,,,1,58,,1558832,4,,,1,18,,1558851,4,,,1,18,,1558833,4,,,1,18,,1558834,4,,,1,58,,1558852,4,,,1,18,,1558853,4,,,1
80400,'20261013',558,,1589086,4,,,1,55,,1589019,4,,,1,15,,1589021,4,,,1,14,,1589082,4,,,1,14,,1589031,4,,,1,53,,1589033,4,,,1,14,,1589034,4,,,1,13,,1589087,4,,,1,14,,1589035,4,,,1,55,,1589036,4,,,1,18,,1589037,4,,,1,18,,1589038,4,,,1,16,,1589040,4,,,1,56,,1589075,4,,,1,16,,1589079,4,,,1,13,,1589041,4,,,1,15,,1589042,4,,,1,53,,1589039,4,,,1,17,,1589076,4,,,1,14,,1589043,4,,,1,13,,1589044,4,,,1,54,,1589080,4,,,1,14,,1589046,4,,,1,14,,1589047,4,,,1,15,,1589048,4,,,1,55,,1589045,4,,,1,14,,1589049,4,,,1,14,,1589077,4,,,1,17,,1589050,4,,,1,55,,1589051,4,,,1,15,,1589052,4,,,1,15,,1589053,4,,,1,15,,1589084,4,,,1,55,,1589054,4,,,1,15,,1589056,4,,,1,15,,1589057,4,,,1,15,,1589058,4,,,1,55,,1589055,4,,,1,10,,1589059,4,,,1,9,,1589060,4,,,1,9,,1589093,4,,,1,10,,1589061,4,,,1,9,,1589062,4,,,1,50,,1589063,4,,,1,10,,1589064,4,,,1,11,,1589081,4,,,1,12,,1589065,4,,,1,10,,1589066,4,,,1,10,,1589067,4,,,1,51,,1589068,4,,,1,11,,1589069,4,,,1,11,,1589032,4,,,1,16,,1589030,4,,,1,56,,1589029,4,,,1,18,,1589070,4,,,1,15,,1589071,4,,,1,18,,1589092,4,,,1,60,,1589072,4,,,1,19,,1589074,4,,,1,18,,1589022,4,,,1,58,,1589078,4,,,1,19,,1589023,4,,,1,18,,1589083,4,,,1,57,,1589020,4,,,1,19,,1589085,4,,,1,18,,1589024,4,,,1,18,,1589025,4,,,1,58,,1589088,4,,,1,17,,1589026,4,,,1,18,,1589089,4,,,1,59,,1589027,4,,,1,17,,1589028,4,,,1,17,,1589090,4,,,1,58,,1589091,4,,,1,17,,1589073,4,,,1,18,,1589094,4,,,1
80400,'20261014',558,,1589162,4,,,1,55,,1589095,4,,,1,15,,1589097,4,,,1,14,,1589158,4,,,1,14,,1589107,4,,,1,53,,1589109,4,,,1,14,,1589110,4,,,1,13,,1589163,4,,,1,14,,1589111,4,,,1,55,,1589112,4,,,1,18,,1589113,4,,,1,18,,1589114,4,,,1,16,,1589116,4,,,1,56,,1589151,4,,,1,16,,1589155,4,,,1,13,,1589117,4,,,1,15,,1589118,4,,,1,53,,1589115,4,,,1,17,,1589152,4,,,1,14,,1589119,4,,,1,13,,1589120,4,,,1,54,,1589156,4,,,1,14,,1589122,4,,,1,14,,1589123,4,,,1,15,,1589124,4,,,1,55,,1589121,4,,,1,14,,1589125,4,,,1,14,,1589153,4,,,1,17,,1589126,4,,,1,55,,1589127,4,,,1,15,,1589128,4,,,1,15,,1589129,4,,,1,15,,1589160,4,,,1,55,,1589130,4,,,1,15,,1589132,4,,,1,15,,1589133,4,,,1,15,,1589134,4,,,1,55,,1589131,4,,,1,10,,1589135,4,,,1,9,,1589136,4,,,1,9,,1589169,4,,,1,10,,1589137,4,,,1,9,,1589138,4,,,1,50,,1589139,4,,,1,10,,1589140,4,,,1,11,,1589157,4,,,1,12,,1589141,4,,,1,10,,1589142,4,,,1,10,,1589143,4,,,1,51,,1589144,4,,,1,11,,1589145,4,,,1,11,,1589108,4,,,1,16,,1589106,4,,,1,56,,1589105,4,,,1,18,,1589146,4,,,1,15,,1589147,4,,,1,18,,1589168,4,,,1,60,,1589148,4,,,1,19,,1589150,4,,,1,18,,1589098,4,,,1,58,,1589154,4,,,1,19,,1589099,4,,,1,18,,1589159,4,,,1,57,,1589096,4,,,1,19,,1589161,4,,,1,18,,1589100,4,,,1,18,,1589101,4,,,1,58,,1589164,4,,,1,17,,1589102,4,,,1,18,,1589165,4,,,1,59,,1589103,4,,,1,17,,1589104,4,,,1,17,,1589166,4,,,1,58,,1589167,4,,,1,17,,1589149,4,,,1,18,,1589170,4,,,1
80400,'20261015',558,,1589238,4,,,1,55,,1589171,4,,,1,15,,1589173,4,,,1,14,,1589234,4,,,1,14,,1589183,4,,,1,53,,1589185,4,,,1,14,,1589186,4,,,1,13,,1589239,4,,,1,14,,1589187,4,,,1,55,,1589188,4,,,1,18,,1589189,4,,,1,18,,1589190,4,,,1,16,,1589192,4,,,1,56,,1589227,4,,,1,16,,1589231,4,,,1,13,,1589193,4,,,1,15,,1589194,4,,,1,53,,1589191,4,,,1,17,,1589228,4,,,1,14,,1589195,4,,,1,13,,1589196,4,,,1,54,,1589232,4,,,1,14,,1589198,4,,,1,14,,1589199,4,,,1,15,,1589200,4,,,1,55,,1589197,4,,,1,14,,1589201,4,,,1,14,,1589229,4,,,1,17,,1589202,4,,,1,55,,1589203,4,,,1,15,,1589204,4,,,1,15,,1589205,4,,,1,15,,1589236,4,,,1,55,,1589206,4,,,1,15,,1589208,4,,,1,15,,1589209,4,,,1,15,,1589210,4,,,1,55,,1589207,4,,,1,10,,1589211,4,,,1,9,,1589212,4,,,1,9,,1589245,4,,,1,10,,1589213,4,,,1,9,,1589214,4,,,1,50,,1589215,4,,,1,10,,1589216,4,,,1,11,,1589233,4,,,1,12,,1589217,4,,,1,10,,1589218,4,,,1,10,,1589219,4,,,1,51,,1589220,4,,,1,11,,1589221,4,,,1,11,,1589184,4,,,1,16,,1589182,4,,,1,56,,1589181,4,,,1,18,,1589222,4,,,1,15,,1589223,4,,,1,18,,1589244,4,,,1,60,,1589224,4,,,1,19,,1589226,4,,,1,18,,1589174,4,,,1,58,,1589230,4,,,1,19,,1589175,4,,,1,18,,1589235,4,,,1,57,,1589172,4,,,1,19,,1589237,4,,,1,18,,1589176,4,,,1,18,,1589177,4,,,1,58,,1589240,4,,,1,17,,1589178,4,,,1,18,,1589241,4,,,1,59,,1589179,4,,,1,17,,1589180,4,,,1,17,,1589242,4,,,1,58,,1589243,4,,,1,17,,1589225,4,,,1,18,,1589246,4,,,1
80400,'20261016',558,,1589314,4,,,1,55,,1589247,4,,,1,15,,1589249,4,,,1,14,,1589310,4,,,1,14,,1589259,4,,,1,53,,1589261,4,,,1,14,,1589262,4,,,1,13,,1589315,4,,,1,14,,1589263,4,,,1,55,,1589264,4,,,1,18,,1589265,4,,,1,18,,1589266,4,,,1,16,,1589268,4,,,1,56,,1589303,4,,,1,16,,1589307,4,,,1,13,,1589269,4,,,1,15,,1589270,4,,,1,53,,1589267,4,,,1,17,,1589304,4,,,1,14,,1589271,4,,,1,13,,1589272,4,,,1,54,,1589308,4,,,1,14,,1589274,4,,,1,14,,1589275,4,,,1,15,,1589276,4,,,1,55,,1589273,4,,,1,14,,1589277,4,,,1,14,,1589305,4,,,1,17,,1589278,4,,,1,55,,1589279,4,,,1,15,,1589280,4,,,1,15,,1589281,4,,,1,15,,1589312,4,,,1,55,,1589282,4,,,1,15,,1589284,4,,,1,15,,1589285,4,,,1,15,,1589286,4,,,1,55,,1589283,4,,,1,10,,1589287,4,,,1,9,,1589288,4,,,1,9,,1589321,4,,,1,10,,1589289,4,,,1,9,,1589290,4,,,1,50,,1589291,4,,,1,10,,1589292,4,,,1,11,,1589309,4,,,1,12,,1589293,4,,,1,10,,1589294,4,,,1,10,,1589295,4,,,1,51,,1589296,4,,,1,11,,1589297,4,,,1,11,,1589260,4,,,1,16,,1589258,4,,,1,56,,1589257,4,,,1,18,,1589298,4,,,1,15,,1589299,4,,,1,18,,1589320,4,,,1,60,,1589300,4,,,1,19,,1589302,4,,,1,18,,1589250,4,,,1,58,,1589306,4,,,1,19,,1589251,4,,,1,18,,1589311,4,,,1,57,,1589248,4,,,1,19,,1589313,4,,,1,18,,1589252,4,,,1,18,,1589253,4,,,1,58,,1589316,4,,,1,17,,1589254,4,,,1,18,,1589317,4,,,1,59,,1589255,4,,,1,17,,1589256,4,,,1,17,,1589318,4,,,1,58,,1589319,4,,,1,17,,1589301,4,,,1,18,,1589322,4,,,1
80400,'20261017',650,,1620907,4,,,1,59,,1620860,4,,,1,18,,1620861,4,,,1,18,,1620862,4,,,1,58,,1620908,4,,,1,18,,1620912,4,,,1,18,,1620863,4,,,1,18,,1620864,4,,,1,57,,1620903,4,,,1,17,,1620913,4,,,1,18,,1620909,4,,,1,58,,1620904,4,,,1,17,,1620911,4,,,1,18,,1620865,4,,,1,16,,1620905,4,,,1,55,,1620866,4,,,1,14,,1620906,4,,,1,15,,1620867,4,,,1,14,,1620914,4,,,1,55,,1620868,4,,,1,15,,1620869,4,,,1,15,,1620870,4,,,1,15,,1620871,4,,,1,55,,1620872,4,,,1,15,,1620873,4,,,1,15,,1620874,4,,,1,15,,1620875,4,,,1,55,,1620876,4,,,1,15,,1620877,4,,,1,15,,1620878,4,,,1,15,,1620879,4,,,1,55,,1620880,4,,,1,15,,1620881,4,,,1,15,,1620882,4,,,1,15,,1620883,4,,,1,55,,1620884,4,,,1,14,,1620885,4,,,1,15,,1620886,4,,,1,15,,1620887,4,,,1,54,,1620888,4,,,1,16,,1620889,4,,,1,23,,1620890,4,,,1,56,,1620891,4,,,1,18,,1620915,4,,,1,18,,1620910,4,,,1,17,,1620916,4,,,1,58,,1620892,4,,,1,17,,1620917,4,,,1,18,,1620893,4,,,1,57,,1620894,4,,,1,18,,1620918,4,,,1,18,,1620895,4,,,1,58,,1620919,4,,,1,17,,1620896,4,,,1,18,,1620897,4,,,1,17,,1620920,4,,,1,58,,1620898,4,,,1,18,,1620921,4,,,1,18,,1620899,4,,,1,58,,1620900,4,,,1,18,,1620922,4,,,1,18,,1620901,4,,,1,18,,1620902,4,,,1,58,,1620923,4,,,1,18,,1620924,4,,,1
80400,'20261018',650,,1620973,4,,,1,59,,1620925,4,,,1,18,,1620977,4,,,1,18,,1620926,4,,,1,58,,1620927,4,,,1,18,,1620975,4,,,1,18,,1620928,4,,,1,18,,1620929,4,,,1,57,,1620931,4,,,1,17,,1620971,4,,,1,18,,1620978,4,,,1,58,,1620974,4,,,1,17,,1620933,4,,,1,18,,1620979,4,,,1,16,,1620930,4,,,1,55,,1620934,4,,,1,14,,1620932,4,,,1,15,,1620972,4,,,1,14,,1620935,4,,,1,55,,1620936,4,,,1,15,,1620937,4,,,1,15,,1620938,4,,,1,15,,1620939,4,,,1,55,,1620940,4,,,1,15,,1620941,4,,,1,15,,1620942,4,,,1,15,,1620943,4,,,1,55,,1620944,4,,,1,15,,1620945,4,,,1,15,,1620946,4,,,1,15,,1620947,4,,,1,55,,1620948,4,,,1,15,,1620949,4,,,1,15,,1620950,4,,,1,15,,1620951,4,,,1,55,,1620952,4,,,1,14,,1620953,4,,,1,15,,1620954,4,,,1,15,,1620955,4,,,1,54,,1620956,4,,,1,16,,1620957,4,,,1,23,,1620958,4,,,1,56,,1620980,4,,,1,18,,1620959,4,,,1,18,,1620976,4,,,1,17,,1620981,4,,,1,58,,1620961,4,,,1,17,,1620982,4,,,1,18,,1620963,4,,,1,57,,1620960,4,,,1,18,,1620984,4,,,1,18,,1620964,4,,,1,58,,1620985,4,,,1,17,,1620962,4,,,1,18,,1620965,4,,,1,17,,1620986,4,,,1,58,,1620966,4,,,1,18,,1620983,4,,,1,18,,1620967,4,,,1,58,,1620968,4,,,1,18,,1620987,4,,,1,18,,1620969,4,,,1,18,,1620970,4,,,1,58,,1620988,4,,,1,18,,1620989,4,,,1
80400,'20261019',558,,1621057,4,,,1,55,,1620990,4,,,1,15,,1620992,4,,,1,14,,1621053,4,,,1,14,,1621002,4,,,1,53,,1621004,4,,,1,14,,1621005,4,,,1,13,,1621058,4,,,1,14,,1621006,4,,,1,55,,1621007,4,,,1,18,,1621008,4,,,1,18,,1621009,4,,,1,16,,1621011,4,,,1,56,,1621046,4,,,1,16,,1621050,4,,,1,13,,1621012,4,,,1,15,,1621013,4,,,1,53,,1621010,4,,,1,17,,1621047,4,,,1,14,,1621014,4,,,1,13,,1621015,4,,,1,54,,1621051,4,,,1,14,,1621017,4,,,1,14,,1621018,4,,,1,15,,1621019,4,,,1,55,,1621016,4,,,1,14,,1621020,4,,,1,14,,1621048,4,,,1,17,,1621021,4,,,1,55,,1621022,4,,,1,15,,1621023,4,,,1,15,,1621024,4,,,1,15,,1621055,4,,,1,55,,1621025,4,,,1,15,,1621027,4,,,1,15,,1621028,4,,,1,15,,1621029,4,,,1,55,,1621026,4,,,1,10,,1621030,4,,,1,9,,1621031,4,,,1,9,,1621064,4,,,1,10,,1621032,4,,,1,9,,1621033,4,,,1,50,,1621034,4,,,1,10,,1621035,4,,,1,11,,1621052,4,,,1,12,,1621036,4,,,1,10,,1621037,4,,,1,10,,1621038,4,,,1,51,,1621039,4,,,1,11,,1621040,4,,,1,11,,1621003,4,,,1,16,,1621001,4,,,1,56,,1621000,4,,,1,18,,1621041,4,,,1,15,,1621042,4,,,1,18,,1621063,4,,,1,60,,1621043,4,,,1,19,,1621045,4,,,1,18,,1620993,4,,,1,58,,1621049,4,,,1,19,,1620994,4,,,1,18,,1621054,4,,,1,57,,1620991,4,,,1,19,,1621056,4,,,1,18,,1620995,4,,,1,18,,1620996,4,,,1,58,,1621059,4,,,1,17,,1620997,4,,,1,18,,1621060,4,,,1,59,,1620998,4,,,1,17,,1620999,4,,,1,17,,1621061,4,,,1,58,,1621062,4,,,1,17,,1621044,4,,,1,18,,1621065,4,,,1
80400,'20261020',558,,1621133,4,,,1,55,,1621066,4,,,1,15,,1621068,4,,,1,14,,1621129,4,,,1,14,,1621078,4,,,1,53,,1621080,4,,,1,14,,1621081,4,,,1,13,,1621134,4,,,1,14,,1621082,4,,,1,55,,1621083,4,,,1,18,,1621084,4,,,1,18,,1621085,4,,,1,16,,1621087,4,,,1,56,,1621122,4,,,1,16,,1621126,4,,,1,13,,1621088,4,,,1,15,,1621089,4,,,1,53,,1621086,4,,,1,17,,1621123,4,,,1,14,,1621090,4,,,1,13,,1621091,4,,,1,54,,1621127,4,,,1,14,,1621093,4,,,1,14,,1621094,4,,,1,15,,1621095,4,,,1,55,,1621092,4,,,1,14,,1621096,4,,,1,14,,1621124,4,,,1,17,,1621097,4,,,1,55,,1621098,4,,,1,15,,1621099,4,,,1,15,,1621100,4,,,1,15,,1621131,4,,,1,55,,1621101,4,,,1,15,,1621103,4,,,1,15,,1621104,4,,,1,15,,1621105,4,,,1,55,,1621102,4,,,1,10,,1621106,4,,,1,9,,1621107,4,,,1,9,,1621140,4,,,1,10,,1621108,4,,,1,9,,1621109,4,,,1,50,,1621110,4,,,1,10,,1621111,4,,,1,11,,1621128,4,,,1,12,,1621112,4,,,1,10,,1621113,4,,,1,10,,1621114,4,,,1,51,,1621115,4,,,1,11,,1621116,4,,,1,11,,1621079,4,,,1,16,,1621077,4,,,1,56,,1621076,4,,,1,18,,1621117,4,,,1,15,,1621118,4,,,1,18,,1621139,4,,,1,60,,1621119,4,,,1,19,,1621121,4,,,1,18,,1621069,4,,,1,58,,1621125,4,,,1,19,,1621070,4,,,1,18,,1621130,4,,,1,57,,1621067,4,,,1,19,,1621132,4,,,1,18,,1621071,4,,,1,18,,1621072,4,,,1,58,,1621135,4,,,1,17,,1621073,4,,,1,18,,1621136,4,,,1,59,,1621074,4,,,1,17,,1621075,4,,,1,17,,1621137,4,,,1,58,,1621138,4,,,1,17,,1621120,4,,,1,18,,1621141,4,,,1
80502,'20261006',520,,1621745,11,,,0,10,,1621746,11,,,0,8,,1621747,11,,,0,9,,1621748,11,,,0,8,,1621749,11,,,0,49,,1621750,11,,,0,10,,1621751,11,,,0,9,,1621752,11,,,0,10,,1621753,11,,,0,8,,1621754,11,,,0,9,,1621755,11,,,0,9,,1621756,11,,,0,46,,1621757,11,,,0,7,,1621758,11,,,0,6,,1621759,11,,,0,8,,1621760,11,,,0,9,,1621761,11,,,0,7,,1621762,11,,,0,10,,1621763,11,,,0,50,,1621764,11,,,0,11,,1621765,11,,,0,11,,1621766,11,,,0,11,,1621767,11,,,0,11,,1621768,11,,,0,12,,1621769,11,,,0,50,,1621770,11,,,0,9,,1621771,11,,,0,10,,1621772,11,,,0,11,,1621773,11,,,0,10,,1621774,11,,,0,10,,1621775,11,,,0,50,,1621776,11,,,0,10,,1621777,11,,,0,10,,1621778,11,,,0,10,,1621779,11,,,0,10,,1621780,11,,,0,10,,1621781,11,,,0,50,,1621782,11,,,0,9,,1621783,11,,,0,10,,1621784,11,,,0,10,,1621785,11,,,0,10,,1621786,11,,,0,10,,1621787,11,,,0,50,,1621788,11,,,0,10,,1621789,11,,,0,10,,1621790,11,,,0,9,,1621791,11,,,0,10,,1621792,11,,,0,10,,1621793,11,,,0,50,,1621794,11,,,0,10,,1621795,11,,,0,9,,1621796,11,,,0,10,,1621797,11,,,0,9,,1621798,11,,,0,10,,1621799,11,,,0,51,,1621800,11,,,0,11,,1621801,11,,,0,9,,1621802,11,,,0,9,,1621803,11,,,0,5,,1621804,11,,,0,5,,1621805,11,,,0,4,,1621806,11,,,0,6,,1621807,11,,,0,46,,1621808,11,,,0,6,,1621809,11,,,0,7,,1621810,11,,,0,4,,1621811,11,,,0,7,,1621812,11,,,0,7,,1621813,11,,,0,7,,1621814,11,,,0,4,,1621815,11,,,0,5,,1621816,11,,,0,7,,1621817,11,,,0,48,,1621818,11,,,0,7,,1621819,11,,,0,6,,1621820,11,,,0,8,,1621821,11,,,0,8,,1621822,11,,,0,5,,1621823,11,,,0,10,,1621824,11,,,0,10,,1621825,11,,,0,48,,1621826,11,,,0,8,,1621827,11,,,0,6,,1621828,11,,,0,8,,1621829,11,,,0,8,,1621830,11,,,0,8,,1621831,11,,,0,10,,1621832,11,,,0,49,,1621833,11,,,0,12,,1621834,11,,,0,10,,1621835,11,,,0,10,,1621836,11,,,0,10,,1621837,11,,,0,13,,1621838,11,,,0,50,,1621839,11,,,0,11,,1621840,11,,,0,11,,1621841,11,,,0,10,,1621842,11,,,0,10,,1621843,11,,,0,10,,1621844,11,,,0,50,,1621845,11,,,0,10,,1621846,11,,,0,10,,1621847,11,,,0,10,,1621848,11,,,0,10,,1621849,11,,,0,10,,1621850,11,,,0,50,,1621851,11,,,0,10,,1621852,11,,,0,10,,1621853,11,,,0,10,,1621854,11,,,0,10,,1621855,11,,,0,11,,1621856,11,,,0,51,,1621857,11,,,0,12,,1621858,11,,,0,11,,1621859,11,,,0,9,,1621860,11,,,0,11,,1621861,11,,,0,50,,1621862,11,,,0,10,,1621863,11,,,0,10,,1621864,11,,,0,10,,1621865,11,,,0,10,,1621866,11,,,0,10,,1621867,11,,,0,50,,1621868,11,,,0,10,,1621869,11,,,0,10,,1621870,11,,,0,10,,1621871,11,,,0,10,,1621872,11,,,0,10,,1621873,11,,,0,50,,1621874,11,,,0,10,,1621875,11,,,0,9,,1621876,11,,,0
80502,'20261007',520,,1621878,11,,,0,10,,1621879,11,,,0,8,,1621880,11,,,0,9,,1621881,11,,,0,8,,1621882,11,,,0,49,,1621883,11,,,0,10,,1621884,11,,,0,9,,1621885,11,,,0,10,,1621886,11,,,0,8,,1621887,11,,,0,9,,1621888,11,,,0,9,,1621889,11,,,0,46,,1621890,11,,,0,7,,1621891,11,,,0,6,,1621892,11,,,0,8,,1621893,11,,,0,9,,1621894,11,,,0,7,,1621895,11,,,0,10,,1621896,11,,,0,50,,1621897,11,,,0,11,,1621898,11,,,0,11,,1621899,11,,,0,11,,1621900,11,,,0,11,,1621901,11,,,0,12,,1621902,11,,,0,50,,1621903,11,,,0,9,,1621904,11,,,0,10,,1621905,11,,,0,11,,1621906,11,,,0,10,,1621907,11,,,0,10,,1621908,11,,,0,50,,1621909,11,,,0,10,,1621910,11,,,0,10,,1621911,11,,,0,10,,1621912,11,,,0,10,,1621913,11,,,0,10,,1621914,11,,,0,50,,1621915,11,,,0,9,,1621916,11,,,0,10,,1621917,11,,,0,10,,1621918,11,,,0,10,,1621919,11,,,0,10,,1621920,11,,,0,50,,1621921,11,,,0,10,,1621922,11,,,0,10,,1621923,11,,,0,9,,1621924,11,,,0,10,,1621925,11,,,0,10,,1621926,11,,,0,50,,1621927,11,,,0,10,,1621928,11,,,0,9,,1621929,11,,,0,10,,1621930,11,,,0,9,,1621931,11,,,0,10,,1621932,11,,,0,51,,1621933,11,,,0,11,,1621934,11,,,0,9,,1621935,11,,,0,9,,1621936,11,,,0,5,,1621937,11,,,0,5,,1621938,11,,,0,4,,1621939,11,,,0,6,,1621940,11,,,0,46,,1621941,11,,,0,6,,1621942,11,,,0,7,,1621943,11,,,0,4,,1621944,11,,,0,7,,1621945,11,,,0,7,,1621946,11,,,0,7,,1621947,11,,,0,4,,1621948,11,,,0,5,,1621949,11,,,0,7,,1621950,11,,,0,48,,1621951,11,,,0,7,,1621952,11,,,0,6,,1621953,11,,,0,8,,1621954,11,,,0,8,,1621955,11,,,0,5,,1621956,11,,,0,10,,1621957,11,,,0,10,,1621958,11,,,0,48,,1621959,11,,,0,8,,1621960,11,,,0,6,,1621961,11,,,0,8,,1621962,11,,,0,8,,1621963,11,,,0,8,,1621964,11,,,0,10,,1621965,11,,,0,49,,1621966,11,,,0,12,,1621967,11,,,0,10,,1621968,11,,,0,10,,1621969,11,,,0,10,,1621970,11,,,0,13,,1621971,11,,,0,50,,1621972,11,,,0,11,,1621973,11,,,0,11,,1621974,11,,,0,10,,1621975,11,,,0,10,,1621976,11,,,0,10,,1621977,11,,,0,50,,1621978,11,,,0,10,,1621979,11,,,0,10,,1621980,11,,,0,10,,1621981,11,,,0,10,,1621982,11,,,0,10,,1621983,11,,,0,50,,1621984,11,,,0,10,,1621985,11,,,0,10,,1621986,11,,,0,10,,1621987,11,,,0,10,,1621988,11,,,0,11,,1621989,11,,,0,51,,1621990,11,,,0,12,,1621991,11,,,0,11,,1621992,11,,,0,9,,1621993,11,,,0,11,,1621994,11,,,0,50,,1621995,11,,,0,10,,1621996,11,,,0,10,,1621997,11,,,0,10,,1621998,11,,,0,10,,1621999,11,,,0,10,,1622000,11,,,0,50,,1622001,11,,,0,10,,1622002,11,,,0,10,,1622003,11,,,0,10,,1622004,11,,,0,10,,1622005,11,,,0,10,,1622006,11,,,0,50,,1622007,11,,,0,10,,1622008,11,,,0,9,,1622009,11,,,0
80502,'20261008',520,,1622011,11,,,0,10,,1622012,11,,,0,8,,1622013,11,,,0,9,,1622014,11,,,0,8,,1622015,11,,,0,49,,1622016,11,,,0,10,,1622017,11,,,0,9,,1622018,11,,,0,10,,1622019,11,,,0,8,,1622020,11,,,0,9,,1622021,11,,,0,9,,1622022,11,,,0,46,,1622023,11,,,0,7,,1622024,11,,,0,6,,1622025,11,,,0,8,,1622026,11,,,0,9,,1622027,11,,,0,7,,1622028,11,,,0,10,,1622029,11,,,0,50,,1622030,11,,,0,11,,1622031,11,,,0,11,,1622032,11,,,0,11,,1622033,11,,,0,11,,1622034,11,,,0,12,,1622035,11,,,0,50,,1622036,11,,,0,9,,1622037,11,,,0,10,,1622038,11,,,0,11,,1622039,11,,,0,10,,1622040,11,,,0,10,,1622041,11,,,0,50,,1622042,11,,,0,10,,1622043,11,,,0,10,,1622044,11,,,0,10,,1622045,11,,,0,10,,1622046,11,,,0,10,,1622047,11,,,0,50,,1622048,11,,,0,9,,1622049,11,,,0,10,,1622050,11,,,0,10,,1622051,11,,,0,10,,1622052,11,,,0,10,,1622053,11,,,0,50,,1622054,11,,,0,10,,1622055,11,,,0,10,,1622056,11,,,0,9,,1622057,11,,,0,10,,1622058,11,,,0,10,,1622059,11,,,0,50,,1622060,11,,,0,10,,1622061,11,,,0,9,,1622062,11,,,0,10,,1622063,11,,,0,9,,1622064,11,,,0,10,,1622065,11,,,0,51,,1622066,11,,,0,11,,1622067,11,,,0,9,,1622068,11,,,0,9,,1622069,11,,,0,5,,1622070,11,,,0,5,,1622071,11,,,0,4,,1622072,11,,,0,6,,1622073,11,,,0,46,,1622074,11,,,0,6,,1622075,11,,,0,7,,1622076,11,,,0,4,,1622077,11,,,0,7,,1622078,11,,,0,7,,1622079,11,,,0,7,,1622080,11,,,0,4,,1622081,11,,,0,5,,1622082,11,,,0,7,,1622083,11,,,0,48,,1622084,11,,,0,7,,1622085,11,,,0,6,,1622086,11,,,0,8,,1622087,11,,,0,8,,1622088,11,,,0,5,,1622089,11,,,0,10,,1622090,11,,,0,10,,1622091,11,,,0,48,,1622092,11,,,0,8,,1622093,11,,,0,6,,1622094,11,,,0,8,,1622095,11,,,0,8,,1622096,11,,,0,8,,1622097,11,,,0,10,,1622098,11,,,0,49,,1622099,11,,,0,12,,1622100,11,,,0,10,,1622101,11,,,0,10,,1622102,11,,,0,10,,1622103,11,,,0,13,,1622104,11,,,0,50,,1622105,11,,,0,11,,1622106,11,,,0,11,,1622107,11,,,0,10,,1622108,11,,,0,10,,1622109,11,,,0,10,,1622110,11,,,0,50,,1622111,11,,,0,10,,1622112,11,,,0,10,,1622113,11,,,0,10,,1622114,11,,,0,10,,1622115,11,,,0,10,,1622116,11,,,0,50,,1622117,11,,,0,10,,1622118,11,,,0,10,,1622119,11,,,0,10,,1622120,11,,,0,10,,1622121,11,,,0,11,,1622122,11,,,0,51,,1622123,11,,,0,12,,1622124,11,,,0,11,,1622125,11,,,0,9,,1622126,11,,,0,11,,1622127,11,,,0,50,,1622128,11,,,0,10,,1622129,11,,,0,10,,1622130,11,,,0,10,,1622131,11,,,0,10,,1622132,11,,,0,10,,1622133,11,,,0,50,,1622134,11,,,0,10,,1622135,11,,,0,10,,1622136,11,,,0,10,,1622137,11,,,0,10,,1622138,11,,,0,10,,1622139,11,,,0,50,,1622140,11,,,0,10,,1622141,11,,,0,9,,1622142,11,,,0
80502,'20261009',520,,1622144,11,,,0,10,,1622145,11,,,0,8,,1622146,11,,,0,9,,1622147,11,,,0,8,,1622148,11,,,0,49,,1622149,11,,,0,10,,1622150,11,,,0,9,,1622151,11,,,0,10,,1622152,11,,,0,8,,1622153,11,,,0,9,,1622154,11,,,0,9,,1622155,11,,,0,46,,1622156,11,,,0,7,,1622157,11,,,0,6,,1622158,11,,,0,8,,1622159,11,,,0,9,,1622160,11,,,0,7,,1622161,11,,,0,10,,1622162,11,,,0,50,,1622163,11,,,0,11,,1622164,11,,,0,11,,1622165,11,,,0,11,,1622166,11,,,0,11,,1622167,11,,,0,12,,1622168,11,,,0,50,,1622169,11,,,0,9,,1622170,11,,,0,10,,1622171,11,,,0,11,,1622172,11,,,0,10,,1622173,11,,,0,10,,1622174,11,,,0,50,,1622175,11,,,0,10,,1622176,11,,,0,10,,1622177,11,,,0,10,,1622178,11,,,0,10,,1622179,11,,,0,10,,1622180,11,,,0,50,,1622181,11,,,0,9,,1622182,11,,,0,10,,1622183,11,,,0,10,,1622184,11,,,0,10,,1622185,11,,,0,10,,1622186,11,,,0,50,,1622187,11,,,0,10,,1622188,11,,,0,10,,1622189,11,,,0,9,,1622190,11,,,0,10,,1622191,11,,,0,10,,1622192,11,,,0,50,,1622193,11,,,0,10,,1622194,11,,,0,9,,1622195,11,,,0,10,,1622196,11,,,0,9,,1622197,11,,,0,10,,1622198,11,,,0,51,,1622199,11,,,0,11,,1622200,11,,,0,9,,1622201,11,,,0,9,,1622202,11,,,0,5,,1622203,11,,,0,5,,1622204,11,,,0,4,,1622205,11,,,0,6,,1622206,11,,,0,46,,1622207,11,,,0,6,,1622208,11,,,0,7,,1622209,11,,,0,4,,1622210,11,,,0,7,,1622211,11,,,0,7,,1622212,11,,,0,7,,1622213,11,,,0,4,,1622214,11,,,0,5,,1622215,11,,,0,7,,1622216,11,,,0,48,,1622217,11,,,0,7,,1622218,11,,,0,6,,1622219,11,,,0,8,,1622220,11,,,0,8,,1622221,11,,,0,5,,1622222,11,,,0,10,,1622223,11,,,0,10,,1622224,11,,,0,48,,1622225,11,,,0,8,,1622226,11,,,0,6,,1622227,11,,,0,8,,1622228,11,,,0,8,,1622229,11,,,0,8,,1622230,11,,,0,10,,1622231,11,,,0,49,,1622232,11,,,0,12,,1622233,11,,,0,10,,1622234,11,,,0,10,,1622235,11,,,0,10,,1622236,11,,,0,13,,1622237,11,,,0,50,,1622238,11,,,0,11,,1622239,11,,,0,11,,1622240,11,,,0,10,,1622241,11,,,0,10,,1622242,11,,,0,10,,1622243,11,,,0,50,,1622244,11,,,0,10,,1622245,11,,,0,10,,1622246,11,,,0,10,,1622247,11,,,0,10,,1622248,11,,,0,10,,1622249,11,,,0,50,,1622250,11,,,0,10,,1622251,11,,,0,10,,1622252,11,,,0,10,,1622253,11,,,0,10,,1622254,11,,,0,11,,1622255,11,,,0,51,,1622256,11,,,0,12,,1622257,11,,,0,11,,1622258,11,,,0,9,,1622259,11,,,0,11,,1622260,11,,,0,50,,1622261,11,,,0,10,,1622262,11,,,0,10,,1622263,11,,,0,10,,1622264,11,,,0,10,,1622265,11,,,0,10,,1622266,11,,,0,50,,1622267,11,,,0,10,,1622268,11,,,0,10,,1622269,11,,,0,10,,1622270,11,,,0,10,,1622271,11,,,0,10,,1622272,11,,,0,50,,1622273,11,,,0,10,,1622274,11,,,0,9,,1622275,11,,,0
80502,'20261010',535,,1559798,11,,,0,10,,1559682,11,,,0,10,,1559775,11,,,0,49,,1559683,11,,,0,10,,1559769,11,,,0,9,,1559776,11,,,0,10,,1559684,11,,,0,9,,1559685,11,,,0,11,,1559777,11,,,0,49,,1559799,11,,,0,8,,1559686,11,,,0,10,,1559770,11,,,0,9,,1559778,11,,,0,10,,1559687,11,,,0,10,,1559688,11,,,0,10,,1559689,11,,,0,49,,1559690,11,,,0,10,,1559771,11,,,0,10,,1559779,11,,,0,9,,1559691,11,,,0,9,,1559692,11,,,0,11,,1559693,11,,,0,50,,1559694,11,,,0,10,,1559695,11,,,0,10,,1559780,11,,,0,10,,1559696,11,,,0,11,,1559697,11,,,0,10,,1559698,11,,,0,50,,1559699,11,,,0,10,,1559700,11,,,0,10,,1559781,11,,,0,10,,1559701,11,,,0,10,,1559702,11,,,0,10,,1559703,11,,,0,50,,1559704,11,,,0,10,,1559705,11,,,0,10,,1559782,11,,,0,10,,1559706,11,,,0,10,,1559707,11,,,0,10,,1559708,11,,,0,50,,1559710,11,,,0,10,,1559711,11,,,0,10,,1559783,11,,,0,10,,1559712,11,,,0,10,,1559709,11,,,0,10,,1559713,11,,,0,49,,1559714,11,,,0,10,,1559715,11,,,0,8,,1559784,11,,,0,10,,1559716,11,,,0,10,,1559717,11,,,0,10,,1559718,11,,,0,49,,1559719,11,,,0,10,,1559720,11,,,0,10,,1559721,11,,,0,10,,1559722,11,,,0,9,,1559723,11,,,0,9,,1559724,11,,,0,50,,1559725,11,,,0,10,,1559726,11,,,0,10,,1559727,11,,,0,10,,1559728,11,,,0,10,,1559729,11,,,0,10,,1559730,11,,,0,50,,1559731,11,,,0,10,,1559732,11,,,0,10,,1559733,11,,,0,10,,1559734,11,,,0,12,,1559774,11,,,0,10,,1559735,11,,,0,50,,1559736,11,,,0,11,,1559737,11,,,0,11,,1559738,11,,,0,9,,1559740,11,,,0,9,,1559741,11,,,0,10,,1559742,11,,,0,51,,1559773,11,,,0,10,,1559743,11,,,0,11,,1559744,11,,,0,10,,1559745,11,,,0,10,,1559785,11,,,0,11,,1559739,11,,,0,50,,1559746,11,,,0,10,,1559786,11,,,0,10,,1559747,11,,,0,10,,1559748,11,,,0,11,,1559787,11,,,0,10,,1559749,11,,,0,50,,1559750,11,,,0,11,,1559788,11,,,0,11,,1559751,11,,,0,10,,1559752,11,,,0,11,,1559789,11,,,0,50,,1559753,11,,,0,10,,1559754,11,,,0,10,,1559790,11,,,0,11,,1559755,11,,,0,10,,1559772,11,,,0,11,,1559791,11,,,0,49,,1559756,11,,,0,12,,1559757,11,,,0,10,,1559792,11,,,0,10,,1559758,11,,,0,10,,1559759,11,,,0,10,,1559793,11,,,0,50,,1559760,11,,,0,10,,1559761,11,,,0,10,,1559794,11,,,0,10,,1559762,11,,,0,10,,1559763,11,,,0,10,,1559795,11,,,0,50,,1559764,11,,,0,10,,1559765,11,,,0,11,,1559796,11,,,0,11,,1559768,11,,,0,10,,1559766,11,,,0,10,,1559797,11,,,0,50,,1559767,11,,,0
80502,'20261011',535,,1559917,11,,,0,10,,1559885,11,,,0,10,,1559893,11,,,0,49,,1559884,11,,,0,10,,1559886,11,,,0,9,,1559894,11,,,0,10,,1559883,11,,,0,9,,1559882,11,,,0,11,,1559895,11,,,0,49,,1559880,11,,,0,8,,1559879,11,,,0,10,,1559881,11,,,0,9,,1559896,11,,,0,10,,1559877,11,,,0,10,,1559865,11,,,0,10,,1559864,11,,,0,49,,1559869,11,,,0,10,,1559868,11,,,0,10,,1559897,11,,,0,9,,1559857,11,,,0,9,,1559860,11,,,0,11,,1559858,11,,,0,50,,1559872,11,,,0,10,,1559871,11,,,0,10,,1559898,11,,,0,10,,1559873,11,,,0,11,,1559856,11,,,0,10,,1559862,11,,,0,50,,1559878,11,,,0,10,,1559867,11,,,0,10,,1559899,11,,,0,10,,1559859,11,,,0,10,,1559863,11,,,0,10,,1559861,11,,,0,50,,1559875,11,,,0,10,,1559870,11,,,0,10,,1559900,11,,,0,10,,1559874,11,,,0,10,,1559876,11,,,0,10,,1559866,11,,,0,50,,1559849,11,,,0,10,,1559846,11,,,0,10,,1559901,11,,,0,10,,1559840,11,,,0,10,,1559848,11,,,0,10,,1559852,11,,,0,49,,1559845,11,,,0,10,,1559843,11,,,0,8,,1559902,11,,,0,10,,1559851,11,,,0,10,,1559841,11,,,0,10,,1559847,11,,,0,49,,1559844,11,,,0,10,,1559854,11,,,0,10,,1559855,11,,,0,10,,1559839,11,,,0,9,,1559842,11,,,0,9,,1559838,11,,,0,50,,1559850,11,,,0,10,,1559853,11,,,0,10,,1559831,11,,,0,10,,1559826,11,,,0,10,,1559830,11,,,0,10,,1559835,11,,,0,50,,1559825,11,,,0,10,,1559828,11,,,0,10,,1559824,11,,,0,10,,1559823,11,,,0,12,,1559822,11,,,0,10,,1559891,11,,,0,50,,1559834,11,,,0,11,,1559837,11,,,0,11,,1559836,11,,,0,9,,1559833,11,,,0,9,,1559827,11,,,0,10,,1559832,11,,,0,51,,1559829,11,,,0,10,,1559820,11,,,0,11,,1559887,11,,,0,10,,1559814,11,,,0,10,,1559903,11,,,0,11,,1559812,11,,,0,50,,1559821,11,,,0,10,,1559904,11,,,0,10,,1559811,11,,,0,10,,1559905,11,,,0,11,,1559818,11,,,0,10,,1559819,11,,,0,50,,1559906,11,,,0,11,,1559816,11,,,0,11,,1559813,11,,,0,10,,1559907,11,,,0,11,,1559815,11,,,0,50,,1559817,11,,,0,10,,1559908,11,,,0,10,,1559810,11,,,0,11,,1559809,11,,,0,10,,1559909,11,,,0,11,,1559806,11,,,0,49,,1559804,11,,,0,12,,1559910,11,,,0,10,,1559801,11,,,0,10,,1559890,11,,,0,10,,1559911,11,,,0,10,,1559802,11,,,0,50,,1559800,11,,,0,10,,1559913,11,,,0,10,,1559808,11,,,0,10,,1559803,11,,,0,10,,1559914,11,,,0,10,,1559805,11,,,0,50,,1559807,11,,,0,10,,1559915,11,,,0,11,,1559889,11,,,0,11,,1559888,11,,,0,10,,1559912,11,,,0,10,,1559892,11,,,0,50,,1559916,11,,,0
80502,'20261012',535,,1560035,11,,,0,10,,1560003,11,,,0,10,,1560011,11,,,0,49,,1560002,11,,,0,10,,1560004,11,,,0,9,,1560012,11,,,0,10,,1560001,11,,,0,9,,1560000,11,,,0,11,,1560013,11,,,0,49,,1559998,11,,,0,8,,1559997,11,,,0,10,,1559999,11,,,0,9,,1560014,11,,,0,10,,1559995,11,,,0,10,,1559983,11,,,0,10,,1559982,11,,,0,49,,1559987,11,,,0,10,,1559986,11,,,0,10,,1560015,11,,,0,9,,1559975,11,,,0,9,,1559978,11,,,0,11,,1559976,11,,,0,50,,1559990,11,,,0,10,,1559989,11,,,0,10,,1560016,11,,,0,10,,1559991,11,,,0,11,,1559974,11,,,0,10,,1559980,11,,,0,50,,1559996,11,,,0,10,,1559985,11,,,0,10,,1560017,11,,,0,10,,1559977,11,,,0,10,,1559981,11,,,0,10,,1559979,11,,,0,50,,1559993,11,,,0,10,,1559988,11,,,0,10,,1560018,11,,,0,10,,1559992,11,,,0,10,,1559994,11,,,0,10,,1559984,11,,,0,50,,1559967,11,,,0,10,,1559964,11,,,0,10,,1560019,11,,,0,10,,1559958,11,,,0,10,,1559966,11,,,0,10,,1559970,11,,,0,49,,1559963,11,,,0,10,,1559961,11,,,0,8,,1560020,11,,,0,10,,1559969,11,,,0,10,,1559959,11,,,0,10,,1559965,11,,,0,49,,1559962,11,,,0,10,,1559972,11,,,0,10,,1559973,11,,,0,10,,1559957,11,,,0,9,,1559960,11,,,0,9,,1559956,11,,,0,50,,1559968,11,,,0,10,,1559971,11,,,0,10,,1559949,11,,,0,10,,1559944,11,,,0,10,,1559948,11,,,0,10,,1559953,11,,,0,50,,1559943,11,,,0,10,,1559946,11,,,0,10,,1559942,11,,,0,10,,1559941,11,,,0,12,,1559940,11,,,0,10,,1560009,11,,,0,50,,1559952,11,,,0,11,,1559955,11,,,0,11,,1559954,11,,,0,9,,1559951,11,,,0,9,,1559945,11,,,0,10,,1559950,11,,,0,51,,1559947,11,,,0,10,,1559938,11,,,0,11,,1560005,11,,,0,10,,1559932,11,,,0,10,,1560021,11,,,0,11,,1559930,11,,,0,50,,1559939,11,,,0,10,,1560022,11,,,0,10,,1559929,11,,,0,10,,1560023,11,,,0,11,,1559936,11,,,0,10,,1559937,11,,,0,50,,1560024,11,,,0,11,,1559934,11,,,0,11,,1559931,11,,,0,10,,1560025,11,,,0,11,,1559933,11,,,0,50,,1559935,11,,,0,10,,1560026,11,,,0,10,,1559928,11,,,0,11,,1559927,11,,,0,10,,1560027,11,,,0,11,,1559924,11,,,0,49,,1559922,11,,,0,12,,1560028,11,,,0,10,,1559919,11,,,0,10,,1560008,11,,,0,10,,1560029,11,,,0,10,,1559920,11,,,0,50,,1559918,11,,,0,10,,1560031,11,,,0,10,,1559926,11,,,0,10,,1559921,11,,,0,10,,1560032,11,,,0,10,,1559923,11,,,0,50,,1559925,11,,,0,10,,1560033,11,,,0,11,,1560007,11,,,0,11,,1560006,11,,,0,10,,1560030,11,,,0,10,,1560010,11,,,0,50,,1560034,11,,,0
80502,'20261013',520,,1590551,11,,,0,10,,1590423,11,,,0,8,,1590424,11,,,0,9,,1590426,11,,,0,8,,1590427,11,,,0,49,,1590428,11,,,0,10,,1590554,11,,,0,9,,1590429,11,,,0,10,,1590430,11,,,0,8,,1590431,11,,,0,9,,1590425,11,,,0,9,,1590552,11,,,0,46,,1590553,11,,,0,7,,1590432,11,,,0,6,,1590433,11,,,0,8,,1590434,11,,,0,9,,1590436,11,,,0,7,,1590437,11,,,0,10,,1590438,11,,,0,50,,1590435,11,,,0,11,,1590439,11,,,0,11,,1590440,11,,,0,11,,1590441,11,,,0,11,,1590442,11,,,0,12,,1590530,11,,,0,50,,1590443,11,,,0,9,,1590444,11,,,0,10,,1590531,11,,,0,11,,1590445,11,,,0,10,,1590446,11,,,0,10,,1590532,11,,,0,50,,1590447,11,,,0,10,,1590448,11,,,0,10,,1590533,11,,,0,10,,1590449,11,,,0,10,,1590450,11,,,0,10,,1590534,11,,,0,50,,1590451,11,,,0,9,,1590452,11,,,0,10,,1590535,11,,,0,10,,1590454,11,,,0,10,,1590455,11,,,0,10,,1590456,11,,,0,50,,1590457,11,,,0,10,,1590536,11,,,0,10,,1590458,11,,,0,9,,1590459,11,,,0,10,,1590453,11,,,0,10,,1590460,11,,,0,50,,1590461,11,,,0,10,,1590462,11,,,0,9,,1590464,11,,,0,10,,1590463,11,,,0,9,,1590465,11,,,0,10,,1590466,11,,,0,51,,1590467,11,,,0,11,,1590468,11,,,0,9,,1590469,11,,,0,9,,1590470,11,,,0,5,,1590471,11,,,0,5,,1590472,11,,,0,4,,1590473,11,,,0,6,,1590474,11,,,0,46,,1590529,11,,,0,6,,1590475,11,,,0,7,,1590523,11,,,0,4,,1590476,11,,,0,7,,1590479,11,,,0,7,,1590480,11,,,0,7,,1590481,11,,,0,4,,1590482,11,,,0,5,,1590527,11,,,0,7,,1590478,11,,,0,48,,1590477,11,,,0,7,,1590484,11,,,0,6,,1590485,11,,,0,8,,1590486,11,,,0,8,,1590483,11,,,0,5,,1590487,11,,,0,10,,1590488,11,,,0,10,,1590489,11,,,0,48,,1590490,11,,,0,8,,1590491,11,,,0,6,,1590492,11,,,0,8,,1590493,11,,,0,8,,1590494,11,,,0,8,,1590495,11,,,0,10,,1590537,11,,,0,49,,1590496,11,,,0,12,,1590497,11,,,0,10,,1590498,11,,,0,10,,1590538,11,,,0,10,,1590500,11,,,0,13,,1590501,11,,,0,50,,1590539,11,,,0,11,,1590502,11,,,0,11,,1590540,11,,,0,10,,1590499,11,,,0,10,,1590503,11,,,0,10,,1590542,11,,,0,50,,1590504,11,,,0,10,,1590505,11,,,0,10,,1590506,11,,,0,10,,1590507,11,,,0,10,,1590508,11,,,0,10,,1590543,11,,,0,50,,1590509,11,,,0,10,,1590510,11,,,0,10,,1590544,11,,,0,10,,1590511,11,,,0,10,,1590513,11,,,0,11,,1590541,11,,,0,51,,1590514,11,,,0,12,,1590515,11,,,0,11,,1590545,11,,,0,9,,1590512,11,,,0,11,,1590516,11,,,0,50,,1590546,11,,,0,10,,1590517,11,,,0,10,,1590526,11,,,0,10,,1590547,11,,,0,10,,1590518,11,,,0,10,,1590519,11,,,0,50,,1590548,11,,,0,10,,1590524,11,,,0,10,,1590520,11,,,0,10,,1590549,11,,,0,10,,1590521,11,,,0,10,,1590522,11,,,0,50,,1590550,11,,,0,10,,1590525,11,,,0,9,,1590528,11,,,0
80502,'20261014',520,,1590683,11,,,0,10,,1590555,11,,,0,8,,1590556,11,,,0,9,,1590558,11,,,0,8,,1590559,11,,,0,49,,1590560,11,,,0,10,,1590686,11,,,0,9,,1590561,11,,,0,10,,1590562,11,,,0,8,,1590563,11,,,0,9,,1590557,11,,,0,9,,1590684,11,,,0,46,,1590685,11,,,0,7,,1590564,11,,,0,6,,1590565,11,,,0,8,,1590566,11,,,0,9,,1590568,11,,,0,7,,1590569,11,,,0,10,,1590570,11,,,0,50,,1590567,11,,,0,11,,1590571,11,,,0,11,,1590572,11,,,0,11,,1590573,11,,,0,11,,1590574,11,,,0,12,,1590662,11,,,0,50,,1590575,11,,,0,9,,1590576,11,,,0,10,,1590663,11,,,0,11,,1590577,11,,,0,10,,1590578,11,,,0,10,,1590664,11,,,0,50,,1590579,11,,,0,10,,1590580,11,,,0,10,,1590665,11,,,0,10,,1590581,11,,,0,10,,1590582,11,,,0,10,,1590666,11,,,0,50,,1590583,11,,,0,9,,1590584,11,,,0,10,,1590667,11,,,0,10,,1590586,11,,,0,10,,1590587,11,,,0,10,,1590588,11,,,0,50,,1590589,11,,,0,10,,1590668,11,,,0,10,,1590590,11,,,0,9,,1590591,11,,,0,10,,1590585,11,,,0,10,,1590592,11,,,0,50,,1590593,11,,,0,10,,1590594,11,,,0,9,,1590596,11,,,0,10,,1590595,11,,,0,9,,1590597,11,,,0,10,,1590598,11,,,0,51,,1590599,11,,,0,11,,1590600,11,,,0,9,,1590601,11,,,0,9,,1590602,11,,,0,5,,1590603,11,,,0,5,,1590604,11,,,0,4,,1590605,11,,,0,6,,1590606,11,,,0,46,,1590661,11,,,0,6,,1590607,11,,,0,7,,1590655,11,,,0,4,,1590608,11,,,0,7,,1590611,11,,,0,7,,1590612,11,,,0,7,,1590613,11,,,0,4,,1590614,11,,,0,5,,1590659,11,,,0,7,,1590610,11,,,0,48,,1590609,11,,,0,7,,1590616,11,,,0,6,,1590617,11,,,0,8,,1590618,11,,,0,8,,1590615,11,,,0,5,,1590619,11,,,0,10,,1590620,11,,,0,10,,1590621,11,,,0,48,,1590622,11,,,0,8,,1590623,11,,,0,6,,1590624,11,,,0,8,,1590625,11,,,0,8,,1590626,11,,,0,8,,1590627,11,,,0,10,,1590669,11,,,0,49,,1590628,11,,,0,12,,1590629,11,,,0,10,,1590630,11,,,0,10,,1590670,11,,,0,10,,1590632,11,,,0,13,,1590633,11,,,0,50,,1590671,11,,,0,11,,1590634,11,,,0,11,,1590672,11,,,0,10,,1590631,11,,,0,10,,1590635,11,,,0,10,,1590674,11,,,0,50,,1590636,11,,,0,10,,1590637,11,,,0,10,,1590638,11,,,0,10,,1590639,11,,,0,10,,1590640,11,,,0,10,,1590675,11,,,0,50,,1590641,11,,,0,10,,1590642,11,,,0,10,,1590676,11,,,0,10,,1590643,11,,,0,10,,1590645,11,,,0,11,,1590673,11,,,0,51,,1590646,11,,,0,12,,1590647,11,,,0,11,,1590677,11,,,0,9,,1590644,11,,,0,11,,1590648,11,,,0,50,,1590678,11,,,0,10,,1590649,11,,,0,10,,1590658,11,,,0,10,,1590679,11,,,0,10,,1590650,11,,,0,10,,1590651,11,,,0,50,,1590680,11,,,0,10,,1590656,11,,,0,10,,1590652,11,,,0,10,,1590681,11,,,0,10,,1590653,11,,,0,10,,1590654,11,,,0,50,,1590682,11,,,0,10,,1590657,11,,,0,9,,1590660,11,,,0
80502,'20261015',520,,1590815,11,,,0,10,,1590687,11,,,0,8,,1590688,11,,,0,9,,1590690,11,,,0,8,,1590691,11,,,0,49,,1590692,11,,,0,10,,1590818,11,,,0,9,,1590693,11,,,0,10,,1590694,11,,,0,8,,1590695,11,,,0,9,,1590689,11,,,0,9,,1590816,11,,,0,46,,1590817,11,,,0,7,,1590696,11,,,0,6,,1590697,11,,,0,8,,1590698,11,,,0,9,,1590700,11,,,0,7,,1590701,11,,,0,10,,1590702,11,,,0,50,,1590699,11,,,0,11,,1590703,11,,,0,11,,1590704,11,,,0,11,,1590705,11,,,0,11,,1590706,11,,,0,12,,1590794,11,,,0,50,,1590707,11,,,0,9,,1590708,11,,,0,10,,1590795,11,,,0,11,,1590709,11,,,0,10,,1590710,11,,,0,10,,1590796,11,,,0,50,,1590711,11,,,0,10,,1590712,11,,,0,10,,1590797,11,,,0,10,,1590713,11,,,0,10,,1590714,11,,,0,10,,1590798,11,,,0,50,,1590715,11,,,0,9,,1590716,11,,,0,10,,1590799,11,,,0,10,,1590718,11,,,0,10,,1590719,11,,,0,10,,1590720,11,,,0,50,,1590721,11,,,0,10,,1590800,11,,,0,10,,1590722,11,,,0,9,,1590723,11,,,0,10,,1590717,11,,,0,10,,1590724,11,,,0,50,,1590725,11,,,0,10,,1590726,11,,,0,9,,1590728,11,,,0,10,,1590727,11,,,0,9,,1590729,11,,,0,10,,1590730,11,,,0,51,,1590731,11,,,0,11,,1590732,11,,,0,9,,1590733,11,,,0,9,,1590734,11,,,0,5,,1590735,11,,,0,5,,1590736,11,,,0,4,,1590737,11,,,0,6,,1590738,11,,,0,46,,1590793,11,,,0,6,,1590739,11,,,0,7,,1590787,11,,,0,4,,1590740,11,,,0,7,,1590743,11,,,0,7,,1590744,11,,,0,7,,1590745,11,,,0,4,,1590746,11,,,0,5,,1590791,11,,,0,7,,1590742,11,,,0,48,,1590741,11,,,0,7,,1590748,11,,,0,6,,1590749,11,,,0,8,,1590750,11,,,0,8,,1590747,11,,,0,5,,1590751,11,,,0,10,,1590752,11,,,0,10,,1590753,11,,,0,48,,1590754,11,,,0,8,,1590755,11,,,0,6,,1590756,11,,,0,8,,1590757,11,,,0,8,,1590758,11,,,0,8,,1590759,11,,,0,10,,1590801,11,,,0,49,,1590760,11,,,0,12,,1590761,11,,,0,10,,1590762,11,,,0,10,,1590802,11,,,0,10,,1590764,11,,,0,13,,1590765,11,,,0,50,,1590803,11,,,0,11,,1590766,11,,,0,11,,1590804,11,,,0,10,,1590763,11,,,0,10,,1590767,11,,,0,10,,1590806,11,,,0,50,,1590768,11,,,0,10,,1590769,11,,,0,10,,1590770,11,,,0,10,,1590771,11,,,0,10,,1590772,11,,,0,10,,1590807,11,,,0,50,,1590773,11,,,0,10,,1590774,11,,,0,10,,1590808,11,,,0,10,,1590775,11,,,0,10,,1590777,11,,,0,11,,1590805,11,,,0,51,,1590778,11,,,0,12,,1590779,11,,,0,11,,1590809,11,,,0,9,,1590776,11,,,0,11,,1590780,11,,,0,50,,1590810,11,,,0,10,,1590781,11,,,0,10,,1590790,11,,,0,10,,1590811,11,,,0,10,,1590782,11,,,0,10,,1590783,11,,,0,50,,1590812,11,,,0,10,,1590788,11,,,0,10,,1590784,11,,,0,10,,1590813,11,,,0,10,,1590785,11,,,0,10,,1590786,11,,,0,50,,1590814,11,,,0,10,,1590789,11,,,0,9,,1590792,11,,,0
80502,'20261016',520,,1590947,11,,,0,10,,1590819,11,,,0,8,,1590820,11,,,0,9,,1590822,11,,,0,8,,1590823,11,,,0,49,,1590824,11,,,0,10,,1590950,11,,,0,9,,1590825,11,,,0,10,,1590826,11,,,0,8,,1590827,11,,,0,9,,1590821,11,,,0,9,,1590948,11,,,0,46,,1590949,11,,,0,7,,1590828,11,,,0,6,,1590829,11,,,0,8,,1590830,11,,,0,9,,1590832,11,,,0,7,,1590833,11,,,0,10,,1590834,11,,,0,50,,1590831,11,,,0,11,,1590835,11,,,0,11,,1590836,11,,,0,11,,1590837,11,,,0,11,,1590838,11,,,0,12,,1590926,11,,,0,50,,1590839,11,,,0,9,,1590840,11,,,0,10,,1590927,11,,,0,11,,1590841,11,,,0,10,,1590842,11,,,0,10,,1590928,11,,,0,50,,1590843,11,,,0,10,,1590844,11,,,0,10,,1590929,11,,,0,10,,1590845,11,,,0,10,,1590846,11,,,0,10,,1590930,11,,,0,50,,1590847,11,,,0,9,,1590848,11,,,0,10,,1590931,11,,,0,10,,1590850,11,,,0,10,,1590851,11,,,0,10,,1590852,11,,,0,50,,1590853,11,,,0,10,,1590932,11,,,0,10,,1590854,11,,,0,9,,1590855,11,,,0,10,,1590849,11,,,0,10,,1590856,11,,,0,50,,1590857,11,,,0,10,,1590858,11,,,0,9,,1590860,11,,,0,10,,1590859,11,,,0,9,,1590861,11,,,0,10,,1590862,11,,,0,51,,1590863,11,,,0,11,,1590864,11,,,0,9,,1590865,11,,,0,9,,1590866,11,,,0,5,,1590867,11,,,0,5,,1590868,11,,,0,4,,1590869,11,,,0,6,,1590870,11,,,0,46,,1590925,11,,,0,6,,1590871,11,,,0,7,,1590919,11,,,0,4,,1590872,11,,,0,7,,1590875,11,,,0,7,,1590876,11,,,0,7,,1590877,11,,,0,4,,1590878,11,,,0,5,,1590923,11,,,0,7,,1590874,11,,,0,48,,1590873,11,,,0,7,,1590880,11,,,0,6,,1590881,11,,,0,8,,1590882,11,,,0,8,,1590879,11,,,0,5,,1590883,11,,,0,10,,1590884,11,,,0,10,,1590885,11,,,0,48,,1590886,11,,,0,8,,1590887,11,,,0,6,,1590888,11,,,0,8,,1590889,11,,,0,8,,1590890,11,,,0,8,,1590891,11,,,0,10,,1590933,11,,,0,49,,1590892,11,,,0,12,,1590893,11,,,0,10,,1590894,11,,,0,10,,1590934,11,,,0,10,,1590896,11,,,0,13,,1590897,11,,,0,50,,1590935,11,,,0,11,,1590898,11,,,0,11,,1590936,11,,,0,10,,1590895,11,,,0,10,,1590899,11,,,0,10,,1590938,11,,,0,50,,1590900,11,,,0,10,,1590901,11,,,0,10,,1590902,11,,,0,10,,1590903,11,,,0,10,,1590904,11,,,0,10,,1590939,11,,,0,50,,1590905,11,,,0,10,,1590906,11,,,0,10,,1590940,11,,,0,10,,1590907,11,,,0,10,,1590909,11,,,0,11,,1590937,11,,,0,51,,1590910,11,,,0,12,,1590911,11,,,0,11,,1590941,11,,,0,9,,1590908,11,,,0,11,,1590912,11,,,0,50,,1590942,11,,,0,10,,1590913,11,,,0,10,,1590922,11,,,0,10,,1590943,11,,,0,10,,1590914,11,,,0,10,,1590915,11,,,0,50,,1590944,11,,,0,10,,1590920,11,,,0,10,,1590916,11,,,0,10,,1590945,11,,,0,10,,1590917,11,,,0,10,,1590918,11,,,0,50,,1590946,11,,,0,10,,1590921,11,,,0,9,,1590924,11,,,0
80502,'20261017',535,,1622392,11,,,0,10,,1622276,11,,,0,10,,1622369,11,,,0,49,,1622277,11,,,0,10,,1622363,11,,,0,9,,1622370,11,,,0,10,,1622278,11,,,0,9,,1622279,11,,,0,11,,1622371,11,,,0,49,,1622393,11,,,0,8,,1622280,11,,,0,10,,1622364,11,,,0,9,,1622372,11,,,0,10,,1622281,11,,,0,10,,1622282,11,,,0,10,,1622283,11,,,0,49,,1622284,11,,,0,10,,1622365,11,,,0,10,,1622373,11,,,0,9,,1622285,11,,,0,9,,1622286,11,,,0,11,,1622287,11,,,0,50,,1622288,11,,,0,10,,1622289,11,,,0,10,,1622374,11,,,0,10,,1622290,11,,,0,11,,1622291,11,,,0,10,,1622292,11,,,0,50,,1622293,11,,,0,10,,1622294,11,,,0,10,,1622375,11,,,0,10,,1622295,11,,,0,10,,1622296,11,,,0,10,,1622297,11,,,0,50,,1622298,11,,,0,10,,1622299,11,,,0,10,,1622376,11,,,0,10,,1622300,11,,,0,10,,1622301,11,,,0,10,,1622302,11,,,0,50,,1622304,11,,,0,10,,1622305,11,,,0,10,,1622377,11,,,0,10,,1622306,11,,,0,10,,1622303,11,,,0,10,,1622307,11,,,0,49,,1622308,11,,,0,10,,1622309,11,,,0,8,,1622378,11,,,0,10,,1622310,11,,,0,10,,1622311,11,,,0,10,,1622312,11,,,0,49,,1622313,11,,,0,10,,1622314,11,,,0,10,,1622315,11,,,0,10,,1622316,11,,,0,9,,1622317,11,,,0,9,,1622318,11,,,0,50,,1622319,11,,,0,10,,1622320,11,,,0,10,,1622321,11,,,0,10,,1622322,11,,,0,10,,1622323,11,,,0,10,,1622324,11,,,0,50,,1622325,11,,,0,10,,1622326,11,,,0,10,,1622327,11,,,0,10,,1622328,11,,,0,12,,1622368,11,,,0,10,,1622329,11,,,0,50,,1622330,11,,,0,11,,1622331,11,,,0,11,,1622332,11,,,0,9,,1622334,11,,,0,9,,1622335,11,,,0,10,,1622336,11,,,0,51,,1622367,11,,,0,10,,1622337,11,,,0,11,,1622338,11,,,0,10,,1622339,11,,,0,10,,1622379,11,,,0,11,,1622333,11,,,0,50,,1622340,11,,,0,10,,1622380,11,,,0,10,,1622341,11,,,0,10,,1622342,11,,,0,11,,1622381,11,,,0,10,,1622343,11,,,0,50,,1622344,11,,,0,11,,1622382,11,,,0,11,,1622345,11,,,0,10,,1622346,11,,,0,11,,1622383,11,,,0,50,,1622347,11,,,0,10,,1622348,11,,,0,10,,1622384,11,,,0,11,,1622349,11,,,0,10,,1622366,11,,,0,11,,1622385,11,,,0,49,,1622350,11,,,0,12,,1622351,11,,,0,10,,1622386,11,,,0,10,,1622352,11,,,0,10,,1622353,11,,,0,10,,1622387,11,,,0,50,,1622354,11,,,0,10,,1622355,11,,,0,10,,1622388,11,,,0,10,,1622356,11,,,0,10,,1622357,11,,,0,10,,1622389,11,,,0,50,,1622358,11,,,0,10,,1622359,11,,,0,11,,1622390,11,,,0,11,,1622362,11,,,0,10,,1622360,11,,,0,10,,1622391,11,,,0,50,,1622361,11,,,0
80502,'20261018',535,,1622511,11,,,0,10,,1622479,11,,,0,10,,1622487,11,,,0,49,,1622478,11,,,0,10,,1622480,11,,,0,9,,1622488,11,,,0,10,,1622477,11,,,0,9,,1622476,11,,,0,11,,1622489,11,,,0,49,,1622474,11,,,0,8,,1622473,11,,,0,10,,1622475,11,,,0,9,,1622490,11,,,0,10,,1622471,11,,,0,10,,1622459,11,,,0,10,,1622458,11,,,0,49,,1622463,11,,,0,10,,1622462,11,,,0,10,,1622491,11,,,0,9,,1622451,11,,,0,9,,1622454,11,,,0,11,,1622452,11,,,0,50,,1622466,11,,,0,10,,1622465,11,,,0,10,,1622492,11,,,0,10,,1622467,11,,,0,11,,1622450,11,,,0,10,,1622456,11,,,0,50,,1622472,11,,,0,10,,1622461,11,,,0,10,,1622493,11,,,0,10,,1622453,11,,,0,10,,1622457,11,,,0,10,,1622455,11,,,0,50,,1622469,11,,,0,10,,1622464,11,,,0,10,,1622494,11,,,0,10,,1622468,11,,,0,10,,1622470,11,,,0,10,,1622460,11,,,0,50,,1622443,11,,,0,10,,1622440,11,,,0,10,,1622495,11,,,0,10,,1622434,11,,,0,10,,1622442,11,,,0,10,,1622446,11,,,0,49,,1622439,11,,,0,10,,1622437,11,,,0,8,,1622496,11,,,0,10,,1622445,11,,,0,10,,1622435,11,,,0,10,,1622441,11,,,0,49,,1622438,11,,,0,10,,1622448,11,,,0,10,,1622449,11,,,0,10,,1622433,11,,,0,9,,1622436,11,,,0,9,,1622432,11,,,0,50,,1622444,11,,,0,10,,1622447,11,,,0,10,,1622425,11,,,0,10,,1622420,11,,,0,10,,1622424,11,,,0,10,,1622429,11,,,0,50,,1622419,11,,,0,10,,1622422,11,,,0,10,,1622418,11,,,0,10,,1622417,11,,,0,12,,1622416,11,,,0,10,,1622485,11,,,0,50,,1622428,11,,,0,11,,1622431,11,,,0,11,,1622430,11,,,0,9,,1622427,11,,,0,9,,1622421,11,,,0,10,,1622426,11,,,0,51,,1622423,11,,,0,10,,1622414,11,,,0,11,,1622481,11,,,0,10,,1622408,11,,,0,10,,1622497,11,,,0,11,,1622406,11,,,0,50,,1622415,11,,,0,10,,1622498,11,,,0,10,,1622405,11,,,0,10,,1622499,11,,,0,11,,1622412,11,,,0,10,,1622413,11,,,0,50,,1622500,11,,,0,11,,1622410,11,,,0,11,,1622407,11,,,0,10,,1622501,11,,,0,11,,1622409,11,,,0,50,,1622411,11,,,0,10,,1622502,11,,,0,10,,1622404,11,,,0,11,,1622403,11,,,0,10,,1622503,11,,,0,11,,1622400,11,,,0,49,,1622398,11,,,0,12,,1622504,11,,,0,10,,1622395,11,,,0,10,,1622484,11,,,0,10,,1622505,11,,,0,10,,1622396,11,,,0,50,,1622394,11,,,0,10,,1622507,11,,,0,10,,1622402,11,,,0,10,,1622397,11,,,0,10,,1622508,11,,,0,10,,1622399,11,,,0,50,,1622401,11,,,0,10,,1622509,11,,,0,11,,1622483,11,,,0,11,,1622482,11,,,0,10,,1622506,11,,,0,10,,1622486,11,,,0,50,,1622510,11,,,0
80502,'20261019',520,,1622640,11,,,0,10,,1622512,11,,,0,8,,1622513,11,,,0,9,,1622515,11,,,0,8,,1622516,11,,,0,49,,1622517,11,,,0,10,,1622643,11,,,0,9,,1622518,11,,,0,10,,1622519,11,,,0,8,,1622520,11,,,0,9,,1622514,11,,,0,9,,1622641,11,,,0,46,,1622642,11,,,0,7,,1622521,11,,,0,6,,1622522,11,,,0,8,,1622523,11,,,0,9,,1622525,11,,,0,7,,1622526,11,,,0,10,,1622527,11,,,0,50,,1622524,11,,,0,11,,1622528,11,,,0,11,,1622529,11,,,0,11,,1622530,11,,,0,11,,1622531,11,,,0,12,,1622619,11,,,0,50,,1622532,11,,,0,9,,1622533,11,,,0,10,,1622620,11,,,0,11,,1622534,11,,,0,10,,1622535,11,,,0,10,,1622621,11,,,0,50,,1622536,11,,,0,10,,1622537,11,,,0,10,,1622622,11,,,0,10,,1622538,11,,,0,10,,1622539,11,,,0,10,,1622623,11,,,0,50,,1622540,11,,,0,9,,1622541,11,,,0,10,,1622624,11,,,0,10,,1622543,11,,,0,10,,1622544,11,,,0,10,,1622545,11,,,0,50,,1622546,11,,,0,10,,1622625,11,,,0,10,,1622547,11,,,0,9,,1622548,11,,,0,10,,1622542,11,,,0,10,,1622549,11,,,0,50,,1622550,11,,,0,10,,1622551,11,,,0,9,,1622553,11,,,0,10,,1622552,11,,,0,9,,1622554,11,,,0,10,,1622555,11,,,0,51,,1622556,11,,,0,11,,1622557,11,,,0,9,,1622558,11,,,0,9,,1622559,11,,,0,5,,1622560,11,,,0,5,,1622561,11,,,0,4,,1622562,11,,,0,6,,1622563,11,,,0,46,,1622618,11,,,0,6,,1622564,11,,,0,7,,1622612,11,,,0,4,,1622565,11,,,0,7,,1622568,11,,,0,7,,1622569,11,,,0,7,,1622570,11,,,0,4,,1622571,11,,,0,5,,1622616,11,,,0,7,,1622567,11,,,0,48,,1622566,11,,,0,7,,1622573,11,,,0,6,,1622574,11,,,0,8,,1622575,11,,,0,8,,1622572,11,,,0,5,,1622576,11,,,0,10,,1622577,11,,,0,10,,1622578,11,,,0,48,,1622579,11,,,0,8,,1622580,11,,,0,6,,1622581,11,,,0,8,,1622582,11,,,0,8,,1622583,11,,,0,8,,1622584,11,,,0,10,,1622626,11,,,0,49,,1622585,11,,,0,12,,1622586,11,,,0,10,,1622587,11,,,0,10,,1622627,11,,,0,10,,1622589,11,,,0,13,,1622590,11,,,0,50,,1622628,11,,,0,11,,1622591,11,,,0,11,,1622629,11,,,0,10,,1622588,11,,,0,10,,1622592,11,,,0,10,,1622631,11,,,0,50,,1622593,11,,,0,10,,1622594,11,,,0,10,,1622595,11,,,0,10,,1622596,11,,,0,10,,1622597,11,,,0,10,,1622632,11,,,0,50,,1622598,11,,,0,10,,1622599,11,,,0,10,,1622633,11,,,0,10,,1622600,11,,,0,10,,1622602,11,,,0,11,,1622630,11,,,0,51,,1622603,11,,,0,12,,1622604,11,,,0,11,,1622634,11,,,0,9,,1622601,11,,,0,11,,1622605,11,,,0,50,,1622635,11,,,0,10,,1622606,11,,,0,10,,1622615,11,,,0,10,,1622636,11,,,0,10,,1622607,11,,,0,10,,1622608,11,,,0,50,,1622637,11,,,0,10,,1622613,11,,,0,10,,1622609,11,,,0,10,,1622638,11,,,0,10,,1622610,11,,,0,10,,1622611,11,,,0,50,,1622639,11,,,0,10,,1622614,11,,,0,9,,1622617,11,,,0
80502,'20261020',520,,1622772,11,,,0,10,,1622644,11,,,0,8,,1622645,11,,,0,9,,1622647,11,,,0,8,,1622648,11,,,0,49,,1622649,11,,,0,10,,1622775,11,,,0,9,,1622650,11,,,0,10,,1622651,11,,,0,8,,1622652,11,,,0,9,,1622646,11,,,0,9,,1622773,11,,,0,46,,1622774,11,,,0,7,,1622653,11,,,0,6,,1622654,11,,,0,8,,1622655,11,,,0,9,,1622657,11,,,0,7,,1622658,11,,,0,10,,1622659,11,,,0,50,,1622656,11,,,0,11,,1622660,11,,,0,11,,1622661,11,,,0,11,,1622662,11,,,0,11,,1622663,11,,,0,12,,1622751,11,,,0,50,,1622664,11,,,0,9,,1622665,11,,,0,10,,1622752,11,,,0,11,,1622666,11,,,0,10,,1622667,11,,,0,10,,1622753,11,,,0,50,,1622668,11,,,0,10,,1622669,11,,,0,10,,1622754,11,,,0,10,,1622670,11,,,0,10,,1622671,11,,,0,10,,1622755,11,,,0,50,,1622672,11,,,0,9,,1622673,11,,,0,10,,1622756,11,,,0,10,,1622675,11,,,0,10,,1622676,11,,,0,10,,1622677,11,,,0,50,,1622678,11,,,0,10,,1622757,11,,,0,10,,1622679,11,,,0,9,,1622680,11,,,0,10,,1622674,11,,,0,10,,1622681,11,,,0,50,,1622682,11,,,0,10,,1622683,11,,,0,9,,1622685,11,,,0,10,,1622684,11,,,0,9,,1622686,11,,,0,10,,1622687,11,,,0,51,,1622688,11,,,0,11,,1622689,11,,,0,9,,1622690,11,,,0,9,,1622691,11,,,0,5,,1622692,11,,,0,5,,1622693,11,,,0,4,,1622694,11,,,0,6,,1622695,11,,,0,46,,1622750,11,,,0,6,,1622696,11,,,0,7,,1622744,11,,,0,4,,1622697,11,,,0,7,,1622700,11,,,0,7,,1622701,11,,,0,7,,1622702,11,,,0,4,,1622703,11,,,0,5,,1622748,11,,,0,7,,1622699,11,,,0,48,,1622698,11,,,0,7,,1622705,11,,,0,6,,1622706,11,,,0,8,,1622707,11,,,0,8,,1622704,11,,,0,5,,1622708,11,,,0,10,,1622709,11,,,0,10,,1622710,11,,,0,48,,1622711,11,,,0,8,,1622712,11,,,0,6,,1622713,11,,,0,8,,1622714,11,,,0,8,,1622715,11,,,0,8,,1622716,11,,,0,10,,1622758,11,,,0,49,,1622717,11,,,0,12,,1622718,11,,,0,10,,1622719,11,,,0,10,,1622759,11,,,0,10,,1622721,11,,,0,13,,1622722,11,,,0,50,,1622760,11,,,0,11,,1622723,11,,,0,11,,1622761,11,,,0,10,,1622720,11,,,0,10,,1622724,11,,,0,10,,1622763,11,,,0,50,,1622725,11,,,0,10,,1622726,11,,,0,10,,1622727,11,,,0,10,,1622728,11,,,0,10,,1622729,11,,,0,10,,1622764,11,,,0,50,,1622730,11,,,0,10,,1622731,11,,,0,10,,1622765,11,,,0,10,,1622732,11,,,0,10,,1622734,11,,,0,11,,1622762,11,,,0,51,,1622735,11,,,0,12,,1622736,11,,,0,11,,1622766,11,,,0,9,,1622733,11,,,0,11,,1622737,11,,,0,50,,1622767,11,,,0,10,,1622738,11,,,0,10,,1622747,11,,,0,10,,1622768,11,,,0,10,,1622739,11,,,0,10,,1622740,11,,,0,50,,1622769,11,,,0,10,,1622745,11,,,0,10,,1622741,11,,,0,10,,1622770,11,,,0,10,,1622742,11,,,0,10,,1622743,11,,,0,50,,1622771,11,,,0,10,,1622746,11,,,0,9,,1622749,11,,,0
90400,'20261009',2531,,1625306,4,,,0
90400,'20261010',2531,,1561851,4,,,0
90400,'20261016',2531,,1593483,4,,,0
90400,'20261017',2531,,1625307,4,,,0
93100,'20261009',2637,,1625321,4,,,0
93100,'20261010',2637,,1561859,4,,,0
93100,'20261016',2637,,1593507,4,,,0
93100,'20261017',2637,,1625323,4,,,0
