503,'20261009',647,,1595667,8,,,0,74,,1595668,8,,,0,34,,1595669,8,,,0,65,,1595670,8,,,0,29,,1595671,8,,,0,68,,1595672,8,,,0,601,,1595673,8,,,0,32,,1595674,8,,,0,74,,1595675,8,,,0,27,,1595676,8,,,0,72,,1595677,8,,,0,27,,1595678,8,,,0,68,,1595679,8,,,0
503,'20261013',647,,1563954,8,,,0,74,,1563955,8,,,0,34,,1563956,8,,,0,65,,1563957,8,,,0,29,,1563958,8,,,0,68,,1563959,8,,,0,601,,1563960,8,,,0,32,,1563961,8,,,0,74,,1563962,8,,,0,27,,1563963,8,,,0,72,,1563964,8,,,0,27,,1563965,8,,,0,68,,1563966,8,,,0
503,'20261014',647,,1563967,8,,,0,74,,1563968,8,,,0,34,,1563969,8,,,0,65,,1563970,8,,,0,29,,1563971,8,,,0,68,,1563972,8,,,0,601,,1563973,8,,,0,32,,1563974,8,,,0,74,,1563975,8,,,0,27,,1563976,8,,,0,72,,1563977,8,,,0,27,,1563978,8,,,0,68,,1563979,8,,,0
503,'20261015',647,,1563980,8,,,0,74,,1563981,8,,,0,34,,1563982,8,,,0,65,,1563983,8,,,0,29,,1563984,8,,,0,68,,1563985,8,,,0,601,,1563986,8,,,0,32,,1563987,8,,,0,74,,1563988,8,,,0,27,,1563989,8,,,0,72,,1563990,8,,,0,27,,1563991,8,,,0,68,,1563992,8,,,0
503,'20261016',647,,1563993,8,,,0,74,,1563994,8,,,0,34,,1563995,8,,,0,65,,1563996,8,,,0,29,,1563997,8,,,0,68,,1563998,8,,,0,601,,1563999,8,,,0,32,,1564000,8,,,0,74,,1564001,8,,,0,27,,1564002,8,,,0,72,,1564003,8,,,0,27,,1564004,8,,,0,68,,1564005,8,,,0
503,'20261019',647,,1595680,8,,,0,74,,1595681,8,,,0,34,,1595682,8,,,0,65,,1595683,8,,,0,29,,1595684,8,,,0,68,,1595685,8,,,0,601,,1595686,8,,,0,32,,1595687,8,,,0,74,,1595688,8,,,0,27,,1595689,8,,,0,72,,1595690,8,,,0,27,,1595691,8,,,0,68,,1595692,8,,,0
503,'20261020',647,,1595693,8,,,0,74,,1595694,8,,,0,34,,1595695,8,,,0,65,,1595696,8,,,0,29,,1595697,8,,,0,68,,1595698,8,,,0,601,,1595699,8,,,0,32,,1595700,8,,,0,74,,1595701,8,,,0,27,,1595702,8,,,0,72,,1595703,8,,,0,27,,1595704,8,,,0,68,,1595705,8,,,0
503,'20261021',647,,1626852,8,,,0,74,,1626853,8,,,0,34,,1626854,8,,,0,65,,1626855,8,,,0,29,,1626856,8,,,0,68,,1626857,8,,,0,601,,1626858,8,,,0,32,,1626859,8,,,0,74,,1626860,8,,,0,27,,1626861,8,,,0,72,,1626862,8,,,0,27,,1626863,8,,,0,68,,1626864,8,,,0
503,'20261022',647,,1626865,8,,,0,74,,1626866,8,,,0,34,,1626867,8,,,0,65,,1626868,8,,,0,29,,1626869,8,,,0,68,,1626870,8,,,0,601,,1626871,8,,,0,32,,1626872,8,,,0,74,,1626873,8,,,0,27,,1626874,8,,,0,72,,1626875,8,,,0,27,,1626876,8,,,0,68,,1626877,8,,,0
503,'20261023',647,,1626878,8,,,0,74,,1626879,8,,,0,34,,1626880,8,,,0,65,,1626881,8,,,0,29,,1626882,8,,,0,68,,1626883,8,,,0,601,,1626884,8,,,0,32,,1626885,8,,,0,74,,1626886,8,,,0,27,,1626887,8,,,0,72,,1626888,8,,,0,27,,1626889,8,,,0,68,,1626890,8,,,0
1103,'20261009',555,,1596777,2,,,1,70,,1596778,2,,,1,29,,1596779,2,,,1,55,,1596780,2,,,1,15,,1596781,2,,,1,14,,1596782,2,,,1,14,,1596783,2,,,1,68,,1596784,2,,,1,31,,1596785,2,,,1,69,,1596786,2,,,1,30,,1596787,2,,,1,70,,1596788,2,,,1,30,,1596789,2,,,1,70,,1596790,2,,,1,30,,1596791,2,,,1,70,,1596792,2,,,1,30,,1596793,2,,,1,70,,1596794,2,,,1,31,,1596795,2,,,1,71,,1596796,2,,,1,31,,1596797,2,,,1,6,,1596798,2,,,1,44,,1596799,2,,,1,7,,1596800,2,,,1,5,,1596801,2,,,1,14,,1596802,2,,,1,15,,1596803,2,,,1,15,,1596804,2,,,1,56,,1596805,2,,,1,15,,1596806,2,,,1,14,,1596807,2,,,1,75,,1596808,2,,,1,29,,1596809,2,,,1,70,,1596810,2,,,1,30,,1596811,2,,,1,70,,1596812,2,,,1,31,,1596813,2,,,1,101,,1596814,2,,,1,100,,1596815,2,,,1,100,,1596816,2,,,1,99,,1596817,2,,,1
1103,'20261010',554,,1627563,2,,,1,100,,1627564,2,,,1,99,,1627565,2,,,1,70,,1627566,2,,,1,30,,1627567,2,,,1,70,,1627568,2,,,1,30,,1627569,2,,,1,69,,1627570,2,,,1,30,,1627571,2,,,1,70,,1627572,2,,,1,29,,1627573,2,,,1,69,,1627574,2,,,1,30,,1627575,2,,,1,70,,1627576,2,,,1,30,,1627577,2,,,1,71,,1627578,2,,,1,29,,1627579,2,,,1,73,,1627580,2,,,1,26,,1627581,2,,,1,70,,1627582,2,,,1,30,,1627583,2,,,1,74,,1627584,2,,,1,29,,1627585,2,,,1,70,,1627586,2,,,1,30,,1627587,2,,,1,70,,1627588,2,,,1,30,,1627589,2,,,1,101,,1627590,2,,,1,100,,1627591,2,,,1,101,,1627592,2,,,1,100,,1627593,2,,,1
1103,'20261011',554,,1627594,2,,,1,100,,1627595,2,,,1,99,,1627596,2,,,1,70,,1627597,2,,,1,30,,1627598,2,,,1,70,,1627599,2,,,1,30,,1627600,2,,,1,69,,1627601,2,,,1,30,,1627602,2,,,1,70,,1627603,2,,,1,29,,1627604,2,,,1,69,,1627605,2,,,1,30,,1627606,2,,,1,70,,1627607,2,,,1,30,,1627608,2,,,1,71,,1627609,2,,,1,29,,1627610,2,,,1,73,,1627611,2,,,1,26,,1627612,2,,,1,70,,1627613,2,,,1,30,,1627614,2,,,1,74,,1627615,2,,,1,29,,1627616,2,,,1,70,,1627617,2,,,1,30,,1627618,2,,,1,70,,1627619,2,,,1,30,,1627620,2,,,1,101,,1627621,2,,,1,100,,1627622,2,,,1,101,,1627623,2,,,1,100,,1627624,2,,,1
1103,'20261012',554,,1627625,2,,,1,100,,1627626,2,,,1,99,,1627627,2,,,1,70,,1627628,2,,,1,30,,1627629,2,,,1,70,,1627630,2,,,1,30,,1627631,2,,,1,69,,1627632,2,,,1,30,,1627633,2,,,1,70,,1627634,2,,,1,29,,1627635,2,,,1,69,,1627636,2,,,1,30,,1627637,2,,,1,70,,1627638,2,,,1,30,,1627639,2,,,1,71,,1627640,2,,,1,29,,1627641,2,,,1,73,,1627642,2,,,1,26,,1627643,2,,,1,70,,1627644,2,,,1,30,,1627645,2,,,1,74,,1627646,2,,,1,29,,1627647,2,,,1,70,,1627648,2,,,1,30,,1627649,2,,,1,70,,1627650,2,,,1,30,,1627651,2,,,1,101,,1627652,2,,,1,100,,1627653,2,,,1,101,,1627654,2,,,1,100,,1627655,2,,,1
1103,'20261013',555,,1565095,2,,,1,70,,1565094,2,,,1,29,,1565096,2,,,1,55,,1565129,2,,,1,15,,1565097,2,,,1,14,,1565093,2,,,1,14,,1565098,2,,,1,68,,1565099,2,,,1,31,,1565100,2,,,1,69,,1565101,2,,,1,30,,1565102,2,,,1,70,,1565108,2,,,1,30,,1565103,2,,,1,70,,1565104,2,,,1,30,,1565105,2,,,1,70,,1565106,2,,,1,30,,1565107,2,,,1,70,,1565109,2,,,1,31,,1565115,2,,,1,71,,1565118,2,,,1,31,,1565123,2,,,1,6,,1565121,2,,,1,44,,1565114,2,,,1,7,,1565130,2,,,1,5,,1565133,2,,,1,14,,1565113,2,,,1,15,,1565120,2,,,1,15,,1565131,2,,,1,56,,1565112,2,,,1,15,,1565132,2,,,1,14,,1565124,2,,,1,75,,1565125,2,,,1,29,,1565110,2,,,1,70,,1565111,2,,,1,30,,1565116,2,,,1,70,,1565119,2,,,1,31,,1565126,2,,,1,101,,1565128,2,,,1,100,,1565122,2,,,1,100,,1565127,2,,,1,99,,1565117,2,,,1
1103,'20261014',555,,1565136,2,,,1,70,,1565135,2,,,1,29,,1565137,2,,,1,55,,1565170,2,,,1,15,,1565138,2,,,1,14,,1565134,2,,,1,14,,1565139,2,,,1,68,,1565140,2,,,1,31,,1565141,2,,,1,69,,1565142,2,,,1,30,,1565143,2,,,1,70,,1565149,2,,,1,30,,1565144,2,,,1,70,,1565145,2,,,1,30,,1565146,2,,,1,70,,1565147,2,,,1,30,,1565148,2,,,1,70,,1565150,2,,,1,31,,1565156,2,,,1,71,,1565159,2,,,1,31,,1565164,2,,,1,6,,1565162,2,,,1,44,,1565155,2,,,1,7,,1565171,2,,,1,5,,1565174,2,,,1,14,,1565154,2,,,1,15,,1565161,2,,,1,15,,1565172,2,,,1,56,,1565153,2,,,1,15,,1565173,2,,,1,14,,1565165,2,,,1,75,,1565166,2,,,1,29,,1565151,2,,,1,70,,1565152,2,,,1,30,,1565157,2,,,1,70,,1565160,2,,,1,31,,1565167,2,,,1,101,,1565169,2,,,1,100,,1565163,2,,,1,100,,1565168,2,,,1,99,,1565158,2,,,1
1103,'20261015',555,,1565177,2,,,1,70,,1565176,2,,,1,29,,1565178,2,,,1,55,,1565211,2,,,1,15,,1565179,2,,,1,14,,1565175,2,,,1,14,,1565180,2,,,1,68,,1565181,2,,,1,31,,1565182,2,,,1,69,,1565183,2,,,1,30,,1565184,2,,,1,70,,1565190,2,,,1,30,,1565185,2,,,1,70,,1565186,2,,,1,30,,1565187,2,,,1,70,,1565188,2,,,1,30,,1565189,2,,,1,70,,1565191,2,,,1,31,,1565197,2,,,1,71,,1565200,2,,,1,31,,1565205,2,,,1,6,,1565203,2,,,1,44,,1565196,2,,,1,7,,1565212,2,,,1,5,,1565215,2,,,1,14,,1565195,2,,,1,15,,1565202,2,,,1,15,,1565213,2,,,1,56,,1565194,2,,,1,15,,1565214,2,,,1,14,,1565206,2,,,1,75,,1565207,2,,,1,29,,1565192,2,,,1,70,,1565193,2,,,1,30,,1565198,2,,,1,70,,1565201,2,,,1,31,,1565208,2,,,1,101,,1565210,2,,,1,100,,1565204,2,,,1,100,,1565209,2,,,1,99,,1565199,2,,,1
1103,'20261016',555,,1565218,2,,,1,70,,1565217,2,,,1,29,,1565219,2,,,1,55,,1565252,2,,,1,15,,1565220,2,,,1,14,,1565216,2,,,1,14,,1565221,2,,,1,68,,1565222,2,,,1,31,,1565223,2,,,1,69,,1565224,2,,,1,30,,1565225,2,,,1,70,,1565231,2,,,1,30,,1565226,2,,,1,70,,1565227,2,,,1,30,,1565228,2,,,1,70,,1565229,2,,,1,30,,1565230,2,,,1,70,,1565232,2,,,1,31,,1565238,2,,,1,71,,1565241,2,,,1,31,,1565246,2,,,1,6,,1565244,2,,,1,44,,1565237,2,,,1,7,,1565253,2,,,1,5,,1565256,2,,,1,14,,1565236,2,,,1,15,,1565243,2,,,1,15,,1565254,2,,,1,56,,1565235,2,,,1,15,,1565255,2,,,1,14,,1565247,2,,,1,75,,1565248,2,,,1,29,,1565233,2,,,1,70,,1565234,2,,,1,30,,1565239,2,,,1,70,,1565242,2,,,1,31,,1565249,2,,,1,101,,1565251,2,,,1,100,,1565245,2,,,1,100,,1565250,2,,,1,99,,1565240,2,,,1
1103,'20261017',554,,1596843,2,,,1,100,,1596842,2,,,1,99,,1596818,2,,,1,70,,1596819,2,,,1,30,,1596820,2,,,1,70,,1596821,2,,,1,30,,1596822,2,,,1,69,,1596823,2,,,1,30,,1596824,2,,,1,70,,1596825,2,,,1,29,,1596826,2,,,1,69,,1596827,2,,,1,30,,1596828,2,,,1,70,,1596829,2,,,1,30,,1596830,2,,,1,71,,1596831,2,,,1,29,,1596832,2,,,1,73,,1596833,2,,,1,26,,1596834,2,,,1,70,,1596835,2,,,1,30,,1596836,2,,,1,74,,1596837,2,,,1,29,,1596838,2,,,1,70,,1596839,2,,,1,30,,1596844,2,,,1,70,,1596840,2,,,1,30,,1596845,2,,,1,101,,1596846,2,,,1,100,,1596847,2,,,1,101,,1596848,2,,,1,100,,1596841,2,,,1
1103,'20261018',554,,1596878,2,,,1,100,,1596849,2,,,1,99,,1596850,2,,,1,70,,1596851,2,,,1,30,,1596852,2,,,1,70,,1596853,2,,,1,30,,1596854,2,,,1,69,,1596856,2,,,1,30,,1596857,2,,,1,70,,1596858,2,,,1,29,,1596855,2,,,1,69,,1596859,2,,,1,30,,1596860,2,,,1,70,,1596861,2,,,1,30,,1596862,2,,,1,71,,1596863,2,,,1,29,,1596864,2,,,1,73,,1596865,2,,,1,26,,1596866,2,,,1,70,,1596867,2,,,1,30,,1596868,2,,,1,74,,1596869,2,,,1,29,,1596870,2,,,1,70,,1596871,2,,,1,30,,1596872,2,,,1,70,,1596879,2,,,1,30,,1596873,2,,,1,101,,1596874,2,,,1,100,,1596875,2,,,1,101,,1596876,2,,,1,100,,1596877,2,,,1
1103,'20261019',555,,1596882,2,,,1,70,,1596881,2,,,1,29,,1596883,2,,,1,55,,1596916,2,,,1,15,,1596884,2,,,1,14,,1596880,2,,,1,14,,1596885,2,,,1,68,,1596886,2,,,1,31,,1596887,2,,,1,69,,1596888,2,,,1,30,,1596889,2,,,1,70,,1596895,2,,,1,30,,1596890,2,,,1,70,,1596891,2,,,1,30,,1596892,2,,,1,70,,1596893,2,,,1,30,,1596894,2,,,1,70,,1596896,2,,,1,31,,1596902,2,,,1,71,,1596905,2,,,1,31,,1596910,2,,,1,6,,1596908,2,,,1,44,,1596901,2,,,1,7,,1596917,2,,,1,5,,1596920,2,,,1,14,,1596900,2,,,1,15,,1596907,2,,,1,15,,1596918,2,,,1,56,,1596899,2,,,1,15,,1596919,2,,,1,14,,1596911,2,,,1,75,,1596912,2,,,1,29,,1596897,2,,,1,70,,1596898,2,,,1,30,,1596903,2,,,1,70,,1596906,2,,,1,31,,1596913,2,,,1,101,,1596915,2,,,1,100,,1596909,2,,,1,100,,1596914,2,,,1,99,,1596904,2,,,1
1103,'20261020',555,,1596923,2,,,1,70,,1596922,2,,,1,29,,1596924,2,,,1,55,,1596957,2,,,1,15,,1596925,2,,,1,14,,1596921,2,,,1,14,,1596926,2,,,1,68,,1596927,2,,,1,31,,1596928,2,,,1,69,,1596929,2,,,1,30,,1596930,2,,,1,70,,1596936,2,,,1,30,,1596931,2,,,1,70,,1596932,2,,,1,30,,1596933,2,,,1,70,,1596934,2,,,1,30,,1596935,2,,,1,70,,1596937,2,,,1,31,,1596943,2,,,1,71,,1596946,2,,,1,31,,1596951,2,,,1,6,,1596949,2,,,1,44,,1596942,2,,,1,7,,1596958,2,,,1,5,,1596961,2,,,1,14,,1596941,2,,,1,15,,1596948,2,,,1,15,,1596959,2,,,1,56,,1596940,2,,,1,15,,1596960,2,,,1,14,,1596952,2,,,1,75,,1596953,2,,,1,29,,1596938,2,,,1,70,,1596939,2,,,1,30,,1596944,2,,,1,70,,1596947,2,,,1,31,,1596954,2,,,1,101,,1596956,2,,,1,100,,1596950,2,,,1,100,,1596955,2,,,1,99,,1596945,2,,,1
1103,'20261021',555,,1627658,2,,,1,70,,1627657,2,,,1,29,,1627659,2,,,1,55,,1627692,2,,,1,15,,1627660,2,,,1,14,,1627656,2,,,1,14,,1627661,2,,,1,68,,1627662,2,,,1,31,,1627663,2,,,1,69,,1627664,2,,,1,30,,1627665,2,,,1,70,,1627671,2,,,1,30,,1627666,2,,,1,70,,1627667,2,,,1,30,,1627668,2,,,1,70,,1627669,2,,,1,30,,1627670,2,,,1,70,,1627672,2,,,1,31,,1627678,2,,,1,71,,1627681,2,,,1,31,,1627686,2,,,1,6,,1627684,2,,,1,44,,1627677,2,,,1,7,,1627693,2,,,1,5,,1627696,2,,,1,14,,1627676,2,,,1,15,,1627683,2,,,1,15,,1627694,2,,,1,56,,1627675,2,,,1,15,,1627695,2,,,1,14,,1627687,2,,,1,75,,1627688,2,,,1,29,,1627673,2,,,1,70,,1627674,2,,,1,30,,1627679,2,,,1,70,,1627682,2,,,1,31,,1627689,2,,,1,101,,1627691,2,,,1,100,,1627685,2,,,1,100,,1627690,2,,,1,99,,1627680,2,,,1
1103,'20261022',555,,1627699,2,,,1,70,,1627698,2,,,1,29,,1627700,2,,,1,55,,1627733,2,,,1,15,,1627701,2,,,1,14,,1627697,2,,,1,14,,1627702,2,,,1,68,,1627703,2,,,1,31,,1627704,2,,,1,69,,1627705,2,,,1,30,,1627706,2,,,1,70,,1627712,2,,,1,30,,1627707,2,,,1,70,,1627708,2,,,1,30,,1627709,2,,,1,70,,1627710,2,,,1,30,,1627711,2,,,1,70,,1627713,2,,,1,31,,1627719,2,,,1,71,,1627722,2,,,1,31,,1627727,2,,,1,6,,1627725,2,,,1,44,,1627718,2,,,1,7,,1627734,2,,,1,5,,1627737,2,,,1,14,,1627717,2,,,1,15,,1627724,2,,,1,15,,1627735,2,,,1,56,,1627716,2,,,1,15,,1627736,2,,,1,14,,1627728,2,,,1,75,,1627729,2,,,1,29,,1627714,2,,,1,70,,1627715,2,,,1,30,,1627720,2,,,1,70,,1627723,2,,,1,31,,1627730,2,,,1,101,,1627732,2,,,1,100,,1627726,2,,,1,100,,1627731,2,,,1,99,,1627721,2,,,1
1103,'20261023',555,,1627740,2,,,1,70,,1627739,2,,,1,29,,1627741,2,,,1,55,,1627774,2,,,1,15,,1627742,2,,,1,14,,1627738,2,,,1,14,,1627743,2,,,1,68,,1627744,2,,,1,31,,1627745,2,,,1,69,,1627746,2,,,1,30,,1627747,2,,,1,70,,1627753,2,,,1,30,,1627748,2,,,1,70,,1627749,2,,,1,30,,1627750,2,,,1,70,,1627751,2,,,1,30,,1627752,2,,,1,70,,1627754,2,,,1,31,,1627760,2,,,1,71,,1627763,2,,,1,31,,1627768,2,,,1,6,,1627766,2,,,1,44,,1627759,2,,,1,7,,1627775,2,,,1,5,,1627778,2,,,1,14,,1627758,2,,,1,15,,1627765,2,,,1,15,,1627776,2,,,1,56,,1627757,2,,,1,15,,1627777,2,,,1,14,,1627769,2,,,1,75,,1627770,2,,,1,29,,1627755,2,,,1,70,,1627756,2,,,1,30,,1627761,2,,,1,70,,1627764,2,,,1,31,,1627771,2,,,1,101,,1627773,2,,,1,100,,1627767,2,,,1,100,,1627772,2,,,1,99,,1627762,2,,,1
23101,'20261009',708,,1611540,7,4,,0,29,,1611541,7,4,,0,73,,1611542,7,4,,0,22,,1611543,7,4,,0
23101,'20261013',708,,1579797,7,4,,0,29,,1579798,7,4,,0,73,,1579795,7,4,,0,22,,1579796,7,4,,0
23101,'20261014',708,,1579801,7,4,,0,29,,1579802,7,4,,0,73,,1579799,7,4,,0,22,,1579800,7,4,,0
23101,'20261015',708,,1579805,7,4,,0,29,,1579806,7,4,,0,73,,1579803,7,4,,0,22,,1579804,7,4,,0
23101,'20261016',708,,1579809,7,4,,0,29,,1579810,7,4,,0,73,,1579807,7,4,,0,22,,1579808,7,4,,0
23101,'20261019',708,,1611546,7,4,,0,29,,1611547,7,4,,0,73,,1611544,7,4,,0,22,,1611545,7,4,,0
23101,'20261020',708,,1611550,7,4,,0,29,,1611551,7,4,,0,73,,1611548,7,4,,0,22,,1611549,7,4,,0
23101,'20261021',708,,1637756,7,4,,0,29,,1637757,7,4,,0,73,,1637754,7,4,,0,22,,1637755,7,4,,0
23101,'20261022',708,,1637760,7,4,,0,29,,1637761,7,4,,0,73,,1637758,7,4,,0,22,,1637759,7,4,,0
23101,'20261023',708,,1637764,7,4,,0,29,,1637765,7,4,,0,73,,1637762,7,4,,0,22,,1637763,7,4,,0
23601,'20261009',700,,1611603,53,4,,0,12,,1611604,53,4,,0,28,,1611605,53,4,,0,69,,1611606,53,4,,0,33,,1611607,53,4,,0
23601,'20261013',700,,1579857,53,4,,0,12,,1579858,53,4,,0,28,,1579861,53,4,,0,69,,1579859,53,4,,0,33,,1579860,53,4,,0
23601,'20261014',700,,1579862,53,4,,0,12,,1579863,53,4,,0,28,,1579866,53,4,,0,69,,1579864,53,4,,0,33,,1579865,53,4,,0
23601,'20261015',700,,1579867,53,4,,0,12,,1579868,53,4,,0,28,,1579871,53,4,,0,69,,1579869,53,4,,0,33,,1579870,53,4,,0
23601,'20261016',700,,1579872,53,4,,0,12,,1579873,53,4,,0,28,,1579876,53,4,,0,69,,1579874,53,4,,0,33,,1579875,53,4,,0
23601,'20261019',700,,1611608,53,4,,0,12,,1611609,53,4,,0,28,,1611612,53,4,,0,69,,1611610,53,4,,0,33,,1611611,53,4,,0
23601,'20261020',700,,1611613,53,4,,0,12,,1611614,53,4,,0,28,,1611617,53,4,,0,69,,1611615,53,4,,0,33,,1611616,53,4,,0
23601,'20261021',700,,1637784,53,4,,0,12,,1637785,53,4,,0,28,,1637788,53,4,,0,69,,1637786,53,4,,0,33,,1637787,53,4,,0
23601,'20261022',700,,1637789,53,4,,0,12,,1637790,53,4,,0,28,,1637793,53,4,,0,69,,1637791,53,4,,0,33,,1637792,53,4,,0
23601,'20261023',700,,1637794,53,4,,0,12,,1637795,53,4,,0,28,,1637798,53,4,,0,69,,1637796,53,4,,0,33,,1637797,53,4,,0
23701,'20261009',640,,1611684,30,4,,0,15,,1611685,30,4,,0,71,,1611686,30,4,,0,25,,1611687,30,4,,0,61,,1611688,30,4,,0,27,,1611689,30,4,,0
23701,'20261013',640,,1579937,30,4,,0,15,,1579938,30,4,,0,71,,1579939,30,4,,0,25,,1579940,30,4,,0,61,,1579941,30,4,,0,27,,1579942,30,4,,0
23701,'20261014',640,,1579943,30,4,,0,15,,1579944,30,4,,0,71,,1579945,30,4,,0,25,,1579946,30,4,,0,61,,1579947,30,4,,0,27,,1579948,30,4,,0
23701,'20261015',640,,1579949,30,4,,0,15,,1579950,30,4,,0,71,,1579951,30,4,,0,25,,1579952,30,4,,0,61,,1579953,30,4,,0,27,,1579954,30,4,,0
23701,'20261016',640,,1579955,30,4,,0,15,,1579956,30,4,,0,71,,1579957,30,4,,0,25,,1579958,30,4,,0,61,,1579959,30,4,,0,27,,1579960,30,4,,0
23701,'20261019',640,,1611690,30,4,,0,15,,1611691,30,4,,0,71,,1611692,30,4,,0,25,,1611693,30,4,,0,61,,1611694,30,4,,0,27,,1611695,30,4,,0
23701,'20261020',640,,1611696,30,4,,0,15,,1611697,30,4,,0,71,,1611698,30,4,,0,25,,1611699,30,4,,0,61,,1611700,30,4,,0,27,,1611701,30,4,,0
23701,'20261021',640,,1637823,30,4,,0,15,,1637824,30,4,,0,71,,1637825,30,4,,0,25,,1637826,30,4,,0,61,,1637827,30,4,,0,27,,1637828,30,4,,0
23701,'20261022',640,,1637829,30,4,,0,15,,1637830,30,4,,0,71,,1637831,30,4,,0,25,,1637832,30,4,,0,61,,1637833,30,4,,0,27,,1637834,30,4,,0
23701,'20261023',640,,1637835,30,4,,0,15,,1637836,30,4,,0,71,,1637837,30,4,,0,25,,1637838,30,4,,0,61,,1637839,30,4,,0,27,,1637840,30,4,,0
23801,'20261009',708,,1611738,40,4,,0,17,,1611739,40,4,,0,13,,1611740,40,4,,0,67,,1611741,40,4,,0
23801,'20261013',708,,1579993,40,4,,0,17,,1579994,40,4,,0,13,,1579995,40,4,,0,67,,1579996,40,4,,0
23801,'20261014',708,,1579997,40,4,,0,17,,1579998,40,4,,0,13,,1579999,40,4,,0,67,,1580000,40,4,,0
23801,'20261015',708,,1580001,40,4,,0,17,,1580002,40,4,,0,13,,1580003,40,4,,0,67,,1580004,40,4,,0
23801,'20261016',708,,1580005,40,4,,0,17,,1580006,40,4,,0,13,,1580007,40,4,,0,67,,1580008,40,4,,0
23801,'20261019',708,,1611742,40,4,,0,17,,1611743,40,4,,0,13,,1611744,40,4,,0,67,,1611745,40,4,,0
23801,'20261020',708,,1611746,40,4,,0,17,,1611747,40,4,,0,13,,1611748,40,4,,0,67,,1611749,40,4,,0
23801,'20261021',708,,1637853,40,4,,0,17,,1637854,40,4,,0,13,,1637855,40,4,,0,67,,1637856,40,4,,0
23801,'20261022',708,,1637857,40,4,,0,17,,1637858,40,4,,0,13,,1637859,40,4,,0,67,,1637860,40,4,,0
23801,'20261023',708,,1637861,40,4,,0,17,,1637862,40,4,,0,13,,1637863,40,4,,0,67,,1637864,40,4,,0
25001,'20261009',639,,1611820,27,4,,0,67,,1611821,27,4,,0,27,,1611822,27,4,,0,71,,1611823,27,4,,0,17,,1611819,27,4,,0,16,,1611824,27,4,,0,1,,1611825,27,4,,0
25001,'20261013',639,,1580071,27,4,,0,67,,1580072,27,4,,0,27,,1580073,27,4,,0,71,,1580074,27,4,,0,33,,1580075,27,4,,0,1,,1580076,27,4,,0
25001,'20261014',639,,1580077,27,4,,0,67,,1580078,27,4,,0,27,,1580079,27,4,,0,71,,1580080,27,4,,0,33,,1580081,27,4,,0,1,,1580082,27,4,,0
25001,'20261015',639,,1580083,27,4,,0,67,,1580084,27,4,,0,27,,1580085,27,4,,0,71,,1580086,27,4,,0,33,,1580087,27,4,,0,1,,1580088,27,4,,0
25001,'20261016',639,,1580089,27,4,,0,67,,1580090,27,4,,0,27,,1580091,27,4,,0,71,,1580092,27,4,,0,33,,1580093,27,4,,0,1,,1580094,27,4,,0
25001,'20261019',639,,1611826,27,4,,0,67,,1611827,27,4,,0,27,,1611828,27,4,,0,71,,1611829,27,4,,0,33,,1611830,27,4,,0,1,,1611831,27,4,,0
25001,'20261020',639,,1611832,27,4,,0,67,,1611833,27,4,,0,27,,1611834,27,4,,0,71,,1611835,27,4,,0,33,,1611836,27,4,,0,1,,1611837,27,4,,0
25001,'20261021',639,,1637889,27,4,,0,67,,1637890,27,4,,0,27,,1637891,27,4,,0,71,,1637892,27,4,,0,33,,1637893,27,4,,0,1,,1637894,27,4,,0
25001,'20261022',639,,1637895,27,4,,0,67,,1637896,27,4,,0,27,,1637897,27,4,,0,71,,1637898,27,4,,0,33,,1637899,27,4,,0,1,,1637900,27,4,,0
25001,'20261023',639,,1637901,27,4,,0,67,,1637902,27,4,,0,27,,1637903,27,4,,0,71,,1637904,27,4,,0,33,,1637905,27,4,,0,1,,1637906,27,4,,0
25101,'20261009',708,,1611871,22,4,,0,29,,1611872,22,4,,0,71,,1611873,22,4,,0
25101,'20261013',708,,1580125,22,4,,0,29,,1580126,22,4,,0,71,,1580127,22,4,,0
25101,'20261014',708,,1580128,22,4,,0,29,,1580129,22,4,,0,71,,1580130,22,4,,0
25101,'20261015',708,,1580131,22,4,,0,29,,1580132,22,4,,0,71,,1580133,22,4,,0
25101,'20261016',708,,1580134,22,4,,0,29,,1580135,22,4,,0,71,,1580136,22,4,,0
25101,'20261019',708,,1611874,22,4,,0,29,,1611875,22,4,,0,71,,1611876,22,4,,0
25101,'20261020',708,,1611877,22,4,,0,29,,1611878,22,4,,0,71,,1611879,22,4,,0
25101,'20261021',708,,1637919,22,4,,0,29,,1637920,22,4,,0,71,,1637921,22,4,,0
25101,'20261022',708,,1637922,22,4,,0,29,,1637923,22,4,,0,71,,1637924,22,4,,0
25101,'20261023',708,,1637925,22,4,,0,29,,1637926,22,4,,0,71,,1637927,22,4,,0
25301,'20261009',707,,1611916,34,4,,0,28,,1611917,34,4,,0,71,,1611918,34,4,,0,32,,1611919,34,4,,0
25301,'20261013',707,,1580169,34,4,,0,28,,1580170,34,4,,0,71,,1580171,34,4,,0,32,,1580172,34,4,,0
25301,'20261014',707,,1580173,34,4,,0,28,,1580174,34,4,,0,71,,1580175,34,4,,0,32,,1580176,34,4,,0
25301,'20261015',707,,1580177,34,4,,0,28,,1580178,34,4,,0,71,,1580179,34,4,,0,32,,1580180,34,4,,0
25301,'20261016',707,,1580181,34,4,,0,28,,1580182,34,4,,0,71,,1580183,34,4,,0,32,,1580184,34,4,,0
25301,'20261019',707,,1611920,34,4,,0,28,,1611921,34,4,,0,71,,1611922,34,4,,0,32,,1611923,34,4,,0
25301,'20261020',707,,1611924,34,4,,0,28,,1611925,34,4,,0,71,,1611926,34,4,,0,32,,1611927,34,4,,0
25301,'20261021',707,,1637940,34,4,,0,28,,1637941,34,4,,0,71,,1637942,34,4,,0,32,,1637943,34,4,,0
25301,'20261022',707,,1637944,34,4,,0,28,,1637945,34,4,,0,71,,1637946,34,4,,0,32,,1637947,34,4,,0
25301,'20261023',707,,1637948,34,4,,0,28,,1637949,34,4,,0,71,,1637950,34,4,,0,32,,1637951,34,4,,0
25401,'20261009',640,,1611986,36,4,,0,69,,1611987,36,4,,0,28,,1611988,36,4,,0,19,,1611989,36,4,,0,51,,1611990,36,4,,0,32,,1611991,36,4,,0
25401,'20261013',640,,1580235,36,4,,0,69,,1580236,36,4,,0,28,,1580237,36,4,,0,19,,1580238,36,4,,0,51,,1580239,36,4,,0,32,,1580240,36,4,,0
25401,'20261014',640,,1580241,36,4,,0,69,,1580242,36,4,,0,28,,1580243,36,4,,0,19,,1580244,36,4,,0,51,,1580245,36,4,,0,32,,1580246,36,4,,0
25401,'20261015',640,,1580247,36,4,,0,69,,1580248,36,4,,0,28,,1580249,36,4,,0,19,,1580250,36,4,,0,51,,1580251,36,4,,0,32,,1580252,36,4,,0
25401,'20261016',640,,1580253,36,4,,0,69,,1580254,36,4,,0,28,,1580255,36,4,,0,19,,1580256,36,4,,0,51,,1580257,36,4,,0,32,,1580258,36,4,,0
25401,'20261019',640,,1611992,36,4,,0,69,,1611993,36,4,,0,28,,1611994,36,4,,0,19,,1611995,36,4,,0,51,,1611996,36,4,,0,32,,1611997,36,4,,0
25401,'20261020',640,,1611998,36,4,,0,69,,1611999,36,4,,0,28,,1612000,36,4,,0,19,,1612001,36,4,,0,51,,1612002,36,4,,0,32,,1612003,36,4,,0
25401,'20261021',640,,1637970,36,4,,0,69,,1637971,36,4,,0,28,,1637972,36,4,,0,19,,1637973,36,4,,0,51,,1637974,36,4,,0,32,,1637975,36,4,,0
25401,'20261022',640,,1637976,36,4,,0,69,,1637977,36,4,,0,28,,1637978,36,4,,0,19,,1637979,36,4,,0,51,,1637980,36,4,,0,32,,1637981,36,4,,0
25401,'20261023',640,,1637982,36,4,,0,69,,1637983,36,4,,0,28,,1637984,36,4,,0,19,,1637985,36,4,,0,51,,1637986,36,4,,0,32,,1637987,36,4,,0
25501,'20261009',707,,1612040,39,4,,0,29,,1612041,39,4,,0,19,,1612042,39,4,,0,53,,1612043,39,4,,0
25501,'20261013',707,,1580291,39,4,,0,29,,1580292,39,4,,0,19,,1580293,39,4,,0,53,,1580294,39,4,,0
25501,'20261014',707,,1580295,39,4,,0,29,,1580296,39,4,,0,19,,1580297,39,4,,0,53,,1580298,39,4,,0
25501,'20261015',707,,1580299,39,4,,0,29,,1580300,39,4,,0,19,,1580301,39,4,,0,53,,1580302,39,4,,0
25501,'20261016',707,,1580303,39,4,,0,29,,1580304,39,4,,0,19,,1580305,39,4,,0,53,,1580306,39,4,,0
25501,'20261019',707,,1612044,39,4,,0,29,,1612045,39,4,,0,19,,1612046,39,4,,0,53,,1612047,39,4,,0
25501,'20261020',707,,1612048,39,4,,0,29,,1612049,39,4,,0,19,,1612050,39,4,,0,53,,1612051,39,4,,0
25501,'20261021',707,,1638000,39,4,,0,29,,1638001,39,4,,0,19,,1638002,39,4,,0,53,,1638003,39,4,,0
25501,'20261022',707,,1638004,39,4,,0,29,,1638005,39,4,,0,19,,1638006,39,4,,0,53,,1638007,39,4,,0
25501,'20261023',707,,1638008,39,4,,0,29,,1638009,39,4,,0,19,,1638010,39,4,,0,53,,1638011,39,4,,0
25701,'20261009',709,,1612085,32,4,,0,26,,1612086,32,4,,0,70,,1612087,32,4,,0
25701,'20261013',709,,1580337,32,4,,0,26,,1580338,32,4,,0,70,,1580339,32,4,,0
25701,'20261014',709,,1580340,32,4,,0,26,,1580341,32,4,,0,70,,1580342,32,4,,0
25701,'20261015',709,,1580343,32,4,,0,26,,1580344,32,4,,0,70,,1580345,32,4,,0
25701,'20261016',709,,1580346,32,4,,0,26,,1580347,32,4,,0,70,,1580348,32,4,,0
25701,'20261019',709,,1612088,32,4,,0,26,,1612089,32,4,,0,70,,1612090,32,4,,0
25701,'20261020',709,,1612091,32,4,,0,26,,1612092,32,4,,0,70,,1612093,32,4,,0
25701,'20261021',709,,1638024,32,4,,0,26,,1638025,32,4,,0,70,,1638026,32,4,,0
25701,'20261022',709,,1638027,32,4,,0,26,,1638028,32,4,,0,70,,1638029,32,4,,0
25701,'20261023',709,,1638030,32,4,,0,26,,1638031,32,4,,0,70,,1638032,32,4,,0
25801,'20261009',709,,1612130,42,4,,0,20,,1612131,42,4,,0,76,,1612132,42,4,,0,34,,1612133,42,4,,0
25801,'20261013',709,,1580381,42,4,,0,20,,1580382,42,4,,0,76,,1580383,42,4,,0,34,,1580384,42,4,,0
25801,'20261014',709,,1580385,42,4,,0,20,,1580386,42,4,,0,76,,1580387,42,4,,0,34,,1580388,42,4,,0
25801,'20261015',709,,1580389,42,4,,0,20,,1580390,42,4,,0,76,,1580391,42,4,,0,34,,1580392,42,4,,0
25801,'20261016',709,,1580393,42,4,,0,20,,1580394,42,4,,0,76,,1580395,42,4,,0,34,,1580396,42,4,,0
25801,'20261019',709,,1612134,42,4,,0,20,,1612135,42,4,,0,76,,1612136,42,4,,0,34,,1612137,42,4,,0
25801,'20261020',709,,1612138,42,4,,0,20,,1612139,42,4,,0,76,,1612140,42,4,,0,34,,1612141,42,4,,0
25801,'20261021',709,,1638045,42,4,,0,20,,1638046,42,4,,0,76,,1638047,42,4,,0,34,,1638048,42,4,,0
25801,'20261022',709,,1638049,42,4,,0,20,,1638050,42,4,,0,76,,1638051,42,4,,0,34,,1638052,42,4,,0
25801,'20261023',709,,1638053,42,4,,0,20,,1638054,42,4,,0,76,,1638055,42,4,,0,34,,1638056,42,4,,0
27001,'20261009',641,,1612221,46,4,,0,13,,1612222,46,4,,0,47,,1612223,46,4,,0,17,,1612224,46,4,,0,13,,1612225,46,4,,0,25,,1612220,27,4,,0,2,,1612226,46,4,,0,47,,1612227,46,4,,0,16,,1612228,46,4,,0,19,,1612229,46,4,,0
27001,'20261013',641,,1580465,46,4,,0,13,,1580466,46,4,,0,47,,1580467,46,4,,0,17,,1580468,46,4,,0,13,,1580469,46,4,,0,27,,1580470,46,4,,0,47,,1580471,46,4,,0,16,,1580472,46,4,,0,19,,1580473,46,4,,0
27001,'20261014',641,,1580474,46,4,,0,13,,1580475,46,4,,0,47,,1580476,46,4,,0,17,,1580477,46,4,,0,13,,1580478,46,4,,0,27,,1580479,46,4,,0,47,,1580480,46,4,,0,16,,1580481,46,4,,0,19,,1580482,46,4,,0
27001,'20261015',641,,1580483,46,4,,0,13,,1580484,46,4,,0,47,,1580485,46,4,,0,17,,1580486,46,4,,0,13,,1580487,46,4,,0,27,,1580488,46,4,,0,47,,1580489,46,4,,0,16,,1580490,46,4,,0,19,,1580491,46,4,,0
27001,'20261016',641,,1580492,46,4,,0,13,,1580493,46,4,,0,47,,1580494,46,4,,0,17,,1580495,46,4,,0,13,,1580496,46,4,,0,27,,1580497,46,4,,0,47,,1580498,46,4,,0,16,,1580499,46,4,,0,19,,1580500,46,4,,0
27001,'20261019',641,,1612230,46,4,,0,13,,1612231,46,4,,0,47,,1612232,46,4,,0,17,,1612233,46,4,,0,13,,1612234,46,4,,0,27,,1612235,46,4,,0,47,,1612236,46,4,,0,16,,1612237,46,4,,0,19,,1612238,46,4,,0
27001,'20261020',641,,1612239,46,4,,0,13,,1612240,46,4,,0,47,,1612241,46,4,,0,17,,1612242,46,4,,0,13,,1612243,46,4,,0,27,,1612244,46,4,,0,47,,1612245,46,4,,0,16,,1612246,46,4,,0,19,,1612247,46,4,,0
27001,'20261021',641,,1638081,46,4,,0,13,,1638082,46,4,,0,47,,1638083,46,4,,0,17,,1638084,46,4,,0,13,,1638085,46,4,,0,27,,1638086,46,4,,0,47,,1638087,46,4,,0,16,,1638088,46,4,,0,19,,1638089,46,4,,0
27001,'20261022',641,,1638090,46,4,,0,13,,1638091,46,4,,0,47,,1638092,46,4,,0,17,,1638093,46,4,,0,13,,1638094,46,4,,0,27,,1638095,46,4,,0,47,,1638096,46,4,,0,16,,1638097,46,4,,0,19,,1638098,46,4,,0
27001,'20261023',641,,1638099,46,4,,0,13,,1638100,46,4,,0,47,,1638101,46,4,,0,17,,1638102,46,4,,0,13,,1638103,46,4,,0,27,,1638104,46,4,,0,47,,1638105,46,4,,0,16,,1638106,46,4,,0,19,,1638107,46,4,,0
27201,'20261009',700,,1612293,55,4,,0,26,,1612294,55,4,,0,32,,1612295,55,4,,0,54,,1612296,55,4,,0,28,,1612297,55,4,,0
27201,'20261013',700,,1580545,55,4,,0,26,,1580542,55,4,,0,32,,1580541,55,4,,0,54,,1580544,55,4,,0,28,,1580543,55,4,,0
27201,'20261014',700,,1580550,55,4,,0,26,,1580547,55,4,,0,32,,1580546,55,4,,0,54,,1580549,55,4,,0,28,,1580548,55,4,,0
27201,'20261015',700,,1580555,55,4,,0,26,,1580552,55,4,,0,32,,1580551,55,4,,0,54,,1580554,55,4,,0,28,,1580553,55,4,,0
27201,'20261016',700,,1580560,55,4,,0,26,,1580557,55,4,,0,32,,1580556,55,4,,0,54,,1580559,55,4,,0,28,,1580558,55,4,,0
27201,'20261019',700,,1612302,55,4,,0,26,,1612299,55,4,,0,32,,1612298,55,4,,0,54,,1612301,55,4,,0,28,,1612300,55,4,,0
27201,'20261020',700,,1612307,55,4,,0,26,,1612304,55,4,,0,32,,1612303,55,4,,0,54,,1612306,55,4,,0,28,,1612305,55,4,,0
27201,'20261021',700,,1638127,55,4,,0,26,,1638124,55,4,,0,32,,1638123,55,4,,0,54,,1638126,55,4,,0,28,,1638125,55,4,,0
27201,'20261022',700,,1638132,55,4,,0,26,,1638129,55,4,,0,32,,1638128,55,4,,0,54,,1638131,55,4,,0,28,,1638130,55,4,,0
27201,'20261023',700,,1638137,55,4,,0,26,,1638134,55,4,,0,32,,1638133,55,4,,0,54,,1638136,55,4,,0,28,,1638135,55,4,,0
27301,'20261009',656,,1612344,56,4,,0,67,,1612345,56,4,,0,91,,1612346,56,4,,0,29,,1612347,56,4,,0
27301,'20261013',656,,1580593,56,4,,0,67,,1580594,56,4,,0,91,,1580595,56,4,,0,29,,1580596,56,4,,0
27301,'20261014',656,,1580597,56,4,,0,67,,1580598,56,4,,0,91,,1580599,56,4,,0,29,,1580600,56,4,,0
27301,'20261015',656,,1580601,56,4,,0,67,,1580602,56,4,,0,91,,1580603,56,4,,0,29,,1580604,56,4,,0
27301,'20261016',656,,1580605,56,4,,0,67,,1580606,56,4,,0,91,,1580607,56,4,,0,29,,1580608,56,4,,0
27301,'20261019',656,,1612348,56,4,,0,67,,1612349,56,4,,0,91,,1612350,56,4,,0,29,,1612351,56,4,,0
27301,'20261020',656,,1612352,56,4,,0,67,,1612353,56,4,,0,91,,1612354,56,4,,0,29,,1612355,56,4,,0
27301,'20261021',656,,1638150,56,4,,0,67,,1638151,56,4,,0,91,,1638152,56,4,,0,29,,1638153,56,4,,0
27301,'20261022',656,,1638154,56,4,,0,67,,1638155,56,4,,0,91,,1638156,56,4,,0,29,,1638157,56,4,,0
27301,'20261023',656,,1638158,56,4,,0,67,,1638159,56,4,,0,91,,1638160,56,4,,0,29,,1638161,56,4,,0
27401,'20261009',708,,1612401,42,4,,0,28,,1612402,42,4,,0,71,,1612403,42,4,,0,7,,1612404,42,4,,0,31,,1612405,42,4,,0
27401,'20261013',708,,1580649,42,4,,0,28,,1580650,42,4,,0,71,,1580651,42,4,,0,7,,1580653,42,4,,0,31,,1580652,42,4,,0
27401,'20261014',708,,1580654,42,4,,0,28,,1580655,42,4,,0,71,,1580656,42,4,,0,7,,1580658,42,4,,0,31,,1580657,42,4,,0
27401,'20261015',708,,1580659,42,4,,0,28,,1580660,42,4,,0,71,,1580661,42,4,,0,7,,1580663,42,4,,0,31,,1580662,42,4,,0
27401,'20261016',708,,1580664,42,4,,0,28,,1580665,42,4,,0,71,,1580666,42,4,,0,7,,1580668,42,4,,0,31,,1580667,42,4,,0
27401,'20261019',708,,1612406,42,4,,0,28,,1612407,42,4,,0,71,,1612408,42,4,,0,7,,1612410,42,4,,0,31,,1612409,42,4,,0
27401,'20261020',708,,1612411,42,4,,0,28,,1612412,42,4,,0,71,,1612413,42,4,,0,7,,1612415,42,4,,0,31,,1612414,42,4,,0
27401,'20261021',708,,1638177,42,4,,0,28,,1638178,42,4,,0,71,,1638179,42,4,,0,7,,1638181,42,4,,0,31,,1638180,42,4,,0
27401,'20261022',708,,1638182,42,4,,0,28,,1638183,42,4,,0,71,,1638184,42,4,,0,7,,1638186,42,4,,0,31,,1638185,42,4,,0
27401,'20261023',708,,1638187,42,4,,0,28,,1638188,42,4,,0,71,,1638189,42,4,,0,7,,1638191,42,4,,0,31,,1638190,42,4,,0
27901,'20261009',655,,1612452,44,4,,0,90,,1612453,44,4,,0,77,,1612454,44,4,,0,23,,1612455,44,4,,0
27901,'20261013',655,,1580704,44,4,,0,90,,1580702,44,4,,0,77,,1580703,44,4,,0,23,,1580701,44,4,,0
27901,'20261014',655,,1580708,44,4,,0,90,,1580706,44,4,,0,77,,1580707,44,4,,0,23,,1580705,44,4,,0
27901,'20261015',655,,1580712,44,4,,0,90,,1580710,44,4,,0,77,,1580711,44,4,,0,23,,1580709,44,4,,0
27901,'20261016',655,,1580716,44,4,,0,90,,1580714,44,4,,0,77,,1580715,44,4,,0,23,,1580713,44,4,,0
27901,'20261019',655,,1612459,44,4,,0,90,,1612457,44,4,,0,77,,1612458,44,4,,0,23,,1612456,44,4,,0
27901,'20261020',655,,1612463,44,4,,0,90,,1612461,44,4,,0,77,,1612462,44,4,,0,23,,1612460,44,4,,0
27901,'20261021',655,,1638207,44,4,,0,90,,1638205,44,4,,0,77,,1638206,44,4,,0,23,,1638204,44,4,,0
27901,'20261022',655,,1638211,44,4,,0,90,,1638209,44,4,,0,77,,1638210,44,4,,0,23,,1638208,44,4,,0
27901,'20261023',655,,1638215,44,4,,0,90,,1638213,44,4,,0,77,,1638214,44,4,,0,23,,1638212,44,4,,0
28001,'20261009',655,,1612518,47,4,,0,82,,1612519,47,4,,0,65,,1612520,47,4,,0,19,,1612521,47,4,,0,14,,1612522,47,4,,0,6,,1612523,47,4,,0
28001,'20261013',655,,1580765,47,4,,0,82,,1580766,47,4,,0,65,,1580767,47,4,,0,19,,1580770,47,4,,0,14,,1580768,47,4,,0,6,,1580769,47,4,,0
28001,'20261014',655,,1580771,47,4,,0,82,,1580772,47,4,,0,65,,1580773,47,4,,0,19,,1580776,47,4,,0,14,,1580774,47,4,,0,6,,1580775,47,4,,0
28001,'20261015',655,,1580777,47,4,,0,82,,1580778,47,4,,0,65,,1580779,47,4,,0,19,,1580782,47,4,,0,14,,1580780,47,4,,0,6,,1580781,47,4,,0
28001,'20261016',655,,1580783,47,4,,0,82,,1580784,47,4,,0,65,,1580785,47,4,,0,19,,1580788,47,4,,0,14,,1580786,47,4,,0,6,,1580787,47,4,,0
28001,'20261019',655,,1612524,47,4,,0,82,,1612525,47,4,,0,65,,1612526,47,4,,0,19,,1612529,47,4,,0,14,,1612527,47,4,,0,6,,1612528,47,4,,0
28001,'20261020',655,,1612530,47,4,,0,82,,1612531,47,4,,0,65,,1612532,47,4,,0,19,,1612535,47,4,,0,14,,1612533,47,4,,0,6,,1612534,47,4,,0
28001,'20261021',655,,1638234,47,4,,0,82,,1638235,47,4,,0,65,,1638236,47,4,,0,19,,1638239,47,4,,0,14,,1638237,47,4,,0,6,,1638238,47,4,,0
28001,'20261022',655,,1638240,47,4,,0,82,,1638241,47,4,,0,65,,1638242,47,4,,0,19,,1638245,47,4,,0,14,,1638243,47,4,,0,6,,1638244,47,4,,0
28001,'20261023',655,,1638246,47,4,,0,82,,1638247,47,4,,0,65,,1638248,47,4,,0,19,,1638251,47,4,,0,14,,1638249,47,4,,0,6,,1638250,47,4,,0
28101,'20261009',707,,1612581,42,4,,0,24,,1612582,42,4,,0,81,,1612583,42,4,,0,13,,1612584,42,4,,0,17,,1612585,42,4,,0
28101,'20261013',707,,1580833,42,4,,0,24,,1580832,42,4,,0,81,,1580829,42,4,,0,13,,1580830,42,4,,0,17,,1580831,42,4,,0
28101,'20261014',707,,1580838,42,4,,0,24,,1580837,42,4,,0,81,,1580834,42,4,,0,13,,1580835,42,4,,0,17,,1580836,42,4,,0
28101,'20261015',707,,1580843,42,4,,0,24,,1580842,42,4,,0,81,,1580839,42,4,,0,13,,1580840,42,4,,0,17,,1580841,42,4,,0
28101,'20261016',707,,1580848,42,4,,0,24,,1580847,42,4,,0,81,,1580844,42,4,,0,13,,1580845,42,4,,0,17,,1580846,42,4,,0
28101,'20261019',707,,1612590,42,4,,0,24,,1612589,42,4,,0,81,,1612586,42,4,,0,13,,1612587,42,4,,0,17,,1612588,42,4,,0
28101,'20261020',707,,1612595,42,4,,0,24,,1612594,42,4,,0,81,,1612591,42,4,,0,13,,1612592,42,4,,0,17,,1612593,42,4,,0
28101,'20261021',707,,1638271,42,4,,0,24,,1638270,42,4,,0,81,,1638267,42,4,,0,13,,1638268,42,4,,0,17,,1638269,42,4,,0
28101,'20261022',707,,1638276,42,4,,0,24,,1638275,42,4,,0,81,,1638272,42,4,,0,13,,1638273,42,4,,0,17,,1638274,42,4,,0
28101,'20261023',707,,1638281,42,4,,0,24,,1638280,42,4,,0,81,,1638277,42,4,,0,13,,1638278,42,4,,0,17,,1638279,42,4,,0
28201,'20261009',640,,1612647,60,4,,0,61,,1612648,60,4,,0,43,,1612649,60,4,,0,64,,1612650,60,4,,0,35,,1612651,60,4,,0
28201,'20261013',640,,1580895,60,4,,0,61,,1580898,60,4,,0,43,,1580899,60,4,,0,64,,1580896,60,4,,0,35,,1580897,60,4,,0
28201,'20261014',640,,1580900,60,4,,0,61,,1580903,60,4,,0,43,,1580904,60,4,,0,64,,1580901,60,4,,0,35,,1580902,60,4,,0
28201,'20261015',640,,1580905,60,4,,0,61,,1580908,60,4,,0,43,,1580909,60,4,,0,64,,1580906,60,4,,0,35,,1580907,60,4,,0
28201,'20261016',640,,1580910,60,4,,0,61,,1580913,60,4,,0,43,,1580914,60,4,,0,64,,1580911,60,4,,0,35,,1580912,60,4,,0
28201,'20261019',640,,1612652,60,4,,0,61,,1612655,60,4,,0,43,,1612656,60,4,,0,64,,1612653,60,4,,0,35,,1612654,60,4,,0
28201,'20261020',640,,1612657,60,4,,0,61,,1612660,60,4,,0,43,,1612661,60,4,,0,64,,1612658,60,4,,0,35,,1612659,60,4,,0
28201,'20261021',640,,1638300,60,4,,0,61,,1638303,60,4,,0,43,,1638304,60,4,,0,64,,1638301,60,4,,0,35,,1638302,60,4,,0
28201,'20261022',640,,1638305,60,4,,0,61,,1638308,60,4,,0,43,,1638309,60,4,,0,64,,1638306,60,4,,0,35,,1638307,60,4,,0
28201,'20261023',640,,1638310,60,4,,0,61,,1638313,60,4,,0,43,,1638314,60,4,,0,64,,1638311,60,4,,0,35,,1638312,60,4,,0
28401,'20261009',710,,1612749,75,4,,0,31,,1612750,75,4,,0,68,,1612751,75,4,,0,18,,1612752,75,4,,0,19,,1612753,75,4,,0
28401,'20261013',710,,1581000,75,4,,0,31,,1580997,75,4,,0,68,,1581001,75,4,,0,18,,1580998,75,4,,0,19,,1580999,75,4,,0
28401,'20261014',710,,1581005,75,4,,0,31,,1581002,75,4,,0,68,,1581006,75,4,,0,18,,1581003,75,4,,0,19,,1581004,75,4,,0
28401,'20261015',710,,1581010,75,4,,0,31,,1581007,75,4,,0,68,,1581011,75,4,,0,18,,1581008,75,4,,0,19,,1581009,75,4,,0
28401,'20261016',710,,1581015,75,4,,0,31,,1581012,75,4,,0,68,,1581016,75,4,,0,18,,1581013,75,4,,0,19,,1581014,75,4,,0
28401,'20261019',710,,1612757,75,4,,0,31,,1612754,75,4,,0,68,,1612758,75,4,,0,18,,1612755,75,4,,0,19,,1612756,75,4,,0
28401,'20261020',710,,1612762,75,4,,0,31,,1612759,75,4,,0,68,,1612763,75,4,,0,18,,1612760,75,4,,0,19,,1612761,75,4,,0
28401,'20261021',710,,1638354,75,4,,0,31,,1638351,75,4,,0,68,,1638355,75,4,,0,18,,1638352,75,4,,0,19,,1638353,75,4,,0
28401,'20261022',710,,1638359,75,4,,0,31,,1638356,75,4,,0,68,,1638360,75,4,,0,18,,1638357,75,4,,0,19,,1638358,75,4,,0
28401,'20261023',710,,1638364,75,4,,0,31,,1638361,75,4,,0,68,,1638365,75,4,,0,18,,1638362,75,4,,0,19,,1638363,75,4,,0
28901,'20261009',709,,1612809,36,4,,0,32,,1612810,36,4,,0,60,,1612811,36,4,,0,17,,1612812,36,4,,0,25,,1612813,36,4,,0
28901,'20261013',709,,1581058,36,4,,0,32,,1581057,36,4,,0,60,,1581059,36,4,,0,17,,1581061,36,4,,0,25,,1581060,36,4,,0
28901,'20261014',709,,1581063,36,4,,0,32,,1581062,36,4,,0,60,,1581064,36,4,,0,17,,1581066,36,4,,0,25,,1581065,36,4,,0
28901,'20261015',709,,1581068,36,4,,0,32,,1581067,36,4,,0,60,,1581069,36,4,,0,17,,1581071,36,4,,0,25,,1581070,36,4,,0
28901,'20261016',709,,1581073,36,4,,0,32,,1581072,36,4,,0,60,,1581074,36,4,,0,17,,1581076,36,4,,0,25,,1581075,36,4,,0
28901,'20261019',709,,1612815,36,4,,0,32,,1612814,36,4,,0,60,,1612816,36,4,,0,17,,1612818,36,4,,0,25,,1612817,36,4,,0
28901,'20261020',709,,1612820,36,4,,0,32,,1612819,36,4,,0,60,,1612821,36,4,,0,17,,1612823,36,4,,0,25,,1612822,36,4,,0
28901,'20261021',709,,1638382,36,4,,0,32,,1638381,36,4,,0,60,,1638383,36,4,,0,17,,1638385,36,4,,0,25,,1638384,36,4,,0
28901,'20261022',709,,1638387,36,4,,0,32,,1638386,36,4,,0,60,,1638388,36,4,,0,17,,1638390,36,4,,0,25,,1638389,36,4,,0
28901,'20261023',709,,1638392,36,4,,0,32,,1638391,36,4,,0,60,,1638393,36,4,,0,17,,1638395,36,4,,0,25,,1638394,36,4,,0
80003,'20261009',520,,1615709,34,,,1,15,,1615710,34,,,1,15,,1615711,34,,,1,56,,1615712,34,,,1,13,,1615713,34,,,1,10,,1615714,34,,,1,10,,1615715,34,,,1,11,,1615716,34,,,1,50,,1615717,34,,,1,10,,1615718,34,,,1,12,,1615719,34,,,1,10,,1615720,34,,,1,12,,1615721,34,,,1,10,,1615722,34,,,1,48,,1615723,34,,,1,9,,1615724,34,,,1,10,,1615725,34,,,1,10,,1615726,34,,,1,13,,1615727,34,,,1,14,,1615728,34,,,1,54,,1615729,34,,,1,14,,1615730,34,,,1,14,,1615731,34,,,1,14,,1615732,34,,,1,55,,1615733,34,,,1,16,,1615734,34,,,1,13,,1615735,34,,,1,15,,1615736,34,,,1,55,,1615737,34,,,1,16,,1615738,34,,,1,15,,1615739,34,,,1,15,,1615740,34,,,1,55,,1615741,34,,,1,16,,1615742,34,,,1,15,,1615743,34,,,1,15,,1615744,34,,,1,55,,1615745,34,,,1,15,,1615746,34,,,1,15,,1615747,34,,,1,15,,1615748,34,,,1,55,,1615749,34,,,1,15,,1615750,34,,,1,15,,1615751,34,,,1,16,,1615752,34,,,1,56,,1615753,34,,,1,15,,1615754,34,,,1,12,,1615755,34,,,1,12,,1615756,34,,,1,51,,1615757,34,,,1,10,,1615758,34,,,1,10,,1615759,34,,,1,11,,1615760,34,,,1,10,,1615761,34,,,1,10,,1615762,34,,,1,50,,1615763,34,,,1,10,,1615764,34,,,1,9,,1615765,34,,,1,10,,1615766,34,,,1,10,,1615767,34,,,1,9,,1615768,34,,,1,49,,1615769,34,,,1,10,,1615770,34,,,1,11,,1615771,34,,,1,9,,1615772,34,,,1,13,,1615773,34,,,1,14,,1615774,34,,,1,54,,1615775,34,,,1,16,,1615776,34,,,1,14,,1615777,34,,,1,14,,1615778,34,,,1,53,,1615779,34,,,1,15,,1615780,34,,,1,15,,1615781,34,,,1,15,,1615782,34,,,1,55,,1615783,34,,,1,15,,1615784,34,,,1,16,,1615785,34,,,1,15,,1615786,34,,,1,54,,1615787,34,,,1,15,,1615788,34,,,1,14,,1615789,34,,,1,15,,1615790,34,,,1,55,,1615791,34,,,1,13,,1615792,34,,,1,15,,1615793,34,,,1,16,,1615794,34,,,1,55,,1615795,34,,,1,13,,1615796,34,,,1,16,,1615797,34,,,1,16,,1615798,34,,,1,55,,1615799,34,,,1
80003,'20261010',600,,1639856,34,,,1,15,,1639857,34,,,1,15,,1639858,34,,,1,15,,1639859,34,,,1,56,,1639860,34,,,1,16,,1639861,34,,,1,15,,1639862,34,,,1,15,,1639863,34,,,1,55,,1639864,34,,,1,15,,1639865,34,,,1,17,,1639866,34,,,1,15,,1639867,34,,,1,55,,1639868,34,,,1,16,,1639869,34,,,1,15,,1639870,34,,,1,15,,1639871,34,,,1,54,,1639872,34,,,1,15,,1639873,34,,,1,16,,1639874,34,,,1,16,,1639875,34,,,1,56,,1639876,34,,,1,15,,1639877,34,,,1,15,,1639878,34,,,1,15,,1639879,34,,,1,56,,1639880,34,,,1,16,,1639881,34,,,1,13,,1639882,34,,,1,15,,1639883,34,,,1,55,,1639884,34,,,1,15,,1639885,34,,,1,15,,1639886,34,,,1,14,,1639887,34,,,1,56,,1639888,34,,,1,15,,1639889,34,,,1,15,,1639890,34,,,1,15,,1639891,34,,,1,54,,1639892,34,,,1,15,,1639893,34,,,1,15,,1639894,34,,,1,15,,1639895,34,,,1,54,,1639896,34,,,1,16,,1639897,34,,,1,15,,1639898,34,,,1,16,,1639899,34,,,1,54,,1639900,34,,,1,16,,1639901,34,,,1,16,,1639902,34,,,1,14,,1639903,34,,,1,55,,1639904,34,,,1,16,,1639905,34,,,1,15,,1639906,34,,,1,16,,1639907,34,,,1,53,,1639908,34,,,1,14,,1639909,34,,,1,15,,1639910,34,,,1,14,,1639911,34,,,1,55,,1639912,34,,,1,15,,1639913,34,,,1,17,,1639914,34,,,1,17,,1639915,34,,,1,54,,1639916,34,,,1,14,,1639917,34,,,1,15,,1639918,34,,,1,15,,1639919,34,,,1,55,,1639920,34,,,1,15,,1639921,34,,,1,16,,1639922,34,,,1,13,,1639923,34,,,1,55,,1639924,34,,,1,15,,1639925,34,,,1,15,,1639926,34,,,1,15,,1639927,34,,,1,53,,1639928,34,,,1,15,,1639929,34,,,1,14,,1639930,34,,,1,15,,1639931,34,,,1,55,,1639932,34,,,1
80003,'20261011',600,,1639933,34,,,1,15,,1639934,34,,,1,15,,1639935,34,,,1,15,,1639936,34,,,1,56,,1639937,34,,,1,16,,1639938,34,,,1,15,,1639939,34,,,1,15,,1639940,34,,,1,55,,1639941,34,,,1,15,,1639942,34,,,1,17,,1639943,34,,,1,15,,1639944,34,,,1,55,,1639945,34,,,1,16,,1639946,34,,,1,15,,1639947,34,,,1,15,,1639948,34,,,1,54,,1639949,34,,,1,15,,1639950,34,,,1,16,,1639951,34,,,1,16,,1639952,34,,,1,56,,1639953,34,,,1,15,,1639954,34,,,1,15,,1639955,34,,,1,15,,1639956,34,,,1,56,,1639957,34,,,1,16,,1639958,34,,,1,13,,1639959,34,,,1,15,,1639960,34,,,1,55,,1639961,34,,,1,15,,1639962,34,,,1,15,,1639963,34,,,1,14,,1639964,34,,,1,56,,1639965,34,,,1,15,,1639966,34,,,1,15,,1639967,34,,,1,15,,1639968,34,,,1,54,,1639969,34,,,1,15,,1639970,34,,,1,15,,1639971,34,,,1,15,,1639972,34,,,1,54,,1639973,34,,,1,16,,1639974,34,,,1,15,,1639975,34,,,1,16,,1639976,34,,,1,54,,1639977,34,,,1,16,,1639978,34,,,1,16,,1639979,34,,,1,14,,1639980,34,,,1,55,,1639981,34,,,1,16,,1639982,34,,,1,15,,1639983,34,,,1,16,,1639984,34,,,1,53,,1639985,34,,,1,14,,1639986,34,,,1,15,,1639987,34,,,1,14,,1639988,34,,,1,55,,1639989,34,,,1,15,,1639990,34,,,1,17,,1639991,34,,,1,17,,1639992,34,,,1,54,,1639993,34,,,1,14,,1639994,34,,,1,15,,1639995,34,,,1,15,,1639996,34,,,1,55,,1639997,34,,,1,15,,1639998,34,,,1,16,,1639999,34,,,1,13,,1640000,34,,,1,55,,1640001,34,,,1,15,,1640002,34,,,1,15,,1640003,34,,,1,15,,1640004,34,,,1,53,,1640005,34,,,1,15,,1640006,34,,,1,14,,1640007,34,,,1,15,,1640008,34,,,1,55,,1640009,34,,,1
80003,'20261012',600,,1640010,34,,,1,15,,1640011,34,,,1,15,,1640012,34,,,1,15,,1640013,34,,,1,56,,1640014,34,,,1,16,,1640015,34,,,1,15,,1640016,34,,,1,15,,1640017,34,,,1,55,,1640018,34,,,1,15,,1640019,34,,,1,17,,1640020,34,,,1,15,,1640021,34,,,1,55,,1640022,34,,,1,16,,1640023,34,,,1,15,,1640024,34,,,1,15,,1640025,34,,,1,54,,1640026,34,,,1,15,,1640027,34,,,1,16,,1640028,34,,,1,16,,1640029,34,,,1,56,,1640030,34,,,1,15,,1640031,34,,,1,15,,1640032,34,,,1,15,,1640033,34,,,1,56,,1640034,34,,,1,16,,1640035,34,,,1,13,,1640036,34,,,1,15,,1640037,34,,,1,55,,1640038,34,,,1,15,,1640039,34,,,1,15,,1640040,34,,,1,14,,1640041,34,,,1,56,,1640042,34,,,1,15,,1640043,34,,,1,15,,1640044,34,,,1,15,,1640045,34,,,1,54,,1640046,34,,,1,15,,1640047,34,,,1,15,,1640048,34,,,1,15,,1640049,34,,,1,54,,1640050,34,,,1,16,,1640051,34,,,1,15,,1640052,34,,,1,16,,1640053,34,,,1,54,,1640054,34,,,1,16,,1640055,34,,,1,16,,1640056,34,,,1,14,,1640057,34,,,1,55,,1640058,34,,,1,16,,1640059,34,,,1,15,,1640060,34,,,1,16,,1640061,34,,,1,53,,1640062,34,,,1,14,,1640063,34,,,1,15,,1640064,34,,,1,14,,1640065,34,,,1,55,,1640066,34,,,1,15,,1640067,34,,,1,17,,1640068,34,,,1,17,,1640069,34,,,1,54,,1640070,34,,,1,14,,1640071,34,,,1,15,,1640072,34,,,1,15,,1640073,34,,,1,55,,1640074,34,,,1,15,,1640075,34,,,1,16,,1640076,34,,,1,13,,1640077,34,,,1,55,,1640078,34,,,1,15,,1640079,34,,,1,15,,1640080,34,,,1,15,,1640081,34,,,1,53,,1640082,34,,,1,15,,1640083,34,,,1,14,,1640084,34,,,1,15,,1640085,34,,,1,55,,1640086,34,,,1
80003,'20261013',520,,1584102,34,,,1,15,,1584015,34,,,1,15,,1584041,34,,,1,56,,1584038,34,,,1,13,,1584020,34,,,1,10,,1584040,34,,,1,10,,1584017,34,,,1,11,,1584028,34,,,1,50,,1584096,34,,,1,10,,1584095,34,,,1,12,,1584094,34,,,1,10,,1584093,34,,,1,12,,1584092,34,,,1,10,,1584091,34,,,1,48,,1584090,34,,,1,9,,1584089,34,,,1,10,,1584088,34,,,1,10,,1584087,34,,,1,13,,1584086,34,,,1,14,,1584085,34,,,1,54,,1584084,34,,,1,14,,1584083,34,,,1,14,,1584082,34,,,1,14,,1584081,34,,,1,55,,1584080,34,,,1,16,,1584079,34,,,1,13,,1584078,34,,,1,15,,1584077,34,,,1,55,,1584076,34,,,1,16,,1584075,34,,,1,15,,1584074,34,,,1,15,,1584073,34,,,1,55,,1584072,34,,,1,16,,1584071,34,,,1,15,,1584070,34,,,1,15,,1584069,34,,,1,55,,1584068,34,,,1,15,,1584067,34,,,1,15,,1584066,34,,,1,15,,1584065,34,,,1,55,,1584064,34,,,1,15,,1584063,34,,,1,15,,1584030,34,,,1,16,,1584062,34,,,1,56,,1584039,34,,,1,15,,1584036,34,,,1,12,,1584061,34,,,1,12,,1584043,34,,,1,51,,1584101,34,,,1,10,,1584098,34,,,1,10,,1584042,34,,,1,11,,1584025,34,,,1,10,,1584044,34,,,1,10,,1584060,34,,,1,50,,1584019,34,,,1,10,,1584012,34,,,1,9,,1584033,34,,,1,10,,1584059,34,,,1,10,,1584014,34,,,1,9,,1584013,34,,,1,49,,1584058,34,,,1,10,,1584057,34,,,1,11,,1584099,34,,,1,9,,1584016,34,,,1,13,,1584018,34,,,1,14,,1584056,34,,,1,54,,1584034,34,,,1,16,,1584100,34,,,1,14,,1584055,34,,,1,14,,1584022,34,,,1,53,,1584021,34,,,1,15,,1584054,34,,,1,15,,1584023,34,,,1,15,,1584053,34,,,1,55,,1584052,34,,,1,15,,1584024,34,,,1,16,,1584051,34,,,1,15,,1584027,34,,,1,54,,1584026,34,,,1,15,,1584050,34,,,1,14,,1584029,34,,,1,15,,1584049,34,,,1,55,,1584031,34,,,1,13,,1584048,34,,,1,15,,1584032,34,,,1,16,,1584047,34,,,1,55,,1584035,34,,,1,13,,1584046,34,,,1,16,,1584037,34,,,1,16,,1584045,34,,,1,55,,1584097,34,,,1
80003,'20261014',520,,1584193,34,,,1,15,,1584106,34,,,1,15,,1584132,34,,,1,56,,1584129,34,,,1,13,,1584111,34,,,1,10,,1584131,34,,,1,10,,1584108,34,,,1,11,,1584119,34,,,1,50,,1584187,34,,,1,10,,1584186,34,,,1,12,,1584185,34,,,1,10,,1584184,34,,,1,12,,1584183,34,,,1,10,,1584182,34,,,1,48,,1584181,34,,,1,9,,1584180,34,,,1,10,,1584179,34,,,1,10,,1584178,34,,,1,13,,1584177,34,,,1,14,,1584176,34,,,1,54,,1584175,34,,,1,14,,1584174,34,,,1,14,,1584173,34,,,1,14,,1584172,34,,,1,55,,1584171,34,,,1,16,,1584170,34,,,1,13,,1584169,34,,,1,15,,1584168,34,,,1,55,,1584167,34,,,1,16,,1584166,34,,,1,15,,1584165,34,,,1,15,,1584164,34,,,1,55,,1584163,34,,,1,16,,1584162,34,,,1,15,,1584161,34,,,1,15,,1584160,34,,,1,55,,1584159,34,,,1,15,,1584158,34,,,1,15,,1584157,34,,,1,15,,1584156,34,,,1,55,,1584155,34,,,1,15,,1584154,34,,,1,15,,1584121,34,,,1,16,,1584153,34,,,1,56,,1584130,34,,,1,15,,1584127,34,,,1,12,,1584152,34,,,1,12,,1584134,34,,,1,51,,1584192,34,,,1,10,,1584189,34,,,1,10,,1584133,34,,,1,11,,1584116,34,,,1,10,,1584135,34,,,1,10,,1584151,34,,,1,50,,1584110,34,,,1,10,,1584103,34,,,1,9,,1584124,34,,,1,10,,1584150,34,,,1,10,,1584105,34,,,1,9,,1584104,34,,,1,49,,1584149,34,,,1,10,,1584148,34,,,1,11,,1584190,34,,,1,9,,1584107,34,,,1,13,,1584109,34,,,1,14,,1584147,34,,,1,54,,1584125,34,,,1,16,,1584191,34,,,1,14,,1584146,34,,,1,14,,1584113,34,,,1,53,,1584112,34,,,1,15,,1584145,34,,,1,15,,1584114,34,,,1,15,,1584144,34,,,1,55,,1584143,34,,,1,15,,1584115,34,,,1,16,,1584142,34,,,1,15,,1584118,34,,,1,54,,1584117,34,,,1,15,,1584141,34,,,1,14,,1584120,34,,,1,15,,1584140,34,,,1,55,,1584122,34,,,1,13,,1584139,34,,,1,15,,1584123,34,,,1,16,,1584138,34,,,1,55,,1584126,34,,,1,13,,1584137,34,,,1,16,,1584128,34,,,1,16,,1584136,34,,,1,55,,1584188,34,,,1
80003,'20261015',520,,1584284,34,,,1,15,,1584197,34,,,1,15,,1584223,34,,,1,56,,1584220,34,,,1,13,,1584202,34,,,1,10,,1584222,34,,,1,10,,1584199,34,,,1,11,,1584210,34,,,1,50,,1584278,34,,,1,10,,1584277,34,,,1,12,,1584276,34,,,1,10,,1584275,34,,,1,12,,1584274,34,,,1,10,,1584273,34,,,1,48,,1584272,34,,,1,9,,1584271,34,,,1,10,,1584270,34,,,1,10,,1584269,34,,,1,13,,1584268,34,,,1,14,,1584267,34,,,1,54,,1584266,34,,,1,14,,1584265,34,,,1,14,,1584264,34,,,1,14,,1584263,34,,,1,55,,1584262,34,,,1,16,,1584261,34,,,1,13,,1584260,34,,,1,15,,1584259,34,,,1,55,,1584258,34,,,1,16,,1584257,34,,,1,15,,1584256,34,,,1,15,,1584255,34,,,1,55,,1584254,34,,,1,16,,1584253,34,,,1,15,,1584252,34,,,1,15,,1584251,34,,,1,55,,1584250,34,,,1,15,,1584249,34,,,1,15,,1584248,34,,,1,15,,1584247,34,,,1,55,,1584246,34,,,1,15,,1584245,34,,,1,15,,1584212,34,,,1,16,,1584244,34,,,1,56,,1584221,34,,,1,15,,1584218,34,,,1,12,,1584243,34,,,1,12,,1584225,34,,,1,51,,1584283,34,,,1,10,,1584280,34,,,1,10,,1584224,34,,,1,11,,1584207,34,,,1,10,,1584226,34,,,1,10,,1584242,34,,,1,50,,1584201,34,,,1,10,,1584194,34,,,1,9,,1584215,34,,,1,10,,1584241,34,,,1,10,,1584196,34,,,1,9,,1584195,34,,,1,49,,1584240,34,,,1,10,,1584239,34,,,1,11,,1584281,34,,,1,9,,1584198,34,,,1,13,,1584200,34,,,1,14,,1584238,34,,,1,54,,1584216,34,,,1,16,,1584282,34,,,1,14,,1584237,34,,,1,14,,1584204,34,,,1,53,,1584203,34,,,1,15,,1584236,34,,,1,15,,1584205,34,,,1,15,,1584235,34,,,1,55,,1584234,34,,,1,15,,1584206,34,,,1,16,,1584233,34,,,1,15,,1584209,34,,,1,54,,1584208,34,,,1,15,,1584232,34,,,1,14,,1584211,34,,,1,15,,1584231,34,,,1,55,,1584213,34,,,1,13,,1584230,34,,,1,15,,1584214,34,,,1,16,,1584229,34,,,1,55,,1584217,34,,,1,13,,1584228,34,,,1,16,,1584219,34,,,1,16,,1584227,34,,,1,55,,1584279,34,,,1
80003,'20261016',520,,1584375,34,,,1,15,,1584288,34,,,1,15,,1584314,34,,,1,56,,1584311,34,,,1,13,,1584293,34,,,1,10,,1584313,34,,,1,10,,1584290,34,,,1,11,,1584301,34,,,1,50,,1584369,34,,,1,10,,1584368,34,,,1,12,,1584367,34,,,1,10,,1584366,34,,,1,12,,1584365,34,,,1,10,,1584364,34,,,1,48,,1584363,34,,,1,9,,1584362,34,,,1,10,,1584361,34,,,1,10,,1584360,34,,,1,13,,1584359,34,,,1,14,,1584358,34,,,1,54,,1584357,34,,,1,14,,1584356,34,,,1,14,,1584355,34,,,1,14,,1584354,34,,,1,55,,1584353,34,,,1,16,,1584352,34,,,1,13,,1584351,34,,,1,15,,1584350,34,,,1,55,,1584349,34,,,1,16,,1584348,34,,,1,15,,1584347,34,,,1,15,,1584346,34,,,1,55,,1584345,34,,,1,16,,1584344,34,,,1,15,,1584343,34,,,1,15,,1584342,34,,,1,55,,1584341,34,,,1,15,,1584340,34,,,1,15,,1584339,34,,,1,15,,1584338,34,,,1,55,,1584337,34,,,1,15,,1584336,34,,,1,15,,1584303,34,,,1,16,,1584335,34,,,1,56,,1584312,34,,,1,15,,1584309,34,,,1,12,,1584334,34,,,1,12,,1584316,34,,,1,51,,1584374,34,,,1,10,,1584371,34,,,1,10,,1584315,34,,,1,11,,1584298,34,,,1,10,,1584317,34,,,1,10,,1584333,34,,,1,50,,1584292,34,,,1,10,,1584285,34,,,1,9,,1584306,34,,,1,10,,1584332,34,,,1,10,,1584287,34,,,1,9,,1584286,34,,,1,49,,1584331,34,,,1,10,,1584330,34,,,1,11,,1584372,34,,,1,9,,1584289,34,,,1,13,,1584291,34,,,1,14,,1584329,34,,,1,54,,1584307,34,,,1,16,,1584373,34,,,1,14,,1584328,34,,,1,14,,1584295,34,,,1,53,,1584294,34,,,1,15,,1584327,34,,,1,15,,1584296,34,,,1,15,,1584326,34,,,1,55,,1584325,34,,,1,15,,1584297,34,,,1,16,,1584324,34,,,1,15,,1584300,34,,,1,54,,1584299,34,,,1,15,,1584323,34,,,1,14,,1584302,34,,,1,15,,1584322,34,,,1,55,,1584304,34,,,1,13,,1584321,34,,,1,15,,1584305,34,,,1,16,,1584320,34,,,1,55,,1584308,34,,,1,13,,1584319,34,,,1,16,,1584310,34,,,1,16,,1584318,34,,,1,55,,1584370,34,,,1
80003,'20261017',600,,1615800,34,,,1,15,,1615801,34,,,1,15,,1615802,34,,,1,15,,1615803,34,,,1,56,,1615804,34,,,1,16,,1615805,34,,,1,15,,1615806,34,,,1,15,,1615808,34,,,1,55,,1615809,34,,,1,15,,1615810,34,,,1,17,,1615807,34,,,1,15,,1615811,34,,,1,55,,1615812,34,,,1,16,,1615813,34,,,1,15,,1615814,34,,,1,15,,1615815,34,,,1,54,,1615816,34,,,1,15,,1615817,34,,,1,16,,1615818,34,,,1,16,,1615820,34,,,1,56,,1615821,34,,,1,15,,1615822,34,,,1,15,,1615819,34,,,1,15,,1615823,34,,,1,56,,1615824,34,,,1,16,,1615825,34,,,1,13,,1615826,34,,,1,15,,1615827,34,,,1,55,,1615829,34,,,1,15,,1615828,34,,,1,15,,1615830,34,,,1,14,,1615831,34,,,1,56,,1615832,34,,,1,15,,1615833,34,,,1,15,,1615834,34,,,1,15,,1615835,34,,,1,54,,1615836,34,,,1,15,,1615838,34,,,1,15,,1615839,34,,,1,15,,1615840,34,,,1,54,,1615837,34,,,1,16,,1615841,34,,,1,15,,1615842,34,,,1,16,,1615843,34,,,1,54,,1615844,34,,,1,16,,1615845,34,,,1,16,,1615846,34,,,1,14,,1615847,34,,,1,55,,1615849,34,,,1,16,,1615850,34,,,1,15,,1615851,34,,,1,16,,1615848,34,,,1,53,,1615852,34,,,1,14,,1615853,34,,,1,15,,1615854,34,,,1,14,,1615855,34,,,1,55,,1615857,34,,,1,15,,1615858,34,,,1,17,,1615859,34,,,1,17,,1615856,34,,,1,54,,1615860,34,,,1,14,,1615861,34,,,1,15,,1615862,34,,,1,15,,1615863,34,,,1,55,,1615864,34,,,1,15,,1615865,34,,,1,16,,1615866,34,,,1,13,,1615868,34,,,1,55,,1615869,34,,,1,15,,1615870,34,,,1,15,,1615867,34,,,1,15,,1615871,34,,,1,53,,1615872,34,,,1,15,,1615873,34,,,1,14,,1615874,34,,,1,15,,1615875,34,,,1,55,,1615876,34,,,1
80003,'20261018',600,,1615894,34,,,1,15,,1615884,34,,,1,15,,1615889,34,,,1,15,,1615882,34,,,1,56,,1615895,34,,,1,16,,1615880,34,,,1,15,,1615879,34,,,1,15,,1615888,34,,,1,55,,1615896,34,,,1,15,,1615877,34,,,1,17,,1615890,34,,,1,15,,1615883,34,,,1,55,,1615878,34,,,1,16,,1615897,34,,,1,15,,1615898,34,,,1,15,,1615892,34,,,1,54,,1615885,34,,,1,15,,1615893,34,,,1,16,,1615886,34,,,1,16,,1615900,34,,,1,56,,1615881,34,,,1,15,,1615901,34,,,1,15,,1615899,34,,,1,15,,1615904,34,,,1,56,,1615902,34,,,1,16,,1615887,34,,,1,13,,1615909,34,,,1,15,,1615903,34,,,1,55,,1615910,34,,,1,15,,1615905,34,,,1,15,,1615906,34,,,1,14,,1615907,34,,,1,56,,1615908,34,,,1,15,,1615891,34,,,1,15,,1615911,34,,,1,15,,1615927,34,,,1,54,,1615920,34,,,1,15,,1615923,34,,,1,15,,1615917,34,,,1,15,,1615926,34,,,1,54,,1615918,34,,,1,16,,1615919,34,,,1,15,,1615913,34,,,1,16,,1615928,34,,,1,54,,1615929,34,,,1,16,,1615924,34,,,1,16,,1615914,34,,,1,14,,1615921,34,,,1,55,,1615925,34,,,1,16,,1615930,34,,,1,15,,1615931,34,,,1,16,,1615922,34,,,1,53,,1615912,34,,,1,14,,1615932,34,,,1,15,,1615933,34,,,1,14,,1615934,34,,,1,55,,1615935,34,,,1,15,,1615916,34,,,1,17,,1615945,34,,,1,17,,1615915,34,,,1,54,,1615950,34,,,1,14,,1615937,34,,,1,15,,1615939,34,,,1,15,,1615947,34,,,1,55,,1615941,34,,,1,15,,1615940,34,,,1,16,,1615948,34,,,1,13,,1615936,34,,,1,55,,1615944,34,,,1,15,,1615943,34,,,1,15,,1615942,34,,,1,15,,1615949,34,,,1,53,,1615951,34,,,1,15,,1615952,34,,,1,14,,1615938,34,,,1,15,,1615946,34,,,1,55,,1615953,34,,,1
80003,'20261019',520,,1616044,34,,,1,15,,1615957,34,,,1,15,,1615983,34,,,1,56,,1615980,34,,,1,13,,1615962,34,,,1,10,,1615982,34,,,1,10,,1615959,34,,,1,11,,1615970,34,,,1,50,,1616038,34,,,1,10,,1616037,34,,,1,12,,1616036,34,,,1,10,,1616035,34,,,1,12,,1616034,34,,,1,10,,1616033,34,,,1,48,,1616032,34,,,1,9,,1616031,34,,,1,10,,1616030,34,,,1,10,,1616029,34,,,1,13,,1616028,34,,,1,14,,1616027,34,,,1,54,,1616026,34,,,1,14,,1616025,34,,,1,14,,1616024,34,,,1,14,,1616023,34,,,1,55,,1616022,34,,,1,16,,1616021,34,,,1,13,,1616020,34,,,1,15,,1616019,34,,,1,55,,1616018,34,,,1,16,,1616017,34,,,1,15,,1616016,34,,,1,15,,1616015,34,,,1,55,,1616014,34,,,1,16,,1616013,34,,,1,15,,1616012,34,,,1,15,,1616011,34,,,1,55,,1616010,34,,,1,15,,1616009,34,,,1,15,,1616008,34,,,1,15,,1616007,34,,,1,55,,1616006,34,,,1,15,,1616005,34,,,1,15,,1615972,34,,,1,16,,1616004,34,,,1,56,,1615981,34,,,1,15,,1615978,34,,,1,12,,1616003,34,,,1,12,,1615985,34,,,1,51,,1616043,34,,,1,10,,1616040,34,,,1,10,,1615984,34,,,1,11,,1615967,34,,,1,10,,1615986,34,,,1,10,,1616002,34,,,1,50,,1615961,34,,,1,10,,1615954,34,,,1,9,,1615975,34,,,1,10,,1616001,34,,,1,10,,1615956,34,,,1,9,,1615955,34,,,1,49,,1616000,34,,,1,10,,1615999,34,,,1,11,,1616041,34,,,1,9,,1615958,34,,,1,13,,1615960,34,,,1,14,,1615998,34,,,1,54,,1615976,34,,,1,16,,1616042,34,,,1,14,,1615997,34,,,1,14,,1615964,34,,,1,53,,1615963,34,,,1,15,,1615996,34,,,1,15,,1615965,34,,,1,15,,1615995,34,,,1,55,,1615994,34,,,1,15,,1615966,34,,,1,16,,1615993,34,,,1,15,,1615969,34,,,1,54,,1615968,34,,,1,15,,1615992,34,,,1,14,,1615971,34,,,1,15,,1615991,34,,,1,55,,1615973,34,,,1,13,,1615990,34,,,1,15,,1615974,34,,,1,16,,1615989,34,,,1,55,,1615977,34,,,1,13,,1615988,34,,,1,16,,1615979,34,,,1,16,,1615987,34,,,1,55,,1616039,34,,,1
80003,'20261020',520,,1616135,34,,,1,15,,1616048,34,,,1,15,,1616074,34,,,1,56,,1616071,34,,,1,13,,1616053,34,,,1,10,,1616073,34,,,1,10,,1616050,34,,,1,11,,1616061,34,,,1,50,,1616129,34,,,1,10,,1616128,34,,,1,12,,1616127,34,,,1,10,,1616126,34,,,1,12,,1616125,34,,,1,10,,1616124,34,,,1,48,,1616123,34,,,1,9,,1616122,34,,,1,10,,1616121,34,,,1,10,,1616120,34,,,1,13,,1616119,34,,,1,14,,1616118,34,,,1,54,,1616117,34,,,1,14,,1616116,34,,,1,14,,1616115,34,,,1,14,,1616114,34,,,1,55,,1616113,34,,,1,16,,1616112,34,,,1,13,,1616111,34,,,1,15,,1616110,34,,,1,55,,1616109,34,,,1,16,,1616108,34,,,1,15,,1616107,34,,,1,15,,1616106,34,,,1,55,,1616105,34,,,1,16,,1616104,34,,,1,15,,1616103,34,,,1,15,,1616102,34,,,1,55,,1616101,34,,,1,15,,1616100,34,,,1,15,,1616099,34,,,1,15,,1616098,34,,,1,55,,1616097,34,,,1,15,,1616096,34,,,1,15,,1616063,34,,,1,16,,1616095,34,,,1,56,,1616072,34,,,1,15,,1616069,34,,,1,12,,1616094,34,,,1,12,,1616076,34,,,1,51,,1616134,34,,,1,10,,1616131,34,,,1,10,,1616075,34,,,1,11,,1616058,34,,,1,10,,1616077,34,,,1,10,,1616093,34,,,1,50,,1616052,34,,,1,10,,1616045,34,,,1,9,,1616066,34,,,1,10,,1616092,34,,,1,10,,1616047,34,,,1,9,,1616046,34,,,1,49,,1616091,34,,,1,10,,1616090,34,,,1,11,,1616132,34,,,1,9,,1616049,34,,,1,13,,1616051,34,,,1,14,,1616089,34,,,1,54,,1616067,34,,,1,16,,1616133,34,,,1,14,,1616088,34,,,1,14,,1616055,34,,,1,53,,1616054,34,,,1,15,,1616087,34,,,1,15,,1616056,34,,,1,15,,1616086,34,,,1,55,,1616085,34,,,1,15,,1616057,34,,,1,16,,1616084,34,,,1,15,,1616060,34,,,1,54,,1616059,34,,,1,15,,1616083,34,,,1,14,,1616062,34,,,1,15,,1616082,34,,,1,55,,1616064,34,,,1,13,,1616081,34,,,1,15,,1616065,34,,,1,16,,1616080,34,,,1,55,,1616068,34,,,1,13,,1616079,34,,,1,16,,1616070,34,,,1,16,,1616078,34,,,1,55,,1616130,34,,,1
80003,'20261021',520,,1640177,34,,,1,15,,1640090,34,,,1,15,,1640116,34,,,1,56,,1640113,34,,,1,13,,1640095,34,,,1,10,,1640115,34,,,1,10,,1640092,34,,,1,11,,1640103,34,,,1,50,,1640171,34,,,1,10,,1640170,34,,,1,12,,1640169,34,,,1,10,,1640168,34,,,1,12,,1640167,34,,,1,10,,1640166,34,,,1,48,,1640165,34,,,1,9,,1640164,34,,,1,10,,1640163,34,,,1,10,,1640162,34,,,1,13,,1640161,34,,,1,14,,1640160,34,,,1,54,,1640159,34,,,1,14,,1640158,34,,,1,14,,1640157,34,,,1,14,,1640156,34,,,1,55,,1640155,34,,,1,16,,1640154,34,,,1,13,,1640153,34,,,1,15,,1640152,34,,,1,55,,1640151,34,,,1,16,,1640150,34,,,1,15,,1640149,34,,,1,15,,1640148,34,,,1,55,,1640147,34,,,1,16,,1640146,34,,,1,15,,1640145,34,,,1,15,,1640144,34,,,1,55,,1640143,34,,,1,15,,1640142,34,,,1,15,,1640141,34,,,1,15,,1640140,34,,,1,55,,1640139,34,,,1,15,,1640138,34,,,1,15,,1640105,34,,,1,16,,1640137,34,,,1,56,,1640114,34,,,1,15,,1640111,34,,,1,12,,1640136,34,,,1,12,,1640118,34,,,1,51,,1640176,34,,,1,10,,1640173,34,,,1,10,,1640117,34,,,1,11,,1640100,34,,,1,10,,1640119,34,,,1,10,,1640135,34,,,1,50,,1640094,34,,,1,10,,1640087,34,,,1,9,,1640108,34,,,1,10,,1640134,34,,,1,10,,1640089,34,,,1,9,,1640088,34,,,1,49,,1640133,34,,,1,10,,1640132,34,,,1,11,,1640174,34,,,1,9,,1640091,34,,,1,13,,1640093,34,,,1,14,,1640131,34,,,1,54,,1640109,34,,,1,16,,1640175,34,,,1,14,,1640130,34,,,1,14,,1640097,34,,,1,53,,1640096,34,,,1,15,,1640129,34,,,1,15,,1640098,34,,,1,15,,1640128,34,,,1,55,,1640127,34,,,1,15,,1640099,34,,,1,16,,1640126,34,,,1,15,,1640102,34,,,1,54,,1640101,34,,,1,15,,1640125,34,,,1,14,,1640104,34,,,1,15,,1640124,34,,,1,55,,1640106,34,,,1,13,,1640123,34,,,1,15,,1640107,34,,,1,16,,1640122,34,,,1,55,,1640110,34,,,1,13,,1640121,34,,,1,16,,1640112,34,,,1,16,,1640120,34,,,1,55,,1640172,34,,,1
80003,'20261022',520,,1640268,34,,,1,15,,1640181,34,,,1,15,,1640207,34,,,1,56,,1640204,34,,,1,13,,1640186,34,,,1,10,,1640206,34,,,1,10,,1640183,34,,,1,11,,1640194,34,,,1,50,,1640262,34,,,1,10,,1640261,34,,,1,12,,1640260,34,,,1,10,,1640259,34,,,1,12,,1640258,34,,,1,10,,1640257,34,,,1,48,,1640256,34,,,1,9,,1640255,34,,,1,10,,1640254,34,,,1,10,,1640253,34,,,1,13,,1640252,34,,,1,14,,1640251,34,,,1,54,,1640250,34,,,1,14,,1640249,34,,,1,14,,1640248,34,,,1,14,,1640247,34,,,1,55,,1640246,34,,,1,16,,1640245,34,,,1,13,,1640244,34,,,1,15,,1640243,34,,,1,55,,1640242,34,,,1,16,,1640241,34,,,1,15,,1640240,34,,,1,15,,1640239,34,,,1,55,,1640238,34,,,1,16,,1640237,34,,,1,15,,1640236,34,,,1,15,,1640235,34,,,1,55,,1640234,34,,,1,15,,1640233,34,,,1,15,,1640232,34,,,1,15,,1640231,34,,,1,55,,1640230,34,,,1,15,,1640229,34,,,1,15,,1640196,34,,,1,16,,1640228,34,,,1,56,,1640205,34,,,1,15,,1640202,34,,,1,12,,1640227,34,,,1,12,,1640209,34,,,1,51,,1640267,34,,,1,10,,1640264,34,,,1,10,,1640208,34,,,1,11,,1640191,34,,,1,10,,1640210,34,,,1,10,,1640226,34,,,1,50,,1640185,34,,,1,10,,1640178,34,,,1,9,,1640199,34,,,1,10,,1640225,34,,,1,10,,1640180,34,,,1,9,,1640179,34,,,1,49,,1640224,34,,,1,10,,1640223,34,,,1,11,,1640265,34,,,1,9,,1640182,34,,,1,13,,1640184,34,,,1,14,,1640222,34,,,1,54,,1640200,34,,,1,16,,1640266,34,,,1,14,,1640221,34,,,1,14,,1640188,34,,,1,53,,1640187,34,,,1,15,,1640220,34,,,1,15,,1640189,34,,,1,15,,1640219,34,,,1,55,,1640218,34,,,1,15,,1640190,34,,,1,16,,1640217,34,,,1,15,,1640193,34,,,1,54,,1640192,34,,,1,15,,1640216,34,,,1,14,,1640195,34,,,1,15,,1640215,34,,,1,55,,1640197,34,,,1,13,,1640214,34,,,1,15,,1640198,34,,,1,16,,1640213,34,,,1,55,,1640201,34,,,1,13,,1640212,34,,,1,16,,1640203,34,,,1,16,,1640211,34,,,1,55,,1640263,34,,,1
80003,'20261023',520,,1640359,34,,,1,15,,1640272,34,,,1,15,,1640298,34,,,1,56,,1640295,34,,,1,13,,1640277,34,,,1,10,,1640297,34,,,1,10,,1640274,34,,,1,11,,1640285,34,,,1,50,,1640353,34,,,1,10,,1640352,34,,,1,12,,1640351,34,,,1,10,,1640350,34,,,1,12,,1640349,34,,,1,10,,1640348,34,,,1,48,,1640347,34,,,1,9,,1640346,34,,,1,10,,1640345,34,,,1,10,,1640344,34,,,1,13,,1640343,34,,,1,14,,1640342,34,,,1,54,,1640341,34,,,1,14,,1640340,34,,,1,14,,1640339,34,,,1,14,,1640338,34,,,1,55,,1640337,34,,,1,16,,1640336,34,,,1,13,,1640335,34,,,1,15,,1640334,34,,,1,55,,1640333,34,,,1,16,,1640332,34,,,1,15,,1640331,34,,,1,15,,1640330,34,,,1,55,,1640329,34,,,1,16,,1640328,34,,,1,15,,1640327,34,,,1,15,,1640326,34,,,1,55,,1640325,34,,,1,15,,1640324,34,,,1,15,,1640323,34,,,1,15,,1640322,34,,,1,55,,1640321,34,,,1,15,,1640320,34,,,1,15,,1640287,34,,,1,16,,1640319,34,,,1,56,,1640296,34,,,1,15,,1640293,34,,,1,12,,1640318,34,,,1,12,,1640300,34,,,1,51,,1640358,34,,,1,10,,1640355,34,,,1,10,,1640299,34,,,1,11,,1640282,34,,,1,10,,1640301,34,,,1,10,,1640317,34,,,1,50,,1640276,34,,,1,10,,1640269,34,,,1,9,,1640290,34,,,1,10,,1640316,34,,,1,10,,1640271,34,,,1,9,,1640270,34,,,1,49,,1640315,34,,,1,10,,1640314,34,,,1,11,,1640356,34,,,1,9,,1640273,34,,,1,13,,1640275,34,,,1,14,,1640313,34,,,1,54,,1640291,34,,,1,16,,1640357,34,,,1,14,,1640312,34,,,1,14,,1640279,34,,,1,53,,1640278,34,,,1,15,,1640311,34,,,1,15,,1640280,34,,,1,15,,1640310,34,,,1,55,,1640309,34,,,1,15,,1640281,34,,,1,16,,1640308,34,,,1,15,,1640284,34,,,1,54,,1640283,34,,,1,15,,1640307,34,,,1,14,,1640286,34,,,1,15,,1640306,34,,,1,55,,1640288,34,,,1,13,,1640305,34,,,1,15,,1640289,34,,,1,16,,1640304,34,,,1,55,,1640292,34,,,1,13,,1640303,34,,,1,16,,1640294,34,,,1,16,,1640302,34,,,1,55,,1640354,34,,,1
80103,'20261009',519,,1617248,34,,,1,16,,1617249,34,,,1,15,,1617250,34,,,1,56,,1617251,34,,,1,11,,1617252,34,,,1,11,,1617253,34,,,1,10,,1617254,34,,,1,9,,1617255,34,,,1,10,,1617256,34,,,1,51,,1617237,6,,,1,12,,1617258,34,,,1,2,,1617238,6,,,1,11,,1617259,34,,,1,2,,1617239,6,,,1,8,,1617260,34,,,1,3,,1617240,6,,,1,7,,1617261,34,,,1,3,,1617244,6,,,1,46,,1617262,34,,,1,8,,1617241,6,,,1,1,,1617263,34,,,1,7,,1617243,6,,,1,4,,1617264,34,,,1,5,,1617245,6,,,1,2,,1617265,34,,,1,3,,1617242,6,,,1,6,,1617266,34,,,1,11,,1617267,34,,,1,6,,1617247,6,,,1,2,,1617246,6,,,1,48,,1617269,34,,,1,8,,1617270,34,,,1,10,,1617271,34,,,1,13,,1617272,34,,,1,15,,1617273,34,,,1,55,,1617274,34,,,1,16,,1617275,34,,,1,14,,1617276,34,,,1,14,,1617277,34,,,1,55,,1617278,34,,,1,15,,1617279,34,,,1,15,,1617280,34,,,1,15,,1617281,34,,,1,55,,1617282,34,,,1,16,,1617283,34,,,1,15,,1617284,34,,,1,15,,1617285,34,,,1,56,,1617286,34,,,1,14,,1617287,34,,,1,15,,1617288,34,,,1,13,,1617289,34,,,1,55,,1617290,34,,,1,15,,1617291,34,,,1,15,,1617292,34,,,1,15,,1617293,34,,,1,54,,1617294,34,,,1,13,,1617295,34,,,1,13,,1617296,34,,,1,8,,1617297,34,,,1,9,,1617298,34,,,1,8,,1617299,34,,,1,49,,1617300,34,,,1,9,,1617301,34,,,1,10,,1617302,34,,,1,8,,1617303,34,,,1,9,,1617304,34,,,1,10,,1617305,34,,,1,9,,1617306,34,,,1,49,,1617307,34,,,1,9,,1617308,34,,,1,8,,1617309,34,,,1,9,,1617310,34,,,1,10,,1617311,34,,,1,10,,1617312,34,,,1,50,,1617313,34,,,1,10,,1617314,34,,,1,11,,1617315,34,,,1,14,,1617316,34,,,1,14,,1617317,34,,,1,54,,1617318,34,,,1,15,,1617319,34,,,1,15,,1617320,34,,,1,15,,1617321,34,,,1,55,,1617322,34,,,1,15,,1617323,34,,,1,15,,1617324,34,,,1,15,,1617325,34,,,1,55,,1617326,34,,,1,15,,1617327,34,,,1,15,,1617328,34,,,1,14,,1617329,34,,,1,55,,1617330,34,,,1,14,,1617331,34,,,1,15,,1617332,34,,,1,15,,1617333,34,,,1,55,,1617334,34,,,1,15,,1617335,34,,,1,15,,1617336,34,,,1,14,,1617337,34,,,1,55,,1617338,34,,,1,15,,1617339,34,,,1,15,,1617340,34,,,1,15,,1617341,34,,,1,55,,1617342,34,,,1,15,,1617343,34,,,1
80103,'20261010',605,,1640882,34,,,1,18,,1640883,34,,,1,14,,1640884,34,,,1,15,,1640885,34,,,1,55,,1640886,34,,,1,14,,1640887,34,,,1,15,,1640888,34,,,1,15,,1640889,34,,,1,55,,1640890,34,,,1,15,,1640891,34,,,1,15,,1640892,34,,,1,15,,1640893,34,,,1,55,,1640894,34,,,1,15,,1640895,34,,,1,16,,1640896,34,,,1,17,,1640897,34,,,1,57,,1640898,34,,,1,15,,1640899,34,,,1,15,,1640900,34,,,1,16,,1640901,34,,,1,56,,1640902,34,,,1,15,,1640903,34,,,1,16,,1640904,34,,,1,15,,1640905,34,,,1,55,,1640906,34,,,1,16,,1640907,34,,,1,15,,1640908,34,,,1,56,,1640909,34,,,1,17,,1640910,34,,,1,16,,1640911,34,,,1,16,,1640912,34,,,1,55,,1640913,34,,,1,15,,1640914,34,,,1,15,,1640915,34,,,1,15,,1640916,34,,,1,56,,1640917,34,,,1,16,,1640918,34,,,1,14,,1640919,34,,,1,14,,1640920,34,,,1,56,,1640921,34,,,1,15,,1640922,34,,,1,15,,1640923,34,,,1,16,,1640924,34,,,1,55,,1640925,34,,,1,15,,1640926,34,,,1,15,,1640927,34,,,1,15,,1640928,34,,,1,55,,1640929,34,,,1,15,,1640930,34,,,1,14,,1640931,34,,,1,16,,1640932,34,,,1,56,,1640933,34,,,1,14,,1640934,34,,,1,15,,1640935,34,,,1,14,,1640936,34,,,1,54,,1640937,34,,,1,14,,1640938,34,,,1,15,,1640939,34,,,1,15,,1640940,34,,,1,57,,1640941,34,,,1,15,,1640942,34,,,1,15,,1640943,34,,,1,15,,1640944,34,,,1,53,,1640945,34,,,1,15,,1640946,34,,,1,15,,1640947,34,,,1,15,,1640948,34,,,1,56,,1640949,34,,,1,15,,1640950,34,,,1,14,,1640951,34,,,1,15,,1640952,34,,,1,55,,1640953,34,,,1,15,,1640954,34,,,1,15,,1640955,34,,,1,15,,1640956,34,,,1,55,,1640957,34,,,1,14,,1640958,34,,,1
80103,'20261011',605,,1640959,34,,,1,18,,1640960,34,,,1,14,,1640961,34,,,1,15,,1640962,34,,,1,55,,1640963,34,,,1,14,,1640964,34,,,1,15,,1640965,34,,,1,15,,1640966,34,,,1,55,,1640967,34,,,1,15,,1640968,34,,,1,15,,1640969,34,,,1,15,,1640970,34,,,1,55,,1640971,34,,,1,15,,1640972,34,,,1,16,,1640973,34,,,1,17,,1640974,34,,,1,57,,1640975,34,,,1,15,,1640976,34,,,1,15,,1640977,34,,,1,16,,1640978,34,,,1,56,,1640979,34,,,1,15,,1640980,34,,,1,16,,1640981,34,,,1,15,,1640982,34,,,1,55,,1640983,34,,,1,16,,1640984,34,,,1,15,,1640985,34,,,1,56,,1640986,34,,,1,17,,1640987,34,,,1,16,,1640988,34,,,1,16,,1640989,34,,,1,55,,1640990,34,,,1,15,,1640991,34,,,1,15,,1640992,34,,,1,15,,1640993,34,,,1,56,,1640994,34,,,1,16,,1640995,34,,,1,14,,1640996,34,,,1,14,,1640997,34,,,1,56,,1640998,34,,,1,15,,1640999,34,,,1,15,,1641000,34,,,1,16,,1641001,34,,,1,55,,1641002,34,,,1,15,,1641003,34,,,1,15,,1641004,34,,,1,15,,1641005,34,,,1,55,,1641006,34,,,1,15,,1641007,34,,,1,14,,1641008,34,,,1,16,,1641009,34,,,1,56,,1641010,34,,,1,14,,1641011,34,,,1,15,,1641012,34,,,1,14,,1641013,34,,,1,54,,1641014,34,,,1,14,,1641015,34,,,1,15,,1641016,34,,,1,15,,1641017,34,,,1,57,,1641018,34,,,1,15,,1641019,34,,,1,15,,1641020,34,,,1,15,,1641021,34,,,1,53,,1641022,34,,,1,15,,1641023,34,,,1,15,,1641024,34,,,1,15,,1641025,34,,,1,56,,1641026,34,,,1,15,,1641027,34,,,1,14,,1641028,34,,,1,15,,1641029,34,,,1,55,,1641030,34,,,1,15,,1641031,34,,,1,15,,1641032,34,,,1,15,,1641033,34,,,1,55,,1641034,34,,,1,14,,1641035,34,,,1
80103,'20261012',605,,1641036,34,,,1,18,,1641037,34,,,1,14,,1641038,34,,,1,15,,1641039,34,,,1,55,,1641040,34,,,1,14,,1641041,34,,,1,15,,1641042,34,,,1,15,,1641043,34,,,1,55,,1641044,34,,,1,15,,1641045,34,,,1,15,,1641046,34,,,1,15,,1641047,34,,,1,55,,1641048,34,,,1,15,,1641049,34,,,1,16,,1641050,34,,,1,17,,1641051,34,,,1,57,,1641052,34,,,1,15,,1641053,34,,,1,15,,1641054,34,,,1,16,,1641055,34,,,1,56,,1641056,34,,,1,15,,1641057,34,,,1,16,,1641058,34,,,1,15,,1641059,34,,,1,55,,1641060,34,,,1,16,,1641061,34,,,1,15,,1641062,34,,,1,56,,1641063,34,,,1,17,,1641064,34,,,1,16,,1641065,34,,,1,16,,1641066,34,,,1,55,,1641067,34,,,1,15,,1641068,34,,,1,15,,1641069,34,,,1,15,,1641070,34,,,1,56,,1641071,34,,,1,16,,1641072,34,,,1,14,,1641073,34,,,1,14,,1641074,34,,,1,56,,1641075,34,,,1,15,,1641076,34,,,1,15,,1641077,34,,,1,16,,1641078,34,,,1,55,,1641079,34,,,1,15,,1641080,34,,,1,15,,1641081,34,,,1,15,,1641082,34,,,1,55,,1641083,34,,,1,15,,1641084,34,,,1,14,,1641085,34,,,1,16,,1641086,34,,,1,56,,1641087,34,,,1,14,,1641088,34,,,1,15,,1641089,34,,,1,14,,1641090,34,,,1,54,,1641091,34,,,1,14,,1641092,34,,,1,15,,1641093,34,,,1,15,,1641094,34,,,1,57,,1641095,34,,,1,15,,1641096,34,,,1,15,,1641097,34,,,1,15,,1641098,34,,,1,53,,1641099,34,,,1,15,,1641100,34,,,1,15,,1641101,34,,,1,15,,1641102,34,,,1,56,,1641103,34,,,1,15,,1641104,34,,,1,14,,1641105,34,,,1,15,,1641106,34,,,1,55,,1641107,34,,,1,15,,1641108,34,,,1,15,,1641109,34,,,1,15,,1641110,34,,,1,55,,1641111,34,,,1,14,,1641112,34,,,1
80103,'20261013',519,,1585584,34,,,1,16,,1585577,34,,,1,15,,1585490,34,,,1,56,,1585491,34,,,1,11,,1585489,34,,,1,11,,1585493,34,,,1,10,,1585494,34,,,1,9,,1585495,34,,,1,10,,1585492,34,,,1,51,,1585497,34,,,1,12,,1585583,34,,,1,13,,1585498,34,,,1,10,,1585499,34,,,1,10,,1585496,34,,,1,49,,1585500,34,,,1,9,,1585501,34,,,1,11,,1585502,34,,,1,7,,1585503,34,,,1,9,,1585504,34,,,1,11,,1585505,34,,,1,8,,1585506,34,,,1,48,,1585507,34,,,1,8,,1585508,34,,,1,10,,1585509,34,,,1,13,,1585510,34,,,1,15,,1585511,34,,,1,55,,1585512,34,,,1,16,,1585513,34,,,1,14,,1585514,34,,,1,14,,1585515,34,,,1,55,,1585518,34,,,1,15,,1585519,34,,,1,15,,1585520,34,,,1,15,,1585516,34,,,1,55,,1585517,34,,,1,16,,1585521,34,,,1,15,,1585523,34,,,1,15,,1585524,34,,,1,56,,1585522,34,,,1,14,,1585526,34,,,1,15,,1585527,34,,,1,13,,1585525,34,,,1,55,,1585528,34,,,1,15,,1585582,34,,,1,15,,1585529,34,,,1,15,,1585530,34,,,1,54,,1585531,34,,,1,13,,1585532,34,,,1,13,,1585580,34,,,1,8,,1585533,34,,,1,9,,1585534,34,,,1,8,,1585535,34,,,1,49,,1585536,34,,,1,9,,1585537,34,,,1,10,,1585538,34,,,1,8,,1585539,34,,,1,9,,1585541,34,,,1,10,,1585542,34,,,1,9,,1585543,34,,,1,49,,1585540,34,,,1,9,,1585581,34,,,1,8,,1585544,34,,,1,9,,1585545,34,,,1,10,,1585547,34,,,1,10,,1585548,34,,,1,50,,1585549,34,,,1,10,,1585578,34,,,1,11,,1585546,34,,,1,14,,1585550,34,,,1,14,,1585552,34,,,1,54,,1585554,34,,,1,15,,1585551,34,,,1,15,,1585555,34,,,1,15,,1585553,34,,,1,55,,1585556,34,,,1,15,,1585557,34,,,1,15,,1585558,34,,,1,15,,1585559,34,,,1,55,,1585560,34,,,1,15,,1585561,34,,,1,15,,1585562,34,,,1,14,,1585563,34,,,1,55,,1585564,34,,,1,14,,1585565,34,,,1,15,,1585566,34,,,1,15,,1585568,34,,,1,55,,1585569,34,,,1,15,,1585570,34,,,1,15,,1585567,34,,,1,14,,1585571,34,,,1,55,,1585572,34,,,1,15,,1585573,34,,,1,15,,1585574,34,,,1,15,,1585575,34,,,1,55,,1585576,34,,,1,15,,1585579,34,,,1
80103,'20261014',519,,1585680,34,,,1,16,,1585673,34,,,1,15,,1585586,34,,,1,56,,1585587,34,,,1,11,,1585585,34,,,1,11,,1585589,34,,,1,10,,1585590,34,,,1,9,,1585591,34,,,1,10,,1585588,34,,,1,51,,1585593,34,,,1,12,,1585679,34,,,1,13,,1585594,34,,,1,10,,1585595,34,,,1,10,,1585592,34,,,1,49,,1585596,34,,,1,9,,1585597,34,,,1,11,,1585598,34,,,1,7,,1585599,34,,,1,9,,1585600,34,,,1,11,,1585601,34,,,1,8,,1585602,34,,,1,48,,1585603,34,,,1,8,,1585604,34,,,1,10,,1585605,34,,,1,13,,1585606,34,,,1,15,,1585607,34,,,1,55,,1585608,34,,,1,16,,1585609,34,,,1,14,,1585610,34,,,1,14,,1585611,34,,,1,55,,1585614,34,,,1,15,,1585615,34,,,1,15,,1585616,34,,,1,15,,1585612,34,,,1,55,,1585613,34,,,1,16,,1585617,34,,,1,15,,1585619,34,,,1,15,,1585620,34,,,1,56,,1585618,34,,,1,14,,1585622,34,,,1,15,,1585623,34,,,1,13,,1585621,34,,,1,55,,1585624,34,,,1,15,,1585678,34,,,1,15,,1585625,34,,,1,15,,1585626,34,,,1,54,,1585627,34,,,1,13,,1585628,34,,,1,13,,1585676,34,,,1,8,,1585629,34,,,1,9,,1585630,34,,,1,8,,1585631,34,,,1,49,,1585632,34,,,1,9,,1585633,34,,,1,10,,1585634,34,,,1,8,,1585635,34,,,1,9,,1585637,34,,,1,10,,1585638,34,,,1,9,,1585639,34,,,1,49,,1585636,34,,,1,9,,1585677,34,,,1,8,,1585640,34,,,1,9,,1585641,34,,,1,10,,1585643,34,,,1,10,,1585644,34,,,1,50,,1585645,34,,,1,10,,1585674,34,,,1,11,,1585642,34,,,1,14,,1585646,34,,,1,14,,1585648,34,,,1,54,,1585650,34,,,1,15,,1585647,34,,,1,15,,1585651,34,,,1,15,,1585649,34,,,1,55,,1585652,34,,,1,15,,1585653,34,,,1,15,,1585654,34,,,1,15,,1585655,34,,,1,55,,1585656,34,,,1,15,,1585657,34,,,1,15,,1585658,34,,,1,14,,1585659,34,,,1,55,,1585660,34,,,1,14,,1585661,34,,,1,15,,1585662,34,,,1,15,,1585664,34,,,1,55,,1585665,34,,,1,15,,1585666,34,,,1,15,,1585663,34,,,1,14,,1585667,34,,,1,55,,1585668,34,,,1,15,,1585669,34,,,1,15,,1585670,34,,,1,15,,1585671,34,,,1,55,,1585672,34,,,1,15,,1585675,34,,,1
80103,'20261015',519,,1585776,34,,,1,16,,1585769,34,,,1,15,,1585682,34,,,1,56,,1585683,34,,,1,11,,1585681,34,,,1,11,,1585685,34,,,1,10,,1585686,34,,,1,9,,1585687,34,,,1,10,,1585684,34,,,1,51,,1585689,34,,,1,12,,1585775,34,,,1,13,,1585690,34,,,1,10,,1585691,34,,,1,10,,1585688,34,,,1,49,,1585692,34,,,1,9,,1585693,34,,,1,11,,1585694,34,,,1,7,,1585695,34,,,1,9,,1585696,34,,,1,11,,1585697,34,,,1,8,,1585698,34,,,1,48,,1585699,34,,,1,8,,1585700,34,,,1,10,,1585701,34,,,1,13,,1585702,34,,,1,15,,1585703,34,,,1,55,,1585704,34,,,1,16,,1585705,34,,,1,14,,1585706,34,,,1,14,,1585707,34,,,1,55,,1585710,34,,,1,15,,1585711,34,,,1,15,,1585712,34,,,1,15,,1585708,34,,,1,55,,1585709,34,,,1,16,,1585713,34,,,1,15,,1585715,34,,,1,15,,1585716,34,,,1,56,,1585714,34,,,1,14,,1585718,34,,,1,15,,1585719,34,,,1,13,,1585717,34,,,1,55,,1585720,34,,,1,15,,1585774,34,,,1,15,,1585721,34,,,1,15,,1585722,34,,,1,54,,1585723,34,,,1,13,,1585724,34,,,1,13,,1585772,34,,,1,8,,1585725,34,,,1,9,,1585726,34,,,1,8,,1585727,34,,,1,49,,1585728,34,,,1,9,,1585729,34,,,1,10,,1585730,34,,,1,8,,1585731,34,,,1,9,,1585733,34,,,1,10,,1585734,34,,,1,9,,1585735,34,,,1,49,,1585732,34,,,1,9,,1585773,34,,,1,8,,1585736,34,,,1,9,,1585737,34,,,1,10,,1585739,34,,,1,10,,1585740,34,,,1,50,,1585741,34,,,1,10,,1585770,34,,,1,11,,1585738,34,,,1,14,,1585742,34,,,1,14,,1585744,34,,,1,54,,1585746,34,,,1,15,,1585743,34,,,1,15,,1585747,34,,,1,15,,1585745,34,,,1,55,,1585748,34,,,1,15,,1585749,34,,,1,15,,1585750,34,,,1,15,,1585751,34,,,1,55,,1585752,34,,,1,15,,1585753,34,,,1,15,,1585754,34,,,1,14,,1585755,34,,,1,55,,1585756,34,,,1,14,,1585757,34,,,1,15,,1585758,34,,,1,15,,1585760,34,,,1,55,,1585761,34,,,1,15,,1585762,34,,,1,15,,1585759,34,,,1,14,,1585763,34,,,1,55,,1585764,34,,,1,15,,1585765,34,,,1,15,,1585766,34,,,1,15,,1585767,34,,,1,55,,1585768,34,,,1,15,,1585771,34,,,1
80103,'20261016',519,,1585872,34,,,1,16,,1585865,34,,,1,15,,1585778,34,,,1,56,,1585779,34,,,1,11,,1585777,34,,,1,11,,1585781,34,,,1,10,,1585782,34,,,1,9,,1585783,34,,,1,10,,1585780,34,,,1,51,,1585785,34,,,1,12,,1585871,34,,,1,13,,1585786,34,,,1,10,,1585787,34,,,1,10,,1585784,34,,,1,49,,1585788,34,,,1,9,,1585789,34,,,1,11,,1585790,34,,,1,7,,1585791,34,,,1,9,,1585792,34,,,1,11,,1585793,34,,,1,8,,1585794,34,,,1,48,,1585795,34,,,1,8,,1585796,34,,,1,10,,1585797,34,,,1,13,,1585798,34,,,1,15,,1585799,34,,,1,55,,1585800,34,,,1,16,,1585801,34,,,1,14,,1585802,34,,,1,14,,1585803,34,,,1,55,,1585806,34,,,1,15,,1585807,34,,,1,15,,1585808,34,,,1,15,,1585804,34,,,1,55,,1585805,34,,,1,16,,1585809,34,,,1,15,,1585811,34,,,1,15,,1585812,34,,,1,56,,1585810,34,,,1,14,,1585814,34,,,1,15,,1585815,34,,,1,13,,1585813,34,,,1,55,,1585816,34,,,1,15,,1585870,34,,,1,15,,1585817,34,,,1,15,,1585818,34,,,1,54,,1585819,34,,,1,13,,1585820,34,,,1,13,,1585868,34,,,1,8,,1585821,34,,,1,9,,1585822,34,,,1,8,,1585823,34,,,1,49,,1585824,34,,,1,9,,1585825,34,,,1,10,,1585826,34,,,1,8,,1585827,34,,,1,9,,1585829,34,,,1,10,,1585830,34,,,1,9,,1585831,34,,,1,49,,1585828,34,,,1,9,,1585869,34,,,1,8,,1585832,34,,,1,9,,1585833,34,,,1,10,,1585835,34,,,1,10,,1585836,34,,,1,50,,1585837,34,,,1,10,,1585866,34,,,1,11,,1585834,34,,,1,14,,1585838,34,,,1,14,,1585840,34,,,1,54,,1585842,34,,,1,15,,1585839,34,,,1,15,,1585843,34,,,1,15,,1585841,34,,,1,55,,1585844,34,,,1,15,,1585845,34,,,1,15,,1585846,34,,,1,15,,1585847,34,,,1,55,,1585848,34,,,1,15,,1585849,34,,,1,15,,1585850,34,,,1,14,,1585851,34,,,1,55,,1585852,34,,,1,14,,1585853,34,,,1,15,,1585854,34,,,1,15,,1585856,34,,,1,55,,1585857,34,,,1,15,,1585858,34,,,1,15,,1585855,34,,,1,14,,1585859,34,,,1,55,,1585860,34,,,1,15,,1585861,34,,,1,15,,1585862,34,,,1,15,,1585863,34,,,1,55,,1585864,34,,,1,15,,1585867,34,,,1
80103,'20261017',605,,1617344,34,,,1,18,,1617345,34,,,1,14,,1617346,34,,,1,15,,1617347,34,,,1,55,,1617348,34,,,1,14,,1617349,34,,,1,15,,1617350,34,,,1,15,,1617351,34,,,1,55,,1617352,34,,,1,15,,1617353,34,,,1,15,,1617354,34,,,1,15,,1617355,34,,,1,55,,1617356,34,,,1,15,,1617357,34,,,1,16,,1617358,34,,,1,17,,1617359,34,,,1,57,,1617360,34,,,1,15,,1617361,34,,,1,15,,1617362,34,,,1,16,,1617363,34,,,1,56,,1617364,34,,,1,15,,1617365,34,,,1,16,,1617367,34,,,1,15,,1617368,34,,,1,55,,1617369,34,,,1,16,,1617366,34,,,1,15,,1617370,34,,,1,56,,1617371,34,,,1,17,,1617372,34,,,1,16,,1617373,34,,,1,16,,1617374,34,,,1,55,,1617375,34,,,1,15,,1617376,34,,,1,15,,1617377,34,,,1,15,,1617378,34,,,1,56,,1617379,34,,,1,16,,1617380,34,,,1,14,,1617381,34,,,1,14,,1617382,34,,,1,56,,1617383,34,,,1,15,,1617384,34,,,1,15,,1617385,34,,,1,16,,1617386,34,,,1,55,,1617387,34,,,1,15,,1617388,34,,,1,15,,1617389,34,,,1,15,,1617390,34,,,1,55,,1617391,34,,,1,15,,1617392,34,,,1,14,,1617393,34,,,1,16,,1617394,34,,,1,56,,1617395,34,,,1,14,,1617397,34,,,1,15,,1617398,34,,,1,14,,1617399,34,,,1,54,,1617396,34,,,1,14,,1617400,34,,,1,15,,1617401,34,,,1,15,,1617402,34,,,1,57,,1617403,34,,,1,15,,1617404,34,,,1,15,,1617405,34,,,1,15,,1617406,34,,,1,53,,1617407,34,,,1,15,,1617408,34,,,1,15,,1617409,34,,,1,15,,1617410,34,,,1,56,,1617411,34,,,1,15,,1617412,34,,,1,14,,1617413,34,,,1,15,,1617414,34,,,1,55,,1617415,34,,,1,15,,1617416,34,,,1,15,,1617417,34,,,1,15,,1617418,34,,,1,55,,1617419,34,,,1,14,,1617420,34,,,1
80103,'20261018',605,,1617428,34,,,1,18,,1617421,34,,,1,14,,1617429,34,,,1,15,,1617422,34,,,1,55,,1617424,34,,,1,14,,1617423,34,,,1,15,,1617425,34,,,1,15,,1617426,34,,,1,55,,1617427,34,,,1,15,,1617435,34,,,1,15,,1617430,34,,,1,15,,1617438,34,,,1,55,,1617439,34,,,1,15,,1617436,34,,,1,16,,1617431,34,,,1,17,,1617433,34,,,1,57,,1617437,34,,,1,15,,1617432,34,,,1,15,,1617434,34,,,1,16,,1617449,34,,,1,56,,1617455,34,,,1,15,,1617454,34,,,1,16,,1617452,34,,,1,15,,1617442,34,,,1,55,,1617447,34,,,1,16,,1617451,34,,,1,15,,1617457,34,,,1,56,,1617458,34,,,1,17,,1617441,34,,,1,16,,1617459,34,,,1,16,,1617446,34,,,1,55,,1617456,34,,,1,15,,1617448,34,,,1,15,,1617440,34,,,1,15,,1617450,34,,,1,56,,1617443,34,,,1,16,,1617460,34,,,1,14,,1617453,34,,,1,14,,1617444,34,,,1,56,,1617445,34,,,1,15,,1617470,34,,,1,15,,1617471,34,,,1,16,,1617477,34,,,1,55,,1617475,34,,,1,15,,1617479,34,,,1,15,,1617478,34,,,1,15,,1617472,34,,,1,55,,1617473,34,,,1,15,,1617465,34,,,1,14,,1617474,34,,,1,16,,1617476,34,,,1,56,,1617480,34,,,1,14,,1617464,34,,,1,15,,1617461,34,,,1,14,,1617481,34,,,1,54,,1617468,34,,,1,14,,1617462,34,,,1,15,,1617466,34,,,1,15,,1617463,34,,,1,57,,1617467,34,,,1,15,,1617469,34,,,1,15,,1617482,34,,,1,15,,1617489,34,,,1,53,,1617495,34,,,1,15,,1617496,34,,,1,15,,1617483,34,,,1,15,,1617484,34,,,1,56,,1617490,34,,,1,15,,1617497,34,,,1,14,,1617485,34,,,1,15,,1617492,34,,,1,55,,1617486,34,,,1,15,,1617493,34,,,1,15,,1617487,34,,,1,15,,1617488,34,,,1,55,,1617494,34,,,1,14,,1617491,34,,,1
80103,'20261019',519,,1617593,34,,,1,16,,1617586,34,,,1,15,,1617499,34,,,1,56,,1617500,34,,,1,11,,1617498,34,,,1,11,,1617502,34,,,1,10,,1617503,34,,,1,9,,1617504,34,,,1,10,,1617501,34,,,1,51,,1617506,34,,,1,12,,1617592,34,,,1,13,,1617507,34,,,1,10,,1617508,34,,,1,10,,1617505,34,,,1,49,,1617509,34,,,1,9,,1617510,34,,,1,11,,1617511,34,,,1,7,,1617512,34,,,1,9,,1617513,34,,,1,11,,1617514,34,,,1,8,,1617515,34,,,1,48,,1617516,34,,,1,8,,1617517,34,,,1,10,,1617518,34,,,1,13,,1617519,34,,,1,15,,1617520,34,,,1,55,,1617521,34,,,1,16,,1617522,34,,,1,14,,1617523,34,,,1,14,,1617524,34,,,1,55,,1617527,34,,,1,15,,1617528,34,,,1,15,,1617529,34,,,1,15,,1617525,34,,,1,55,,1617526,34,,,1,16,,1617530,34,,,1,15,,1617532,34,,,1,15,,1617533,34,,,1,56,,1617531,34,,,1,14,,1617535,34,,,1,15,,1617536,34,,,1,13,,1617534,34,,,1,55,,1617537,34,,,1,15,,1617591,34,,,1,15,,1617538,34,,,1,15,,1617539,34,,,1,54,,1617540,34,,,1,13,,1617541,34,,,1,13,,1617589,34,,,1,8,,1617542,34,,,1,9,,1617543,34,,,1,8,,1617544,34,,,1,49,,1617545,34,,,1,9,,1617546,34,,,1,10,,1617547,34,,,1,8,,1617548,34,,,1,9,,1617550,34,,,1,10,,1617551,34,,,1,9,,1617552,34,,,1,49,,1617549,34,,,1,9,,1617590,34,,,1,8,,1617553,34,,,1,9,,1617554,34,,,1,10,,1617556,34,,,1,10,,1617557,34,,,1,50,,1617558,34,,,1,10,,1617587,34,,,1,11,,1617555,34,,,1,14,,1617559,34,,,1,14,,1617561,34,,,1,54,,1617563,34,,,1,15,,1617560,34,,,1,15,,1617564,34,,,1,15,,1617562,34,,,1,55,,1617565,34,,,1,15,,1617566,34,,,1,15,,1617567,34,,,1,15,,1617568,34,,,1,55,,1617569,34,,,1,15,,1617570,34,,,1,15,,1617571,34,,,1,14,,1617572,34,,,1,55,,1617573,34,,,1,14,,1617574,34,,,1,15,,1617575,34,,,1,15,,1617577,34,,,1,55,,1617578,34,,,1,15,,1617579,34,,,1,15,,1617576,34,,,1,14,,1617580,34,,,1,55,,1617581,34,,,1,15,,1617582,34,,,1,15,,1617583,34,,,1,15,,1617584,34,,,1,55,,1617585,34,,,1,15,,1617588,34,,,1
80103,'20261020',519,,1617689,34,,,1,16,,1617682,34,,,1,15,,1617595,34,,,1,56,,1617596,34,,,1,11,,1617594,34,,,1,11,,1617598,34,,,1,10,,1617599,34,,,1,9,,1617600,34,,,1,10,,1617597,34,,,1,51,,1617602,34,,,1,12,,1617688,34,,,1,13,,1617603,34,,,1,10,,1617604,34,,,1,10,,1617601,34,,,1,49,,1617605,34,,,1,9,,1617606,34,,,1,11,,1617607,34,,,1,7,,1617608,34,,,1,9,,1617609,34,,,1,11,,1617610,34,,,1,8,,1617611,34,,,1,48,,1617612,34,,,1,8,,1617613,34,,,1,10,,1617614,34,,,1,13,,1617615,34,,,1,15,,1617616,34,,,1,55,,1617617,34,,,1,16,,1617618,34,,,1,14,,1617619,34,,,1,14,,1617620,34,,,1,55,,1617623,34,,,1,15,,1617624,34,,,1,15,,1617625,34,,,1,15,,1617621,34,,,1,55,,1617622,34,,,1,16,,1617626,34,,,1,15,,1617628,34,,,1,15,,1617629,34,,,1,56,,1617627,34,,,1,14,,1617631,34,,,1,15,,1617632,34,,,1,13,,1617630,34,,,1,55,,1617633,34,,,1,15,,1617687,34,,,1,15,,1617634,34,,,1,15,,1617635,34,,,1,54,,1617636,34,,,1,13,,1617637,34,,,1,13,,1617685,34,,,1,8,,1617638,34,,,1,9,,1617639,34,,,1,8,,1617640,34,,,1,49,,1617641,34,,,1,9,,1617642,34,,,1,10,,1617643,34,,,1,8,,1617644,34,,,1,9,,1617646,34,,,1,10,,1617647,34,,,1,9,,1617648,34,,,1,49,,1617645,34,,,1,9,,1617686,34,,,1,8,,1617649,34,,,1,9,,1617650,34,,,1,10,,1617652,34,,,1,10,,1617653,34,,,1,50,,1617654,34,,,1,10,,1617683,34,,,1,11,,1617651,34,,,1,14,,1617655,34,,,1,14,,1617657,34,,,1,54,,1617659,34,,,1,15,,1617656,34,,,1,15,,1617660,34,,,1,15,,1617658,34,,,1,55,,1617661,34,,,1,15,,1617662,34,,,1,15,,1617663,34,,,1,15,,1617664,34,,,1,55,,1617665,34,,,1,15,,1617666,34,,,1,15,,1617667,34,,,1,14,,1617668,34,,,1,55,,1617669,34,,,1,14,,1617670,34,,,1,15,,1617671,34,,,1,15,,1617673,34,,,1,55,,1617674,34,,,1,15,,1617675,34,,,1,15,,1617672,34,,,1,14,,1617676,34,,,1,55,,1617677,34,,,1,15,,1617678,34,,,1,15,,1617679,34,,,1,15,,1617680,34,,,1,55,,1617681,34,,,1,15,,1617684,34,,,1
80103,'20261021',519,,1641208,34,,,1,16,,1641201,34,,,1,15,,1641114,34,,,1,56,,1641115,34,,,1,11,,1641113,34,,,1,11,,1641117,34,,,1,10,,1641118,34,,,1,9,,1641119,34,,,1,10,,1641116,34,,,1,51,,1641121,34,,,1,12,,1641207,34,,,1,13,,1641122,34,,,1,10,,1641123,34,,,1,10,,1641120,34,,,1,49,,1641124,34,,,1,9,,1641125,34,,,1,11,,1641126,34,,,1,7,,1641127,34,,,1,9,,1641128,34,,,1,11,,1641129,34,,,1,8,,1641130,34,,,1,48,,1641131,34,,,1,8,,1641132,34,,,1,10,,1641133,34,,,1,13,,1641134,34,,,1,15,,1641135,34,,,1,55,,1641136,34,,,1,16,,1641137,34,,,1,14,,1641138,34,,,1,14,,1641139,34,,,1,55,,1641142,34,,,1,15,,1641143,34,,,1,15,,1641144,34,,,1,15,,1641140,34,,,1,55,,1641141,34,,,1,16,,1641145,34,,,1,15,,1641147,34,,,1,15,,1641148,34,,,1,56,,1641146,34,,,1,14,,1641150,34,,,1,15,,1641151,34,,,1,13,,1641149,34,,,1,55,,1641152,34,,,1,15,,1641206,34,,,1,15,,1641153,34,,,1,15,,1641154,34,,,1,54,,1641155,34,,,1,13,,1641156,34,,,1,13,,1641204,34,,,1,8,,1641157,34,,,1,9,,1641158,34,,,1,8,,1641159,34,,,1,49,,1641160,34,,,1,9,,1641161,34,,,1,10,,1641162,34,,,1,8,,1641163,34,,,1,9,,1641165,34,,,1,10,,1641166,34,,,1,9,,1641167,34,,,1,49,,1641164,34,,,1,9,,1641205,34,,,1,8,,1641168,34,,,1,9,,1641169,34,,,1,10,,1641171,34,,,1,10,,1641172,34,,,1,50,,1641173,34,,,1,10,,1641202,34,,,1,11,,1641170,34,,,1,14,,1641174,34,,,1,14,,1641176,34,,,1,54,,1641178,34,,,1,15,,1641175,34,,,1,15,,1641179,34,,,1,15,,1641177,34,,,1,55,,1641180,34,,,1,15,,1641181,34,,,1,15,,1641182,34,,,1,15,,1641183,34,,,1,55,,1641184,34,,,1,15,,1641185,34,,,1,15,,1641186,34,,,1,14,,1641187,34,,,1,55,,1641188,34,,,1,14,,1641189,34,,,1,15,,1641190,34,,,1,15,,1641192,34,,,1,55,,1641193,34,,,1,15,,1641194,34,,,1,15,,1641191,34,,,1,14,,1641195,34,,,1,55,,1641196,34,,,1,15,,1641197,34,,,1,15,,1641198,34,,,1,15,,1641199,34,,,1,55,,1641200,34,,,1,15,,1641203,34,,,1
80103,'20261022',519,,1641304,34,,,1,16,,1641297,34,,,1,15,,1641210,34,,,1,56,,1641211,34,,,1,11,,1641209,34,,,1,11,,1641213,34,,,1,10,,1641214,34,,,1,9,,1641215,34,,,1,10,,1641212,34,,,1,51,,1641217,34,,,1,12,,1641303,34,,,1,13,,1641218,34,,,1,10,,1641219,34,,,1,10,,1641216,34,,,1,49,,1641220,34,,,1,9,,1641221,34,,,1,11,,1641222,34,,,1,7,,1641223,34,,,1,9,,1641224,34,,,1,11,,1641225,34,,,1,8,,1641226,34,,,1,48,,1641227,34,,,1,8,,1641228,34,,,1,10,,1641229,34,,,1,13,,1641230,34,,,1,15,,1641231,34,,,1,55,,1641232,34,,,1,16,,1641233,34,,,1,14,,1641234,34,,,1,14,,1641235,34,,,1,55,,1641238,34,,,1,15,,1641239,34,,,1,15,,1641240,34,,,1,15,,1641236,34,,,1,55,,1641237,34,,,1,16,,1641241,34,,,1,15,,1641243,34,,,1,15,,1641244,34,,,1,56,,1641242,34,,,1,14,,1641246,34,,,1,15,,1641247,34,,,1,13,,1641245,34,,,1,55,,1641248,34,,,1,15,,1641302,34,,,1,15,,1641249,34,,,1,15,,1641250,34,,,1,54,,1641251,34,,,1,13,,1641252,34,,,1,13,,1641300,34,,,1,8,,1641253,34,,,1,9,,1641254,34,,,1,8,,1641255,34,,,1,49,,1641256,34,,,1,9,,1641257,34,,,1,10,,1641258,34,,,1,8,,1641259,34,,,1,9,,1641261,34,,,1,10,,1641262,34,,,1,9,,1641263,34,,,1,49,,1641260,34,,,1,9,,1641301,34,,,1,8,,1641264,34,,,1,9,,1641265,34,,,1,10,,1641267,34,,,1,10,,1641268,34,,,1,50,,1641269,34,,,1,10,,1641298,34,,,1,11,,1641266,34,,,1,14,,1641270,34,,,1,14,,1641272,34,,,1,54,,1641274,34,,,1,15,,1641271,34,,,1,15,,1641275,34,,,1,15,,1641273,34,,,1,55,,1641276,34,,,1,15,,1641277,34,,,1,15,,1641278,34,,,1,15,,1641279,34,,,1,55,,1641280,34,,,1,15,,1641281,34,,,1,15,,1641282,34,,,1,14,,1641283,34,,,1,55,,1641284,34,,,1,14,,1641285,34,,,1,15,,1641286,34,,,1,15,,1641288,34,,,1,55,,1641289,34,,,1,15,,1641290,34,,,1,15,,1641287,34,,,1,14,,1641291,34,,,1,55,,1641292,34,,,1,15,,1641293,34,,,1,15,,1641294,34,,,1,15,,1641295,34,,,1,55,,1641296,34,,,1,15,,1641299,34,,,1
80103,'20261023',519,,1641400,34,,,1,16,,1641393,34,,,1,15,,1641306,34,,,1,56,,1641307,34,,,1,11,,1641305,34,,,1,11,,1641309,34,,,1,10,,1641310,34,,,1,9,,1641311,34,,,1,10,,1641308,34,,,1,51,,1641313,34,,,1,12,,1641399,34,,,1,13,,1641314,34,,,1,10,,1641315,34,,,1,10,,1641312,34,,,1,49,,1641316,34,,,1,9,,1641317,34,,,1,11,,1641318,34,,,1,7,,1641319,34,,,1,9,,1641320,34,,,1,11,,1641321,34,,,1,8,,1641322,34,,,1,48,,1641323,34,,,1,8,,1641324,34,,,1,10,,1641325,34,,,1,13,,1641326,34,,,1,15,,1641327,34,,,1,55,,1641328,34,,,1,16,,1641329,34,,,1,14,,1641330,34,,,1,14,,1641331,34,,,1,55,,1641334,34,,,1,15,,1641335,34,,,1,15,,1641336,34,,,1,15,,1641332,34,,,1,55,,1641333,34,,,1,16,,1641337,34,,,1,15,,1641339,34,,,1,15,,1641340,34,,,1,56,,1641338,34,,,1,14,,1641342,34,,,1,15,,1641343,34,,,1,13,,1641341,34,,,1,55,,1641344,34,,,1,15,,1641398,34,,,1,15,,1641345,34,,,1,15,,1641346,34,,,1,54,,1641347,34,,,1,13,,1641348,34,,,1,13,,1641396,34,,,1,8,,1641349,34,,,1,9,,1641350,34,,,1,8,,1641351,34,,,1,49,,1641352,34,,,1,9,,1641353,34,,,1,10,,1641354,34,,,1,8,,1641355,34,,,1,9,,1641357,34,,,1,10,,1641358,34,,,1,9,,1641359,34,,,1,49,,1641356,34,,,1,9,,1641397,34,,,1,8,,1641360,34,,,1,9,,1641361,34,,,1,10,,1641363,34,,,1,10,,1641364,34,,,1,50,,1641365,34,,,1,10,,1641394,34,,,1,11,,1641362,34,,,1,14,,1641366,34,,,1,14,,1641368,34,,,1,54,,1641370,34,,,1,15,,1641367,34,,,1,15,,1641371,34,,,1,15,,1641369,34,,,1,55,,1641372,34,,,1,15,,1641373,34,,,1,15,,1641374,34,,,1,15,,1641375,34,,,1,55,,1641376,34,,,1,15,,1641377,34,,,1,15,,1641378,34,,,1,14,,1641379,34,,,1,55,,1641380,34,,,1,14,,1641381,34,,,1,15,,1641382,34,,,1,15,,1641384,34,,,1,55,,1641385,34,,,1,15,,1641386,34,,,1,15,,1641383,34,,,1,14,,1641387,34,,,1,55,,1641388,34,,,1,15,,1641389,34,,,1,15,,1641390,34,,,1,15,,1641391,34,,,1,55,,1641392,34,,,1,15,,1641395,34,,,1
80503,'20261009',516,,1623193,6,,,0,9,,1623194,6,,,0,11,,1623195,6,,,0,10,,1623196,6,,,0,10,,1623197,6,,,0,50,,1623198,6,,,0,10,,1623199,6,,,0,10,,1623200,6,,,0,10,,1623201,6,,,0,5,,1623202,6,,,0,7,,1623203,6,,,0,8,,1623204,6,,,0,45,,1623205,6,,,0,6,,1623206,6,,,0,5,,1623207,6,,,0,5,,1623208,6,,,0,5,,1623209,6,,,0,5,,1623210,6,,,0,5,,1623211,6,,,0,5,,1623212,6,,,0,5,,1623213,6,,,0,4,,1623214,6,,,0,7,,1623215,6,,,0,5,,1623216,6,,,0,48,,1623217,6,,,0,8,,1623218,6,,,0,8,,1623219,6,,,0,8,,1623220,6,,,0,9,,1623221,6,,,0,8,,1623222,6,,,0,9,,1623223,6,,,0,49,,1623224,6,,,0,10,,1623225,6,,,0,11,,1623226,6,,,0,8,,1623227,6,,,0,10,,1623228,6,,,0,11,,1623229,6,,,0,50,,1623230,6,,,0,10,,1623231,6,,,0,10,,1623232,6,,,0,8,,1623233,6,,,0,10,,1623234,6,,,0,10,,1623235,6,,,0,50,,1623236,6,,,0,10,,1623237,6,,,0,10,,1623238,6,,,0,10,,1623239,6,,,0,10,,1623240,6,,,0,10,,1623241,6,,,0,50,,1623242,6,,,0,10,,1623243,6,,,0,10,,1623244,6,,,0,10,,1623245,6,,,0,10,,1623246,6,,,0,10,,1623247,6,,,0,50,,1623248,6,,,0,10,,1623249,6,,,0,10,,1623250,6,,,0,10,,1623251,6,,,0,10,,1623252,6,,,0,10,,1623253,6,,,0,50,,1623254,6,,,0,9,,1623255,6,,,0,10,,1623256,6,,,0,6,,1623257,6,,,0,6,,1623258,6,,,0,7,,1623259,6,,,0,6,,1623260,6,,,0,5,,1623261,6,,,0,6,,1623262,6,,,0,46,,1623263,6,,,0,6,,1623264,6,,,0,6,,1623265,6,,,0,7,,1623266,6,,,0,7,,1623267,6,,,0,5,,1623268,6,,,0,7,,1623269,6,,,0,5,,1623270,6,,,0,7,,1623271,6,,,0,48,,1623272,6,,,0,7,,1623273,6,,,0,8,,1623274,6,,,0,8,,1623275,6,,,0,7,,1623276,6,,,0,7,,1623277,6,,,0,7,,1623278,6,,,0,10,,1623279,6,,,0,48,,1623280,6,,,0,8,,1623281,6,,,0,9,,1623282,6,,,0,10,,1623283,6,,,0,11,,1623284,6,,,0,11,,1623285,6,,,0,50,,1623286,6,,,0,10,,1623287,6,,,0,10,,1623288,6,,,0,10,,1623289,6,,,0,9,,1623290,6,,,0,10,,1623291,6,,,0,49,,1623292,6,,,0,10,,1623293,6,,,0,9,,1623294,6,,,0,10,,1623295,6,,,0,9,,1623296,6,,,0,11,,1623297,6,,,0,50,,1623298,6,,,0,10,,1623299,6,,,0,10,,1623300,6,,,0,10,,1623301,6,,,0,10,,1623302,6,,,0,10,,1623303,6,,,0,50,,1623304,6,,,0,10,,1623305,6,,,0,10,,1623306,6,,,0,10,,1623307,6,,,0,10,,1623308,6,,,0,10,,1623309,6,,,0,50,,1623310,6,,,0,10,,1623311,6,,,0,10,,1623312,6,,,0,10,,1623313,6,,,0,10,,1623314,6,,,0,10,,1623315,6,,,0,50,,1623316,6,,,0,10,,1623317,6,,,0,10,,1623318,6,,,0,10,,1623319,6,,,0,10,,1623320,6,,,0,10,,1623321,6,,,0,50,,1623322,6,,,0,10,,1623323,6,,,0,10,,1623324,6,,,0,10,,1623325,6,,,0,10,,1623326,6,,,0,10,,1623327,6,,,0,50,,1623328,6,,,0,10,,1623329,6,,,0,10,,1623330,6,,,0,10,,1623331,6,,,0
80503,'20261010',538,,1645052,6,,,0,10,,1645053,6,,,0,10,,1645054,6,,,0,50,,1645055,6,,,0,10,,1645056,6,,,0,10,,1645057,6,,,0,10,,1645058,6,,,0,10,,1645059,6,,,0,10,,1645060,6,,,0,50,,1645061,6,,,0,10,,1645062,6,,,0,11,,1645063,6,,,0,10,,1645064,6,,,0,10,,1645065,6,,,0,9,,1645066,6,,,0,50,,1645067,6,,,0,9,,1645068,6,,,0,11,,1645069,6,,,0,10,,1645070,6,,,0,10,,1645071,6,,,0,9,,1645072,6,,,0,50,,1645073,6,,,0,11,,1645074,6,,,0,10,,1645075,6,,,0,10,,1645076,6,,,0,11,,1645077,6,,,0,10,,1645078,6,,,0,50,,1645079,6,,,0,10,,1645080,6,,,0,10,,1645081,6,,,0,11,,1645082,6,,,0,10,,1645083,6,,,0,50,,1645084,6,,,0,10,,1645085,6,,,0,11,,1645086,6,,,0,10,,1645087,6,,,0,10,,1645088,6,,,0,11,,1645089,6,,,0,50,,1645090,6,,,0,10,,1645091,6,,,0,10,,1645092,6,,,0,10,,1645093,6,,,0,10,,1645094,6,,,0,10,,1645095,6,,,0,50,,1645096,6,,,0,10,,1645097,6,,,0,10,,1645098,6,,,0,10,,1645099,6,,,0,10,,1645100,6,,,0,10,,1645101,6,,,0,50,,1645102,6,,,0,11,,1645103,6,,,0,8,,1645104,6,,,0,10,,1645105,6,,,0,10,,1645106,6,,,0,10,,1645107,6,,,0,49,,1645108,6,,,0,10,,1645109,6,,,0,10,,1645110,6,,,0,10,,1645111,6,,,0,9,,1645112,6,,,0,9,,1645113,6,,,0,10,,1645114,6,,,0,50,,1645115,6,,,0,10,,1645116,6,,,0,10,,1645117,6,,,0,10,,1645118,6,,,0,10,,1645119,6,,,0,10,,1645120,6,,,0,50,,1645121,6,,,0,10,,1645122,6,,,0,10,,1645123,6,,,0,11,,1645124,6,,,0,10,,1645125,6,,,0,10,,1645126,6,,,0,51,,1645127,6,,,0,10,,1645128,6,,,0,9,,1645129,6,,,0,9,,1645130,6,,,0,10,,1645131,6,,,0,10,,1645132,6,,,0,50,,1645133,6,,,0,10,,1645134,6,,,0,10,,1645135,6,,,0,10,,1645136,6,,,0,10,,1645137,6,,,0,10,,1645138,6,,,0,50,,1645139,6,,,0,10,,1645140,6,,,0,10,,1645141,6,,,0,11,,1645142,6,,,0,10,,1645143,6,,,0,10,,1645144,6,,,0,50,,1645145,6,,,0,10,,1645146,6,,,0,10,,1645147,6,,,0,10,,1645148,6,,,0,10,,1645149,6,,,0,10,,1645150,6,,,0,50,,1645151,6,,,0,10,,1645152,6,,,0,10,,1645153,6,,,0,10,,1645154,6,,,0,9,,1645155,6,,,0,10,,1645156,6,,,0,50,,1645157,6,,,0,10,,1645158,6,,,0,10,,1645159,6,,,0,10,,1645160,6,,,0,10,,1645161,6,,,0,10,,1645162,6,,,0,50,,1645163,6,,,0,10,,1645164,6,,,0,10,,1645165,6,,,0,10,,1645166,6,,,0,10,,1645167,6,,,0,10,,1645168,6,,,0,51,,1645169,6,,,0,12,,1645170,6,,,0
80503,'20261011',538,,1645171,6,,,0,10,,1645172,6,,,0,10,,1645173,6,,,0,50,,1645174,6,,,0,10,,1645175,6,,,0,10,,1645176,6,,,0,10,,1645177,6,,,0,10,,1645178,6,,,0,10,,1645179,6,,,0,50,,1645180,6,,,0,10,,1645181,6,,,0,11,,1645182,6,,,0,10,,1645183,6,,,0,10,,1645184,6,,,0,9,,1645185,6,,,0,50,,1645186,6,,,0,9,,1645187,6,,,0,11,,1645188,6,,,0,10,,1645189,6,,,0,10,,1645190,6,,,0,9,,1645191,6,,,0,50,,1645192,6,,,0,11,,1645193,6,,,0,10,,1645194,6,,,0,10,,1645195,6,,,0,11,,1645196,6,,,0,10,,1645197,6,,,0,50,,1645198,6,,,0,10,,1645199,6,,,0,10,,1645200,6,,,0,11,,1645201,6,,,0,10,,1645202,6,,,0,50,,1645203,6,,,0,10,,1645204,6,,,0,11,,1645205,6,,,0,10,,1645206,6,,,0,10,,1645207,6,,,0,11,,1645208,6,,,0,50,,1645209,6,,,0,10,,1645210,6,,,0,10,,1645211,6,,,0,10,,1645212,6,,,0,10,,1645213,6,,,0,10,,1645214,6,,,0,50,,1645215,6,,,0,10,,1645216,6,,,0,10,,1645217,6,,,0,10,,1645218,6,,,0,10,,1645219,6,,,0,10,,1645220,6,,,0,50,,1645221,6,,,0,11,,1645222,6,,,0,8,,1645223,6,,,0,10,,1645224,6,,,0,10,,1645225,6,,,0,10,,1645226,6,,,0,49,,1645227,6,,,0,10,,1645228,6,,,0,10,,1645229,6,,,0,10,,1645230,6,,,0,9,,1645231,6,,,0,9,,1645232,6,,,0,10,,1645233,6,,,0,50,,1645234,6,,,0,10,,1645235,6,,,0,10,,1645236,6,,,0,10,,1645237,6,,,0,10,,1645238,6,,,0,10,,1645239,6,,,0,50,,1645240,6,,,0,10,,1645241,6,,,0,10,,1645242,6,,,0,11,,1645243,6,,,0,10,,1645244,6,,,0,10,,1645245,6,,,0,51,,1645246,6,,,0,10,,1645247,6,,,0,9,,1645248,6,,,0,9,,1645249,6,,,0,10,,1645250,6,,,0,10,,1645251,6,,,0,50,,1645252,6,,,0,10,,1645253,6,,,0,10,,1645254,6,,,0,10,,1645255,6,,,0,10,,1645256,6,,,0,10,,1645257,6,,,0,50,,1645258,6,,,0,10,,1645259,6,,,0,10,,1645260,6,,,0,11,,1645261,6,,,0,10,,1645262,6,,,0,10,,1645263,6,,,0,50,,1645264,6,,,0,10,,1645265,6,,,0,10,,1645266,6,,,0,10,,1645267,6,,,0,10,,1645268,6,,,0,10,,1645269,6,,,0,50,,1645270,6,,,0,10,,1645271,6,,,0,10,,1645272,6,,,0,10,,1645273,6,,,0,9,,1645274,6,,,0,10,,1645275,6,,,0,50,,1645276,6,,,0,10,,1645277,6,,,0,10,,1645278,6,,,0,10,,1645279,6,,,0,10,,1645280,6,,,0,10,,1645281,6,,,0,50,,1645282,6,,,0,10,,1645283,6,,,0,10,,1645284,6,,,0,10,,1645285,6,,,0,10,,1645286,6,,,0,10,,1645287,6,,,0,51,,1645288,6,,,0,12,,1645289,6,,,0
80503,'20261012',538,,1645290,6,,,0,10,,1645291,6,,,0,10,,1645292,6,,,0,50,,1645293,6,,,0,10,,1645294,6,,,0,10,,1645295,6,,,0,10,,1645296,6,,,0,10,,1645297,6,,,0,10,,1645298,6,,,0,50,,1645299,6,,,0,10,,1645300,6,,,0,11,,1645301,6,,,0,10,,1645302,6,,,0,10,,1645303,6,,,0,9,,1645304,6,,,0,50,,1645305,6,,,0,9,,1645306,6,,,0,11,,1645307,6,,,0,10,,1645308,6,,,0,10,,1645309,6,,,0,9,,1645310,6,,,0,50,,1645311,6,,,0,11,,1645312,6,,,0,10,,1645313,6,,,0,10,,1645314,6,,,0,11,,1645315,6,,,0,10,,1645316,6,,,0,50,,1645317,6,,,0,10,,1645318,6,,,0,10,,1645319,6,,,0,11,,1645320,6,,,0,10,,1645321,6,,,0,50,,1645322,6,,,0,10,,1645323,6,,,0,11,,1645324,6,,,0,10,,1645325,6,,,0,10,,1645326,6,,,0,11,,1645327,6,,,0,50,,1645328,6,,,0,10,,1645329,6,,,0,10,,1645330,6,,,0,10,,1645331,6,,,0,10,,1645332,6,,,0,10,,1645333,6,,,0,50,,1645334,6,,,0,10,,1645335,6,,,0,10,,1645336,6,,,0,10,,1645337,6,,,0,10,,1645338,6,,,0,10,,1645339,6,,,0,50,,1645340,6,,,0,11,,1645341,6,,,0,8,,1645342,6,,,0,10,,1645343,6,,,0,10,,1645344,6,,,0,10,,1645345,6,,,0,49,,1645346,6,,,0,10,,1645347,6,,,0,10,,1645348,6,,,0,10,,1645349,6,,,0,9,,1645350,6,,,0,9,,1645351,6,,,0,10,,1645352,6,,,0,50,,1645353,6,,,0,10,,1645354,6,,,0,10,,1645355,6,,,0,10,,1645356,6,,,0,10,,1645357,6,,,0,10,,1645358,6,,,0,50,,1645359,6,,,0,10,,1645360,6,,,0,10,,1645361,6,,,0,11,,1645362,6,,,0,10,,1645363,6,,,0,10,,1645364,6,,,0,51,,1645365,6,,,0,10,,1645366,6,,,0,9,,1645367,6,,,0,9,,1645368,6,,,0,10,,1645369,6,,,0,10,,1645370,6,,,0,50,,1645371,6,,,0,10,,1645372,6,,,0,10,,1645373,6,,,0,10,,1645374,6,,,0,10,,1645375,6,,,0,10,,1645376,6,,,0,50,,1645377,6,,,0,10,,1645378,6,,,0,10,,1645379,6,,,0,11,,1645380,6,,,0,10,,1645381,6,,,0,10,,1645382,6,,,0,50,,1645383,6,,,0,10,,1645384,6,,,0,10,,1645385,6,,,0,10,,1645386,6,,,0,10,,1645387,6,,,0,10,,1645388,6,,,0,50,,1645389,6,,,0,10,,1645390,6,,,0,10,,1645391,6,,,0,10,,1645392,6,,,0,9,,1645393,6,,,0,10,,1645394,6,,,0,50,,1645395,6,,,0,10,,1645396,6,,,0,10,,1645397,6,,,0,10,,1645398,6,,,0,10,,1645399,6,,,0,10,,1645400,6,,,0,50,,1645401,6,,,0,10,,1645402,6,,,0,10,,1645403,6,,,0,10,,1645404,6,,,0,10,,1645405,6,,,0,10,,1645406,6,,,0,51,,1645407,6,,,0,12,,1645408,6,,,0
80503,'20261013',516,,1591590,6,,,0,9,,1591589,6,,,0,11,,1591467,6,,,0,10,,1591468,6,,,0,10,,1591469,6,,,0,50,,1591570,6,,,0,10,,1591470,6,,,0,10,,1591563,6,,,0,10,,1591471,6,,,0,5,,1591562,6,,,0,7,,1591472,6,,,0,8,,1591473,6,,,0,45,,1591474,6,,,0,6,,1591594,6,,,0,5,,1591599,6,,,0,5,,1591475,6,,,0,5,,1591600,6,,,0,5,,1591603,6,,,0,5,,1591560,6,,,0,5,,1591601,6,,,0,5,,1591561,6,,,0,4,,1591602,6,,,0,7,,1591476,6,,,0,5,,1591605,6,,,0,48,,1591477,6,,,0,8,,1591478,6,,,0,8,,1591479,6,,,0,8,,1591480,6,,,0,9,,1591559,6,,,0,8,,1591481,6,,,0,9,,1591482,6,,,0,49,,1591483,6,,,0,10,,1591485,6,,,0,11,,1591486,6,,,0,8,,1591484,6,,,0,10,,1591487,6,,,0,11,,1591568,6,,,0,50,,1591488,6,,,0,10,,1591489,6,,,0,10,,1591490,6,,,0,8,,1591491,6,,,0,10,,1591593,6,,,0,10,,1591572,6,,,0,50,,1591492,6,,,0,10,,1591494,6,,,0,10,,1591495,6,,,0,10,,1591573,6,,,0,10,,1591496,6,,,0,10,,1591493,6,,,0,50,,1591497,6,,,0,10,,1591498,6,,,0,10,,1591499,6,,,0,10,,1591500,6,,,0,10,,1591502,6,,,0,10,,1591503,6,,,0,50,,1591504,6,,,0,10,,1591574,6,,,0,10,,1591501,6,,,0,10,,1591575,6,,,0,10,,1591505,6,,,0,10,,1591506,6,,,0,50,,1591507,6,,,0,9,,1591508,6,,,0,10,,1591509,6,,,0,6,,1591564,6,,,0,6,,1591604,6,,,0,7,,1591510,6,,,0,6,,1591512,6,,,0,5,,1591595,6,,,0,6,,1591596,6,,,0,46,,1591513,6,,,0,6,,1591514,6,,,0,6,,1591511,6,,,0,7,,1591571,6,,,0,7,,1591598,6,,,0,5,,1591515,6,,,0,7,,1591566,6,,,0,5,,1591569,6,,,0,7,,1591516,6,,,0,48,,1591517,6,,,0,7,,1591518,6,,,0,8,,1591519,6,,,0,8,,1591520,6,,,0,7,,1591521,6,,,0,7,,1591522,6,,,0,7,,1591523,6,,,0,10,,1591524,6,,,0,48,,1591525,6,,,0,8,,1591526,6,,,0,9,,1591528,6,,,0,10,,1591529,6,,,0,11,,1591530,6,,,0,11,,1591527,6,,,0,50,,1591532,6,,,0,10,,1591533,6,,,0,10,,1591534,6,,,0,10,,1591531,6,,,0,9,,1591535,6,,,0,10,,1591576,6,,,0,49,,1591536,6,,,0,10,,1591537,6,,,0,9,,1591577,6,,,0,10,,1591538,6,,,0,9,,1591539,6,,,0,11,,1591578,6,,,0,50,,1591540,6,,,0,10,,1591541,6,,,0,10,,1591579,6,,,0,10,,1591542,6,,,0,10,,1591543,6,,,0,10,,1591580,6,,,0,50,,1591544,6,,,0,10,,1591545,6,,,0,10,,1591581,6,,,0,10,,1591546,6,,,0,10,,1591547,6,,,0,10,,1591582,6,,,0,50,,1591548,6,,,0,10,,1591549,6,,,0,10,,1591583,6,,,0,10,,1591550,6,,,0,10,,1591551,6,,,0,10,,1591584,6,,,0,50,,1591553,6,,,0,10,,1591554,6,,,0,10,,1591585,6,,,0,10,,1591555,6,,,0,10,,1591552,6,,,0,10,,1591586,6,,,0,50,,1591556,6,,,0,10,,1591557,6,,,0,10,,1591587,6,,,0,10,,1591558,6,,,0,10,,1591565,6,,,0,10,,1591588,6,,,0,50,,1591567,6,,,0,10,,1591591,6,,,0,10,,1591592,6,,,0,10,,1591597,6,,,0
80503,'20261014',516,,1591729,6,,,0,9,,1591728,6,,,0,11,,1591606,6,,,0,10,,1591607,6,,,0,10,,1591608,6,,,0,50,,1591709,6,,,0,10,,1591609,6,,,0,10,,1591702,6,,,0,10,,1591610,6,,,0,5,,1591701,6,,,0,7,,1591611,6,,,0,8,,1591612,6,,,0,45,,1591613,6,,,0,6,,1591733,6,,,0,5,,1591738,6,,,0,5,,1591614,6,,,0,5,,1591739,6,,,0,5,,1591742,6,,,0,5,,1591699,6,,,0,5,,1591740,6,,,0,5,,1591700,6,,,0,4,,1591741,6,,,0,7,,1591615,6,,,0,5,,1591744,6,,,0,48,,1591616,6,,,0,8,,1591617,6,,,0,8,,1591618,6,,,0,8,,1591619,6,,,0,9,,1591698,6,,,0,8,,1591620,6,,,0,9,,1591621,6,,,0,49,,1591622,6,,,0,10,,1591624,6,,,0,11,,1591625,6,,,0,8,,1591623,6,,,0,10,,1591626,6,,,0,11,,1591707,6,,,0,50,,1591627,6,,,0,10,,1591628,6,,,0,10,,1591629,6,,,0,8,,1591630,6,,,0,10,,1591732,6,,,0,10,,1591711,6,,,0,50,,1591631,6,,,0,10,,1591633,6,,,0,10,,1591634,6,,,0,10,,1591712,6,,,0,10,,1591635,6,,,0,10,,1591632,6,,,0,50,,1591636,6,,,0,10,,1591637,6,,,0,10,,1591638,6,,,0,10,,1591639,6,,,0,10,,1591641,6,,,0,10,,1591642,6,,,0,50,,1591643,6,,,0,10,,1591713,6,,,0,10,,1591640,6,,,0,10,,1591714,6,,,0,10,,1591644,6,,,0,10,,1591645,6,,,0,50,,1591646,6,,,0,9,,1591647,6,,,0,10,,1591648,6,,,0,6,,1591703,6,,,0,6,,1591743,6,,,0,7,,1591649,6,,,0,6,,1591651,6,,,0,5,,1591734,6,,,0,6,,1591735,6,,,0,46,,1591652,6,,,0,6,,1591653,6,,,0,6,,1591650,6,,,0,7,,1591710,6,,,0,7,,1591737,6,,,0,5,,1591654,6,,,0,7,,1591705,6,,,0,5,,1591708,6,,,0,7,,1591655,6,,,0,48,,1591656,6,,,0,7,,1591657,6,,,0,8,,1591658,6,,,0,8,,1591659,6,,,0,7,,1591660,6,,,0,7,,1591661,6,,,0,7,,1591662,6,,,0,10,,1591663,6,,,0,48,,1591664,6,,,0,8,,1591665,6,,,0,9,,1591667,6,,,0,10,,1591668,6,,,0,11,,1591669,6,,,0,11,,1591666,6,,,0,50,,1591671,6,,,0,10,,1591672,6,,,0,10,,1591673,6,,,0,10,,1591670,6,,,0,9,,1591674,6,,,0,10,,1591715,6,,,0,49,,1591675,6,,,0,10,,1591676,6,,,0,9,,1591716,6,,,0,10,,1591677,6,,,0,9,,1591678,6,,,0,11,,1591717,6,,,0,50,,1591679,6,,,0,10,,1591680,6,,,0,10,,1591718,6,,,0,10,,1591681,6,,,0,10,,1591682,6,,,0,10,,1591719,6,,,0,50,,1591683,6,,,0,10,,1591684,6,,,0,10,,1591720,6,,,0,10,,1591685,6,,,0,10,,1591686,6,,,0,10,,1591721,6,,,0,50,,1591687,6,,,0,10,,1591688,6,,,0,10,,1591722,6,,,0,10,,1591689,6,,,0,10,,1591690,6,,,0,10,,1591723,6,,,0,50,,1591692,6,,,0,10,,1591693,6,,,0,10,,1591724,6,,,0,10,,1591694,6,,,0,10,,1591691,6,,,0,10,,1591725,6,,,0,50,,1591695,6,,,0,10,,1591696,6,,,0,10,,1591726,6,,,0,10,,1591697,6,,,0,10,,1591704,6,,,0,10,,1591727,6,,,0,50,,1591706,6,,,0,10,,1591730,6,,,0,10,,1591731,6,,,0,10,,1591736,6,,,0
80503,'20261015',516,,1591868,6,,,0,9,,1591867,6,,,0,11,,1591745,6,,,0,10,,1591746,6,,,0,10,,1591747,6,,,0,50,,1591848,6,,,0,10,,1591748,6,,,0,10,,1591841,6,,,0,10,,1591749,6,,,0,5,,1591840,6,,,0,7,,1591750,6,,,0,8,,1591751,6,,,0,45,,1591752,6,,,0,6,,1591872,6,,,0,5,,1591877,6,,,0,5,,1591753,6,,,0,5,,1591878,6,,,0,5,,1591881,6,,,0,5,,1591838,6,,,0,5,,1591879,6,,,0,5,,1591839,6,,,0,4,,1591880,6,,,0,7,,1591754,6,,,0,5,,1591883,6,,,0,48,,1591755,6,,,0,8,,1591756,6,,,0,8,,1591757,6,,,0,8,,1591758,6,,,0,9,,1591837,6,,,0,8,,1591759,6,,,0,9,,1591760,6,,,0,49,,1591761,6,,,0,10,,1591763,6,,,0,11,,1591764,6,,,0,8,,1591762,6,,,0,10,,1591765,6,,,0,11,,1591846,6,,,0,50,,1591766,6,,,0,10,,1591767,6,,,0,10,,1591768,6,,,0,8,,1591769,6,,,0,10,,1591871,6,,,0,10,,1591850,6,,,0,50,,1591770,6,,,0,10,,1591772,6,,,0,10,,1591773,6,,,0,10,,1591851,6,,,0,10,,1591774,6,,,0,10,,1591771,6,,,0,50,,1591775,6,,,0,10,,1591776,6,,,0,10,,1591777,6,,,0,10,,1591778,6,,,0,10,,1591780,6,,,0,10,,1591781,6,,,0,50,,1591782,6,,,0,10,,1591852,6,,,0,10,,1591779,6,,,0,10,,1591853,6,,,0,10,,1591783,6,,,0,10,,1591784,6,,,0,50,,1591785,6,,,0,9,,1591786,6,,,0,10,,1591787,6,,,0,6,,1591842,6,,,0,6,,1591882,6,,,0,7,,1591788,6,,,0,6,,1591790,6,,,0,5,,1591873,6,,,0,6,,1591874,6,,,0,46,,1591791,6,,,0,6,,1591792,6,,,0,6,,1591789,6,,,0,7,,1591849,6,,,0,7,,1591876,6,,,0,5,,1591793,6,,,0,7,,1591844,6,,,0,5,,1591847,6,,,0,7,,1591794,6,,,0,48,,1591795,6,,,0,7,,1591796,6,,,0,8,,1591797,6,,,0,8,,1591798,6,,,0,7,,1591799,6,,,0,7,,1591800,6,,,0,7,,1591801,6,,,0,10,,1591802,6,,,0,48,,1591803,6,,,0,8,,1591804,6,,,0,9,,1591806,6,,,0,10,,1591807,6,,,0,11,,1591808,6,,,0,11,,1591805,6,,,0,50,,1591810,6,,,0,10,,1591811,6,,,0,10,,1591812,6,,,0,10,,1591809,6,,,0,9,,1591813,6,,,0,10,,1591854,6,,,0,49,,1591814,6,,,0,10,,1591815,6,,,0,9,,1591855,6,,,0,10,,1591816,6,,,0,9,,1591817,6,,,0,11,,1591856,6,,,0,50,,1591818,6,,,0,10,,1591819,6,,,0,10,,1591857,6,,,0,10,,1591820,6,,,0,10,,1591821,6,,,0,10,,1591858,6,,,0,50,,1591822,6,,,0,10,,1591823,6,,,0,10,,1591859,6,,,0,10,,1591824,6,,,0,10,,1591825,6,,,0,10,,1591860,6,,,0,50,,1591826,6,,,0,10,,1591827,6,,,0,10,,1591861,6,,,0,10,,1591828,6,,,0,10,,1591829,6,,,0,10,,1591862,6,,,0,50,,1591831,6,,,0,10,,1591832,6,,,0,10,,1591863,6,,,0,10,,1591833,6,,,0,10,,1591830,6,,,0,10,,1591864,6,,,0,50,,1591834,6,,,0,10,,1591835,6,,,0,10,,1591865,6,,,0,10,,1591836,6,,,0,10,,1591843,6,,,0,10,,1591866,6,,,0,50,,1591845,6,,,0,10,,1591869,6,,,0,10,,1591870,6,,,0,10,,1591875,6,,,0
80503,'20261016',516,,1592007,6,,,0,9,,1592006,6,,,0,11,,1591884,6,,,0,10,,1591885,6,,,0,10,,1591886,6,,,0,50,,1591987,6,,,0,10,,1591887,6,,,0,10,,1591980,6,,,0,10,,1591888,6,,,0,5,,1591979,6,,,0,7,,1591889,6,,,0,8,,1591890,6,,,0,45,,1591891,6,,,0,6,,1592011,6,,,0,5,,1592016,6,,,0,5,,1591892,6,,,0,5,,1592017,6,,,0,5,,1592020,6,,,0,5,,1591977,6,,,0,5,,1592018,6,,,0,5,,1591978,6,,,0,4,,1592019,6,,,0,7,,1591893,6,,,0,5,,1592022,6,,,0,48,,1591894,6,,,0,8,,1591895,6,,,0,8,,1591896,6,,,0,8,,1591897,6,,,0,9,,1591976,6,,,0,8,,1591898,6,,,0,9,,1591899,6,,,0,49,,1591900,6,,,0,10,,1591902,6,,,0,11,,1591903,6,,,0,8,,1591901,6,,,0,10,,1591904,6,,,0,11,,1591985,6,,,0,50,,1591905,6,,,0,10,,1591906,6,,,0,10,,1591907,6,,,0,8,,1591908,6,,,0,10,,1592010,6,,,0,10,,1591989,6,,,0,50,,1591909,6,,,0,10,,1591911,6,,,0,10,,1591912,6,,,0,10,,1591990,6,,,0,10,,1591913,6,,,0,10,,1591910,6,,,0,50,,1591914,6,,,0,10,,1591915,6,,,0,10,,1591916,6,,,0,10,,1591917,6,,,0,10,,1591919,6,,,0,10,,1591920,6,,,0,50,,1591921,6,,,0,10,,1591991,6,,,0,10,,1591918,6,,,0,10,,1591992,6,,,0,10,,1591922,6,,,0,10,,1591923,6,,,0,50,,1591924,6,,,0,9,,1591925,6,,,0,10,,1591926,6,,,0,6,,1591981,6,,,0,6,,1592021,6,,,0,7,,1591927,6,,,0,6,,1591929,6,,,0,5,,1592012,6,,,0,6,,1592013,6,,,0,46,,1591930,6,,,0,6,,1591931,6,,,0,6,,1591928,6,,,0,7,,1591988,6,,,0,7,,1592015,6,,,0,5,,1591932,6,,,0,7,,1591983,6,,,0,5,,1591986,6,,,0,7,,1591933,6,,,0,48,,1591934,6,,,0,7,,1591935,6,,,0,8,,1591936,6,,,0,8,,1591937,6,,,0,7,,1591938,6,,,0,7,,1591939,6,,,0,7,,1591940,6,,,0,10,,1591941,6,,,0,48,,1591942,6,,,0,8,,1591943,6,,,0,9,,1591945,6,,,0,10,,1591946,6,,,0,11,,1591947,6,,,0,11,,1591944,6,,,0,50,,1591949,6,,,0,10,,1591950,6,,,0,10,,1591951,6,,,0,10,,1591948,6,,,0,9,,1591952,6,,,0,10,,1591993,6,,,0,49,,1591953,6,,,0,10,,1591954,6,,,0,9,,1591994,6,,,0,10,,1591955,6,,,0,9,,1591956,6,,,0,11,,1591995,6,,,0,50,,1591957,6,,,0,10,,1591958,6,,,0,10,,1591996,6,,,0,10,,1591959,6,,,0,10,,1591960,6,,,0,10,,1591997,6,,,0,50,,1591961,6,,,0,10,,1591962,6,,,0,10,,1591998,6,,,0,10,,1591963,6,,,0,10,,1591964,6,,,0,10,,1591999,6,,,0,50,,1591965,6,,,0,10,,1591966,6,,,0,10,,1592000,6,,,0,10,,1591967,6,,,0,10,,1591968,6,,,0,10,,1592001,6,,,0,50,,1591970,6,,,0,10,,1591971,6,,,0,10,,1592002,6,,,0,10,,1591972,6,,,0,10,,1591969,6,,,0,10,,1592003,6,,,0,50,,1591973,6,,,0,10,,1591974,6,,,0,10,,1592004,6,,,0,10,,1591975,6,,,0,10,,1591982,6,,,0,10,,1592005,6,,,0,50,,1591984,6,,,0,10,,1592008,6,,,0,10,,1592009,6,,,0,10,,1592014,6,,,0
80503,'20261017',538,,1623332,6,,,0,10,,1623422,6,,,0,10,,1623417,6,,,0,50,,1623334,6,,,0,10,,1623423,6,,,0,10,,1623335,6,,,0,10,,1623336,6,,,0,10,,1623416,6,,,0,10,,1623424,6,,,0,50,,1623337,6,,,0,10,,1623338,6,,,0,11,,1623339,6,,,0,10,,1623418,6,,,0,10,,1623421,6,,,0,9,,1623425,6,,,0,50,,1623333,6,,,0,9,,1623415,6,,,0,11,,1623340,6,,,0,10,,1623341,6,,,0,10,,1623342,6,,,0,9,,1623426,6,,,0,50,,1623343,6,,,0,11,,1623344,6,,,0,10,,1623345,6,,,0,10,,1623346,6,,,0,11,,1623347,6,,,0,10,,1623427,6,,,0,50,,1623348,6,,,0,10,,1623420,6,,,0,10,,1623349,6,,,0,11,,1623350,6,,,0,10,,1623351,6,,,0,50,,1623428,6,,,0,10,,1623352,6,,,0,11,,1623450,6,,,0,10,,1623353,6,,,0,10,,1623354,6,,,0,11,,1623355,6,,,0,50,,1623356,6,,,0,10,,1623429,6,,,0,10,,1623357,6,,,0,10,,1623358,6,,,0,10,,1623359,6,,,0,10,,1623360,6,,,0,50,,1623361,6,,,0,10,,1623430,6,,,0,10,,1623414,6,,,0,10,,1623362,6,,,0,10,,1623364,6,,,0,10,,1623365,6,,,0,50,,1623366,6,,,0,11,,1623431,6,,,0,8,,1623363,6,,,0,10,,1623368,6,,,0,10,,1623369,6,,,0,10,,1623370,6,,,0,49,,1623367,6,,,0,10,,1623432,6,,,0,10,,1623371,6,,,0,10,,1623372,6,,,0,9,,1623373,6,,,0,9,,1623374,6,,,0,10,,1623375,6,,,0,50,,1623433,6,,,0,10,,1623376,6,,,0,10,,1623377,6,,,0,10,,1623378,6,,,0,10,,1623379,6,,,0,10,,1623380,6,,,0,50,,1623434,6,,,0,10,,1623381,6,,,0,10,,1623382,6,,,0,11,,1623383,6,,,0,10,,1623384,6,,,0,10,,1623435,6,,,0,51,,1623385,6,,,0,10,,1623386,6,,,0,9,,1623387,6,,,0,9,,1623436,6,,,0,10,,1623388,6,,,0,10,,1623389,6,,,0,50,,1623437,6,,,0,10,,1623390,6,,,0,10,,1623391,6,,,0,10,,1623438,6,,,0,10,,1623392,6,,,0,10,,1623394,6,,,0,50,,1623439,6,,,0,10,,1623395,6,,,0,10,,1623396,6,,,0,11,,1623440,6,,,0,10,,1623393,6,,,0,10,,1623398,6,,,0,50,,1623441,6,,,0,10,,1623399,6,,,0,10,,1623400,6,,,0,10,,1623442,6,,,0,10,,1623397,6,,,0,10,,1623401,6,,,0,50,,1623443,6,,,0,10,,1623402,6,,,0,10,,1623403,6,,,0,10,,1623444,6,,,0,9,,1623404,6,,,0,10,,1623405,6,,,0,50,,1623445,6,,,0,10,,1623406,6,,,0,10,,1623407,6,,,0,10,,1623447,6,,,0,10,,1623413,6,,,0,10,,1623408,6,,,0,50,,1623448,6,,,0,10,,1623409,6,,,0,10,,1623410,6,,,0,10,,1623449,6,,,0,10,,1623419,6,,,0,10,,1623411,6,,,0,51,,1623446,6,,,0,12,,1623412,6,,,0
80503,'20261018',538,,1623541,6,,,0,10,,1623535,6,,,0,10,,1623542,6,,,0,50,,1623533,6,,,0,10,,1623531,6,,,0,10,,1623544,6,,,0,10,,1623536,6,,,0,10,,1623534,6,,,0,10,,1623532,6,,,0,50,,1623537,6,,,0,10,,1623530,6,,,0,11,,1623545,6,,,0,10,,1623515,6,,,0,10,,1623520,6,,,0,9,,1623508,6,,,0,50,,1623529,6,,,0,9,,1623522,6,,,0,11,,1623546,6,,,0,10,,1623510,6,,,0,10,,1623528,6,,,0,9,,1623521,6,,,0,50,,1623513,6,,,0,11,,1623525,6,,,0,10,,1623543,6,,,0,10,,1623526,6,,,0,11,,1623524,6,,,0,10,,1623511,6,,,0,50,,1623509,6,,,0,10,,1623523,6,,,0,10,,1623547,6,,,0,11,,1623527,6,,,0,10,,1623518,6,,,0,50,,1623519,6,,,0,10,,1623512,6,,,0,11,,1623514,6,,,0,10,,1623548,6,,,0,10,,1623517,6,,,0,11,,1623516,6,,,0,50,,1623492,6,,,0,10,,1623498,6,,,0,10,,1623489,6,,,0,10,,1623549,6,,,0,10,,1623499,6,,,0,10,,1623490,6,,,0,50,,1623496,6,,,0,10,,1623497,6,,,0,10,,1623507,6,,,0,10,,1623550,6,,,0,10,,1623491,6,,,0,10,,1623495,6,,,0,50,,1623503,6,,,0,11,,1623506,6,,,0,8,,1623504,6,,,0,10,,1623551,6,,,0,10,,1623505,6,,,0,10,,1623502,6,,,0,49,,1623501,6,,,0,10,,1623500,6,,,0,10,,1623494,6,,,0,10,,1623552,6,,,0,9,,1623493,6,,,0,9,,1623474,6,,,0,10,,1623472,6,,,0,50,,1623482,6,,,0,10,,1623471,6,,,0,10,,1623553,6,,,0,10,,1623475,6,,,0,10,,1623470,6,,,0,10,,1623483,6,,,0,50,,1623473,6,,,0,10,,1623487,6,,,0,10,,1623554,6,,,0,11,,1623486,6,,,0,10,,1623481,6,,,0,10,,1623479,6,,,0,51,,1623555,6,,,0,10,,1623484,6,,,0,9,,1623477,6,,,0,9,,1623556,6,,,0,10,,1623488,6,,,0,10,,1623469,6,,,0,50,,1623557,6,,,0,10,,1623476,6,,,0,10,,1623468,6,,,0,10,,1623558,6,,,0,10,,1623480,6,,,0,10,,1623467,6,,,0,50,,1623559,6,,,0,10,,1623478,6,,,0,10,,1623485,6,,,0,11,,1623560,6,,,0,10,,1623462,6,,,0,10,,1623466,6,,,0,50,,1623561,6,,,0,10,,1623456,6,,,0,10,,1623465,6,,,0,10,,1623562,6,,,0,10,,1623464,6,,,0,10,,1623455,6,,,0,50,,1623563,6,,,0,10,,1623463,6,,,0,10,,1623538,6,,,0,10,,1623564,6,,,0,9,,1623460,6,,,0,10,,1623461,6,,,0,50,,1623565,6,,,0,10,,1623459,6,,,0,10,,1623458,6,,,0,10,,1623566,6,,,0,10,,1623457,6,,,0,10,,1623453,6,,,0,50,,1623567,6,,,0,10,,1623451,6,,,0,10,,1623452,6,,,0,10,,1623568,6,,,0,10,,1623454,6,,,0,10,,1623539,6,,,0,51,,1623540,6,,,0,12,,1623569,6,,,0
80503,'20261019',516,,1623693,6,,,0,9,,1623692,6,,,0,11,,1623570,6,,,0,10,,1623571,6,,,0,10,,1623572,6,,,0,50,,1623673,6,,,0,10,,1623573,6,,,0,10,,1623666,6,,,0,10,,1623574,6,,,0,5,,1623665,6,,,0,7,,1623575,6,,,0,8,,1623576,6,,,0,45,,1623577,6,,,0,6,,1623697,6,,,0,5,,1623702,6,,,0,5,,1623578,6,,,0,5,,1623703,6,,,0,5,,1623706,6,,,0,5,,1623663,6,,,0,5,,1623704,6,,,0,5,,1623664,6,,,0,4,,1623705,6,,,0,7,,1623579,6,,,0,5,,1623708,6,,,0,48,,1623580,6,,,0,8,,1623581,6,,,0,8,,1623582,6,,,0,8,,1623583,6,,,0,9,,1623662,6,,,0,8,,1623584,6,,,0,9,,1623585,6,,,0,49,,1623586,6,,,0,10,,1623588,6,,,0,11,,1623589,6,,,0,8,,1623587,6,,,0,10,,1623590,6,,,0,11,,1623671,6,,,0,50,,1623591,6,,,0,10,,1623592,6,,,0,10,,1623593,6,,,0,8,,1623594,6,,,0,10,,1623696,6,,,0,10,,1623675,6,,,0,50,,1623595,6,,,0,10,,1623597,6,,,0,10,,1623598,6,,,0,10,,1623676,6,,,0,10,,1623599,6,,,0,10,,1623596,6,,,0,50,,1623600,6,,,0,10,,1623601,6,,,0,10,,1623602,6,,,0,10,,1623603,6,,,0,10,,1623605,6,,,0,10,,1623606,6,,,0,50,,1623607,6,,,0,10,,1623677,6,,,0,10,,1623604,6,,,0,10,,1623678,6,,,0,10,,1623608,6,,,0,10,,1623609,6,,,0,50,,1623610,6,,,0,9,,1623611,6,,,0,10,,1623612,6,,,0,6,,1623667,6,,,0,6,,1623707,6,,,0,7,,1623613,6,,,0,6,,1623615,6,,,0,5,,1623698,6,,,0,6,,1623699,6,,,0,46,,1623616,6,,,0,6,,1623617,6,,,0,6,,1623614,6,,,0,7,,1623674,6,,,0,7,,1623701,6,,,0,5,,1623618,6,,,0,7,,1623669,6,,,0,5,,1623672,6,,,0,7,,1623619,6,,,0,48,,1623620,6,,,0,7,,1623621,6,,,0,8,,1623622,6,,,0,8,,1623623,6,,,0,7,,1623624,6,,,0,7,,1623625,6,,,0,7,,1623626,6,,,0,10,,1623627,6,,,0,48,,1623628,6,,,0,8,,1623629,6,,,0,9,,1623631,6,,,0,10,,1623632,6,,,0,11,,1623633,6,,,0,11,,1623630,6,,,0,50,,1623635,6,,,0,10,,1623636,6,,,0,10,,1623637,6,,,0,10,,1623634,6,,,0,9,,1623638,6,,,0,10,,1623679,6,,,0,49,,1623639,6,,,0,10,,1623640,6,,,0,9,,1623680,6,,,0,10,,1623641,6,,,0,9,,1623642,6,,,0,11,,1623681,6,,,0,50,,1623643,6,,,0,10,,1623644,6,,,0,10,,1623682,6,,,0,10,,1623645,6,,,0,10,,1623646,6,,,0,10,,1623683,6,,,0,50,,1623647,6,,,0,10,,1623648,6,,,0,10,,1623684,6,,,0,10,,1623649,6,,,0,10,,1623650,6,,,0,10,,1623685,6,,,0,50,,1623651,6,,,0,10,,1623652,6,,,0,10,,1623686,6,,,0,10,,1623653,6,,,0,10,,1623654,6,,,0,10,,1623687,6,,,0,50,,1623656,6,,,0,10,,1623657,6,,,0,10,,1623688,6,,,0,10,,1623658,6,,,0,10,,1623655,6,,,0,10,,1623689,6,,,0,50,,1623659,6,,,0,10,,1623660,6,,,0,10,,1623690,6,,,0,10,,1623661,6,,,0,10,,1623668,6,,,0,10,,1623691,6,,,0,50,,1623670,6,,,0,10,,1623694,6,,,0,10,,1623695,6,,,0,10,,1623700,6,,,0
80503,'20261020',516,,1623832,6,,,0,9,,1623831,6,,,0,11,,1623709,6,,,0,10,,1623710,6,,,0,10,,1623711,6,,,0,50,,1623812,6,,,0,10,,1623712,6,,,0,10,,1623805,6,,,0,10,,1623713,6,,,0,5,,1623804,6,,,0,7,,1623714,6,,,0,8,,1623715,6,,,0,45,,1623716,6,,,0,6,,1623836,6,,,0,5,,1623841,6,,,0,5,,1623717,6,,,0,5,,1623842,6,,,0,5,,1623845,6,,,0,5,,1623802,6,,,0,5,,1623843,6,,,0,5,,1623803,6,,,0,4,,1623844,6,,,0,7,,1623718,6,,,0,5,,1623847,6,,,0,48,,1623719,6,,,0,8,,1623720,6,,,0,8,,1623721,6,,,0,8,,1623722,6,,,0,9,,1623801,6,,,0,8,,1623723,6,,,0,9,,1623724,6,,,0,49,,1623725,6,,,0,10,,1623727,6,,,0,11,,1623728,6,,,0,8,,1623726,6,,,0,10,,1623729,6,,,0,11,,1623810,6,,,0,50,,1623730,6,,,0,10,,1623731,6,,,0,10,,1623732,6,,,0,8,,1623733,6,,,0,10,,1623835,6,,,0,10,,1623814,6,,,0,50,,1623734,6,,,0,10,,1623736,6,,,0,10,,1623737,6,,,0,10,,1623815,6,,,0,10,,1623738,6,,,0,10,,1623735,6,,,0,50,,1623739,6,,,0,10,,1623740,6,,,0,10,,1623741,6,,,0,10,,1623742,6,,,0,10,,1623744,6,,,0,10,,1623745,6,,,0,50,,1623746,6,,,0,10,,1623816,6,,,0,10,,1623743,6,,,0,10,,1623817,6,,,0,10,,1623747,6,,,0,10,,1623748,6,,,0,50,,1623749,6,,,0,9,,1623750,6,,,0,10,,1623751,6,,,0,6,,1623806,6,,,0,6,,1623846,6,,,0,7,,1623752,6,,,0,6,,1623754,6,,,0,5,,1623837,6,,,0,6,,1623838,6,,,0,46,,1623755,6,,,0,6,,1623756,6,,,0,6,,1623753,6,,,0,7,,1623813,6,,,0,7,,1623840,6,,,0,5,,1623757,6,,,0,7,,1623808,6,,,0,5,,1623811,6,,,0,7,,1623758,6,,,0,48,,1623759,6,,,0,7,,1623760,6,,,0,8,,1623761,6,,,0,8,,1623762,6,,,0,7,,1623763,6,,,0,7,,1623764,6,,,0,7,,1623765,6,,,0,10,,1623766,6,,,0,48,,1623767,6,,,0,8,,1623768,6,,,0,9,,1623770,6,,,0,10,,1623771,6,,,0,11,,1623772,6,,,0,11,,1623769,6,,,0,50,,1623774,6,,,0,10,,1623775,6,,,0,10,,1623776,6,,,0,10,,1623773,6,,,0,9,,1623777,6,,,0,10,,1623818,6,,,0,49,,1623778,6,,,0,10,,1623779,6,,,0,9,,1623819,6,,,0,10,,1623780,6,,,0,9,,1623781,6,,,0,11,,1623820,6,,,0,50,,1623782,6,,,0,10,,1623783,6,,,0,10,,1623821,6,,,0,10,,1623784,6,,,0,10,,1623785,6,,,0,10,,1623822,6,,,0,50,,1623786,6,,,0,10,,1623787,6,,,0,10,,1623823,6,,,0,10,,1623788,6,,,0,10,,1623789,6,,,0,10,,1623824,6,,,0,50,,1623790,6,,,0,10,,1623791,6,,,0,10,,1623825,6,,,0,10,,1623792,6,,,0,10,,1623793,6,,,0,10,,1623826,6,,,0,50,,1623795,6,,,0,10,,1623796,6,,,0,10,,1623827,6,,,0,10,,1623797,6,,,0,10,,1623794,6,,,0,10,,1623828,6,,,0,50,,1623798,6,,,0,10,,1623799,6,,,0,10,,1623829,6,,,0,10,,1623800,6,,,0,10,,1623807,6,,,0,10,,1623830,6,,,0,50,,1623809,6,,,0,10,,1623833,6,,,0,10,,1623834,6,,,0,10,,1623839,6,,,0
80503,'20261021',516,,1645532,6,,,0,9,,1645531,6,,,0,11,,1645409,6,,,0,10,,1645410,6,,,0,10,,1645411,6,,,0,50,,1645512,6,,,0,10,,1645412,6,,,0,10,,1645505,6,,,0,10,,1645413,6,,,0,5,,1645504,6,,,0,7,,1645414,6,,,0,8,,1645415,6,,,0,45,,1645416,6,,,0,6,,1645536,6,,,0,5,,1645541,6,,,0,5,,1645417,6,,,0,5,,1645542,6,,,0,5,,1645545,6,,,0,5,,1645502,6,,,0,5,,1645543,6,,,0,5,,1645503,6,,,0,4,,1645544,6,,,0,7,,1645418,6,,,0,5,,1645547,6,,,0,48,,1645419,6,,,0,8,,1645420,6,,,0,8,,1645421,6,,,0,8,,1645422,6,,,0,9,,1645501,6,,,0,8,,1645423,6,,,0,9,,1645424,6,,,0,49,,1645425,6,,,0,10,,1645427,6,,,0,11,,1645428,6,,,0,8,,1645426,6,,,0,10,,1645429,6,,,0,11,,1645510,6,,,0,50,,1645430,6,,,0,10,,1645431,6,,,0,10,,1645432,6,,,0,8,,1645433,6,,,0,10,,1645535,6,,,0,10,,1645514,6,,,0,50,,1645434,6,,,0,10,,1645436,6,,,0,10,,1645437,6,,,0,10,,1645515,6,,,0,10,,1645438,6,,,0,10,,1645435,6,,,0,50,,1645439,6,,,0,10,,1645440,6,,,0,10,,1645441,6,,,0,10,,1645442,6,,,0,10,,1645444,6,,,0,10,,1645445,6,,,0,50,,1645446,6,,,0,10,,1645516,6,,,0,10,,1645443,6,,,0,10,,1645517,6,,,0,10,,1645447,6,,,0,10,,1645448,6,,,0,50,,1645449,6,,,0,9,,1645450,6,,,0,10,,1645451,6,,,0,6,,1645506,6,,,0,6,,1645546,6,,,0,7,,1645452,6,,,0,6,,1645454,6,,,0,5,,1645537,6,,,0,6,,1645538,6,,,0,46,,1645455,6,,,0,6,,1645456,6,,,0,6,,1645453,6,,,0,7,,1645513,6,,,0,7,,1645540,6,,,0,5,,1645457,6,,,0,7,,1645508,6,,,0,5,,1645511,6,,,0,7,,1645458,6,,,0,48,,1645459,6,,,0,7,,1645460,6,,,0,8,,1645461,6,,,0,8,,1645462,6,,,0,7,,1645463,6,,,0,7,,1645464,6,,,0,7,,1645465,6,,,0,10,,1645466,6,,,0,48,,1645467,6,,,0,8,,1645468,6,,,0,9,,1645470,6,,,0,10,,1645471,6,,,0,11,,1645472,6,,,0,11,,1645469,6,,,0,50,,1645474,6,,,0,10,,1645475,6,,,0,10,,1645476,6,,,0,10,,1645473,6,,,0,9,,1645477,6,,,0,10,,1645518,6,,,0,49,,1645478,6,,,0,10,,1645479,6,,,0,9,,1645519,6,,,0,10,,1645480,6,,,0,9,,1645481,6,,,0,11,,1645520,6,,,0,50,,1645482,6,,,0,10,,1645483,6,,,0,10,,1645521,6,,,0,10,,1645484,6,,,0,10,,1645485,6,,,0,10,,1645522,6,,,0,50,,1645486,6,,,0,10,,1645487,6,,,0,10,,1645523,6,,,0,10,,1645488,6,,,0,10,,1645489,6,,,0,10,,1645524,6,,,0,50,,1645490,6,,,0,10,,1645491,6,,,0,10,,1645525,6,,,0,10,,1645492,6,,,0,10,,1645493,6,,,0,10,,1645526,6,,,0,50,,1645495,6,,,0,10,,1645496,6,,,0,10,,1645527,6,,,0,10,,1645497,6,,,0,10,,1645494,6,,,0,10,,1645528,6,,,0,50,,1645498,6,,,0,10,,1645499,6,,,0,10,,1645529,6,,,0,10,,1645500,6,,,0,10,,1645507,6,,,0,10,,1645530,6,,,0,50,,1645509,6,,,0,10,,1645533,6,,,0,10,,1645534,6,,,0,10,,1645539,6,,,0
80503,'20261022',516,,1645671,6,,,0,9,,1645670,6,,,0,11,,1645548,6,,,0,10,,1645549,6,,,0,10,,1645550,6,,,0,50,,1645651,6,,,0,10,,1645551,6,,,0,10,,1645644,6,,,0,10,,1645552,6,,,0,5,,1645643,6,,,0,7,,1645553,6,,,0,8,,1645554,6,,,0,45,,1645555,6,,,0,6,,1645675,6,,,0,5,,1645680,6,,,0,5,,1645556,6,,,0,5,,1645681,6,,,0,5,,1645684,6,,,0,5,,1645641,6,,,0,5,,1645682,6,,,0,5,,1645642,6,,,0,4,,1645683,6,,,0,7,,1645557,6,,,0,5,,1645686,6,,,0,48,,1645558,6,,,0,8,,1645559,6,,,0,8,,1645560,6,,,0,8,,1645561,6,,,0,9,,1645640,6,,,0,8,,1645562,6,,,0,9,,1645563,6,,,0,49,,1645564,6,,,0,10,,1645566,6,,,0,11,,1645567,6,,,0,8,,1645565,6,,,0,10,,1645568,6,,,0,11,,1645649,6,,,0,50,,1645569,6,,,0,10,,1645570,6,,,0,10,,1645571,6,,,0,8,,1645572,6,,,0,10,,1645674,6,,,0,10,,1645653,6,,,0,50,,1645573,6,,,0,10,,1645575,6,,,0,10,,1645576,6,,,0,10,,1645654,6,,,0,10,,1645577,6,,,0,10,,1645574,6,,,0,50,,1645578,6,,,0,10,,1645579,6,,,0,10,,1645580,6,,,0,10,,1645581,6,,,0,10,,1645583,6,,,0,10,,1645584,6,,,0,50,,1645585,6,,,0,10,,1645655,6,,,0,10,,1645582,6,,,0,10,,1645656,6,,,0,10,,1645586,6,,,0,10,,1645587,6,,,0,50,,1645588,6,,,0,9,,1645589,6,,,0,10,,1645590,6,,,0,6,,1645645,6,,,0,6,,1645685,6,,,0,7,,1645591,6,,,0,6,,1645593,6,,,0,5,,1645676,6,,,0,6,,1645677,6,,,0,46,,1645594,6,,,0,6,,1645595,6,,,0,6,,1645592,6,,,0,7,,1645652,6,,,0,7,,1645679,6,,,0,5,,1645596,6,,,0,7,,1645647,6,,,0,5,,1645650,6,,,0,7,,1645597,6,,,0,48,,1645598,6,,,0,7,,1645599,6,,,0,8,,1645600,6,,,0,8,,1645601,6,,,0,7,,1645602,6,,,0,7,,1645603,6,,,0,7,,1645604,6,,,0,10,,1645605,6,,,0,48,,1645606,6,,,0,8,,1645607,6,,,0,9,,1645609,6,,,0,10,,1645610,6,,,0,11,,1645611,6,,,0,11,,1645608,6,,,0,50,,1645613,6,,,0,10,,1645614,6,,,0,10,,1645615,6,,,0,10,,1645612,6,,,0,9,,1645616,6,,,0,10,,1645657,6,,,0,49,,1645617,6,,,0,10,,1645618,6,,,0,9,,1645658,6,,,0,10,,1645619,6,,,0,9,,1645620,6,,,0,11,,1645659,6,,,0,50,,1645621,6,,,0,10,,1645622,6,,,0,10,,1645660,6,,,0,10,,1645623,6,,,0,10,,1645624,6,,,0,10,,1645661,6,,,0,50,,1645625,6,,,0,10,,1645626,6,,,0,10,,1645662,6,,,0,10,,1645627,6,,,0,10,,1645628,6,,,0,10,,1645663,6,,,0,50,,1645629,6,,,0,10,,1645630,6,,,0,10,,1645664,6,,,0,10,,1645631,6,,,0,10,,1645632,6,,,0,10,,1645665,6,,,0,50,,1645634,6,,,0,10,,1645635,6,,,0,10,,1645666,6,,,0,10,,1645636,6,,,0,10,,1645633,6,,,0,10,,1645667,6,,,0,50,,1645637,6,,,0,10,,1645638,6,,,0,10,,1645668,6,,,0,10,,1645639,6,,,0,10,,1645646,6,,,0,10,,1645669,6,,,0,50,,1645648,6,,,0,10,,1645672,6,,,0,10,,1645673,6,,,0,10,,1645678,6,,,0
80503,'20261023',516,,1645810,6,,,0,9,,1645809,6,,,0,11,,1645687,6,,,0,10,,1645688,6,,,0,10,,1645689,6,,,0,50,,1645790,6,,,0,10,,1645690,6,,,0,10,,1645783,6,,,0,10,,1645691,6,,,0,5,,1645782,6,,,0,7,,1645692,6,,,0,8,,1645693,6,,,0,45,,1645694,6,,,0,6,,1645814,6,,,0,5,,1645819,6,,,0,5,,1645695,6,,,0,5,,1645820,6,,,0,5,,1645823,6,,,0,5,,1645780,6,,,0,5,,1645821,6,,,0,5,,1645781,6,,,0,4,,1645822,6,,,0,7,,1645696,6,,,0,5,,1645825,6,,,0,48,,1645697,6,,,0,8,,1645698,6,,,0,8,,1645699,6,,,0,8,,1645700,6,,,0,9,,1645779,6,,,0,8,,1645701,6,,,0,9,,1645702,6,,,0,49,,1645703,6,,,0,10,,1645705,6,,,0,11,,1645706,6,,,0,8,,1645704,6,,,0,10,,1645707,6,,,0,11,,1645788,6,,,0,50,,1645708,6,,,0,10,,1645709,6,,,0,10,,1645710,6,,,0,8,,1645711,6,,,0,10,,1645813,6,,,0,10,,1645792,6,,,0,50,,1645712,6,,,0,10,,1645714,6,,,0,10,,1645715,6,,,0,10,,1645793,6,,,0,10,,1645716,6,,,0,10,,1645713,6,,,0,50,,1645717,6,,,0,10,,1645718,6,,,0,10,,1645719,6,,,0,10,,1645720,6,,,0,10,,1645722,6,,,0,10,,1645723,6,,,0,50,,1645724,6,,,0,10,,1645794,6,,,0,10,,1645721,6,,,0,10,,1645795,6,,,0,10,,1645725,6,,,0,10,,1645726,6,,,0,50,,1645727,6,,,0,9,,1645728,6,,,0,10,,1645729,6,,,0,6,,1645784,6,,,0,6,,1645824,6,,,0,7,,1645730,6,,,0,6,,1645732,6,,,0,5,,1645815,6,,,0,6,,1645816,6,,,0,46,,1645733,6,,,0,6,,1645734,6,,,0,6,,1645731,6,,,0,7,,1645791,6,,,0,7,,1645818,6,,,0,5,,1645735,6,,,0,7,,1645786,6,,,0,5,,1645789,6,,,0,7,,1645736,6,,,0,48,,1645737,6,,,0,7,,1645738,6,,,0,8,,1645739,6,,,0,8,,1645740,6,,,0,7,,1645741,6,,,0,7,,1645742,6,,,0,7,,1645743,6,,,0,10,,1645744,6,,,0,48,,1645745,6,,,0,8,,1645746,6,,,0,9,,1645748,6,,,0,10,,1645749,6,,,0,11,,1645750,6,,,0,11,,1645747,6,,,0,50,,1645752,6,,,0,10,,1645753,6,,,0,10,,1645754,6,,,0,10,,1645751,6,,,0,9,,1645755,6,,,0,10,,1645796,6,,,0,49,,1645756,6,,,0,10,,1645757,6,,,0,9,,1645797,6,,,0,10,,1645758,6,,,0,9,,1645759,6,,,0,11,,1645798,6,,,0,50,,1645760,6,,,0,10,,1645761,6,,,0,10,,1645799,6,,,0,10,,1645762,6,,,0,10,,1645763,6,,,0,10,,1645800,6,,,0,50,,1645764,6,,,0,10,,1645765,6,,,0,10,,1645801,6,,,0,10,,1645766,6,,,0,10,,1645767,6,,,0,10,,1645802,6,,,0,50,,1645768,6,,,0,10,,1645769,6,,,0,10,,1645803,6,,,0,10,,1645770,6,,,0,10,,1645771,6,,,0,10,,1645804,6,,,0,50,,1645773,6,,,0,10,,1645774,6,,,0,10,,1645805,6,,,0,10,,1645775,6,,,0,10,,1645772,6,,,0,10,,1645806,6,,,0,50,,1645776,6,,,0,10,,1645777,6,,,0,10,,1645807,6,,,0,10,,1645778,6,,,0,10,,1645785,6,,,0,10,,1645808,6,,,0,50,,1645787,6,,,0,10,,1645811,6,,,0,10,,1645812,6,,,0,10,,1645817,6,,,0
92503,'20261009',2530,,1625316,2,,,0,170,,1625317,2,,,0
92503,'20261010',2530,,1646877,2,,,0,170,,1646878,2,,,0
92503,'20261016',2530,,1593500,2,,,0,170,,1593501,2,,,0
92503,'20261017',2530,,1625319,2,,,0,170,,1625318,2,,,0
92503,'20261023',2530,,1646879,2,,,0,170,,1646880,2,,,0
99103,'20261009',2530,,1625344,2,,,0,170,,1625345,2,,,0
99103,'20261010',2530,,1646905,2,,,0,170,,1646906,2,,,0
99103,'20261016',2530,,1593542,2,,,0,170,,1593543,2,,,0
99103,'20261017',2530,,1625346,2,,,0,170,,1625347,2,,,0
99103,'20261023',2530,,1646907,2,,,0,170,,1646908,2,,,0
99203,'20261009',2530,,1625348,2,,,0,170,,1625349,2,,,0
99203,'20261010',2530,,1646909,2,,,0,170,,1646910,2,,,0
99203,'20261016',2530,,1593548,2,,,0,170,,1593549,2,,,0
99203,'20261017',2530,,1625350,2,,,0,170,,1625351,2,,,0
99203,'20261023',2530,,1646911,2,,,0,170,,1646912,2,,,0
