7901,'20261002',707,,1575402,54,,,0,32,,1575403,54,,,0,70,,1575404,54,,,0,28,,1575405,54,,,0,69,,1575406,54,,,0,100,,1575407,54,,,0
7901,'20261005',707,,1575460,54,,,0,32,,1575461,54,,,0,70,,1575462,54,,,0,28,,1575463,54,,,0,69,,1575464,54,,,0,100,,1575465,54,,,0
7901,'20261006',707,,1522207,54,,,0,32,,1522208,54,,,0,70,,1522209,54,,,0,28,,1522210,54,,,0,69,,1522211,54,,,0,100,,1522212,54,,,0
7901,'20261007',707,,1522229,54,,,0,32,,1522230,54,,,0,70,,1522231,54,,,0,28,,1522232,54,,,0,69,,1522233,54,,,0,100,,1522234,54,,,0
7901,'20261008',707,,1522251,54,,,0,32,,1522252,54,,,0,70,,1522253,54,,,0,28,,1522254,54,,,0,69,,1522255,54,,,0,100,,1522256,54,,,0
7901,'20261009',707,,1522273,54,,,0,32,,1522274,54,,,0,70,,1522275,54,,,0,28,,1522276,54,,,0,69,,1522277,54,,,0,100,,1522278,54,,,0
7901,'20261013',707,,1575482,54,,,0,32,,1575483,54,,,0,70,,1575484,54,,,0,28,,1575485,54,,,0,69,,1575486,54,,,0,100,,1575487,54,,,0
7901,'20261014',707,,1575504,54,,,0,32,,1575505,54,,,0,70,,1575506,54,,,0,28,,1575507,54,,,0,69,,1575508,54,,,0,100,,1575509,54,,,0
7901,'20261015',707,,1575526,54,,,0,32,,1575527,54,,,0,70,,1575528,54,,,0,28,,1575529,54,,,0,69,,1575530,54,,,0,100,,1575531,54,,,0
7901,'20261016',707,,1575548,54,,,0,32,,1575549,54,,,0,70,,1575550,54,,,0,28,,1575551,54,,,0,69,,1575552,54,,,0,100,,1575553,54,,,0
9102,'20261002',543,,1577787,54,,,0,104,,1577788,54,,,0,73,,1577789,54,,,0,31,,1577790,54,,,0,69,,1577791,54,,,0,30,,1577792,54,,,0,69,,1577793,53,,,0,99,,1577794,53,,,0,100,,1577795,53,,,0,102,,1577796,53,,,0,99,,1577797,53,,,0,100,,1577798,53,,,0,100,,1577799,53,,,0,98,,1577800,54,,,0,104,,1577801,54,,,0,100,,1577802,54,,,0,97,,1577803,53,,,0,100,,1577804,53,,,0,99,,1577805,53,,,0,98,,1577806,53,,,0,97,,1577807,54,,,0
9102,'20261003',612,,1577808,54,,,0,101,,1577809,54,,,0,101,,1577810,54,,,0,100,,1577811,53,,,0,101,,1577812,53,,,0,101,,1577813,53,,,0,101,,1577814,53,,,0,100,,1577815,53,,,0,100,,1577816,53,,,0,101,,1577817,53,,,0,100,,1577818,53,,,0,100,,1577819,53,,,0,98,,1577820,53,,,0,98,,1577821,54,,,0,100,,1577822,54,,,0,99,,1577823,54,,,0,100,,1577824,54,,,0,99,,1577825,54,,,0
9102,'20261004',612,,1577826,54,,,0,101,,1577827,54,,,0,101,,1577828,54,,,0,100,,1577829,53,,,0,101,,1577830,53,,,0,101,,1577831,53,,,0,101,,1577832,53,,,0,100,,1577833,53,,,0,100,,1577834,53,,,0,101,,1577835,53,,,0,100,,1577836,53,,,0,100,,1577837,53,,,0,98,,1577838,53,,,0,98,,1577839,54,,,0,100,,1577840,54,,,0,99,,1577841,54,,,0,100,,1577842,54,,,0,99,,1577843,54,,,0
9102,'20261005',543,,1577844,54,,,0,104,,1577845,54,,,0,73,,1577846,54,,,0,31,,1577847,54,,,0,69,,1577848,54,,,0,30,,1577849,54,,,0,69,,1577850,53,,,0,99,,1577851,53,,,0,100,,1577852,53,,,0,102,,1577853,53,,,0,99,,1577854,53,,,0,100,,1577855,53,,,0,100,,1577856,53,,,0,98,,1577857,54,,,0,104,,1577858,54,,,0,100,,1577859,54,,,0,97,,1577860,53,,,0,100,,1577861,53,,,0,99,,1577862,53,,,0,98,,1577863,53,,,0,97,,1577864,54,,,0
9102,'20261006',543,,1524596,54,,,0,104,,1524597,54,,,0,73,,1524598,54,,,0,31,,1524599,54,,,0,69,,1524600,54,,,0,30,,1524601,54,,,0,69,,1524602,53,,,0,99,,1524603,53,,,0,100,,1524604,53,,,0,102,,1524605,53,,,0,99,,1524606,53,,,0,100,,1524607,53,,,0,100,,1524608,53,,,0,98,,1524609,54,,,0,104,,1524610,54,,,0,100,,1524611,54,,,0,97,,1524612,53,,,0,100,,1524613,53,,,0,99,,1524614,53,,,0,98,,1524615,53,,,0,97,,1524616,54,,,0
9102,'20261007',543,,1524617,54,,,0,104,,1524618,54,,,0,73,,1524619,54,,,0,31,,1524620,54,,,0,69,,1524621,54,,,0,30,,1524622,54,,,0,69,,1524623,53,,,0,99,,1524624,53,,,0,100,,1524625,53,,,0,102,,1524626,53,,,0,99,,1524627,53,,,0,100,,1524628,53,,,0,100,,1524629,53,,,0,98,,1524630,54,,,0,104,,1524631,54,,,0,100,,1524632,54,,,0,97,,1524633,53,,,0,100,,1524634,53,,,0,99,,1524635,53,,,0,98,,1524636,53,,,0,97,,1524637,54,,,0
9102,'20261008',543,,1524638,54,,,0,104,,1524639,54,,,0,73,,1524640,54,,,0,31,,1524641,54,,,0,69,,1524642,54,,,0,30,,1524643,54,,,0,69,,1524644,53,,,0,99,,1524645,53,,,0,100,,1524646,53,,,0,102,,1524647,53,,,0,99,,1524648,53,,,0,100,,1524649,53,,,0,100,,1524650,53,,,0,98,,1524651,54,,,0,104,,1524652,54,,,0,100,,1524653,54,,,0,97,,1524654,53,,,0,100,,1524655,53,,,0,99,,1524656,53,,,0,98,,1524657,53,,,0,97,,1524658,54,,,0
9102,'20261009',543,,1524659,54,,,0,104,,1524660,54,,,0,73,,1524661,54,,,0,31,,1524662,54,,,0,69,,1524663,54,,,0,30,,1524664,54,,,0,69,,1524665,53,,,0,99,,1524666,53,,,0,100,,1524667,53,,,0,102,,1524668,53,,,0,99,,1524669,53,,,0,100,,1524670,53,,,0,100,,1524671,53,,,0,98,,1524672,54,,,0,104,,1524673,54,,,0,100,,1524674,54,,,0,97,,1524675,53,,,0,100,,1524676,53,,,0,99,,1524677,53,,,0,98,,1524678,53,,,0,97,,1524679,54,,,0
9102,'20261010',612,,1551354,54,,,0,101,,1551355,54,,,0,101,,1551356,54,,,0,100,,1551357,53,,,0,101,,1551358,53,,,0,101,,1551359,53,,,0,101,,1551360,53,,,0,100,,1551361,53,,,0,100,,1551362,53,,,0,101,,1551363,53,,,0,100,,1551364,53,,,0,100,,1551365,53,,,0,98,,1551366,53,,,0,98,,1551367,54,,,0,100,,1551368,54,,,0,99,,1551369,54,,,0,100,,1551370,54,,,0,99,,1551371,54,,,0
9102,'20261011',612,,1551372,54,,,0,101,,1551373,54,,,0,101,,1551374,54,,,0,100,,1551375,53,,,0,101,,1551376,53,,,0,101,,1551377,53,,,0,101,,1551378,53,,,0,100,,1551379,53,,,0,100,,1551380,53,,,0,101,,1551381,53,,,0,100,,1551382,53,,,0,100,,1551383,53,,,0,98,,1551384,53,,,0,98,,1551385,54,,,0,100,,1551386,54,,,0,99,,1551387,54,,,0,100,,1551388,54,,,0,99,,1551389,54,,,0
9102,'20261012',612,,1551390,54,,,0,101,,1551391,54,,,0,101,,1551392,54,,,0,100,,1551393,53,,,0,101,,1551394,53,,,0,101,,1551395,53,,,0,101,,1551396,53,,,0,100,,1551397,53,,,0,100,,1551398,53,,,0,101,,1551399,53,,,0,100,,1551400,53,,,0,100,,1551401,53,,,0,98,,1551402,53,,,0,98,,1551403,54,,,0,100,,1551404,54,,,0,99,,1551405,54,,,0,100,,1551406,54,,,0,99,,1551407,54,,,0
9102,'20261013',543,,1577865,54,,,0,104,,1577866,54,,,0,73,,1577867,54,,,0,31,,1577868,54,,,0,69,,1577869,54,,,0,30,,1577870,54,,,0,69,,1577871,53,,,0,99,,1577872,53,,,0,100,,1577873,53,,,0,102,,1577874,53,,,0,99,,1577875,53,,,0,100,,1577876,53,,,0,100,,1577877,53,,,0,98,,1577878,54,,,0,104,,1577879,54,,,0,100,,1577880,54,,,0,97,,1577881,53,,,0,100,,1577882,53,,,0,99,,1577883,53,,,0,98,,1577884,53,,,0,97,,1577885,54,,,0
9102,'20261014',543,,1577886,54,,,0,104,,1577887,54,,,0,73,,1577888,54,,,0,31,,1577889,54,,,0,69,,1577890,54,,,0,30,,1577891,54,,,0,69,,1577892,53,,,0,99,,1577893,53,,,0,100,,1577894,53,,,0,102,,1577895,53,,,0,99,,1577896,53,,,0,100,,1577897,53,,,0,100,,1577898,53,,,0,98,,1577899,54,,,0,104,,1577900,54,,,0,100,,1577901,54,,,0,97,,1577902,53,,,0,100,,1577903,53,,,0,99,,1577904,53,,,0,98,,1577905,53,,,0,97,,1577906,54,,,0
9102,'20261015',543,,1577907,54,,,0,104,,1577908,54,,,0,73,,1577909,54,,,0,31,,1577910,54,,,0,69,,1577911,54,,,0,30,,1577912,54,,,0,69,,1577913,53,,,0,99,,1577914,53,,,0,100,,1577915,53,,,0,102,,1577916,53,,,0,99,,1577917,53,,,0,100,,1577918,53,,,0,100,,1577919,53,,,0,98,,1577920,54,,,0,104,,1577921,54,,,0,100,,1577922,54,,,0,97,,1577923,53,,,0,100,,1577924,53,,,0,99,,1577925,53,,,0,98,,1577926,53,,,0,97,,1577927,54,,,0
9102,'20261016',543,,1577928,54,,,0,104,,1577929,54,,,0,73,,1577930,54,,,0,31,,1577931,54,,,0,69,,1577932,54,,,0,30,,1577933,54,,,0,69,,1577934,53,,,0,99,,1577935,53,,,0,100,,1577936,53,,,0,102,,1577937,53,,,0,99,,1577938,53,,,0,100,,1577939,53,,,0,100,,1577940,53,,,0,98,,1577941,54,,,0,104,,1577942,54,,,0,100,,1577943,54,,,0,97,,1577944,53,,,0,100,,1577945,53,,,0,99,,1577946,53,,,0,98,,1577947,53,,,0,97,,1577948,54,,,0
9202,'20261002',613,,1578113,45,,,0,101,,1578114,45,,,0,36,,1578115,45,,,0,71,,1578116,45,,,0,29,,1578117,45,,,0,69,,1578118,45,,,0,99,,1578119,45,,,0,100,,1578120,45,,,0,102,,1578121,45,,,0,100,,1578122,45,,,0,100,,1578123,45,,,0,100,,1578124,45,,,0,108,,1578125,45,,,0,101,,1578126,45,,,0,94,,1578127,45,,,0,96,,1578128,45,,,0,98,,1578129,45,,,0,99,,1578130,45,,,0,97,,1578131,45,,,0,96,,1578132,45,,,0
9202,'20261003',630,,1578133,45,,,0,102,,1578134,45,,,0,100,,1578135,45,,,0,100,,1578136,45,,,0,101,,1578137,45,,,0,100,,1578138,45,,,0,98,,1578139,45,,,0,101,,1578140,45,,,0,101,,1578141,45,,,0,103,,1578142,45,,,0,101,,1578143,45,,,0,103,,1578144,45,,,0,96,,1578145,45,,,0,99,,1578146,45,,,0,96,,1578147,45,,,0,100,,1578148,45,,,0,100,,1578149,45,,,0
9202,'20261004',630,,1578150,45,,,0,102,,1578151,45,,,0,100,,1578152,45,,,0,100,,1578153,45,,,0,101,,1578154,45,,,0,100,,1578155,45,,,0,98,,1578156,45,,,0,101,,1578157,45,,,0,101,,1578158,45,,,0,103,,1578159,45,,,0,101,,1578160,45,,,0,103,,1578161,45,,,0,96,,1578162,45,,,0,99,,1578163,45,,,0,96,,1578164,45,,,0,100,,1578165,45,,,0,100,,1578166,45,,,0
9202,'20261005',613,,1578167,45,,,0,101,,1578168,45,,,0,36,,1578169,45,,,0,71,,1578170,45,,,0,29,,1578171,45,,,0,69,,1578172,45,,,0,99,,1578173,45,,,0,100,,1578174,45,,,0,102,,1578175,45,,,0,100,,1578176,45,,,0,100,,1578177,45,,,0,100,,1578178,45,,,0,108,,1578179,45,,,0,101,,1578180,45,,,0,94,,1578181,45,,,0,96,,1578182,45,,,0,98,,1578183,45,,,0,99,,1578184,45,,,0,97,,1578185,45,,,0,96,,1578186,45,,,0
9202,'20261006',613,,1524936,45,,,0,101,,1524935,45,,,0,36,,1524934,45,,,0,71,,1524917,45,,,0,29,,1524933,45,,,0,69,,1524918,45,,,0,99,,1524919,45,,,0,100,,1524920,45,,,0,102,,1524922,45,,,0,100,,1524923,45,,,0,100,,1524921,45,,,0,100,,1524929,45,,,0,108,,1524927,45,,,0,101,,1524928,45,,,0,94,,1524930,45,,,0,96,,1524924,45,,,0,98,,1524925,45,,,0,99,,1524926,45,,,0,97,,1524931,45,,,0,96,,1524932,45,,,0
9202,'20261007',613,,1524956,45,,,0,101,,1524955,45,,,0,36,,1524954,45,,,0,71,,1524937,45,,,0,29,,1524953,45,,,0,69,,1524938,45,,,0,99,,1524939,45,,,0,100,,1524940,45,,,0,102,,1524942,45,,,0,100,,1524943,45,,,0,100,,1524941,45,,,0,100,,1524949,45,,,0,108,,1524947,45,,,0,101,,1524948,45,,,0,94,,1524950,45,,,0,96,,1524944,45,,,0,98,,1524945,45,,,0,99,,1524946,45,,,0,97,,1524951,45,,,0,96,,1524952,45,,,0
9202,'20261008',613,,1524976,45,,,0,101,,1524975,45,,,0,36,,1524974,45,,,0,71,,1524957,45,,,0,29,,1524973,45,,,0,69,,1524958,45,,,0,99,,1524959,45,,,0,100,,1524960,45,,,0,102,,1524962,45,,,0,100,,1524963,45,,,0,100,,1524961,45,,,0,100,,1524969,45,,,0,108,,1524967,45,,,0,101,,1524968,45,,,0,94,,1524970,45,,,0,96,,1524964,45,,,0,98,,1524965,45,,,0,99,,1524966,45,,,0,97,,1524971,45,,,0,96,,1524972,45,,,0
9202,'20261009',613,,1524996,45,,,0,101,,1524995,45,,,0,36,,1524994,45,,,0,71,,1524977,45,,,0,29,,1524993,45,,,0,69,,1524978,45,,,0,99,,1524979,45,,,0,100,,1524980,45,,,0,102,,1524982,45,,,0,100,,1524983,45,,,0,100,,1524981,45,,,0,100,,1524989,45,,,0,108,,1524987,45,,,0,101,,1524988,45,,,0,94,,1524990,45,,,0,96,,1524984,45,,,0,98,,1524985,45,,,0,99,,1524986,45,,,0,97,,1524991,45,,,0,96,,1524992,45,,,0
9202,'20261010',630,,1551604,45,,,0,102,,1551603,45,,,0,100,,1551588,45,,,0,100,,1551599,45,,,0,101,,1551598,45,,,0,100,,1551589,45,,,0,98,,1551600,45,,,0,101,,1551592,45,,,0,101,,1551594,45,,,0,103,,1551593,45,,,0,101,,1551601,45,,,0,103,,1551590,45,,,0,96,,1551591,45,,,0,99,,1551602,45,,,0,96,,1551595,45,,,0,100,,1551596,45,,,0,100,,1551597,45,,,0
9202,'20261011',630,,1551621,45,,,0,102,,1551620,45,,,0,100,,1551605,45,,,0,100,,1551615,45,,,0,101,,1551614,45,,,0,100,,1551606,45,,,0,98,,1551616,45,,,0,101,,1551609,45,,,0,101,,1551611,45,,,0,103,,1551610,45,,,0,101,,1551617,45,,,0,103,,1551607,45,,,0,96,,1551608,45,,,0,99,,1551618,45,,,0,96,,1551612,45,,,0,100,,1551613,45,,,0,100,,1551619,45,,,0
9202,'20261012',630,,1551638,45,,,0,102,,1551637,45,,,0,100,,1551622,45,,,0,100,,1551632,45,,,0,101,,1551631,45,,,0,100,,1551623,45,,,0,98,,1551633,45,,,0,101,,1551626,45,,,0,101,,1551628,45,,,0,103,,1551627,45,,,0,101,,1551634,45,,,0,103,,1551624,45,,,0,96,,1551625,45,,,0,99,,1551635,45,,,0,96,,1551629,45,,,0,100,,1551630,45,,,0,100,,1551636,45,,,0
9202,'20261013',613,,1578206,45,,,0,101,,1578205,45,,,0,36,,1578204,45,,,0,71,,1578187,45,,,0,29,,1578203,45,,,0,69,,1578188,45,,,0,99,,1578189,45,,,0,100,,1578190,45,,,0,102,,1578192,45,,,0,100,,1578193,45,,,0,100,,1578191,45,,,0,100,,1578199,45,,,0,108,,1578197,45,,,0,101,,1578198,45,,,0,94,,1578200,45,,,0,96,,1578194,45,,,0,98,,1578195,45,,,0,99,,1578196,45,,,0,97,,1578201,45,,,0,96,,1578202,45,,,0
9202,'20261014',613,,1578226,45,,,0,101,,1578225,45,,,0,36,,1578224,45,,,0,71,,1578207,45,,,0,29,,1578223,45,,,0,69,,1578208,45,,,0,99,,1578209,45,,,0,100,,1578210,45,,,0,102,,1578212,45,,,0,100,,1578213,45,,,0,100,,1578211,45,,,0,100,,1578219,45,,,0,108,,1578217,45,,,0,101,,1578218,45,,,0,94,,1578220,45,,,0,96,,1578214,45,,,0,98,,1578215,45,,,0,99,,1578216,45,,,0,97,,1578221,45,,,0,96,,1578222,45,,,0
9202,'20261015',613,,1578246,45,,,0,101,,1578245,45,,,0,36,,1578244,45,,,0,71,,1578227,45,,,0,29,,1578243,45,,,0,69,,1578228,45,,,0,99,,1578229,45,,,0,100,,1578230,45,,,0,102,,1578232,45,,,0,100,,1578233,45,,,0,100,,1578231,45,,,0,100,,1578239,45,,,0,108,,1578237,45,,,0,101,,1578238,45,,,0,94,,1578240,45,,,0,96,,1578234,45,,,0,98,,1578235,45,,,0,99,,1578236,45,,,0,97,,1578241,45,,,0,96,,1578242,45,,,0
9202,'20261016',613,,1578266,45,,,0,101,,1578265,45,,,0,36,,1578264,45,,,0,71,,1578247,45,,,0,29,,1578263,45,,,0,69,,1578248,45,,,0,99,,1578249,45,,,0,100,,1578250,45,,,0,102,,1578252,45,,,0,100,,1578253,45,,,0,100,,1578251,45,,,0,100,,1578259,45,,,0,108,,1578257,45,,,0,101,,1578258,45,,,0,94,,1578260,45,,,0,96,,1578254,45,,,0,98,,1578255,45,,,0,99,,1578256,45,,,0,97,,1578261,45,,,0,96,,1578262,45,,,0
9301,'20261002',621,,1578691,54,0,31 10 1 32 13,0,15,,1578679,59,0,36 13,0,91,,1578692,54,0,31 10 1 32 13,0,16,,1578693,54,0,31 10 1 32 13,0,15,,1578694,54,0,31 10 1 32 13,0,60,,1578680,59,0,36 13,0,13,,1578695,54,0,31 10 1 32 13,0,27,,1578696,54,0,31 10 1 32 13,0,70,,1578697,54,0,31 10 1 32 13,0,14,,1578681,59,0,36 13,0,17,,1578698,54,0,31 10 1 32 13,0,98,,1578699,54,0,31 10 1 32 13,0,54,,1578682,59,0,36 13,0,46,,1578700,54,0,31 10 1 32 13,0,86,,1578683,59,0,36 13,0,13,,1578701,54,0,31 10 1 32 13,0,101,,1578702,54,0,31 10 1 32 13,0,56,,1578684,59,0,36 13,0,43,,1578703,54,0,31 10 1 32 13,0,90,,1578685,59,0,36 13,0,8,,1578704,54,0,31 10 1 32 13,0,66,,1578705,54,0,31 10 1 32 13,0,31,,1578706,54,0,31 10 1 32 13,0,70,,1578686,59,0,36 13,0,5,,1578707,54,0,31 10 1 32 13,0,75,,1578708,54,0,31 10 1 32 13,0,41,,1578687,59,0,36 13,0,14,,1578709,54,0,31 10 1 32 13,0,98,,1578710,54,0,31 10 1 32 13,0,55,,1578688,59,0,36 13,0,45,,1578711,54,0,31 10 1 32 13,0,84,,1578689,59,0,36 13,0,14,,1578712,54,0,31 10 1 32 13,0,100,,1578713,54,0,31 10 1 32 13,0
9301,'20261003',635,,1578714,59,0,36 13,0,15,,1578725,54,0,31 10 1 32 13,0,101,,1578726,54,0,31 10 1 32 13,0,56,,1578715,59,0,36 13,0,44,,1578727,54,0,31 10 1 32 13,0,86,,1578716,59,0,36 13,0,15,,1578728,54,0,31 10 1 32 13,0,101,,1578729,54,0,31 10 1 32 13,0,57,,1578717,59,0,36 13,0,43,,1578730,54,0,31 10 1 32 13,0,88,,1578718,59,0,36 13,0,13,,1578731,54,0,31 10 1 32 13,0,101,,1578732,54,0,31 10 1 32 13,0,57,,1578719,59,0,36 13,0,43,,1578733,54,0,31 10 1 32 13,0,88,,1578720,59,0,36 13,0,12,,1578734,54,0,31 10 1 32 13,0,101,,1578735,54,0,31 10 1 32 13,0,58,,1578721,59,0,36 13,0,41,,1578736,54,0,31 10 1 32 13,0,83,,1578722,59,0,36 13,0,15,,1578737,54,0,31 10 1 32 13,0,97,,1578738,54,0,31 10 1 32 13,0,56,,1578723,59,0,36 13,0,44,,1578739,54,0,31 10 1 32 13,0,85,,1578724,59,0,36 13,0,115,,1578740,54,0,31 10 1 32 13,0
9301,'20261004',635,,1578741,59,0,36 13,0,15,,1578752,54,0,31 10 1 32 13,0,101,,1578753,54,0,31 10 1 32 13,0,56,,1578742,59,0,36 13,0,44,,1578754,54,0,31 10 1 32 13,0,86,,1578743,59,0,36 13,0,15,,1578755,54,0,31 10 1 32 13,0,101,,1578756,54,0,31 10 1 32 13,0,57,,1578744,59,0,36 13,0,43,,1578757,54,0,31 10 1 32 13,0,88,,1578745,59,0,36 13,0,13,,1578758,54,0,31 10 1 32 13,0,101,,1578759,54,0,31 10 1 32 13,0,57,,1578746,59,0,36 13,0,43,,1578760,54,0,31 10 1 32 13,0,88,,1578747,59,0,36 13,0,12,,1578761,54,0,31 10 1 32 13,0,101,,1578762,54,0,31 10 1 32 13,0,58,,1578748,59,0,36 13,0,41,,1578763,54,0,31 10 1 32 13,0,83,,1578749,59,0,36 13,0,15,,1578764,54,0,31 10 1 32 13,0,97,,1578765,54,0,31 10 1 32 13,0,56,,1578750,59,0,36 13,0,44,,1578766,54,0,31 10 1 32 13,0,85,,1578751,59,0,36 13,0,115,,1578767,54,0,31 10 1 32 13,0
9301,'20261005',621,,1578780,54,0,31 10 1 32 13,0,15,,1578768,59,0,36 13,0,91,,1578781,54,0,31 10 1 32 13,0,16,,1578782,54,0,31 10 1 32 13,0,15,,1578783,54,0,31 10 1 32 13,0,60,,1578769,59,0,36 13,0,13,,1578784,54,0,31 10 1 32 13,0,27,,1578785,54,0,31 10 1 32 13,0,70,,1578786,54,0,31 10 1 32 13,0,14,,1578770,59,0,36 13,0,17,,1578787,54,0,31 10 1 32 13,0,98,,1578788,54,0,31 10 1 32 13,0,54,,1578771,59,0,36 13,0,46,,1578789,54,0,31 10 1 32 13,0,86,,1578772,59,0,36 13,0,13,,1578790,54,0,31 10 1 32 13,0,101,,1578791,54,0,31 10 1 32 13,0,56,,1578773,59,0,36 13,0,43,,1578792,54,0,31 10 1 32 13,0,90,,1578774,59,0,36 13,0,8,,1578793,54,0,31 10 1 32 13,0,66,,1578794,54,0,31 10 1 32 13,0,31,,1578795,54,0,31 10 1 32 13,0,70,,1578775,59,0,36 13,0,5,,1578796,54,0,31 10 1 32 13,0,75,,1578797,54,0,31 10 1 32 13,0,41,,1578776,59,0,36 13,0,14,,1578798,54,0,31 10 1 32 13,0,98,,1578799,54,0,31 10 1 32 13,0,55,,1578777,59,0,36 13,0,45,,1578800,54,0,31 10 1 32 13,0,84,,1578778,59,0,36 13,0,14,,1578801,54,0,31 10 1 32 13,0,100,,1578802,54,0,31 10 1 32 13,0
9301,'20261006',621,,1525546,54,0,31 10 1 32 13,0,15,,1525554,59,0,36 13,0,91,,1525531,54,0,31 10 1 32 13,0,16,,1525553,54,0,31 10 1 32 13,0,15,,1525532,54,0,31 10 1 32 13,0,60,,1525555,59,0,36 13,0,13,,1525533,54,0,31 10 1 32 13,0,27,,1525534,54,0,31 10 1 32 13,0,70,,1525535,54,0,31 10 1 32 13,0,14,,1525556,59,0,36 13,0,17,,1525544,54,0,31 10 1 32 13,0,98,,1525536,54,0,31 10 1 32 13,0,54,,1525557,59,0,36 13,0,46,,1525549,54,0,31 10 1 32 13,0,86,,1525558,59,0,36 13,0,13,,1525537,54,0,31 10 1 32 13,0,101,,1525550,54,0,31 10 1 32 13,0,56,,1525559,59,0,36 13,0,43,,1525538,54,0,31 10 1 32 13,0,90,,1525560,59,0,36 13,0,8,,1525542,54,0,31 10 1 32 13,0,66,,1525551,54,0,31 10 1 32 13,0,31,,1525539,54,0,31 10 1 32 13,0,70,,1525561,59,0,36 13,0,5,,1525552,54,0,31 10 1 32 13,0,75,,1525545,54,0,31 10 1 32 13,0,41,,1525562,59,0,36 13,0,14,,1525543,54,0,31 10 1 32 13,0,98,,1525547,54,0,31 10 1 32 13,0,55,,1525563,59,0,36 13,0,45,,1525540,54,0,31 10 1 32 13,0,84,,1525564,59,0,36 13,0,14,,1525548,54,0,31 10 1 32 13,0,100,,1525541,54,0,31 10 1 32 13,0
9301,'20261007',621,,1525580,54,0,31 10 1 32 13,0,15,,1525588,59,0,36 13,0,91,,1525565,54,0,31 10 1 32 13,0,16,,1525587,54,0,31 10 1 32 13,0,15,,1525566,54,0,31 10 1 32 13,0,60,,1525589,59,0,36 13,0,13,,1525567,54,0,31 10 1 32 13,0,27,,1525568,54,0,31 10 1 32 13,0,70,,1525569,54,0,31 10 1 32 13,0,14,,1525590,59,0,36 13,0,17,,1525578,54,0,31 10 1 32 13,0,98,,1525570,54,0,31 10 1 32 13,0,54,,1525591,59,0,36 13,0,46,,1525583,54,0,31 10 1 32 13,0,86,,1525592,59,0,36 13,0,13,,1525571,54,0,31 10 1 32 13,0,101,,1525584,54,0,31 10 1 32 13,0,56,,1525593,59,0,36 13,0,43,,1525572,54,0,31 10 1 32 13,0,90,,1525594,59,0,36 13,0,8,,1525576,54,0,31 10 1 32 13,0,66,,1525585,54,0,31 10 1 32 13,0,31,,1525573,54,0,31 10 1 32 13,0,70,,1525595,59,0,36 13,0,5,,1525586,54,0,31 10 1 32 13,0,75,,1525579,54,0,31 10 1 32 13,0,41,,1525596,59,0,36 13,0,14,,1525577,54,0,31 10 1 32 13,0,98,,1525581,54,0,31 10 1 32 13,0,55,,1525597,59,0,36 13,0,45,,1525574,54,0,31 10 1 32 13,0,84,,1525598,59,0,36 13,0,14,,1525582,54,0,31 10 1 32 13,0,100,,1525575,54,0,31 10 1 32 13,0
9301,'20261008',621,,1525614,54,0,31 10 1 32 13,0,15,,1525622,59,0,36 13,0,91,,1525599,54,0,31 10 1 32 13,0,16,,1525621,54,0,31 10 1 32 13,0,15,,1525600,54,0,31 10 1 32 13,0,60,,1525623,59,0,36 13,0,13,,1525601,54,0,31 10 1 32 13,0,27,,1525602,54,0,31 10 1 32 13,0,70,,1525603,54,0,31 10 1 32 13,0,14,,1525624,59,0,36 13,0,17,,1525612,54,0,31 10 1 32 13,0,98,,1525604,54,0,31 10 1 32 13,0,54,,1525625,59,0,36 13,0,46,,1525617,54,0,31 10 1 32 13,0,86,,1525626,59,0,36 13,0,13,,1525605,54,0,31 10 1 32 13,0,101,,1525618,54,0,31 10 1 32 13,0,56,,1525627,59,0,36 13,0,43,,1525606,54,0,31 10 1 32 13,0,90,,1525628,59,0,36 13,0,8,,1525610,54,0,31 10 1 32 13,0,66,,1525619,54,0,31 10 1 32 13,0,31,,1525607,54,0,31 10 1 32 13,0,70,,1525629,59,0,36 13,0,5,,1525620,54,0,31 10 1 32 13,0,75,,1525613,54,0,31 10 1 32 13,0,41,,1525630,59,0,36 13,0,14,,1525611,54,0,31 10 1 32 13,0,98,,1525615,54,0,31 10 1 32 13,0,55,,1525631,59,0,36 13,0,45,,1525608,54,0,31 10 1 32 13,0,84,,1525632,59,0,36 13,0,14,,1525616,54,0,31 10 1 32 13,0,100,,1525609,54,0,31 10 1 32 13,0
9301,'20261009',621,,1525648,54,0,31 10 1 32 13,0,15,,1525656,59,0,36 13,0,91,,1525633,54,0,31 10 1 32 13,0,16,,1525655,54,0,31 10 1 32 13,0,15,,1525634,54,0,31 10 1 32 13,0,60,,1525657,59,0,36 13,0,13,,1525635,54,0,31 10 1 32 13,0,27,,1525636,54,0,31 10 1 32 13,0,70,,1525637,54,0,31 10 1 32 13,0,14,,1525658,59,0,36 13,0,17,,1525646,54,0,31 10 1 32 13,0,98,,1525638,54,0,31 10 1 32 13,0,54,,1525659,59,0,36 13,0,46,,1525651,54,0,31 10 1 32 13,0,86,,1525660,59,0,36 13,0,13,,1525639,54,0,31 10 1 32 13,0,101,,1525652,54,0,31 10 1 32 13,0,56,,1525661,59,0,36 13,0,43,,1525640,54,0,31 10 1 32 13,0,90,,1525662,59,0,36 13,0,8,,1525644,54,0,31 10 1 32 13,0,66,,1525653,54,0,31 10 1 32 13,0,31,,1525641,54,0,31 10 1 32 13,0,70,,1525663,59,0,36 13,0,5,,1525654,54,0,31 10 1 32 13,0,75,,1525647,54,0,31 10 1 32 13,0,41,,1525664,59,0,36 13,0,14,,1525645,54,0,31 10 1 32 13,0,98,,1525649,54,0,31 10 1 32 13,0,55,,1525665,59,0,36 13,0,45,,1525642,54,0,31 10 1 32 13,0,84,,1525666,59,0,36 13,0,14,,1525650,54,0,31 10 1 32 13,0,100,,1525643,54,0,31 10 1 32 13,0
9301,'20261010',635,,1552053,59,0,36 13,0,15,,1552052,54,0,31 10 1 32 13,0,101,,1552042,54,0,31 10 1 32 13,0,56,,1552054,59,0,36 13,0,44,,1552037,54,0,31 10 1 32 13,0,86,,1552055,59,0,36 13,0,15,,1552051,54,0,31 10 1 32 13,0,101,,1552044,54,0,31 10 1 32 13,0,57,,1552056,59,0,36 13,0,43,,1552046,54,0,31 10 1 32 13,0,88,,1552057,59,0,36 13,0,13,,1552038,54,0,31 10 1 32 13,0,101,,1552047,54,0,31 10 1 32 13,0,57,,1552058,59,0,36 13,0,43,,1552045,54,0,31 10 1 32 13,0,88,,1552059,59,0,36 13,0,12,,1552048,54,0,31 10 1 32 13,0,101,,1552039,54,0,31 10 1 32 13,0,58,,1552060,59,0,36 13,0,41,,1552049,54,0,31 10 1 32 13,0,83,,1552061,59,0,36 13,0,15,,1552043,54,0,31 10 1 32 13,0,97,,1552050,54,0,31 10 1 32 13,0,56,,1552062,59,0,36 13,0,44,,1552040,54,0,31 10 1 32 13,0,85,,1552063,59,0,36 13,0,115,,1552041,54,0,31 10 1 32 13,0
9301,'20261011',635,,1552080,59,0,36 13,0,15,,1552079,54,0,31 10 1 32 13,0,101,,1552076,54,0,31 10 1 32 13,0,56,,1552081,59,0,36 13,0,44,,1552069,54,0,31 10 1 32 13,0,86,,1552082,59,0,36 13,0,15,,1552077,54,0,31 10 1 32 13,0,101,,1552064,54,0,31 10 1 32 13,0,57,,1552083,59,0,36 13,0,43,,1552072,54,0,31 10 1 32 13,0,88,,1552084,59,0,36 13,0,13,,1552065,54,0,31 10 1 32 13,0,101,,1552073,54,0,31 10 1 32 13,0,57,,1552085,59,0,36 13,0,43,,1552070,54,0,31 10 1 32 13,0,88,,1552086,59,0,36 13,0,12,,1552074,54,0,31 10 1 32 13,0,101,,1552066,54,0,31 10 1 32 13,0,58,,1552087,59,0,36 13,0,41,,1552075,54,0,31 10 1 32 13,0,83,,1552088,59,0,36 13,0,15,,1552071,54,0,31 10 1 32 13,0,97,,1552078,54,0,31 10 1 32 13,0,56,,1552089,59,0,36 13,0,44,,1552067,54,0,31 10 1 32 13,0,85,,1552090,59,0,36 13,0,115,,1552068,54,0,31 10 1 32 13,0
9301,'20261012',635,,1552107,59,0,36 13,0,15,,1552106,54,0,31 10 1 32 13,0,101,,1552103,54,0,31 10 1 32 13,0,56,,1552108,59,0,36 13,0,44,,1552096,54,0,31 10 1 32 13,0,86,,1552109,59,0,36 13,0,15,,1552104,54,0,31 10 1 32 13,0,101,,1552091,54,0,31 10 1 32 13,0,57,,1552110,59,0,36 13,0,43,,1552099,54,0,31 10 1 32 13,0,88,,1552111,59,0,36 13,0,13,,1552092,54,0,31 10 1 32 13,0,101,,1552100,54,0,31 10 1 32 13,0,57,,1552112,59,0,36 13,0,43,,1552097,54,0,31 10 1 32 13,0,88,,1552113,59,0,36 13,0,12,,1552101,54,0,31 10 1 32 13,0,101,,1552093,54,0,31 10 1 32 13,0,58,,1552114,59,0,36 13,0,41,,1552102,54,0,31 10 1 32 13,0,83,,1552115,59,0,36 13,0,15,,1552098,54,0,31 10 1 32 13,0,97,,1552105,54,0,31 10 1 32 13,0,56,,1552116,59,0,36 13,0,44,,1552094,54,0,31 10 1 32 13,0,85,,1552117,59,0,36 13,0,115,,1552095,54,0,31 10 1 32 13,0
9301,'20261013',621,,1578818,54,0,31 10 1 32 13,0,15,,1578826,59,0,36 13,0,91,,1578803,54,0,31 10 1 32 13,0,16,,1578825,54,0,31 10 1 32 13,0,15,,1578804,54,0,31 10 1 32 13,0,60,,1578827,59,0,36 13,0,13,,1578805,54,0,31 10 1 32 13,0,27,,1578806,54,0,31 10 1 32 13,0,70,,1578807,54,0,31 10 1 32 13,0,14,,1578828,59,0,36 13,0,17,,1578816,54,0,31 10 1 32 13,0,98,,1578808,54,0,31 10 1 32 13,0,54,,1578829,59,0,36 13,0,46,,1578821,54,0,31 10 1 32 13,0,86,,1578830,59,0,36 13,0,13,,1578809,54,0,31 10 1 32 13,0,101,,1578822,54,0,31 10 1 32 13,0,56,,1578831,59,0,36 13,0,43,,1578810,54,0,31 10 1 32 13,0,90,,1578832,59,0,36 13,0,8,,1578814,54,0,31 10 1 32 13,0,66,,1578823,54,0,31 10 1 32 13,0,31,,1578811,54,0,31 10 1 32 13,0,70,,1578833,59,0,36 13,0,5,,1578824,54,0,31 10 1 32 13,0,75,,1578817,54,0,31 10 1 32 13,0,41,,1578834,59,0,36 13,0,14,,1578815,54,0,31 10 1 32 13,0,98,,1578819,54,0,31 10 1 32 13,0,55,,1578835,59,0,36 13,0,45,,1578812,54,0,31 10 1 32 13,0,84,,1578836,59,0,36 13,0,14,,1578820,54,0,31 10 1 32 13,0,100,,1578813,54,0,31 10 1 32 13,0
9301,'20261014',621,,1578852,54,0,31 10 1 32 13,0,15,,1578860,59,0,36 13,0,91,,1578837,54,0,31 10 1 32 13,0,16,,1578859,54,0,31 10 1 32 13,0,15,,1578838,54,0,31 10 1 32 13,0,60,,1578861,59,0,36 13,0,13,,1578839,54,0,31 10 1 32 13,0,27,,1578840,54,0,31 10 1 32 13,0,70,,1578841,54,0,31 10 1 32 13,0,14,,1578862,59,0,36 13,0,17,,1578850,54,0,31 10 1 32 13,0,98,,1578842,54,0,31 10 1 32 13,0,54,,1578863,59,0,36 13,0,46,,1578855,54,0,31 10 1 32 13,0,86,,1578864,59,0,36 13,0,13,,1578843,54,0,31 10 1 32 13,0,101,,1578856,54,0,31 10 1 32 13,0,56,,1578865,59,0,36 13,0,43,,1578844,54,0,31 10 1 32 13,0,90,,1578866,59,0,36 13,0,8,,1578848,54,0,31 10 1 32 13,0,66,,1578857,54,0,31 10 1 32 13,0,31,,1578845,54,0,31 10 1 32 13,0,70,,1578867,59,0,36 13,0,5,,1578858,54,0,31 10 1 32 13,0,75,,1578851,54,0,31 10 1 32 13,0,41,,1578868,59,0,36 13,0,14,,1578849,54,0,31 10 1 32 13,0,98,,1578853,54,0,31 10 1 32 13,0,55,,1578869,59,0,36 13,0,45,,1578846,54,0,31 10 1 32 13,0,84,,1578870,59,0,36 13,0,14,,1578854,54,0,31 10 1 32 13,0,100,,1578847,54,0,31 10 1 32 13,0
9301,'20261015',621,,1578886,54,0,31 10 1 32 13,0,15,,1578894,59,0,36 13,0,91,,1578871,54,0,31 10 1 32 13,0,16,,1578893,54,0,31 10 1 32 13,0,15,,1578872,54,0,31 10 1 32 13,0,60,,1578895,59,0,36 13,0,13,,1578873,54,0,31 10 1 32 13,0,27,,1578874,54,0,31 10 1 32 13,0,70,,1578875,54,0,31 10 1 32 13,0,14,,1578896,59,0,36 13,0,17,,1578884,54,0,31 10 1 32 13,0,98,,1578876,54,0,31 10 1 32 13,0,54,,1578897,59,0,36 13,0,46,,1578889,54,0,31 10 1 32 13,0,86,,1578898,59,0,36 13,0,13,,1578877,54,0,31 10 1 32 13,0,101,,1578890,54,0,31 10 1 32 13,0,56,,1578899,59,0,36 13,0,43,,1578878,54,0,31 10 1 32 13,0,90,,1578900,59,0,36 13,0,8,,1578882,54,0,31 10 1 32 13,0,66,,1578891,54,0,31 10 1 32 13,0,31,,1578879,54,0,31 10 1 32 13,0,70,,1578901,59,0,36 13,0,5,,1578892,54,0,31 10 1 32 13,0,75,,1578885,54,0,31 10 1 32 13,0,41,,1578902,59,0,36 13,0,14,,1578883,54,0,31 10 1 32 13,0,98,,1578887,54,0,31 10 1 32 13,0,55,,1578903,59,0,36 13,0,45,,1578880,54,0,31 10 1 32 13,0,84,,1578904,59,0,36 13,0,14,,1578888,54,0,31 10 1 32 13,0,100,,1578881,54,0,31 10 1 32 13,0
9301,'20261016',621,,1578920,54,0,31 10 1 32 13,0,15,,1578928,59,0,36 13,0,91,,1578905,54,0,31 10 1 32 13,0,16,,1578927,54,0,31 10 1 32 13,0,15,,1578906,54,0,31 10 1 32 13,0,60,,1578929,59,0,36 13,0,13,,1578907,54,0,31 10 1 32 13,0,27,,1578908,54,0,31 10 1 32 13,0,70,,1578909,54,0,31 10 1 32 13,0,14,,1578930,59,0,36 13,0,17,,1578918,54,0,31 10 1 32 13,0,98,,1578910,54,0,31 10 1 32 13,0,54,,1578931,59,0,36 13,0,46,,1578923,54,0,31 10 1 32 13,0,86,,1578932,59,0,36 13,0,13,,1578911,54,0,31 10 1 32 13,0,101,,1578924,54,0,31 10 1 32 13,0,56,,1578933,59,0,36 13,0,43,,1578912,54,0,31 10 1 32 13,0,90,,1578934,59,0,36 13,0,8,,1578916,54,0,31 10 1 32 13,0,66,,1578925,54,0,31 10 1 32 13,0,31,,1578913,54,0,31 10 1 32 13,0,70,,1578935,59,0,36 13,0,5,,1578926,54,0,31 10 1 32 13,0,75,,1578919,54,0,31 10 1 32 13,0,41,,1578936,59,0,36 13,0,14,,1578917,54,0,31 10 1 32 13,0,98,,1578921,54,0,31 10 1 32 13,0,55,,1578937,59,0,36 13,0,45,,1578914,54,0,31 10 1 32 13,0,84,,1578938,59,0,36 13,0,14,,1578922,54,0,31 10 1 32 13,0,100,,1578915,54,0,31 10 1 32 13,0
9402,'20261002',628,,1578940,44,,,0,102,,1578941,44,,,0,73,,1578942,44,,,0,32,,1578943,44,,,0,68,,1578944,44,,,0,31,,1578945,44,,,0,99,,1578946,44,,,0,100,,1578947,44,,,0,100,,1578948,44,,,0,99,,1578949,44,,,0,100,,1578950,44,,,0,102,,1578951,44,,,0,104,,1578952,44,,,0,99,,1578953,44,,,0,98,,1578954,44,,,0,96,,1578955,44,,,0,99,,1578956,44,,,0,99,,1578957,44,,,0,97,,1578958,44,,,0,98,,1578959,44,,,0
9402,'20261003',618,,1578960,44,,,0,101,,1578961,44,,,0,101,,1578962,44,,,0,100,,1578963,44,,,0,103,,1578964,44,,,0,101,,1578965,44,,,0,102,,1578966,44,,,0,100,,1578967,44,,,0,100,,1578968,44,,,0,101,,1578969,44,,,0,100,,1578970,44,,,0,100,,1578971,44,,,0,97,,1578972,44,,,0,99,,1578973,44,,,0,99,,1578974,44,,,0,98,,1578975,44,,,0,99,,1578976,44,,,0,99,,1578977,44,,,0
9402,'20261004',618,,1578978,44,,,0,101,,1578979,44,,,0,101,,1578980,44,,,0,100,,1578981,44,,,0,103,,1578982,44,,,0,101,,1578983,44,,,0,102,,1578984,44,,,0,100,,1578985,44,,,0,100,,1578986,44,,,0,101,,1578987,44,,,0,100,,1578988,44,,,0,100,,1578989,44,,,0,97,,1578990,44,,,0,99,,1578991,44,,,0,99,,1578992,44,,,0,98,,1578993,44,,,0,99,,1578994,44,,,0,99,,1578995,44,,,0
9402,'20261005',628,,1578997,44,,,0,102,,1578998,44,,,0,73,,1578999,44,,,0,32,,1579000,44,,,0,68,,1579001,44,,,0,31,,1579002,44,,,0,99,,1579003,44,,,0,100,,1579004,44,,,0,100,,1579005,44,,,0,99,,1579006,44,,,0,100,,1579007,44,,,0,102,,1579008,44,,,0,104,,1579009,44,,,0,99,,1579010,44,,,0,98,,1579011,44,,,0,96,,1579012,44,,,0,99,,1579013,44,,,0,99,,1579014,44,,,0,97,,1579015,44,,,0,98,,1579016,44,,,0
9402,'20261006',628,,1525745,44,,,0,102,,1525747,44,,,0,73,,1525762,44,,,0,32,,1525763,44,,,0,68,,1525761,44,,,0,31,,1525746,44,,,0,99,,1525764,44,,,0,100,,1525748,44,,,0,100,,1525749,44,,,0,99,,1525750,44,,,0,100,,1525751,44,,,0,102,,1525752,44,,,0,104,,1525753,44,,,0,99,,1525754,44,,,0,98,,1525755,44,,,0,96,,1525756,44,,,0,99,,1525757,44,,,0,99,,1525758,44,,,0,97,,1525759,44,,,0,98,,1525760,44,,,0
9402,'20261007',628,,1525765,44,,,0,102,,1525767,44,,,0,73,,1525782,44,,,0,32,,1525783,44,,,0,68,,1525781,44,,,0,31,,1525766,44,,,0,99,,1525784,44,,,0,100,,1525768,44,,,0,100,,1525769,44,,,0,99,,1525770,44,,,0,100,,1525771,44,,,0,102,,1525772,44,,,0,104,,1525773,44,,,0,99,,1525774,44,,,0,98,,1525775,44,,,0,96,,1525776,44,,,0,99,,1525777,44,,,0,99,,1525778,44,,,0,97,,1525779,44,,,0,98,,1525780,44,,,0
9402,'20261008',628,,1525785,44,,,0,102,,1525787,44,,,0,73,,1525802,44,,,0,32,,1525803,44,,,0,68,,1525801,44,,,0,31,,1525786,44,,,0,99,,1525804,44,,,0,100,,1525788,44,,,0,100,,1525789,44,,,0,99,,1525790,44,,,0,100,,1525791,44,,,0,102,,1525792,44,,,0,104,,1525793,44,,,0,99,,1525794,44,,,0,98,,1525795,44,,,0,96,,1525796,44,,,0,99,,1525797,44,,,0,99,,1525798,44,,,0,97,,1525799,44,,,0,98,,1525800,44,,,0
9402,'20261009',628,,1525805,44,,,0,102,,1525807,44,,,0,73,,1525822,44,,,0,32,,1525823,44,,,0,68,,1525821,44,,,0,31,,1525806,44,,,0,99,,1525824,44,,,0,100,,1525808,44,,,0,100,,1525809,44,,,0,99,,1525810,44,,,0,100,,1525811,44,,,0,102,,1525812,44,,,0,104,,1525813,44,,,0,99,,1525814,44,,,0,98,,1525815,44,,,0,96,,1525816,44,,,0,99,,1525817,44,,,0,99,,1525818,44,,,0,97,,1525819,44,,,0,98,,1525820,44,,,0
9402,'20261010',618,,1552198,44,,,0,101,,1552181,44,,,0,101,,1552182,44,,,0,100,,1552183,44,,,0,103,,1552184,44,,,0,101,,1552185,44,,,0,102,,1552186,44,,,0,100,,1552187,44,,,0,100,,1552188,44,,,0,101,,1552189,44,,,0,100,,1552190,44,,,0,100,,1552191,44,,,0,97,,1552192,44,,,0,99,,1552193,44,,,0,99,,1552194,44,,,0,98,,1552195,44,,,0,99,,1552196,44,,,0,99,,1552197,44,,,0
9402,'20261011',618,,1552216,44,,,0,101,,1552199,44,,,0,101,,1552200,44,,,0,100,,1552201,44,,,0,103,,1552202,44,,,0,101,,1552203,44,,,0,102,,1552204,44,,,0,100,,1552205,44,,,0,100,,1552206,44,,,0,101,,1552207,44,,,0,100,,1552208,44,,,0,100,,1552209,44,,,0,97,,1552210,44,,,0,99,,1552211,44,,,0,99,,1552212,44,,,0,98,,1552213,44,,,0,99,,1552214,44,,,0,99,,1552215,44,,,0
9402,'20261012',618,,1552234,44,,,0,101,,1552217,44,,,0,101,,1552218,44,,,0,100,,1552219,44,,,0,103,,1552220,44,,,0,101,,1552221,44,,,0,102,,1552222,44,,,0,100,,1552223,44,,,0,100,,1552224,44,,,0,101,,1552225,44,,,0,100,,1552226,44,,,0,100,,1552227,44,,,0,97,,1552228,44,,,0,99,,1552229,44,,,0,99,,1552230,44,,,0,98,,1552231,44,,,0,99,,1552232,44,,,0,99,,1552233,44,,,0
9402,'20261013',628,,1579017,44,,,0,102,,1579019,44,,,0,73,,1579034,44,,,0,32,,1579035,44,,,0,68,,1579033,44,,,0,31,,1579018,44,,,0,99,,1579036,44,,,0,100,,1579020,44,,,0,100,,1579021,44,,,0,99,,1579022,44,,,0,100,,1579023,44,,,0,102,,1579024,44,,,0,104,,1579025,44,,,0,99,,1579026,44,,,0,98,,1579027,44,,,0,96,,1579028,44,,,0,99,,1579029,44,,,0,99,,1579030,44,,,0,97,,1579031,44,,,0,98,,1579032,44,,,0
9402,'20261014',628,,1579037,44,,,0,102,,1579039,44,,,0,73,,1579054,44,,,0,32,,1579055,44,,,0,68,,1579053,44,,,0,31,,1579038,44,,,0,99,,1579056,44,,,0,100,,1579040,44,,,0,100,,1579041,44,,,0,99,,1579042,44,,,0,100,,1579043,44,,,0,102,,1579044,44,,,0,104,,1579045,44,,,0,99,,1579046,44,,,0,98,,1579047,44,,,0,96,,1579048,44,,,0,99,,1579049,44,,,0,99,,1579050,44,,,0,97,,1579051,44,,,0,98,,1579052,44,,,0
9402,'20261015',628,,1579057,44,,,0,102,,1579059,44,,,0,73,,1579074,44,,,0,32,,1579075,44,,,0,68,,1579073,44,,,0,31,,1579058,44,,,0,99,,1579076,44,,,0,100,,1579060,44,,,0,100,,1579061,44,,,0,99,,1579062,44,,,0,100,,1579063,44,,,0,102,,1579064,44,,,0,104,,1579065,44,,,0,99,,1579066,44,,,0,98,,1579067,44,,,0,96,,1579068,44,,,0,99,,1579069,44,,,0,99,,1579070,44,,,0,97,,1579071,44,,,0,98,,1579072,44,,,0
9402,'20261016',628,,1579077,44,,,0,102,,1579079,44,,,0,73,,1579094,44,,,0,32,,1579095,44,,,0,68,,1579093,44,,,0,31,,1579078,44,,,0,99,,1579096,44,,,0,100,,1579080,44,,,0,100,,1579081,44,,,0,99,,1579082,44,,,0,100,,1579083,44,,,0,102,,1579084,44,,,0,104,,1579085,44,,,0,99,,1579086,44,,,0,98,,1579087,44,,,0,96,,1579088,44,,,0,99,,1579089,44,,,0,99,,1579090,44,,,0,97,,1579091,44,,,0,98,,1579092,44,,,0
18500,'20261002',1514,,1579701,2,,,0,102,,1579699,2,,,0,33,,1579702,2,,,0,66,,1579703,2,,,0
18500,'20261005',1514,,1579706,2,,,0,102,,1579704,2,,,0,33,,1579707,2,,,0,66,,1579708,2,,,0
18500,'20261006',1514,,1526437,2,,,0,102,,1526438,2,,,0,33,,1526439,2,,,0,66,,1526440,2,,,0,100,,1526442,2,,,0
18500,'20261007',1514,,1526443,2,,,0,102,,1526444,2,,,0,33,,1526445,2,,,0,66,,1526446,2,,,0,100,,1526448,2,,,0
18500,'20261008',1514,,1526449,2,,,0,102,,1526450,2,,,0,33,,1526451,2,,,0,66,,1526452,2,,,0,100,,1526454,2,,,0
18500,'20261009',1514,,1526455,2,,,0,102,,1526456,2,,,0,33,,1526457,2,,,0,66,,1526458,2,,,0,100,,1526460,2,,,0
18500,'20261013',1514,,1579709,2,,,0,102,,1579710,2,,,0,33,,1579711,2,,,0,66,,1579712,2,,,0,100,,1579714,2,,,0
18500,'20261014',1514,,1579715,2,,,0,102,,1579716,2,,,0,33,,1579717,2,,,0,66,,1579718,2,,,0,100,,1579720,2,,,0
18500,'20261015',1514,,1579721,2,,,0,102,,1579722,2,,,0,33,,1579723,2,,,0,66,,1579724,2,,,0,100,,1579726,2,,,0
18500,'20261016',1514,,1579727,2,,,0,102,,1579728,2,,,0,33,,1579729,2,,,0,66,,1579730,2,,,0,100,,1579732,2,,,0
33001,'20261002',649,,1581288,26,4,,0,61,,1581289,26,4,,0,11,,1581290,26,4,,0,16,,1581291,26,4,,0,15,,1581292,26,4,,0,57,,1581293,26,4,,0,24,,1581294,26,4,,0,70,,1581295,26,4,,0,15,,1581296,26,4,,0,19,,1581297,26,4,,0,100,,1581298,26,4,,0,93,,1581299,26,4,,0,100,,1581300,26,4,,0
33001,'20261005',649,,1581302,26,4,,0,61,,1581303,26,4,,0,11,,1581304,26,4,,0,16,,1581305,26,4,,0,15,,1581306,26,4,,0,57,,1581307,26,4,,0,24,,1581308,26,4,,0,70,,1581309,26,4,,0,15,,1581310,26,4,,0,19,,1581311,26,4,,0,100,,1581312,26,4,,0,93,,1581313,26,4,,0,100,,1581314,26,4,,0
33001,'20261006',649,,1528043,26,4,,0,61,,1528039,26,4,,0,11,,1528040,26,4,,0,16,,1528051,26,4,,0,15,,1528044,26,4,,0,57,,1528045,26,4,,0,24,,1528046,26,4,,0,70,,1528047,26,4,,0,15,,1528041,26,4,,0,19,,1528048,26,4,,0,100,,1528049,26,4,,0,93,,1528042,26,4,,0,100,,1528050,26,4,,0
33001,'20261007',649,,1528056,26,4,,0,61,,1528052,26,4,,0,11,,1528053,26,4,,0,16,,1528064,26,4,,0,15,,1528057,26,4,,0,57,,1528058,26,4,,0,24,,1528059,26,4,,0,70,,1528060,26,4,,0,15,,1528054,26,4,,0,19,,1528061,26,4,,0,100,,1528062,26,4,,0,93,,1528055,26,4,,0,100,,1528063,26,4,,0
33001,'20261008',649,,1528069,26,4,,0,61,,1528065,26,4,,0,11,,1528066,26,4,,0,16,,1528077,26,4,,0,15,,1528070,26,4,,0,57,,1528071,26,4,,0,24,,1528072,26,4,,0,70,,1528073,26,4,,0,15,,1528067,26,4,,0,19,,1528074,26,4,,0,100,,1528075,26,4,,0,93,,1528068,26,4,,0,100,,1528076,26,4,,0
33001,'20261009',649,,1528082,26,4,,0,61,,1528078,26,4,,0,11,,1528079,26,4,,0,16,,1528090,26,4,,0,15,,1528083,26,4,,0,57,,1528084,26,4,,0,24,,1528085,26,4,,0,70,,1528086,26,4,,0,15,,1528080,26,4,,0,19,,1528087,26,4,,0,100,,1528088,26,4,,0,93,,1528081,26,4,,0,100,,1528089,26,4,,0
33001,'20261013',649,,1581319,26,4,,0,61,,1581315,26,4,,0,11,,1581316,26,4,,0,16,,1581327,26,4,,0,15,,1581320,26,4,,0,57,,1581321,26,4,,0,24,,1581322,26,4,,0,70,,1581323,26,4,,0,15,,1581317,26,4,,0,19,,1581324,26,4,,0,100,,1581325,26,4,,0,93,,1581318,26,4,,0,100,,1581326,26,4,,0
33001,'20261014',649,,1581332,26,4,,0,61,,1581328,26,4,,0,11,,1581329,26,4,,0,16,,1581340,26,4,,0,15,,1581333,26,4,,0,57,,1581334,26,4,,0,24,,1581335,26,4,,0,70,,1581336,26,4,,0,15,,1581330,26,4,,0,19,,1581337,26,4,,0,100,,1581338,26,4,,0,93,,1581331,26,4,,0,100,,1581339,26,4,,0
33001,'20261015',649,,1581345,26,4,,0,61,,1581341,26,4,,0,11,,1581342,26,4,,0,16,,1581353,26,4,,0,15,,1581346,26,4,,0,57,,1581347,26,4,,0,24,,1581348,26,4,,0,70,,1581349,26,4,,0,15,,1581343,26,4,,0,19,,1581350,26,4,,0,100,,1581351,26,4,,0,93,,1581344,26,4,,0,100,,1581352,26,4,,0
33001,'20261016',649,,1581358,26,4,,0,61,,1581354,26,4,,0,11,,1581355,26,4,,0,16,,1581366,26,4,,0,15,,1581359,26,4,,0,57,,1581360,26,4,,0,24,,1581361,26,4,,0,70,,1581362,26,4,,0,15,,1581356,26,4,,0,19,,1581363,26,4,,0,100,,1581364,26,4,,0,93,,1581357,26,4,,0,100,,1581365,26,4,,0
33101,'20261002',708,,1581385,5,4,,0,24,,1581386,5,4,,0,72,,1581387,5,4,,0
33101,'20261005',708,,1581388,5,4,,0,24,,1581389,5,4,,0,72,,1581390,5,4,,0
33101,'20261006',708,,1528115,5,4,,0,24,,1528116,5,4,,0,72,,1528117,5,4,,0
33101,'20261007',708,,1528118,5,4,,0,24,,1528119,5,4,,0,72,,1528120,5,4,,0
33101,'20261008',708,,1528121,5,4,,0,24,,1528122,5,4,,0,72,,1528123,5,4,,0
33101,'20261009',708,,1528124,5,4,,0,24,,1528125,5,4,,0,72,,1528126,5,4,,0
33101,'20261013',708,,1581391,5,4,,0,24,,1581392,5,4,,0,72,,1581393,5,4,,0
33101,'20261014',708,,1581394,5,4,,0,24,,1581395,5,4,,0,72,,1581396,5,4,,0
33101,'20261015',708,,1581397,5,4,,0,24,,1581398,5,4,,0,72,,1581399,5,4,,0
33101,'20261016',708,,1581400,5,4,,0,24,,1581401,5,4,,0,72,,1581402,5,4,,0
33601,'20261002',732,,1581421,50,4,,0,22,,1581422,50,4,,0
33601,'20261005',732,,1581423,50,4,,0,22,,1581424,50,4,,0
33601,'20261006',732,,1528149,50,4,,0,22,,1528150,50,4,,0
33601,'20261007',732,,1528151,50,4,,0,22,,1528152,50,4,,0
33601,'20261008',732,,1528153,50,4,,0,22,,1528154,50,4,,0
33601,'20261009',732,,1528155,50,4,,0,22,,1528156,50,4,,0
33601,'20261013',732,,1581425,50,4,,0,22,,1581426,50,4,,0
33601,'20261014',732,,1581427,50,4,,0,22,,1581428,50,4,,0
33601,'20261015',732,,1581429,50,4,,0,22,,1581430,50,4,,0
33601,'20261016',732,,1581431,50,4,,0,22,,1581432,50,4,,0
33701,'20261002',707,,1581463,28,4,,0,9,,1581464,28,4,,0,12,,1581465,28,4,,0,76,,1581466,28,4,,0,31,,1581467,28,4,,0,99,,1581468,28,4,,0,200,,1581469,28,4,,0
33701,'20261005',707,,1581470,28,4,,0,9,,1581471,28,4,,0,12,,1581472,28,4,,0,76,,1581473,28,4,,0,31,,1581474,28,4,,0,99,,1581475,28,4,,0,200,,1581476,28,4,,0
33701,'20261006',707,,1528201,28,4,,0,9,,1528205,28,4,,0,12,,1528202,28,4,,0,76,,1528206,28,4,,0,31,,1528207,28,4,,0,99,,1528203,28,4,,0,200,,1528204,28,4,,0
33701,'20261007',707,,1528208,28,4,,0,9,,1528212,28,4,,0,12,,1528209,28,4,,0,76,,1528213,28,4,,0,31,,1528214,28,4,,0,99,,1528210,28,4,,0,200,,1528211,28,4,,0
33701,'20261008',707,,1528215,28,4,,0,9,,1528219,28,4,,0,12,,1528216,28,4,,0,76,,1528220,28,4,,0,31,,1528221,28,4,,0,99,,1528217,28,4,,0,200,,1528218,28,4,,0
33701,'20261009',707,,1528222,28,4,,0,9,,1528226,28,4,,0,12,,1528223,28,4,,0,76,,1528227,28,4,,0,31,,1528228,28,4,,0,99,,1528224,28,4,,0,200,,1528225,28,4,,0
33701,'20261013',707,,1581477,28,4,,0,9,,1581481,28,4,,0,12,,1581478,28,4,,0,76,,1581482,28,4,,0,31,,1581483,28,4,,0,99,,1581479,28,4,,0,200,,1581480,28,4,,0
33701,'20261014',707,,1581484,28,4,,0,9,,1581488,28,4,,0,12,,1581485,28,4,,0,76,,1581489,28,4,,0,31,,1581490,28,4,,0,99,,1581486,28,4,,0,200,,1581487,28,4,,0
33701,'20261015',707,,1581491,28,4,,0,9,,1581495,28,4,,0,12,,1581492,28,4,,0,76,,1581496,28,4,,0,31,,1581497,28,4,,0,99,,1581493,28,4,,0,200,,1581494,28,4,,0
33701,'20261016',707,,1581498,28,4,,0,9,,1581502,28,4,,0,12,,1581499,28,4,,0,76,,1581503,28,4,,0,31,,1581504,28,4,,0,99,,1581500,28,4,,0,200,,1581501,28,4,,0
33801,'20261002',704,,1581529,36,4,,0,16,,1581530,36,4,,0,83,,1581531,36,4,,0,333,,1581532,36,4,,0
33801,'20261005',704,,1581533,36,4,,0,16,,1581534,36,4,,0,83,,1581535,36,4,,0,333,,1581536,36,4,,0
33801,'20261006',704,,1528261,36,4,,0,16,,1528262,36,4,,0,83,,1528263,36,4,,0,333,,1528264,36,4,,0
33801,'20261007',704,,1528265,36,4,,0,16,,1528266,36,4,,0,83,,1528267,36,4,,0,333,,1528268,36,4,,0
33801,'20261008',704,,1528269,36,4,,0,16,,1528270,36,4,,0,83,,1528271,36,4,,0,333,,1528272,36,4,,0
33801,'20261009',704,,1528273,36,4,,0,16,,1528274,36,4,,0,83,,1528275,36,4,,0,333,,1528276,36,4,,0
33801,'20261013',704,,1581537,36,4,,0,16,,1581538,36,4,,0,83,,1581539,36,4,,0,333,,1581540,36,4,,0
33801,'20261014',704,,1581541,36,4,,0,16,,1581542,36,4,,0,83,,1581543,36,4,,0,333,,1581544,36,4,,0
33801,'20261015',704,,1581545,36,4,,0,16,,1581546,36,4,,0,83,,1581547,36,4,,0,333,,1581548,36,4,,0
33801,'20261016',704,,1581549,36,4,,0,16,,1581550,36,4,,0,83,,1581551,36,4,,0,333,,1581552,36,4,,0
35001,'20261002',703,,1581584,45,4,,0,18,,1581585,45,4,,0,82,,1581586,45,4,,0,34,,1581587,45,4,,0,103,,1581588,45,4,,0,200,,1581589,45,4,,0
35001,'20261005',703,,1581590,45,4,,0,18,,1581591,45,4,,0,82,,1581592,45,4,,0,34,,1581593,45,4,,0,103,,1581594,45,4,,0,200,,1581595,45,4,,0
35001,'20261006',703,,1528319,45,4,,0,18,,1528320,45,4,,0,82,,1528323,45,4,,0,34,,1528324,45,4,,0,103,,1528321,45,4,,0,200,,1528322,45,4,,0
35001,'20261007',703,,1528325,45,4,,0,18,,1528326,45,4,,0,82,,1528329,45,4,,0,34,,1528330,45,4,,0,103,,1528327,45,4,,0,200,,1528328,45,4,,0
35001,'20261008',703,,1528331,45,4,,0,18,,1528332,45,4,,0,82,,1528335,45,4,,0,34,,1528336,45,4,,0,103,,1528333,45,4,,0,200,,1528334,45,4,,0
35001,'20261009',703,,1528337,45,4,,0,18,,1528338,45,4,,0,82,,1528341,45,4,,0,34,,1528342,45,4,,0,103,,1528339,45,4,,0,200,,1528340,45,4,,0
35001,'20261013',703,,1581596,45,4,,0,18,,1581597,45,4,,0,82,,1581600,45,4,,0,34,,1581601,45,4,,0,103,,1581598,45,4,,0,200,,1581599,45,4,,0
35001,'20261014',703,,1581602,45,4,,0,18,,1581603,45,4,,0,82,,1581606,45,4,,0,34,,1581607,45,4,,0,103,,1581604,45,4,,0,200,,1581605,45,4,,0
35001,'20261015',703,,1581608,45,4,,0,18,,1581609,45,4,,0,82,,1581612,45,4,,0,34,,1581613,45,4,,0,103,,1581610,45,4,,0,200,,1581611,45,4,,0
35001,'20261016',703,,1581614,45,4,,0,18,,1581615,45,4,,0,82,,1581618,45,4,,0,34,,1581619,45,4,,0,103,,1581616,45,4,,0,200,,1581617,45,4,,0
35401,'20261002',736,,1581638,32,4,,0,401,,1581639,32,4,,0
35401,'20261005',736,,1581640,32,4,,0,401,,1581641,32,4,,0
35401,'20261006',736,,1528365,32,4,,0,401,,1528366,32,4,,0
35401,'20261007',736,,1528367,32,4,,0,401,,1528368,32,4,,0
35401,'20261008',736,,1528369,32,4,,0,401,,1528370,32,4,,0
35401,'20261009',736,,1528371,32,4,,0,401,,1528372,32,4,,0
35401,'20261013',736,,1581642,32,4,,0,401,,1581643,32,4,,0
35401,'20261014',736,,1581644,32,4,,0,401,,1581645,32,4,,0
35401,'20261015',736,,1581646,32,4,,0,401,,1581647,32,4,,0
35401,'20261016',736,,1581648,32,4,,0,401,,1581649,32,4,,0
35501,'20261002',733,,1581668,34,4,,0,204,,1581669,34,4,,0
35501,'20261005',733,,1581670,34,4,,0,204,,1581671,34,4,,0
35501,'20261006',733,,1528395,34,4,,0,204,,1528396,34,4,,0
35501,'20261007',733,,1528397,34,4,,0,204,,1528398,34,4,,0
35501,'20261008',733,,1528399,34,4,,0,204,,1528400,34,4,,0
35501,'20261009',733,,1528401,34,4,,0,204,,1528402,34,4,,0
35501,'20261013',733,,1581672,34,4,,0,204,,1581673,34,4,,0
35501,'20261014',733,,1581674,34,4,,0,204,,1581675,34,4,,0
35501,'20261015',733,,1581676,34,4,,0,204,,1581677,34,4,,0
35501,'20261016',733,,1581678,34,4,,0,204,,1581679,34,4,,0
35801,'20261002',734,,1581698,40,4,,0,70,,1581699,40,4,,0
35801,'20261005',734,,1581700,40,4,,0,70,,1581701,40,4,,0
35801,'20261006',734,,1528425,40,4,,0,70,,1528426,40,4,,0
35801,'20261007',734,,1528427,40,4,,0,70,,1528428,40,4,,0
35801,'20261008',734,,1528429,40,4,,0,70,,1528430,40,4,,0
35801,'20261009',734,,1528431,40,4,,0,70,,1528432,40,4,,0
35801,'20261013',734,,1581702,40,4,,0,70,,1581703,40,4,,0
35801,'20261014',734,,1581704,40,4,,0,70,,1581705,40,4,,0
35801,'20261015',734,,1581706,40,4,,0,70,,1581707,40,4,,0
35801,'20261016',734,,1581708,40,4,,0,70,,1581709,40,4,,0
37001,'20261002',705,,1581743,44,4,,0,11,,1581744,44,4,,0,12,,1581745,44,4,,0,15,,1581746,44,4,,0,65,,1581747,44,4,,0,132,,1581742,25,4,,0,2,,1581748,44,4,,0,200,,1581749,44,4,,0
37001,'20261005',705,,1581752,44,4,,0,11,,1581753,44,4,,0,12,,1581754,44,4,,0,15,,1581755,44,4,,0,65,,1581756,44,4,,0,132,,1581751,25,4,,0,2,,1581757,44,4,,0,200,,1581758,44,4,,0
37001,'20261006',705,,1528483,44,4,,0,11,,1528484,44,4,,0,12,,1528485,44,4,,0,15,,1528486,44,4,,0,65,,1528487,44,4,,0,132,,1528490,25,4,,0,2,,1528488,44,4,,0,200,,1528489,44,4,,0
37001,'20261007',705,,1528491,44,4,,0,11,,1528492,44,4,,0,12,,1528493,44,4,,0,15,,1528494,44,4,,0,65,,1528495,44,4,,0,132,,1528498,25,4,,0,2,,1528496,44,4,,0,200,,1528497,44,4,,0
37001,'20261008',705,,1528499,44,4,,0,11,,1528500,44,4,,0,12,,1528501,44,4,,0,15,,1528502,44,4,,0,65,,1528503,44,4,,0,132,,1528506,25,4,,0,2,,1528504,44,4,,0,200,,1528505,44,4,,0
37001,'20261009',705,,1528507,44,4,,0,11,,1528508,44,4,,0,12,,1528509,44,4,,0,15,,1528510,44,4,,0,65,,1528511,44,4,,0,132,,1528514,25,4,,0,2,,1528512,44,4,,0,200,,1528513,44,4,,0
37001,'20261013',705,,1581759,44,4,,0,11,,1581760,44,4,,0,12,,1581761,44,4,,0,15,,1581762,44,4,,0,65,,1581763,44,4,,0,132,,1581766,25,4,,0,2,,1581764,44,4,,0,200,,1581765,44,4,,0
37001,'20261014',705,,1581767,44,4,,0,11,,1581768,44,4,,0,12,,1581769,44,4,,0,15,,1581770,44,4,,0,65,,1581771,44,4,,0,132,,1581774,25,4,,0,2,,1581772,44,4,,0,200,,1581773,44,4,,0
37001,'20261015',705,,1581775,44,4,,0,11,,1581776,44,4,,0,12,,1581777,44,4,,0,15,,1581778,44,4,,0,65,,1581779,44,4,,0,132,,1581782,25,4,,0,2,,1581780,44,4,,0,200,,1581781,44,4,,0
37001,'20261016',705,,1581783,44,4,,0,11,,1581784,44,4,,0,12,,1581785,44,4,,0,15,,1581786,44,4,,0,65,,1581787,44,4,,0,132,,1581790,25,4,,0,2,,1581788,44,4,,0,200,,1581789,44,4,,0
37201,'20261002',700,,1581815,71,4,,0,28,,1581816,71,4,,0,77,,1581817,71,4,,0,130,,1581818,71,4,,0,200,,1581819,71,4,,0
37201,'20261005',700,,1581820,71,4,,0,28,,1581821,71,4,,0,77,,1581822,71,4,,0,130,,1581823,71,4,,0,200,,1581824,71,4,,0
37201,'20261006',700,,1528550,71,4,,0,28,,1528549,71,4,,0,77,,1528553,71,4,,0,130,,1528551,71,4,,0,200,,1528552,71,4,,0
37201,'20261007',700,,1528555,71,4,,0,28,,1528554,71,4,,0,77,,1528558,71,4,,0,130,,1528556,71,4,,0,200,,1528557,71,4,,0
37201,'20261008',700,,1528560,71,4,,0,28,,1528559,71,4,,0,77,,1528563,71,4,,0,130,,1528561,71,4,,0,200,,1528562,71,4,,0
37201,'20261009',700,,1528565,71,4,,0,28,,1528564,71,4,,0,77,,1528568,71,4,,0,130,,1528566,71,4,,0,200,,1528567,71,4,,0
37201,'20261013',700,,1581826,71,4,,0,28,,1581825,71,4,,0,77,,1581829,71,4,,0,130,,1581827,71,4,,0,200,,1581828,71,4,,0
37201,'20261014',700,,1581831,71,4,,0,28,,1581830,71,4,,0,77,,1581834,71,4,,0,130,,1581832,71,4,,0,200,,1581833,71,4,,0
37201,'20261015',700,,1581836,71,4,,0,28,,1581835,71,4,,0,77,,1581839,71,4,,0,130,,1581837,71,4,,0,200,,1581838,71,4,,0
37201,'20261016',700,,1581841,71,4,,0,28,,1581840,71,4,,0,77,,1581844,71,4,,0,130,,1581842,71,4,,0,200,,1581843,71,4,,0
37401,'20261002',730,,1581863,40,4,,0,88,,1581864,40,4,,0,124,,1581865,40,4,,0
37401,'20261005',730,,1581866,40,4,,0,88,,1581867,40,4,,0,124,,1581868,40,4,,0
37401,'20261006',730,,1528593,40,4,,0,88,,1528594,40,4,,0,124,,1528595,40,4,,0
37401,'20261007',730,,1528596,40,4,,0,88,,1528597,40,4,,0,124,,1528598,40,4,,0
37401,'20261008',730,,1528599,40,4,,0,88,,1528600,40,4,,0,124,,1528601,40,4,,0
37401,'20261009',730,,1528602,40,4,,0,88,,1528603,40,4,,0,124,,1528604,40,4,,0
37401,'20261013',730,,1581869,40,4,,0,88,,1581870,40,4,,0,124,,1581871,40,4,,0
37401,'20261014',730,,1581872,40,4,,0,88,,1581873,40,4,,0,124,,1581874,40,4,,0
37401,'20261015',730,,1581875,40,4,,0,88,,1581876,40,4,,0,124,,1581877,40,4,,0
37401,'20261016',730,,1581878,40,4,,0,88,,1581879,40,4,,0,124,,1581880,40,4,,0
38001,'20261002',725,,1581905,55,4,,0,17,,1581906,55,4,,0,66,,1581907,55,4,,0,327,,1581908,55,4,,0
38001,'20261005',725,,1581909,55,4,,0,17,,1581910,55,4,,0,66,,1581911,55,4,,0,327,,1581912,55,4,,0
38001,'20261006',725,,1528637,55,4,,0,17,,1528639,55,4,,0,66,,1528638,55,4,,0,327,,1528640,55,4,,0
38001,'20261007',725,,1528641,55,4,,0,17,,1528643,55,4,,0,66,,1528642,55,4,,0,327,,1528644,55,4,,0
38001,'20261008',725,,1528645,55,4,,0,17,,1528647,55,4,,0,66,,1528646,55,4,,0,327,,1528648,55,4,,0
38001,'20261009',725,,1528649,55,4,,0,17,,1528651,55,4,,0,66,,1528650,55,4,,0,327,,1528652,55,4,,0
38001,'20261013',725,,1581913,55,4,,0,17,,1581915,55,4,,0,66,,1581914,55,4,,0,327,,1581916,55,4,,0
38001,'20261014',725,,1581917,55,4,,0,17,,1581919,55,4,,0,66,,1581918,55,4,,0,327,,1581920,55,4,,0
38001,'20261015',725,,1581921,55,4,,0,17,,1581923,55,4,,0,66,,1581922,55,4,,0,327,,1581924,55,4,,0
38001,'20261016',725,,1581925,55,4,,0,17,,1581927,55,4,,0,66,,1581926,55,4,,0,327,,1581928,55,4,,0
38101,'20261002',701,,1581953,39,4,,0,36,,1581954,39,4,,0,10,,1581955,39,4,,0,54,,1581956,39,4,,0,142,,1581957,39,4,,0
38101,'20261005',701,,1581958,39,4,,0,36,,1581959,39,4,,0,10,,1581960,39,4,,0,54,,1581961,39,4,,0,142,,1581962,39,4,,0
38101,'20261006',701,,1528689,39,4,,0,36,,1528687,39,4,,0,10,,1528691,39,4,,0,54,,1528690,39,4,,0,142,,1528688,39,4,,0
38101,'20261007',701,,1528694,39,4,,0,36,,1528692,39,4,,0,10,,1528696,39,4,,0,54,,1528695,39,4,,0,142,,1528693,39,4,,0
38101,'20261008',701,,1528699,39,4,,0,36,,1528697,39,4,,0,10,,1528701,39,4,,0,54,,1528700,39,4,,0,142,,1528698,39,4,,0
38101,'20261009',701,,1528704,39,4,,0,36,,1528702,39,4,,0,10,,1528706,39,4,,0,54,,1528705,39,4,,0,142,,1528703,39,4,,0
38101,'20261013',701,,1581965,39,4,,0,36,,1581963,39,4,,0,10,,1581967,39,4,,0,54,,1581966,39,4,,0,142,,1581964,39,4,,0
38101,'20261014',701,,1581970,39,4,,0,36,,1581968,39,4,,0,10,,1581972,39,4,,0,54,,1581971,39,4,,0,142,,1581969,39,4,,0
38101,'20261015',701,,1581975,39,4,,0,36,,1581973,39,4,,0,10,,1581977,39,4,,0,54,,1581976,39,4,,0,142,,1581974,39,4,,0
38101,'20261016',701,,1581980,39,4,,0,36,,1581978,39,4,,0,10,,1581982,39,4,,0,54,,1581981,39,4,,0,142,,1581979,39,4,,0
38201,'20261002',653,,1582008,56,4,,0,52,,1582009,56,4,,0,16,,1582010,56,4,,0,15,,1582011,56,4,,0,68,,1582012,56,4,,0,132,,1582013,56,4,,0,200,,1582014,56,4,,0
38201,'20261005',653,,1582016,56,4,,0,52,,1582017,56,4,,0,16,,1582018,56,4,,0,15,,1582019,56,4,,0,68,,1582020,56,4,,0,132,,1582021,56,4,,0,200,,1582022,56,4,,0
38201,'20261006',653,,1528748,56,4,,0,52,,1528752,56,4,,0,16,,1528751,56,4,,0,15,,1528749,56,4,,0,68,,1528753,56,4,,0,132,,1528750,56,4,,0,200,,1528747,56,4,,0
38201,'20261007',653,,1528755,56,4,,0,52,,1528759,56,4,,0,16,,1528758,56,4,,0,15,,1528756,56,4,,0,68,,1528760,56,4,,0,132,,1528757,56,4,,0,200,,1528754,56,4,,0
38201,'20261008',653,,1528762,56,4,,0,52,,1528766,56,4,,0,16,,1528765,56,4,,0,15,,1528763,56,4,,0,68,,1528767,56,4,,0,132,,1528764,56,4,,0,200,,1528761,56,4,,0
38201,'20261009',653,,1528769,56,4,,0,52,,1528773,56,4,,0,16,,1528772,56,4,,0,15,,1528770,56,4,,0,68,,1528774,56,4,,0,132,,1528771,56,4,,0,200,,1528768,56,4,,0
38201,'20261013',653,,1582024,56,4,,0,52,,1582028,56,4,,0,16,,1582027,56,4,,0,15,,1582025,56,4,,0,68,,1582029,56,4,,0,132,,1582026,56,4,,0,200,,1582023,56,4,,0
38201,'20261014',653,,1582031,56,4,,0,52,,1582035,56,4,,0,16,,1582034,56,4,,0,15,,1582032,56,4,,0,68,,1582036,56,4,,0,132,,1582033,56,4,,0,200,,1582030,56,4,,0
38201,'20261015',653,,1582038,56,4,,0,52,,1582042,56,4,,0,16,,1582041,56,4,,0,15,,1582039,56,4,,0,68,,1582043,56,4,,0,132,,1582040,56,4,,0,200,,1582037,56,4,,0
38201,'20261016',653,,1582045,56,4,,0,52,,1582049,56,4,,0,16,,1582048,56,4,,0,15,,1582046,56,4,,0,68,,1582050,56,4,,0,132,,1582047,56,4,,0,200,,1582044,56,4,,0
38401,'20261002',700,,1582075,63,4,,0,33,,1582076,63,4,,0,72,,1582077,63,4,,0,135,,1582078,63,4,,0
38401,'20261005',700,,1582079,63,4,,0,33,,1582080,63,4,,0,72,,1582081,63,4,,0,135,,1582082,63,4,,0
38401,'20261006',700,,1528809,63,4,,0,33,,1528807,63,4,,0,72,,1528808,63,4,,0,135,,1528810,63,4,,0
38401,'20261007',700,,1528813,63,4,,0,33,,1528811,63,4,,0,72,,1528812,63,4,,0,135,,1528814,63,4,,0
38401,'20261008',700,,1528817,63,4,,0,33,,1528815,63,4,,0,72,,1528816,63,4,,0,135,,1528818,63,4,,0
38401,'20261009',700,,1528821,63,4,,0,33,,1528819,63,4,,0,72,,1528820,63,4,,0,135,,1528822,63,4,,0
38401,'20261013',700,,1582085,63,4,,0,33,,1582083,63,4,,0,72,,1582084,63,4,,0,135,,1582086,63,4,,0
38401,'20261014',700,,1582089,63,4,,0,33,,1582087,63,4,,0,72,,1582088,63,4,,0,135,,1582090,63,4,,0
38401,'20261015',700,,1582093,63,4,,0,33,,1582091,63,4,,0,72,,1582092,63,4,,0,135,,1582094,63,4,,0
38401,'20261016',700,,1582097,63,4,,0,33,,1582095,63,4,,0,72,,1582096,63,4,,0,135,,1582098,63,4,,0
80401,'20261002',554,,1589323,49,,,1,55,,1589324,49,,,1,15,,1589325,49,,,1,15,,1589326,49,,,1,16,,1589327,49,,,1,55,,1589328,49,,,1,13,,1589329,49,,,1,11,,1589330,49,,,1,9,,1589331,49,,,1,12,,1589332,49,,,1,50,,1589333,49,,,1,10,,1589334,49,,,1,10,,1589335,49,,,1,9,,1589336,49,,,1,9,,1589337,49,,,1,11,,1589338,49,,,1,52,,1589339,49,,,1,14,,1589340,49,,,1,15,,1589341,49,,,1,15,,1589342,49,,,1,54,,1589343,49,,,1,14,,1589344,49,,,1,15,,1589345,49,,,1,15,,1589346,49,,,1,54,,1589347,49,,,1,16,,1589348,49,,,1,14,,1589349,49,,,1,15,,1589350,49,,,1,54,,1589351,49,,,1,17,,1589352,49,,,1,15,,1589353,49,,,1,15,,1589354,49,,,1,55,,1589355,49,,,1,15,,1589356,49,,,1,15,,1589357,49,,,1,15,,1589358,49,,,1,55,,1589359,49,,,1,15,,1589360,49,,,1,14,,1589361,49,,,1,16,,1589362,49,,,1,55,,1589363,49,,,1,15,,1589364,49,,,1,16,,1589365,49,,,1,14,,1589366,49,,,1,57,,1589367,49,,,1,14,,1589368,49,,,1,17,,1589369,49,,,1,16,,1589370,49,,,1,51,,1589371,49,,,1,12,,1589372,49,,,1,10,,1589373,49,,,1,12,,1589374,49,,,1,14,,1589375,49,,,1,54,,1589376,49,,,1,15,,1589377,49,,,1,15,,1589378,49,,,1,18,,1589379,49,,,1,57,,1589380,49,,,1,18,,1589381,49,,,1,18,,1589382,49,,,1,58,,1589383,49,,,1,18,,1589384,49,,,1,17,,1589385,49,,,1,18,,1589386,49,,,1,58,,1589387,49,,,1,18,,1589388,49,,,1,18,,1589389,49,,,1,57,,1589390,49,,,1,18,,1589391,49,,,1,16,,1589392,49,,,1,17,,1589393,49,,,1,57,,1589394,49,,,1,18,,1589395,49,,,1,17,,1589396,49,,,1,58,,1589397,49,,,1,16,,1589398,49,,,1,17,,1589399,49,,,1,58,,1589400,49,,,1
80401,'20261003',703,,1589401,49,,,1,17,,1589402,49,,,1,18,,1589403,49,,,1,18,,1589404,49,,,1,58,,1589405,49,,,1,18,,1589406,49,,,1,17,,1589407,49,,,1,57,,1589408,49,,,1,15,,1589409,49,,,1,16,,1589410,49,,,1,15,,1589411,49,,,1,56,,1589412,49,,,1,15,,1589413,49,,,1,16,,1589414,49,,,1,16,,1589415,49,,,1,54,,1589416,49,,,1,15,,1589417,49,,,1,14,,1589418,49,,,1,14,,1589419,49,,,1,55,,1589420,49,,,1,14,,1589421,49,,,1,15,,1589422,49,,,1,15,,1589423,49,,,1,54,,1589424,49,,,1,15,,1589425,49,,,1,14,,1589426,49,,,1,15,,1589427,49,,,1,55,,1589428,49,,,1,15,,1589429,49,,,1,15,,1589430,49,,,1,15,,1589431,49,,,1,55,,1589432,49,,,1,15,,1589433,49,,,1,15,,1589434,49,,,1,15,,1589435,49,,,1,54,,1589436,49,,,1,15,,1589437,49,,,1,14,,1589438,49,,,1,15,,1589439,49,,,1,54,,1589440,49,,,1,16,,1589441,49,,,1,16,,1589442,49,,,1,19,,1589443,49,,,1,58,,1589444,49,,,1,19,,1589445,49,,,1,18,,1589446,49,,,1,59,,1589447,49,,,1,18,,1589448,49,,,1,18,,1589449,49,,,1,58,,1589450,49,,,1,18,,1589451,49,,,1,18,,1589452,49,,,1,18,,1589453,49,,,1,57,,1589454,49,,,1,18,,1589455,49,,,1,18,,1589456,49,,,1,58,,1589457,49,,,1,18,,1589458,49,,,1,18,,1589459,49,,,1,18,,1589460,49,,,1,58,,1589461,49,,,1,18,,1589462,49,,,1,18,,1589463,49,,,1,58,,1589464,49,,,1,18,,1589465,49,,,1
80401,'20261004',703,,1589466,49,,,1,17,,1589467,49,,,1,18,,1589468,49,,,1,18,,1589469,49,,,1,58,,1589470,49,,,1,18,,1589471,49,,,1,17,,1589472,49,,,1,57,,1589473,49,,,1,15,,1589474,49,,,1,16,,1589475,49,,,1,15,,1589476,49,,,1,56,,1589477,49,,,1,15,,1589478,49,,,1,16,,1589479,49,,,1,16,,1589480,49,,,1,54,,1589481,49,,,1,15,,1589482,49,,,1,14,,1589483,49,,,1,14,,1589484,49,,,1,55,,1589485,49,,,1,14,,1589486,49,,,1,15,,1589487,49,,,1,15,,1589488,49,,,1,54,,1589489,49,,,1,15,,1589490,49,,,1,14,,1589491,49,,,1,15,,1589492,49,,,1,55,,1589493,49,,,1,15,,1589494,49,,,1,15,,1589495,49,,,1,15,,1589496,49,,,1,55,,1589497,49,,,1,15,,1589498,49,,,1,15,,1589499,49,,,1,15,,1589500,49,,,1,54,,1589501,49,,,1,15,,1589502,49,,,1,14,,1589503,49,,,1,15,,1589504,49,,,1,54,,1589505,49,,,1,16,,1589506,49,,,1,16,,1589507,49,,,1,19,,1589508,49,,,1,58,,1589509,49,,,1,19,,1589510,49,,,1,18,,1589511,49,,,1,59,,1589512,49,,,1,18,,1589513,49,,,1,18,,1589514,49,,,1,58,,1589515,49,,,1,18,,1589516,49,,,1,18,,1589517,49,,,1,18,,1589518,49,,,1,57,,1589519,49,,,1,18,,1589520,49,,,1,18,,1589521,49,,,1,58,,1589522,49,,,1,18,,1589523,49,,,1,18,,1589524,49,,,1,18,,1589525,49,,,1,58,,1589526,49,,,1,18,,1589527,49,,,1,18,,1589528,49,,,1,58,,1589529,49,,,1,18,,1589530,49,,,1
80401,'20261005',554,,1589531,49,,,1,55,,1589532,49,,,1,15,,1589533,49,,,1,15,,1589534,49,,,1,16,,1589535,49,,,1,55,,1589536,49,,,1,13,,1589537,49,,,1,11,,1589538,49,,,1,9,,1589539,49,,,1,12,,1589540,49,,,1,50,,1589541,49,,,1,10,,1589542,49,,,1,10,,1589543,49,,,1,9,,1589544,49,,,1,9,,1589545,49,,,1,11,,1589546,49,,,1,52,,1589547,49,,,1,14,,1589548,49,,,1,15,,1589549,49,,,1,15,,1589550,49,,,1,54,,1589551,49,,,1,14,,1589552,49,,,1,15,,1589553,49,,,1,15,,1589554,49,,,1,54,,1589555,49,,,1,16,,1589556,49,,,1,14,,1589557,49,,,1,15,,1589558,49,,,1,54,,1589559,49,,,1,17,,1589560,49,,,1,15,,1589561,49,,,1,15,,1589562,49,,,1,55,,1589563,49,,,1,15,,1589564,49,,,1,15,,1589565,49,,,1,15,,1589566,49,,,1,55,,1589567,49,,,1,15,,1589568,49,,,1,14,,1589569,49,,,1,16,,1589570,49,,,1,55,,1589571,49,,,1,15,,1589572,49,,,1,16,,1589573,49,,,1,14,,1589574,49,,,1,57,,1589575,49,,,1,14,,1589576,49,,,1,17,,1589577,49,,,1,16,,1589578,49,,,1,51,,1589579,49,,,1,12,,1589580,49,,,1,10,,1589581,49,,,1,12,,1589582,49,,,1,14,,1589583,49,,,1,54,,1589584,49,,,1,15,,1589585,49,,,1,15,,1589586,49,,,1,18,,1589587,49,,,1,57,,1589588,49,,,1,18,,1589589,49,,,1,18,,1589590,49,,,1,58,,1589591,49,,,1,18,,1589592,49,,,1,17,,1589593,49,,,1,18,,1589594,49,,,1,58,,1589595,49,,,1,18,,1589596,49,,,1,18,,1589597,49,,,1,57,,1589598,49,,,1,18,,1589599,49,,,1,16,,1589600,49,,,1,17,,1589601,49,,,1,57,,1589602,49,,,1,18,,1589603,49,,,1,17,,1589604,49,,,1,58,,1589605,49,,,1,16,,1589606,49,,,1,17,,1589607,49,,,1,58,,1589608,49,,,1
80401,'20261006',554,,1536398,49,,,1,55,,1536386,49,,,1,15,,1536322,49,,,1,15,,1536387,49,,,1,16,,1536369,49,,,1,55,,1536323,49,,,1,13,,1536324,49,,,1,11,,1536325,49,,,1,9,,1536326,49,,,1,12,,1536382,49,,,1,50,,1536376,49,,,1,10,,1536327,49,,,1,10,,1536328,49,,,1,9,,1536329,49,,,1,9,,1536330,49,,,1,11,,1536343,49,,,1,52,,1536344,49,,,1,14,,1536345,49,,,1,15,,1536383,49,,,1,15,,1536331,49,,,1,54,,1536332,49,,,1,14,,1536333,49,,,1,15,,1536334,49,,,1,15,,1536335,49,,,1,54,,1536384,49,,,1,16,,1536377,49,,,1,14,,1536336,49,,,1,15,,1536337,49,,,1,54,,1536338,49,,,1,17,,1536339,49,,,1,15,,1536340,49,,,1,15,,1536381,49,,,1,55,,1536341,49,,,1,15,,1536346,49,,,1,15,,1536347,49,,,1,15,,1536378,49,,,1,55,,1536342,49,,,1,15,,1536348,49,,,1,14,,1536349,49,,,1,16,,1536350,49,,,1,55,,1536351,49,,,1,15,,1536352,49,,,1,16,,1536380,49,,,1,14,,1536353,49,,,1,57,,1536354,49,,,1,14,,1536356,49,,,1,17,,1536385,49,,,1,16,,1536357,49,,,1,51,,1536358,49,,,1,12,,1536355,49,,,1,10,,1536359,49,,,1,12,,1536368,49,,,1,14,,1536393,49,,,1,54,,1536370,49,,,1,15,,1536360,49,,,1,15,,1536396,49,,,1,18,,1536379,49,,,1,57,,1536371,49,,,1,18,,1536372,49,,,1,18,,1536361,49,,,1,58,,1536362,49,,,1,18,,1536390,49,,,1,17,,1536373,49,,,1,18,,1536391,49,,,1,58,,1536392,49,,,1,18,,1536389,49,,,1,18,,1536388,49,,,1,57,,1536375,49,,,1,18,,1536374,49,,,1,16,,1536363,49,,,1,17,,1536364,49,,,1,57,,1536395,49,,,1,18,,1536365,49,,,1,17,,1536394,49,,,1,58,,1536366,49,,,1,16,,1536367,49,,,1,17,,1536397,49,,,1,58,,1536399,49,,,1
80401,'20261007',554,,1536476,49,,,1,55,,1536464,49,,,1,15,,1536400,49,,,1,15,,1536465,49,,,1,16,,1536447,49,,,1,55,,1536401,49,,,1,13,,1536402,49,,,1,11,,1536403,49,,,1,9,,1536404,49,,,1,12,,1536460,49,,,1,50,,1536454,49,,,1,10,,1536405,49,,,1,10,,1536406,49,,,1,9,,1536407,49,,,1,9,,1536408,49,,,1,11,,1536421,49,,,1,52,,1536422,49,,,1,14,,1536423,49,,,1,15,,1536461,49,,,1,15,,1536409,49,,,1,54,,1536410,49,,,1,14,,1536411,49,,,1,15,,1536412,49,,,1,15,,1536413,49,,,1,54,,1536462,49,,,1,16,,1536455,49,,,1,14,,1536414,49,,,1,15,,1536415,49,,,1,54,,1536416,49,,,1,17,,1536417,49,,,1,15,,1536418,49,,,1,15,,1536459,49,,,1,55,,1536419,49,,,1,15,,1536424,49,,,1,15,,1536425,49,,,1,15,,1536456,49,,,1,55,,1536420,49,,,1,15,,1536426,49,,,1,14,,1536427,49,,,1,16,,1536428,49,,,1,55,,1536429,49,,,1,15,,1536430,49,,,1,16,,1536458,49,,,1,14,,1536431,49,,,1,57,,1536432,49,,,1,14,,1536434,49,,,1,17,,1536463,49,,,1,16,,1536435,49,,,1,51,,1536436,49,,,1,12,,1536433,49,,,1,10,,1536437,49,,,1,12,,1536446,49,,,1,14,,1536471,49,,,1,54,,1536448,49,,,1,15,,1536438,49,,,1,15,,1536474,49,,,1,18,,1536457,49,,,1,57,,1536449,49,,,1,18,,1536450,49,,,1,18,,1536439,49,,,1,58,,1536440,49,,,1,18,,1536468,49,,,1,17,,1536451,49,,,1,18,,1536469,49,,,1,58,,1536470,49,,,1,18,,1536467,49,,,1,18,,1536466,49,,,1,57,,1536453,49,,,1,18,,1536452,49,,,1,16,,1536441,49,,,1,17,,1536442,49,,,1,57,,1536473,49,,,1,18,,1536443,49,,,1,17,,1536472,49,,,1,58,,1536444,49,,,1,16,,1536445,49,,,1,17,,1536475,49,,,1,58,,1536477,49,,,1
80401,'20261008',554,,1536554,49,,,1,55,,1536542,49,,,1,15,,1536478,49,,,1,15,,1536543,49,,,1,16,,1536525,49,,,1,55,,1536479,49,,,1,13,,1536480,49,,,1,11,,1536481,49,,,1,9,,1536482,49,,,1,12,,1536538,49,,,1,50,,1536532,49,,,1,10,,1536483,49,,,1,10,,1536484,49,,,1,9,,1536485,49,,,1,9,,1536486,49,,,1,11,,1536499,49,,,1,52,,1536500,49,,,1,14,,1536501,49,,,1,15,,1536539,49,,,1,15,,1536487,49,,,1,54,,1536488,49,,,1,14,,1536489,49,,,1,15,,1536490,49,,,1,15,,1536491,49,,,1,54,,1536540,49,,,1,16,,1536533,49,,,1,14,,1536492,49,,,1,15,,1536493,49,,,1,54,,1536494,49,,,1,17,,1536495,49,,,1,15,,1536496,49,,,1,15,,1536537,49,,,1,55,,1536497,49,,,1,15,,1536502,49,,,1,15,,1536503,49,,,1,15,,1536534,49,,,1,55,,1536498,49,,,1,15,,1536504,49,,,1,14,,1536505,49,,,1,16,,1536506,49,,,1,55,,1536507,49,,,1,15,,1536508,49,,,1,16,,1536536,49,,,1,14,,1536509,49,,,1,57,,1536510,49,,,1,14,,1536512,49,,,1,17,,1536541,49,,,1,16,,1536513,49,,,1,51,,1536514,49,,,1,12,,1536511,49,,,1,10,,1536515,49,,,1,12,,1536524,49,,,1,14,,1536549,49,,,1,54,,1536526,49,,,1,15,,1536516,49,,,1,15,,1536552,49,,,1,18,,1536535,49,,,1,57,,1536527,49,,,1,18,,1536528,49,,,1,18,,1536517,49,,,1,58,,1536518,49,,,1,18,,1536546,49,,,1,17,,1536529,49,,,1,18,,1536547,49,,,1,58,,1536548,49,,,1,18,,1536545,49,,,1,18,,1536544,49,,,1,57,,1536531,49,,,1,18,,1536530,49,,,1,16,,1536519,49,,,1,17,,1536520,49,,,1,57,,1536551,49,,,1,18,,1536521,49,,,1,17,,1536550,49,,,1,58,,1536522,49,,,1,16,,1536523,49,,,1,17,,1536553,49,,,1,58,,1536555,49,,,1
80401,'20261009',554,,1536632,49,,,1,55,,1536620,49,,,1,15,,1536556,49,,,1,15,,1536621,49,,,1,16,,1536603,49,,,1,55,,1536557,49,,,1,13,,1536558,49,,,1,11,,1536559,49,,,1,9,,1536560,49,,,1,12,,1536616,49,,,1,50,,1536610,49,,,1,10,,1536561,49,,,1,10,,1536562,49,,,1,9,,1536563,49,,,1,9,,1536564,49,,,1,11,,1536577,49,,,1,52,,1536578,49,,,1,14,,1536579,49,,,1,15,,1536617,49,,,1,15,,1536565,49,,,1,54,,1536566,49,,,1,14,,1536567,49,,,1,15,,1536568,49,,,1,15,,1536569,49,,,1,54,,1536618,49,,,1,16,,1536611,49,,,1,14,,1536570,49,,,1,15,,1536571,49,,,1,54,,1536572,49,,,1,17,,1536573,49,,,1,15,,1536574,49,,,1,15,,1536615,49,,,1,55,,1536575,49,,,1,15,,1536580,49,,,1,15,,1536581,49,,,1,15,,1536612,49,,,1,55,,1536576,49,,,1,15,,1536582,49,,,1,14,,1536583,49,,,1,16,,1536584,49,,,1,55,,1536585,49,,,1,15,,1536586,49,,,1,16,,1536614,49,,,1,14,,1536587,49,,,1,57,,1536588,49,,,1,14,,1536590,49,,,1,17,,1536619,49,,,1,16,,1536591,49,,,1,51,,1536592,49,,,1,12,,1536589,49,,,1,10,,1536593,49,,,1,12,,1536602,49,,,1,14,,1536627,49,,,1,54,,1536604,49,,,1,15,,1536594,49,,,1,15,,1536630,49,,,1,18,,1536613,49,,,1,57,,1536605,49,,,1,18,,1536606,49,,,1,18,,1536595,49,,,1,58,,1536596,49,,,1,18,,1536624,49,,,1,17,,1536607,49,,,1,18,,1536625,49,,,1,58,,1536626,49,,,1,18,,1536623,49,,,1,18,,1536622,49,,,1,57,,1536609,49,,,1,18,,1536608,49,,,1,16,,1536597,49,,,1,17,,1536598,49,,,1,57,,1536629,49,,,1,18,,1536599,49,,,1,17,,1536628,49,,,1,58,,1536600,49,,,1,16,,1536601,49,,,1,17,,1536631,49,,,1,58,,1536633,49,,,1
80401,'20261010',703,,1559088,49,,,1,17,,1559140,49,,,1,18,,1559139,49,,,1,18,,1559089,49,,,1,58,,1559090,49,,,1,18,,1559141,49,,,1,17,,1559128,49,,,1,57,,1559129,49,,,1,15,,1559130,49,,,1,16,,1559142,49,,,1,15,,1559091,49,,,1,56,,1559131,49,,,1,15,,1559132,49,,,1,16,,1559143,49,,,1,16,,1559092,49,,,1,54,,1559133,49,,,1,15,,1559134,49,,,1,14,,1559144,49,,,1,14,,1559093,49,,,1,55,,1559135,49,,,1,14,,1559136,49,,,1,15,,1559094,49,,,1,15,,1559137,49,,,1,54,,1559095,49,,,1,15,,1559096,49,,,1,14,,1559097,49,,,1,15,,1559098,49,,,1,55,,1559099,49,,,1,15,,1559100,49,,,1,15,,1559101,49,,,1,15,,1559102,49,,,1,55,,1559103,49,,,1,15,,1559104,49,,,1,15,,1559105,49,,,1,15,,1559106,49,,,1,54,,1559107,49,,,1,15,,1559108,49,,,1,14,,1559109,49,,,1,15,,1559110,49,,,1,54,,1559111,49,,,1,16,,1559112,49,,,1,16,,1559113,49,,,1,19,,1559114,49,,,1,58,,1559115,49,,,1,19,,1559138,49,,,1,18,,1559149,49,,,1,59,,1559116,49,,,1,18,,1559117,49,,,1,18,,1559150,49,,,1,58,,1559118,49,,,1,18,,1559151,49,,,1,18,,1559119,49,,,1,18,,1559120,49,,,1,57,,1559152,49,,,1,18,,1559121,49,,,1,18,,1559147,49,,,1,58,,1559122,49,,,1,18,,1559123,49,,,1,18,,1559146,49,,,1,18,,1559124,49,,,1,58,,1559145,49,,,1,18,,1559125,49,,,1,18,,1559126,49,,,1,58,,1559148,49,,,1,18,,1559127,49,,,1
80401,'20261011',703,,1559153,49,,,1,17,,1559154,49,,,1,18,,1559205,49,,,1,18,,1559204,49,,,1,58,,1559155,49,,,1,18,,1559206,49,,,1,17,,1559193,49,,,1,57,,1559194,49,,,1,15,,1559195,49,,,1,16,,1559207,49,,,1,15,,1559157,49,,,1,56,,1559196,49,,,1,15,,1559197,49,,,1,16,,1559208,49,,,1,16,,1559156,49,,,1,54,,1559198,49,,,1,15,,1559199,49,,,1,14,,1559209,49,,,1,14,,1559158,49,,,1,55,,1559200,49,,,1,14,,1559201,49,,,1,15,,1559159,49,,,1,15,,1559202,49,,,1,54,,1559160,49,,,1,15,,1559161,49,,,1,14,,1559162,49,,,1,15,,1559163,49,,,1,55,,1559164,49,,,1,15,,1559165,49,,,1,15,,1559166,49,,,1,15,,1559167,49,,,1,55,,1559168,49,,,1,15,,1559169,49,,,1,15,,1559170,49,,,1,15,,1559171,49,,,1,54,,1559172,49,,,1,15,,1559173,49,,,1,14,,1559174,49,,,1,15,,1559175,49,,,1,54,,1559176,49,,,1,16,,1559177,49,,,1,16,,1559178,49,,,1,19,,1559179,49,,,1,58,,1559180,49,,,1,19,,1559181,49,,,1,18,,1559203,49,,,1,59,,1559210,49,,,1,18,,1559182,49,,,1,18,,1559183,49,,,1,58,,1559211,49,,,1,18,,1559184,49,,,1,18,,1559212,49,,,1,18,,1559185,49,,,1,57,,1559186,49,,,1,18,,1559213,49,,,1,18,,1559187,49,,,1,58,,1559214,49,,,1,18,,1559188,49,,,1,18,,1559189,49,,,1,18,,1559215,49,,,1,58,,1559190,49,,,1,18,,1559216,49,,,1,18,,1559191,49,,,1,58,,1559217,49,,,1,18,,1559192,49,,,1
80401,'20261012',703,,1559218,49,,,1,17,,1559219,49,,,1,18,,1559270,49,,,1,18,,1559269,49,,,1,58,,1559220,49,,,1,18,,1559271,49,,,1,17,,1559258,49,,,1,57,,1559259,49,,,1,15,,1559260,49,,,1,16,,1559272,49,,,1,15,,1559222,49,,,1,56,,1559261,49,,,1,15,,1559262,49,,,1,16,,1559273,49,,,1,16,,1559221,49,,,1,54,,1559263,49,,,1,15,,1559264,49,,,1,14,,1559274,49,,,1,14,,1559223,49,,,1,55,,1559265,49,,,1,14,,1559266,49,,,1,15,,1559224,49,,,1,15,,1559267,49,,,1,54,,1559225,49,,,1,15,,1559226,49,,,1,14,,1559227,49,,,1,15,,1559228,49,,,1,55,,1559229,49,,,1,15,,1559230,49,,,1,15,,1559231,49,,,1,15,,1559232,49,,,1,55,,1559233,49,,,1,15,,1559234,49,,,1,15,,1559235,49,,,1,15,,1559236,49,,,1,54,,1559237,49,,,1,15,,1559238,49,,,1,14,,1559239,49,,,1,15,,1559240,49,,,1,54,,1559241,49,,,1,16,,1559242,49,,,1,16,,1559243,49,,,1,19,,1559244,49,,,1,58,,1559245,49,,,1,19,,1559246,49,,,1,18,,1559268,49,,,1,59,,1559275,49,,,1,18,,1559247,49,,,1,18,,1559248,49,,,1,58,,1559276,49,,,1,18,,1559249,49,,,1,18,,1559277,49,,,1,18,,1559250,49,,,1,57,,1559251,49,,,1,18,,1559278,49,,,1,18,,1559252,49,,,1,58,,1559279,49,,,1,18,,1559253,49,,,1,18,,1559254,49,,,1,18,,1559280,49,,,1,58,,1559255,49,,,1,18,,1559281,49,,,1,18,,1559256,49,,,1,58,,1559282,49,,,1,18,,1559257,49,,,1
80401,'20261013',554,,1589685,49,,,1,55,,1589673,49,,,1,15,,1589609,49,,,1,15,,1589674,49,,,1,16,,1589656,49,,,1,55,,1589610,49,,,1,13,,1589611,49,,,1,11,,1589612,49,,,1,9,,1589613,49,,,1,12,,1589669,49,,,1,50,,1589663,49,,,1,10,,1589614,49,,,1,10,,1589615,49,,,1,9,,1589616,49,,,1,9,,1589617,49,,,1,11,,1589630,49,,,1,52,,1589631,49,,,1,14,,1589632,49,,,1,15,,1589670,49,,,1,15,,1589618,49,,,1,54,,1589619,49,,,1,14,,1589620,49,,,1,15,,1589621,49,,,1,15,,1589622,49,,,1,54,,1589671,49,,,1,16,,1589664,49,,,1,14,,1589623,49,,,1,15,,1589624,49,,,1,54,,1589625,49,,,1,17,,1589626,49,,,1,15,,1589627,49,,,1,15,,1589668,49,,,1,55,,1589628,49,,,1,15,,1589633,49,,,1,15,,1589634,49,,,1,15,,1589665,49,,,1,55,,1589629,49,,,1,15,,1589635,49,,,1,14,,1589636,49,,,1,16,,1589637,49,,,1,55,,1589638,49,,,1,15,,1589639,49,,,1,16,,1589667,49,,,1,14,,1589640,49,,,1,57,,1589641,49,,,1,14,,1589643,49,,,1,17,,1589672,49,,,1,16,,1589644,49,,,1,51,,1589645,49,,,1,12,,1589642,49,,,1,10,,1589646,49,,,1,12,,1589655,49,,,1,14,,1589680,49,,,1,54,,1589657,49,,,1,15,,1589647,49,,,1,15,,1589683,49,,,1,18,,1589666,49,,,1,57,,1589658,49,,,1,18,,1589659,49,,,1,18,,1589648,49,,,1,58,,1589649,49,,,1,18,,1589677,49,,,1,17,,1589660,49,,,1,18,,1589678,49,,,1,58,,1589679,49,,,1,18,,1589676,49,,,1,18,,1589675,49,,,1,57,,1589662,49,,,1,18,,1589661,49,,,1,16,,1589650,49,,,1,17,,1589651,49,,,1,57,,1589682,49,,,1,18,,1589652,49,,,1,17,,1589681,49,,,1,58,,1589653,49,,,1,16,,1589654,49,,,1,17,,1589684,49,,,1,58,,1589686,49,,,1
80401,'20261014',554,,1589763,49,,,1,55,,1589751,49,,,1,15,,1589687,49,,,1,15,,1589752,49,,,1,16,,1589734,49,,,1,55,,1589688,49,,,1,13,,1589689,49,,,1,11,,1589690,49,,,1,9,,1589691,49,,,1,12,,1589747,49,,,1,50,,1589741,49,,,1,10,,1589692,49,,,1,10,,1589693,49,,,1,9,,1589694,49,,,1,9,,1589695,49,,,1,11,,1589708,49,,,1,52,,1589709,49,,,1,14,,1589710,49,,,1,15,,1589748,49,,,1,15,,1589696,49,,,1,54,,1589697,49,,,1,14,,1589698,49,,,1,15,,1589699,49,,,1,15,,1589700,49,,,1,54,,1589749,49,,,1,16,,1589742,49,,,1,14,,1589701,49,,,1,15,,1589702,49,,,1,54,,1589703,49,,,1,17,,1589704,49,,,1,15,,1589705,49,,,1,15,,1589746,49,,,1,55,,1589706,49,,,1,15,,1589711,49,,,1,15,,1589712,49,,,1,15,,1589743,49,,,1,55,,1589707,49,,,1,15,,1589713,49,,,1,14,,1589714,49,,,1,16,,1589715,49,,,1,55,,1589716,49,,,1,15,,1589717,49,,,1,16,,1589745,49,,,1,14,,1589718,49,,,1,57,,1589719,49,,,1,14,,1589721,49,,,1,17,,1589750,49,,,1,16,,1589722,49,,,1,51,,1589723,49,,,1,12,,1589720,49,,,1,10,,1589724,49,,,1,12,,1589733,49,,,1,14,,1589758,49,,,1,54,,1589735,49,,,1,15,,1589725,49,,,1,15,,1589761,49,,,1,18,,1589744,49,,,1,57,,1589736,49,,,1,18,,1589737,49,,,1,18,,1589726,49,,,1,58,,1589727,49,,,1,18,,1589755,49,,,1,17,,1589738,49,,,1,18,,1589756,49,,,1,58,,1589757,49,,,1,18,,1589754,49,,,1,18,,1589753,49,,,1,57,,1589740,49,,,1,18,,1589739,49,,,1,16,,1589728,49,,,1,17,,1589729,49,,,1,57,,1589760,49,,,1,18,,1589730,49,,,1,17,,1589759,49,,,1,58,,1589731,49,,,1,16,,1589732,49,,,1,17,,1589762,49,,,1,58,,1589764,49,,,1
80401,'20261015',554,,1589841,49,,,1,55,,1589829,49,,,1,15,,1589765,49,,,1,15,,1589830,49,,,1,16,,1589812,49,,,1,55,,1589766,49,,,1,13,,1589767,49,,,1,11,,1589768,49,,,1,9,,1589769,49,,,1,12,,1589825,49,,,1,50,,1589819,49,,,1,10,,1589770,49,,,1,10,,1589771,49,,,1,9,,1589772,49,,,1,9,,1589773,49,,,1,11,,1589786,49,,,1,52,,1589787,49,,,1,14,,1589788,49,,,1,15,,1589826,49,,,1,15,,1589774,49,,,1,54,,1589775,49,,,1,14,,1589776,49,,,1,15,,1589777,49,,,1,15,,1589778,49,,,1,54,,1589827,49,,,1,16,,1589820,49,,,1,14,,1589779,49,,,1,15,,1589780,49,,,1,54,,1589781,49,,,1,17,,1589782,49,,,1,15,,1589783,49,,,1,15,,1589824,49,,,1,55,,1589784,49,,,1,15,,1589789,49,,,1,15,,1589790,49,,,1,15,,1589821,49,,,1,55,,1589785,49,,,1,15,,1589791,49,,,1,14,,1589792,49,,,1,16,,1589793,49,,,1,55,,1589794,49,,,1,15,,1589795,49,,,1,16,,1589823,49,,,1,14,,1589796,49,,,1,57,,1589797,49,,,1,14,,1589799,49,,,1,17,,1589828,49,,,1,16,,1589800,49,,,1,51,,1589801,49,,,1,12,,1589798,49,,,1,10,,1589802,49,,,1,12,,1589811,49,,,1,14,,1589836,49,,,1,54,,1589813,49,,,1,15,,1589803,49,,,1,15,,1589839,49,,,1,18,,1589822,49,,,1,57,,1589814,49,,,1,18,,1589815,49,,,1,18,,1589804,49,,,1,58,,1589805,49,,,1,18,,1589833,49,,,1,17,,1589816,49,,,1,18,,1589834,49,,,1,58,,1589835,49,,,1,18,,1589832,49,,,1,18,,1589831,49,,,1,57,,1589818,49,,,1,18,,1589817,49,,,1,16,,1589806,49,,,1,17,,1589807,49,,,1,57,,1589838,49,,,1,18,,1589808,49,,,1,17,,1589837,49,,,1,58,,1589809,49,,,1,16,,1589810,49,,,1,17,,1589840,49,,,1,58,,1589842,49,,,1
80401,'20261016',554,,1589919,49,,,1,55,,1589907,49,,,1,15,,1589843,49,,,1,15,,1589908,49,,,1,16,,1589890,49,,,1,55,,1589844,49,,,1,13,,1589845,49,,,1,11,,1589846,49,,,1,9,,1589847,49,,,1,12,,1589903,49,,,1,50,,1589897,49,,,1,10,,1589848,49,,,1,10,,1589849,49,,,1,9,,1589850,49,,,1,9,,1589851,49,,,1,11,,1589864,49,,,1,52,,1589865,49,,,1,14,,1589866,49,,,1,15,,1589904,49,,,1,15,,1589852,49,,,1,54,,1589853,49,,,1,14,,1589854,49,,,1,15,,1589855,49,,,1,15,,1589856,49,,,1,54,,1589905,49,,,1,16,,1589898,49,,,1,14,,1589857,49,,,1,15,,1589858,49,,,1,54,,1589859,49,,,1,17,,1589860,49,,,1,15,,1589861,49,,,1,15,,1589902,49,,,1,55,,1589862,49,,,1,15,,1589867,49,,,1,15,,1589868,49,,,1,15,,1589899,49,,,1,55,,1589863,49,,,1,15,,1589869,49,,,1,14,,1589870,49,,,1,16,,1589871,49,,,1,55,,1589872,49,,,1,15,,1589873,49,,,1,16,,1589901,49,,,1,14,,1589874,49,,,1,57,,1589875,49,,,1,14,,1589877,49,,,1,17,,1589906,49,,,1,16,,1589878,49,,,1,51,,1589879,49,,,1,12,,1589876,49,,,1,10,,1589880,49,,,1,12,,1589889,49,,,1,14,,1589914,49,,,1,54,,1589891,49,,,1,15,,1589881,49,,,1,15,,1589917,49,,,1,18,,1589900,49,,,1,57,,1589892,49,,,1,18,,1589893,49,,,1,18,,1589882,49,,,1,58,,1589883,49,,,1,18,,1589911,49,,,1,17,,1589894,49,,,1,18,,1589912,49,,,1,58,,1589913,49,,,1,18,,1589910,49,,,1,18,,1589909,49,,,1,57,,1589896,49,,,1,18,,1589895,49,,,1,16,,1589884,49,,,1,17,,1589885,49,,,1,57,,1589916,49,,,1,18,,1589886,49,,,1,17,,1589915,49,,,1,58,,1589887,49,,,1,16,,1589888,49,,,1,17,,1589918,49,,,1,58,,1589920,49,,,1
80702,'20261002',528,,1592023,18,,,1,15,,1592024,18,,,1,14,,1592025,18,,,1,55,,1592026,18,,,1,15,,1592027,18,,,1,16,,1592028,18,,,1,14,,1592029,18,,,1,46,,1592030,18,,,1,7,,1592031,18,,,1,8,,1592032,18,,,1,8,,1592033,18,,,1,4,,1592034,18,,,1,6,,1592035,18,,,1,3,,1592036,18,,,1,7,,1592037,18,,,1,8,,1592038,18,,,1,4,,1592039,18,,,1,46,,1592040,18,,,1,11,,1592041,18,,,1,10,,1592042,18,,,1,12,,1592043,18,,,1,10,,1592044,18,,,1,11,,1592045,18,,,1,51,,1592046,18,,,1,13,,1592047,18,,,1,14,,1592048,18,,,1,14,,1592049,18,,,1,55,,1592050,18,,,1,15,,1592051,18,,,1,15,,1592052,18,,,1,15,,1592053,18,,,1,54,,1592054,18,,,1,14,,1592055,18,,,1,14,,1592056,18,,,1,14,,1592057,18,,,1,55,,1592058,18,,,1,16,,1592059,18,,,1,12,,1592060,18,,,1,13,,1592061,18,,,1,12,,1592062,18,,,1,52,,1592063,18,,,1,12,,1592064,18,,,1,12,,1592065,18,,,1,12,,1592066,18,,,1,12,,1592067,18,,,1,52,,1592068,18,,,1,11,,1592069,18,,,1,11,,1592070,18,,,1,12,,1592071,18,,,1,13,,1592072,18,,,1,50,,1592073,18,,,1,9,,1592074,18,,,1,10,,1592075,18,,,1,10,,1592076,18,,,1,11,,1592077,18,,,1,9,,1592078,18,,,1,51,,1592079,18,,,1,10,,1592080,18,,,1,11,,1592081,18,,,1,10,,1592082,18,,,1,10,,1592083,18,,,1,10,,1592084,18,,,1,51,,1592085,18,,,1,13,,1592086,18,,,1,12,,1592087,18,,,1,13,,1592088,18,,,1,12,,1592089,18,,,1,53,,1592090,18,,,1,14,,1592091,18,,,1,15,,1592092,18,,,1,15,,1592093,18,,,1,55,,1592094,18,,,1,16,,1592095,18,,,1,16,,1592096,18,,,1,15,,1592097,18,,,1,55,,1592098,18,,,1,15,,1592099,18,,,1,15,,1592100,18,,,1,15,,1592101,18,,,1,55,,1592102,18,,,1,14,,1592103,18,,,1,15,,1592104,18,,,1,15,,1592105,18,,,1,55,,1592106,18,,,1,15,,1592107,18,,,1,15,,1592108,18,,,1,15,,1592109,18,,,1,55,,1592110,18,,,1,15,,1592111,18,,,1,16,,1592112,18,,,1,16,,1592113,18,,,1,56,,1592114,18,,,1,15,,1592115,18,,,1,15,,1592116,18,,,1,14,,1592117,18,,,1,55,,1592118,18,,,1
80702,'20261003',549,,1592119,18,,,1,55,,1592120,18,,,1,14,,1592121,18,,,1,15,,1592122,18,,,1,15,,1592123,18,,,1,55,,1592124,18,,,1,15,,1592125,18,,,1,15,,1592126,18,,,1,15,,1592127,18,,,1,55,,1592128,18,,,1,14,,1592129,18,,,1,14,,1592130,18,,,1,14,,1592131,18,,,1,55,,1592132,18,,,1,15,,1592133,18,,,1,14,,1592134,18,,,1,14,,1592135,18,,,1,15,,1592136,18,,,1,55,,1592137,18,,,1,15,,1592138,18,,,1,15,,1592139,18,,,1,15,,1592140,18,,,1,55,,1592141,18,,,1,15,,1592142,18,,,1,14,,1592143,18,,,1,15,,1592144,18,,,1,56,,1592145,18,,,1,14,,1592146,18,,,1,14,,1592147,18,,,1,15,,1592148,18,,,1,55,,1592149,18,,,1,14,,1592150,18,,,1,15,,1592151,18,,,1,15,,1592152,18,,,1,55,,1592153,18,,,1,15,,1592154,18,,,1,15,,1592155,18,,,1,15,,1592156,18,,,1,55,,1592157,18,,,1,15,,1592158,18,,,1,15,,1592159,18,,,1,15,,1592160,18,,,1,55,,1592161,18,,,1,15,,1592162,18,,,1,15,,1592163,18,,,1,16,,1592164,18,,,1,55,,1592165,18,,,1,15,,1592166,18,,,1,15,,1592167,18,,,1,15,,1592168,18,,,1,56,,1592169,18,,,1,16,,1592170,18,,,1,15,,1592171,18,,,1,15,,1592172,18,,,1,55,,1592173,18,,,1,15,,1592174,18,,,1,15,,1592175,18,,,1,16,,1592176,18,,,1,55,,1592177,18,,,1,16,,1592178,18,,,1,15,,1592179,18,,,1,55,,1592180,18,,,1,15,,1592181,18,,,1,15,,1592182,18,,,1,16,,1592183,18,,,1,55,,1592184,18,,,1,15,,1592185,18,,,1,15,,1592186,18,,,1,15,,1592187,18,,,1,55,,1592188,18,,,1,16,,1592189,18,,,1,16,,1592190,18,,,1,15,,1592191,18,,,1,55,,1592192,18,,,1,15,,1592193,18,,,1,15,,1592194,18,,,1,15,,1592195,18,,,1,55,,1592196,18,,,1
80702,'20261004',549,,1592197,18,,,1,55,,1592198,18,,,1,14,,1592199,18,,,1,15,,1592200,18,,,1,15,,1592201,18,,,1,55,,1592202,18,,,1,15,,1592203,18,,,1,15,,1592204,18,,,1,15,,1592205,18,,,1,55,,1592206,18,,,1,14,,1592207,18,,,1,14,,1592208,18,,,1,14,,1592209,18,,,1,55,,1592210,18,,,1,15,,1592211,18,,,1,14,,1592212,18,,,1,14,,1592213,18,,,1,15,,1592214,18,,,1,55,,1592215,18,,,1,15,,1592216,18,,,1,15,,1592217,18,,,1,15,,1592218,18,,,1,55,,1592219,18,,,1,15,,1592220,18,,,1,14,,1592221,18,,,1,15,,1592222,18,,,1,56,,1592223,18,,,1,14,,1592224,18,,,1,14,,1592225,18,,,1,15,,1592226,18,,,1,55,,1592227,18,,,1,14,,1592228,18,,,1,15,,1592229,18,,,1,15,,1592230,18,,,1,55,,1592231,18,,,1,15,,1592232,18,,,1,15,,1592233,18,,,1,15,,1592234,18,,,1,55,,1592235,18,,,1,15,,1592236,18,,,1,15,,1592237,18,,,1,15,,1592238,18,,,1,55,,1592239,18,,,1,15,,1592240,18,,,1,15,,1592241,18,,,1,16,,1592242,18,,,1,55,,1592243,18,,,1,15,,1592244,18,,,1,15,,1592245,18,,,1,15,,1592246,18,,,1,56,,1592247,18,,,1,16,,1592248,18,,,1,15,,1592249,18,,,1,15,,1592250,18,,,1,55,,1592251,18,,,1,15,,1592252,18,,,1,15,,1592253,18,,,1,16,,1592254,18,,,1,55,,1592255,18,,,1,16,,1592256,18,,,1,15,,1592257,18,,,1,55,,1592258,18,,,1,15,,1592259,18,,,1,15,,1592260,18,,,1,16,,1592261,18,,,1,55,,1592262,18,,,1,15,,1592263,18,,,1,15,,1592264,18,,,1,15,,1592265,18,,,1,55,,1592266,18,,,1,16,,1592267,18,,,1,16,,1592268,18,,,1,15,,1592269,18,,,1,55,,1592270,18,,,1,15,,1592271,18,,,1,15,,1592272,18,,,1,15,,1592273,18,,,1,55,,1592274,18,,,1
80702,'20261005',528,,1592275,18,,,1,15,,1592276,18,,,1,14,,1592277,18,,,1,55,,1592278,18,,,1,15,,1592279,18,,,1,16,,1592280,18,,,1,14,,1592281,18,,,1,46,,1592282,18,,,1,7,,1592283,18,,,1,8,,1592284,18,,,1,8,,1592285,18,,,1,4,,1592286,18,,,1,6,,1592287,18,,,1,3,,1592288,18,,,1,7,,1592289,18,,,1,8,,1592290,18,,,1,4,,1592291,18,,,1,46,,1592292,18,,,1,11,,1592293,18,,,1,10,,1592294,18,,,1,12,,1592295,18,,,1,10,,1592296,18,,,1,11,,1592297,18,,,1,51,,1592298,18,,,1,13,,1592299,18,,,1,14,,1592300,18,,,1,14,,1592301,18,,,1,55,,1592302,18,,,1,15,,1592303,18,,,1,15,,1592304,18,,,1,15,,1592305,18,,,1,54,,1592306,18,,,1,14,,1592307,18,,,1,14,,1592308,18,,,1,14,,1592309,18,,,1,55,,1592310,18,,,1,16,,1592311,18,,,1,12,,1592312,18,,,1,13,,1592313,18,,,1,12,,1592314,18,,,1,52,,1592315,18,,,1,12,,1592316,18,,,1,12,,1592317,18,,,1,12,,1592318,18,,,1,12,,1592319,18,,,1,52,,1592320,18,,,1,11,,1592321,18,,,1,11,,1592322,18,,,1,12,,1592323,18,,,1,13,,1592324,18,,,1,50,,1592325,18,,,1,9,,1592326,18,,,1,10,,1592327,18,,,1,10,,1592328,18,,,1,11,,1592329,18,,,1,9,,1592330,18,,,1,51,,1592331,18,,,1,10,,1592332,18,,,1,11,,1592333,18,,,1,10,,1592334,18,,,1,10,,1592335,18,,,1,10,,1592336,18,,,1,51,,1592337,18,,,1,13,,1592338,18,,,1,12,,1592339,18,,,1,13,,1592340,18,,,1,12,,1592341,18,,,1,53,,1592342,18,,,1,14,,1592343,18,,,1,15,,1592344,18,,,1,15,,1592345,18,,,1,55,,1592346,18,,,1,16,,1592347,18,,,1,16,,1592348,18,,,1,15,,1592349,18,,,1,55,,1592350,18,,,1,15,,1592351,18,,,1,15,,1592352,18,,,1,15,,1592353,18,,,1,55,,1592354,18,,,1,14,,1592355,18,,,1,15,,1592356,18,,,1,15,,1592357,18,,,1,55,,1592358,18,,,1,15,,1592359,18,,,1,15,,1592360,18,,,1,15,,1592361,18,,,1,55,,1592362,18,,,1,15,,1592363,18,,,1,16,,1592364,18,,,1,16,,1592365,18,,,1,56,,1592366,18,,,1,15,,1592367,18,,,1,15,,1592368,18,,,1,14,,1592369,18,,,1,55,,1592370,18,,,1
80702,'20261006',528,,1539176,18,,,1,15,,1539136,18,,,1,14,,1539137,18,,,1,55,,1539138,18,,,1,15,,1539139,18,,,1,16,,1539140,18,,,1,14,,1539141,18,,,1,46,,1539085,18,,,1,7,,1539167,18,,,1,8,,1539168,18,,,1,8,,1539174,18,,,1,4,,1539177,18,,,1,6,,1539169,18,,,1,3,,1539178,18,,,1,7,,1539170,18,,,1,8,,1539171,18,,,1,4,,1539179,18,,,1,46,,1539172,18,,,1,11,,1539173,18,,,1,10,,1539166,18,,,1,12,,1539086,18,,,1,10,,1539087,18,,,1,11,,1539088,18,,,1,51,,1539089,18,,,1,13,,1539090,18,,,1,14,,1539091,18,,,1,14,,1539092,18,,,1,55,,1539093,18,,,1,15,,1539094,18,,,1,15,,1539095,18,,,1,15,,1539096,18,,,1,54,,1539097,18,,,1,14,,1539098,18,,,1,14,,1539099,18,,,1,14,,1539100,18,,,1,55,,1539101,18,,,1,16,,1539102,18,,,1,12,,1539103,18,,,1,13,,1539104,18,,,1,12,,1539105,18,,,1,52,,1539106,18,,,1,12,,1539107,18,,,1,12,,1539108,18,,,1,12,,1539109,18,,,1,12,,1539110,18,,,1,52,,1539111,18,,,1,11,,1539112,18,,,1,11,,1539113,18,,,1,12,,1539114,18,,,1,13,,1539115,18,,,1,50,,1539116,18,,,1,9,,1539117,18,,,1,10,,1539118,18,,,1,10,,1539119,18,,,1,11,,1539120,18,,,1,9,,1539121,18,,,1,51,,1539122,18,,,1,10,,1539123,18,,,1,11,,1539124,18,,,1,10,,1539125,18,,,1,10,,1539126,18,,,1,10,,1539127,18,,,1,51,,1539128,18,,,1,13,,1539129,18,,,1,12,,1539130,18,,,1,13,,1539131,18,,,1,12,,1539132,18,,,1,53,,1539133,18,,,1,14,,1539134,18,,,1,15,,1539135,18,,,1,15,,1539142,18,,,1,55,,1539143,18,,,1,16,,1539144,18,,,1,16,,1539145,18,,,1,15,,1539146,18,,,1,55,,1539147,18,,,1,15,,1539148,18,,,1,15,,1539149,18,,,1,15,,1539150,18,,,1,55,,1539151,18,,,1,14,,1539152,18,,,1,15,,1539153,18,,,1,15,,1539154,18,,,1,55,,1539155,18,,,1,15,,1539156,18,,,1,15,,1539157,18,,,1,15,,1539158,18,,,1,55,,1539159,18,,,1,15,,1539160,18,,,1,16,,1539161,18,,,1,16,,1539162,18,,,1,56,,1539163,18,,,1,15,,1539164,18,,,1,15,,1539165,18,,,1,14,,1539084,18,,,1,55,,1539175,18,,,1
80702,'20261007',528,,1539272,18,,,1,15,,1539232,18,,,1,14,,1539233,18,,,1,55,,1539234,18,,,1,15,,1539235,18,,,1,16,,1539236,18,,,1,14,,1539237,18,,,1,46,,1539181,18,,,1,7,,1539263,18,,,1,8,,1539264,18,,,1,8,,1539270,18,,,1,4,,1539273,18,,,1,6,,1539265,18,,,1,3,,1539274,18,,,1,7,,1539266,18,,,1,8,,1539267,18,,,1,4,,1539275,18,,,1,46,,1539268,18,,,1,11,,1539269,18,,,1,10,,1539262,18,,,1,12,,1539182,18,,,1,10,,1539183,18,,,1,11,,1539184,18,,,1,51,,1539185,18,,,1,13,,1539186,18,,,1,14,,1539187,18,,,1,14,,1539188,18,,,1,55,,1539189,18,,,1,15,,1539190,18,,,1,15,,1539191,18,,,1,15,,1539192,18,,,1,54,,1539193,18,,,1,14,,1539194,18,,,1,14,,1539195,18,,,1,14,,1539196,18,,,1,55,,1539197,18,,,1,16,,1539198,18,,,1,12,,1539199,18,,,1,13,,1539200,18,,,1,12,,1539201,18,,,1,52,,1539202,18,,,1,12,,1539203,18,,,1,12,,1539204,18,,,1,12,,1539205,18,,,1,12,,1539206,18,,,1,52,,1539207,18,,,1,11,,1539208,18,,,1,11,,1539209,18,,,1,12,,1539210,18,,,1,13,,1539211,18,,,1,50,,1539212,18,,,1,9,,1539213,18,,,1,10,,1539214,18,,,1,10,,1539215,18,,,1,11,,1539216,18,,,1,9,,1539217,18,,,1,51,,1539218,18,,,1,10,,1539219,18,,,1,11,,1539220,18,,,1,10,,1539221,18,,,1,10,,1539222,18,,,1,10,,1539223,18,,,1,51,,1539224,18,,,1,13,,1539225,18,,,1,12,,1539226,18,,,1,13,,1539227,18,,,1,12,,1539228,18,,,1,53,,1539229,18,,,1,14,,1539230,18,,,1,15,,1539231,18,,,1,15,,1539238,18,,,1,55,,1539239,18,,,1,16,,1539240,18,,,1,16,,1539241,18,,,1,15,,1539242,18,,,1,55,,1539243,18,,,1,15,,1539244,18,,,1,15,,1539245,18,,,1,15,,1539246,18,,,1,55,,1539247,18,,,1,14,,1539248,18,,,1,15,,1539249,18,,,1,15,,1539250,18,,,1,55,,1539251,18,,,1,15,,1539252,18,,,1,15,,1539253,18,,,1,15,,1539254,18,,,1,55,,1539255,18,,,1,15,,1539256,18,,,1,16,,1539257,18,,,1,16,,1539258,18,,,1,56,,1539259,18,,,1,15,,1539260,18,,,1,15,,1539261,18,,,1,14,,1539180,18,,,1,55,,1539271,18,,,1
80702,'20261008',528,,1539368,18,,,1,15,,1539328,18,,,1,14,,1539329,18,,,1,55,,1539330,18,,,1,15,,1539331,18,,,1,16,,1539332,18,,,1,14,,1539333,18,,,1,46,,1539277,18,,,1,7,,1539359,18,,,1,8,,1539360,18,,,1,8,,1539366,18,,,1,4,,1539369,18,,,1,6,,1539361,18,,,1,3,,1539370,18,,,1,7,,1539362,18,,,1,8,,1539363,18,,,1,4,,1539371,18,,,1,46,,1539364,18,,,1,11,,1539365,18,,,1,10,,1539358,18,,,1,12,,1539278,18,,,1,10,,1539279,18,,,1,11,,1539280,18,,,1,51,,1539281,18,,,1,13,,1539282,18,,,1,14,,1539283,18,,,1,14,,1539284,18,,,1,55,,1539285,18,,,1,15,,1539286,18,,,1,15,,1539287,18,,,1,15,,1539288,18,,,1,54,,1539289,18,,,1,14,,1539290,18,,,1,14,,1539291,18,,,1,14,,1539292,18,,,1,55,,1539293,18,,,1,16,,1539294,18,,,1,12,,1539295,18,,,1,13,,1539296,18,,,1,12,,1539297,18,,,1,52,,1539298,18,,,1,12,,1539299,18,,,1,12,,1539300,18,,,1,12,,1539301,18,,,1,12,,1539302,18,,,1,52,,1539303,18,,,1,11,,1539304,18,,,1,11,,1539305,18,,,1,12,,1539306,18,,,1,13,,1539307,18,,,1,50,,1539308,18,,,1,9,,1539309,18,,,1,10,,1539310,18,,,1,10,,1539311,18,,,1,11,,1539312,18,,,1,9,,1539313,18,,,1,51,,1539314,18,,,1,10,,1539315,18,,,1,11,,1539316,18,,,1,10,,1539317,18,,,1,10,,1539318,18,,,1,10,,1539319,18,,,1,51,,1539320,18,,,1,13,,1539321,18,,,1,12,,1539322,18,,,1,13,,1539323,18,,,1,12,,1539324,18,,,1,53,,1539325,18,,,1,14,,1539326,18,,,1,15,,1539327,18,,,1,15,,1539334,18,,,1,55,,1539335,18,,,1,16,,1539336,18,,,1,16,,1539337,18,,,1,15,,1539338,18,,,1,55,,1539339,18,,,1,15,,1539340,18,,,1,15,,1539341,18,,,1,15,,1539342,18,,,1,55,,1539343,18,,,1,14,,1539344,18,,,1,15,,1539345,18,,,1,15,,1539346,18,,,1,55,,1539347,18,,,1,15,,1539348,18,,,1,15,,1539349,18,,,1,15,,1539350,18,,,1,55,,1539351,18,,,1,15,,1539352,18,,,1,16,,1539353,18,,,1,16,,1539354,18,,,1,56,,1539355,18,,,1,15,,1539356,18,,,1,15,,1539357,18,,,1,14,,1539276,18,,,1,55,,1539367,18,,,1
80702,'20261009',528,,1539464,18,,,1,15,,1539424,18,,,1,14,,1539425,18,,,1,55,,1539426,18,,,1,15,,1539427,18,,,1,16,,1539428,18,,,1,14,,1539429,18,,,1,46,,1539373,18,,,1,7,,1539455,18,,,1,8,,1539456,18,,,1,8,,1539462,18,,,1,4,,1539465,18,,,1,6,,1539457,18,,,1,3,,1539466,18,,,1,7,,1539458,18,,,1,8,,1539459,18,,,1,4,,1539467,18,,,1,46,,1539460,18,,,1,11,,1539461,18,,,1,10,,1539454,18,,,1,12,,1539374,18,,,1,10,,1539375,18,,,1,11,,1539376,18,,,1,51,,1539377,18,,,1,13,,1539378,18,,,1,14,,1539379,18,,,1,14,,1539380,18,,,1,55,,1539381,18,,,1,15,,1539382,18,,,1,15,,1539383,18,,,1,15,,1539384,18,,,1,54,,1539385,18,,,1,14,,1539386,18,,,1,14,,1539387,18,,,1,14,,1539388,18,,,1,55,,1539389,18,,,1,16,,1539390,18,,,1,12,,1539391,18,,,1,13,,1539392,18,,,1,12,,1539393,18,,,1,52,,1539394,18,,,1,12,,1539395,18,,,1,12,,1539396,18,,,1,12,,1539397,18,,,1,12,,1539398,18,,,1,52,,1539399,18,,,1,11,,1539400,18,,,1,11,,1539401,18,,,1,12,,1539402,18,,,1,13,,1539403,18,,,1,50,,1539404,18,,,1,9,,1539405,18,,,1,10,,1539406,18,,,1,10,,1539407,18,,,1,11,,1539408,18,,,1,9,,1539409,18,,,1,51,,1539410,18,,,1,10,,1539411,18,,,1,11,,1539412,18,,,1,10,,1539413,18,,,1,10,,1539414,18,,,1,10,,1539415,18,,,1,51,,1539416,18,,,1,13,,1539417,18,,,1,12,,1539418,18,,,1,13,,1539419,18,,,1,12,,1539420,18,,,1,53,,1539421,18,,,1,14,,1539422,18,,,1,15,,1539423,18,,,1,15,,1539430,18,,,1,55,,1539431,18,,,1,16,,1539432,18,,,1,16,,1539433,18,,,1,15,,1539434,18,,,1,55,,1539435,18,,,1,15,,1539436,18,,,1,15,,1539437,18,,,1,15,,1539438,18,,,1,55,,1539439,18,,,1,14,,1539440,18,,,1,15,,1539441,18,,,1,15,,1539442,18,,,1,55,,1539443,18,,,1,15,,1539444,18,,,1,15,,1539445,18,,,1,15,,1539446,18,,,1,55,,1539447,18,,,1,15,,1539448,18,,,1,16,,1539449,18,,,1,16,,1539450,18,,,1,56,,1539451,18,,,1,15,,1539452,18,,,1,15,,1539453,18,,,1,14,,1539372,18,,,1,55,,1539463,18,,,1
80702,'20261010',549,,1561098,18,,,1,55,,1561099,18,,,1,14,,1561100,18,,,1,15,,1561174,18,,,1,15,,1561101,18,,,1,55,,1561102,18,,,1,15,,1561175,18,,,1,15,,1561103,18,,,1,15,,1561104,18,,,1,55,,1561105,18,,,1,14,,1561106,18,,,1,14,,1561107,18,,,1,14,,1561108,18,,,1,55,,1561109,18,,,1,15,,1561110,18,,,1,14,,1561111,18,,,1,14,,1561112,18,,,1,15,,1561113,18,,,1,55,,1561114,18,,,1,15,,1561115,18,,,1,15,,1561116,18,,,1,15,,1561117,18,,,1,55,,1561118,18,,,1,15,,1561119,18,,,1,14,,1561120,18,,,1,15,,1561121,18,,,1,56,,1561122,18,,,1,14,,1561123,18,,,1,14,,1561124,18,,,1,15,,1561125,18,,,1,55,,1561126,18,,,1,14,,1561127,18,,,1,15,,1561128,18,,,1,15,,1561129,18,,,1,55,,1561130,18,,,1,15,,1561131,18,,,1,15,,1561132,18,,,1,15,,1561133,18,,,1,55,,1561134,18,,,1,15,,1561135,18,,,1,15,,1561136,18,,,1,15,,1561137,18,,,1,55,,1561138,18,,,1,15,,1561139,18,,,1,15,,1561140,18,,,1,16,,1561141,18,,,1,55,,1561142,18,,,1,15,,1561143,18,,,1,15,,1561144,18,,,1,15,,1561145,18,,,1,56,,1561146,18,,,1,16,,1561147,18,,,1,15,,1561148,18,,,1,15,,1561149,18,,,1,55,,1561150,18,,,1,15,,1561151,18,,,1,15,,1561152,18,,,1,16,,1561153,18,,,1,55,,1561154,18,,,1,16,,1561155,18,,,1,15,,1561156,18,,,1,55,,1561157,18,,,1,15,,1561158,18,,,1,15,,1561159,18,,,1,16,,1561160,18,,,1,55,,1561161,18,,,1,15,,1561162,18,,,1,15,,1561163,18,,,1,15,,1561164,18,,,1,55,,1561165,18,,,1,16,,1561166,18,,,1,16,,1561167,18,,,1,15,,1561168,18,,,1,55,,1561169,18,,,1,15,,1561170,18,,,1,15,,1561171,18,,,1,15,,1561172,18,,,1,55,,1561173,18,,,1
80702,'20261011',549,,1561176,18,,,1,55,,1561177,18,,,1,14,,1561178,18,,,1,15,,1561252,18,,,1,15,,1561179,18,,,1,55,,1561180,18,,,1,15,,1561253,18,,,1,15,,1561181,18,,,1,15,,1561182,18,,,1,55,,1561183,18,,,1,14,,1561184,18,,,1,14,,1561185,18,,,1,14,,1561186,18,,,1,55,,1561187,18,,,1,15,,1561188,18,,,1,14,,1561189,18,,,1,14,,1561190,18,,,1,15,,1561191,18,,,1,55,,1561192,18,,,1,15,,1561193,18,,,1,15,,1561194,18,,,1,15,,1561195,18,,,1,55,,1561196,18,,,1,15,,1561197,18,,,1,14,,1561198,18,,,1,15,,1561199,18,,,1,56,,1561200,18,,,1,14,,1561201,18,,,1,14,,1561202,18,,,1,15,,1561203,18,,,1,55,,1561204,18,,,1,14,,1561205,18,,,1,15,,1561206,18,,,1,15,,1561207,18,,,1,55,,1561208,18,,,1,15,,1561209,18,,,1,15,,1561210,18,,,1,15,,1561211,18,,,1,55,,1561212,18,,,1,15,,1561213,18,,,1,15,,1561214,18,,,1,15,,1561215,18,,,1,55,,1561216,18,,,1,15,,1561217,18,,,1,15,,1561218,18,,,1,16,,1561219,18,,,1,55,,1561220,18,,,1,15,,1561221,18,,,1,15,,1561222,18,,,1,15,,1561223,18,,,1,56,,1561224,18,,,1,16,,1561225,18,,,1,15,,1561226,18,,,1,15,,1561227,18,,,1,55,,1561228,18,,,1,15,,1561229,18,,,1,15,,1561230,18,,,1,16,,1561231,18,,,1,55,,1561232,18,,,1,16,,1561233,18,,,1,15,,1561234,18,,,1,55,,1561235,18,,,1,15,,1561237,18,,,1,15,,1561238,18,,,1,16,,1561239,18,,,1,55,,1561236,18,,,1,15,,1561240,18,,,1,15,,1561241,18,,,1,15,,1561242,18,,,1,55,,1561243,18,,,1,16,,1561244,18,,,1,16,,1561245,18,,,1,15,,1561246,18,,,1,55,,1561247,18,,,1,15,,1561248,18,,,1,15,,1561249,18,,,1,15,,1561250,18,,,1,55,,1561251,18,,,1
80702,'20261012',549,,1561254,18,,,1,55,,1561255,18,,,1,14,,1561256,18,,,1,15,,1561330,18,,,1,15,,1561257,18,,,1,55,,1561258,18,,,1,15,,1561331,18,,,1,15,,1561259,18,,,1,15,,1561260,18,,,1,55,,1561261,18,,,1,14,,1561262,18,,,1,14,,1561263,18,,,1,14,,1561264,18,,,1,55,,1561265,18,,,1,15,,1561266,18,,,1,14,,1561267,18,,,1,14,,1561268,18,,,1,15,,1561269,18,,,1,55,,1561270,18,,,1,15,,1561271,18,,,1,15,,1561272,18,,,1,15,,1561273,18,,,1,55,,1561274,18,,,1,15,,1561275,18,,,1,14,,1561276,18,,,1,15,,1561277,18,,,1,56,,1561278,18,,,1,14,,1561279,18,,,1,14,,1561280,18,,,1,15,,1561281,18,,,1,55,,1561282,18,,,1,14,,1561283,18,,,1,15,,1561284,18,,,1,15,,1561285,18,,,1,55,,1561286,18,,,1,15,,1561287,18,,,1,15,,1561288,18,,,1,15,,1561289,18,,,1,55,,1561290,18,,,1,15,,1561291,18,,,1,15,,1561292,18,,,1,15,,1561293,18,,,1,55,,1561294,18,,,1,15,,1561295,18,,,1,15,,1561296,18,,,1,16,,1561297,18,,,1,55,,1561298,18,,,1,15,,1561299,18,,,1,15,,1561300,18,,,1,15,,1561301,18,,,1,56,,1561302,18,,,1,16,,1561303,18,,,1,15,,1561304,18,,,1,15,,1561305,18,,,1,55,,1561306,18,,,1,15,,1561307,18,,,1,15,,1561308,18,,,1,16,,1561309,18,,,1,55,,1561310,18,,,1,16,,1561311,18,,,1,15,,1561312,18,,,1,55,,1561313,18,,,1,15,,1561315,18,,,1,15,,1561316,18,,,1,16,,1561317,18,,,1,55,,1561314,18,,,1,15,,1561318,18,,,1,15,,1561319,18,,,1,15,,1561320,18,,,1,55,,1561321,18,,,1,16,,1561322,18,,,1,16,,1561323,18,,,1,15,,1561324,18,,,1,55,,1561325,18,,,1,15,,1561326,18,,,1,15,,1561327,18,,,1,15,,1561328,18,,,1,55,,1561329,18,,,1
80702,'20261013',528,,1592463,18,,,1,15,,1592423,18,,,1,14,,1592424,18,,,1,55,,1592425,18,,,1,15,,1592426,18,,,1,16,,1592427,18,,,1,14,,1592428,18,,,1,46,,1592372,18,,,1,7,,1592454,18,,,1,8,,1592455,18,,,1,8,,1592461,18,,,1,4,,1592464,18,,,1,6,,1592456,18,,,1,3,,1592465,18,,,1,7,,1592457,18,,,1,8,,1592458,18,,,1,4,,1592466,18,,,1,46,,1592459,18,,,1,11,,1592460,18,,,1,10,,1592453,18,,,1,12,,1592373,18,,,1,10,,1592374,18,,,1,11,,1592375,18,,,1,51,,1592376,18,,,1,13,,1592377,18,,,1,14,,1592378,18,,,1,14,,1592379,18,,,1,55,,1592380,18,,,1,15,,1592381,18,,,1,15,,1592382,18,,,1,15,,1592383,18,,,1,54,,1592384,18,,,1,14,,1592385,18,,,1,14,,1592386,18,,,1,14,,1592387,18,,,1,55,,1592388,18,,,1,16,,1592389,18,,,1,12,,1592390,18,,,1,13,,1592391,18,,,1,12,,1592392,18,,,1,52,,1592393,18,,,1,12,,1592394,18,,,1,12,,1592395,18,,,1,12,,1592396,18,,,1,12,,1592397,18,,,1,52,,1592398,18,,,1,11,,1592399,18,,,1,11,,1592400,18,,,1,12,,1592401,18,,,1,13,,1592402,18,,,1,50,,1592403,18,,,1,9,,1592404,18,,,1,10,,1592405,18,,,1,10,,1592406,18,,,1,11,,1592407,18,,,1,9,,1592408,18,,,1,51,,1592409,18,,,1,10,,1592410,18,,,1,11,,1592411,18,,,1,10,,1592412,18,,,1,10,,1592413,18,,,1,10,,1592414,18,,,1,51,,1592415,18,,,1,13,,1592416,18,,,1,12,,1592417,18,,,1,13,,1592418,18,,,1,12,,1592419,18,,,1,53,,1592420,18,,,1,14,,1592421,18,,,1,15,,1592422,18,,,1,15,,1592429,18,,,1,55,,1592430,18,,,1,16,,1592431,18,,,1,16,,1592432,18,,,1,15,,1592433,18,,,1,55,,1592434,18,,,1,15,,1592435,18,,,1,15,,1592436,18,,,1,15,,1592437,18,,,1,55,,1592438,18,,,1,14,,1592439,18,,,1,15,,1592440,18,,,1,15,,1592441,18,,,1,55,,1592442,18,,,1,15,,1592443,18,,,1,15,,1592444,18,,,1,15,,1592445,18,,,1,55,,1592446,18,,,1,15,,1592447,18,,,1,16,,1592448,18,,,1,16,,1592449,18,,,1,56,,1592450,18,,,1,15,,1592451,18,,,1,15,,1592452,18,,,1,14,,1592371,18,,,1,55,,1592462,18,,,1
80702,'20261014',528,,1592559,18,,,1,15,,1592519,18,,,1,14,,1592520,18,,,1,55,,1592521,18,,,1,15,,1592522,18,,,1,16,,1592523,18,,,1,14,,1592524,18,,,1,46,,1592468,18,,,1,7,,1592550,18,,,1,8,,1592551,18,,,1,8,,1592557,18,,,1,4,,1592560,18,,,1,6,,1592552,18,,,1,3,,1592561,18,,,1,7,,1592553,18,,,1,8,,1592554,18,,,1,4,,1592562,18,,,1,46,,1592555,18,,,1,11,,1592556,18,,,1,10,,1592549,18,,,1,12,,1592469,18,,,1,10,,1592470,18,,,1,11,,1592471,18,,,1,51,,1592472,18,,,1,13,,1592473,18,,,1,14,,1592474,18,,,1,14,,1592475,18,,,1,55,,1592476,18,,,1,15,,1592477,18,,,1,15,,1592478,18,,,1,15,,1592479,18,,,1,54,,1592480,18,,,1,14,,1592481,18,,,1,14,,1592482,18,,,1,14,,1592483,18,,,1,55,,1592484,18,,,1,16,,1592485,18,,,1,12,,1592486,18,,,1,13,,1592487,18,,,1,12,,1592488,18,,,1,52,,1592489,18,,,1,12,,1592490,18,,,1,12,,1592491,18,,,1,12,,1592492,18,,,1,12,,1592493,18,,,1,52,,1592494,18,,,1,11,,1592495,18,,,1,11,,1592496,18,,,1,12,,1592497,18,,,1,13,,1592498,18,,,1,50,,1592499,18,,,1,9,,1592500,18,,,1,10,,1592501,18,,,1,10,,1592502,18,,,1,11,,1592503,18,,,1,9,,1592504,18,,,1,51,,1592505,18,,,1,10,,1592506,18,,,1,11,,1592507,18,,,1,10,,1592508,18,,,1,10,,1592509,18,,,1,10,,1592510,18,,,1,51,,1592511,18,,,1,13,,1592512,18,,,1,12,,1592513,18,,,1,13,,1592514,18,,,1,12,,1592515,18,,,1,53,,1592516,18,,,1,14,,1592517,18,,,1,15,,1592518,18,,,1,15,,1592525,18,,,1,55,,1592526,18,,,1,16,,1592527,18,,,1,16,,1592528,18,,,1,15,,1592529,18,,,1,55,,1592530,18,,,1,15,,1592531,18,,,1,15,,1592532,18,,,1,15,,1592533,18,,,1,55,,1592534,18,,,1,14,,1592535,18,,,1,15,,1592536,18,,,1,15,,1592537,18,,,1,55,,1592538,18,,,1,15,,1592539,18,,,1,15,,1592540,18,,,1,15,,1592541,18,,,1,55,,1592542,18,,,1,15,,1592543,18,,,1,16,,1592544,18,,,1,16,,1592545,18,,,1,56,,1592546,18,,,1,15,,1592547,18,,,1,15,,1592548,18,,,1,14,,1592467,18,,,1,55,,1592558,18,,,1
80702,'20261015',528,,1592655,18,,,1,15,,1592615,18,,,1,14,,1592616,18,,,1,55,,1592617,18,,,1,15,,1592618,18,,,1,16,,1592619,18,,,1,14,,1592620,18,,,1,46,,1592564,18,,,1,7,,1592646,18,,,1,8,,1592647,18,,,1,8,,1592653,18,,,1,4,,1592656,18,,,1,6,,1592648,18,,,1,3,,1592657,18,,,1,7,,1592649,18,,,1,8,,1592650,18,,,1,4,,1592658,18,,,1,46,,1592651,18,,,1,11,,1592652,18,,,1,10,,1592645,18,,,1,12,,1592565,18,,,1,10,,1592566,18,,,1,11,,1592567,18,,,1,51,,1592568,18,,,1,13,,1592569,18,,,1,14,,1592570,18,,,1,14,,1592571,18,,,1,55,,1592572,18,,,1,15,,1592573,18,,,1,15,,1592574,18,,,1,15,,1592575,18,,,1,54,,1592576,18,,,1,14,,1592577,18,,,1,14,,1592578,18,,,1,14,,1592579,18,,,1,55,,1592580,18,,,1,16,,1592581,18,,,1,12,,1592582,18,,,1,13,,1592583,18,,,1,12,,1592584,18,,,1,52,,1592585,18,,,1,12,,1592586,18,,,1,12,,1592587,18,,,1,12,,1592588,18,,,1,12,,1592589,18,,,1,52,,1592590,18,,,1,11,,1592591,18,,,1,11,,1592592,18,,,1,12,,1592593,18,,,1,13,,1592594,18,,,1,50,,1592595,18,,,1,9,,1592596,18,,,1,10,,1592597,18,,,1,10,,1592598,18,,,1,11,,1592599,18,,,1,9,,1592600,18,,,1,51,,1592601,18,,,1,10,,1592602,18,,,1,11,,1592603,18,,,1,10,,1592604,18,,,1,10,,1592605,18,,,1,10,,1592606,18,,,1,51,,1592607,18,,,1,13,,1592608,18,,,1,12,,1592609,18,,,1,13,,1592610,18,,,1,12,,1592611,18,,,1,53,,1592612,18,,,1,14,,1592613,18,,,1,15,,1592614,18,,,1,15,,1592621,18,,,1,55,,1592622,18,,,1,16,,1592623,18,,,1,16,,1592624,18,,,1,15,,1592625,18,,,1,55,,1592626,18,,,1,15,,1592627,18,,,1,15,,1592628,18,,,1,15,,1592629,18,,,1,55,,1592630,18,,,1,14,,1592631,18,,,1,15,,1592632,18,,,1,15,,1592633,18,,,1,55,,1592634,18,,,1,15,,1592635,18,,,1,15,,1592636,18,,,1,15,,1592637,18,,,1,55,,1592638,18,,,1,15,,1592639,18,,,1,16,,1592640,18,,,1,16,,1592641,18,,,1,56,,1592642,18,,,1,15,,1592643,18,,,1,15,,1592644,18,,,1,14,,1592563,18,,,1,55,,1592654,18,,,1
80702,'20261016',528,,1592751,18,,,1,15,,1592711,18,,,1,14,,1592712,18,,,1,55,,1592713,18,,,1,15,,1592714,18,,,1,16,,1592715,18,,,1,14,,1592716,18,,,1,46,,1592660,18,,,1,7,,1592742,18,,,1,8,,1592743,18,,,1,8,,1592749,18,,,1,4,,1592752,18,,,1,6,,1592744,18,,,1,3,,1592753,18,,,1,7,,1592745,18,,,1,8,,1592746,18,,,1,4,,1592754,18,,,1,46,,1592747,18,,,1,11,,1592748,18,,,1,10,,1592741,18,,,1,12,,1592661,18,,,1,10,,1592662,18,,,1,11,,1592663,18,,,1,51,,1592664,18,,,1,13,,1592665,18,,,1,14,,1592666,18,,,1,14,,1592667,18,,,1,55,,1592668,18,,,1,15,,1592669,18,,,1,15,,1592670,18,,,1,15,,1592671,18,,,1,54,,1592672,18,,,1,14,,1592673,18,,,1,14,,1592674,18,,,1,14,,1592675,18,,,1,55,,1592676,18,,,1,16,,1592677,18,,,1,12,,1592678,18,,,1,13,,1592679,18,,,1,12,,1592680,18,,,1,52,,1592681,18,,,1,12,,1592682,18,,,1,12,,1592683,18,,,1,12,,1592684,18,,,1,12,,1592685,18,,,1,52,,1592686,18,,,1,11,,1592687,18,,,1,11,,1592688,18,,,1,12,,1592689,18,,,1,13,,1592690,18,,,1,50,,1592691,18,,,1,9,,1592692,18,,,1,10,,1592693,18,,,1,10,,1592694,18,,,1,11,,1592695,18,,,1,9,,1592696,18,,,1,51,,1592697,18,,,1,10,,1592698,18,,,1,11,,1592699,18,,,1,10,,1592700,18,,,1,10,,1592701,18,,,1,10,,1592702,18,,,1,51,,1592703,18,,,1,13,,1592704,18,,,1,12,,1592705,18,,,1,13,,1592706,18,,,1,12,,1592707,18,,,1,53,,1592708,18,,,1,14,,1592709,18,,,1,15,,1592710,18,,,1,15,,1592717,18,,,1,55,,1592718,18,,,1,16,,1592719,18,,,1,16,,1592720,18,,,1,15,,1592721,18,,,1,55,,1592722,18,,,1,15,,1592723,18,,,1,15,,1592724,18,,,1,15,,1592725,18,,,1,55,,1592726,18,,,1,14,,1592727,18,,,1,15,,1592728,18,,,1,15,,1592729,18,,,1,55,,1592730,18,,,1,15,,1592731,18,,,1,15,,1592732,18,,,1,15,,1592733,18,,,1,55,,1592734,18,,,1,15,,1592735,18,,,1,16,,1592736,18,,,1,16,,1592737,18,,,1,56,,1592738,18,,,1,15,,1592739,18,,,1,15,,1592740,18,,,1,14,,1592659,18,,,1,55,,1592750,18,,,1
90702,'20261002',2542,,1593484,18,,,0,85,,1593485,18,,,0
90702,'20261003',2542,,1593486,18,,,0,85,,1593487,18,,,0
90702,'20261009',2542,,1540201,18,,,0,85,,1540202,18,,,0
90702,'20261010',2542,,1561852,18,,,0,85,,1561853,18,,,0
90702,'20261016',2542,,1593488,18,,,0,85,,1593489,18,,,0
