1202,'20260929',653,,1542664,44,,,0,77,,1542665,44,,,0,71,,1542666,44,,,0,34,,1542667,44,,,0,70,,1542668,44,,,0,96,,1542669,44,,,0,99,,1542670,44,,,0,100,,1542671,44,,,0,59,,1542672,44,,,0,100,,1542673,44,,,0,99,,1542674,44,,,0,101,,1542675,44,,,0,146,,1542676,44,,,0,104,,1542677,44,,,0,92,,1542678,44,,,0,57,,1542679,44,,,0,100,,1542680,44,,,0,99,,1542681,44,,,0,99,,1542682,44,,,0
1202,'20260930',653,,1542684,44,,,0,77,,1542685,44,,,0,71,,1542686,44,,,0,34,,1542687,44,,,0,70,,1542688,44,,,0,96,,1542689,44,,,0,99,,1542690,44,,,0,100,,1542691,44,,,0,59,,1542692,44,,,0,100,,1542693,44,,,0,99,,1542694,44,,,0,101,,1542695,44,,,0,146,,1542696,44,,,0,104,,1542697,44,,,0,92,,1542698,44,,,0,57,,1542699,44,,,0,100,,1542700,44,,,0,99,,1542701,44,,,0,99,,1542702,44,,,0
1202,'20261001',653,,1542704,44,,,0,77,,1542705,44,,,0,71,,1542706,44,,,0,34,,1542707,44,,,0,70,,1542708,44,,,0,96,,1542709,44,,,0,99,,1542710,44,,,0,100,,1542711,44,,,0,59,,1542712,44,,,0,100,,1542713,44,,,0,99,,1542714,44,,,0,101,,1542715,44,,,0,146,,1542716,44,,,0,104,,1542717,44,,,0,92,,1542718,44,,,0,57,,1542719,44,,,0,100,,1542720,44,,,0,99,,1542721,44,,,0,99,,1542722,44,,,0
1202,'20261002',653,,1465142,44,,,0,77,,1465124,44,,,0,71,,1465125,44,,,0,34,,1465126,44,,,0,70,,1465127,44,,,0,96,,1465128,44,,,0,99,,1465129,44,,,0,100,,1465130,44,,,0,59,,1465131,44,,,0,100,,1465132,44,,,0,99,,1465133,44,,,0,101,,1465134,44,,,0,146,,1465135,44,,,0,104,,1465136,44,,,0,92,,1465137,44,,,0,57,,1465138,44,,,0,100,,1465139,44,,,0,99,,1465140,44,,,0,99,,1465141,44,,,0
1202,'20261003',835,,1488153,44,,,0,101,,1488154,44,,,0,103,,1488155,44,,,0,100,,1488162,45,,,0,107,,1488163,45,,,0,102,,1488164,45,,,0,95,,1488165,45,,,0,106,,1488166,45,,,0,99,,1488167,45,,,0,98,,1488168,45,,,0,97,,1488156,45,,,0,94,,1488157,44,,,0,99,,1488158,44,,,0,99,,1488159,44,,,0,100,,1488160,44,,,0,100,,1488161,44,,,0
1202,'20261004',835,,1488169,44,,,0,101,,1488170,44,,,0,103,,1488171,44,,,0,100,,1488172,45,,,0,107,,1488173,45,,,0,102,,1488174,45,,,0,95,,1488175,45,,,0,106,,1488176,45,,,0,99,,1488177,45,,,0,98,,1488178,45,,,0,97,,1488179,45,,,0,94,,1488180,44,,,0,99,,1488181,44,,,0,99,,1488182,44,,,0,100,,1488183,44,,,0,100,,1488184,44,,,0
1202,'20261005',653,,1488203,44,,,0,77,,1488185,44,,,0,71,,1488186,44,,,0,34,,1488187,44,,,0,70,,1488188,44,,,0,96,,1488189,44,,,0,99,,1488190,44,,,0,100,,1488191,44,,,0,59,,1488192,44,,,0,100,,1488193,44,,,0,99,,1488194,44,,,0,101,,1488195,44,,,0,146,,1488196,44,,,0,104,,1488197,44,,,0,92,,1488198,44,,,0,57,,1488199,44,,,0,100,,1488200,44,,,0,99,,1488201,44,,,0,99,,1488202,44,,,0
1202,'20261006',653,,1512068,44,,,0,77,,1512050,44,,,0,71,,1512051,44,,,0,34,,1512052,44,,,0,70,,1512053,44,,,0,96,,1512054,44,,,0,99,,1512055,44,,,0,100,,1512056,44,,,0,59,,1512057,44,,,0,100,,1512058,44,,,0,99,,1512059,44,,,0,101,,1512060,44,,,0,146,,1512061,44,,,0,104,,1512062,44,,,0,92,,1512063,44,,,0,57,,1512064,44,,,0,100,,1512065,44,,,0,99,,1512066,44,,,0,99,,1512067,44,,,0
1202,'20261007',653,,1512087,44,,,0,77,,1512069,44,,,0,71,,1512070,44,,,0,34,,1512071,44,,,0,70,,1512072,44,,,0,96,,1512073,44,,,0,99,,1512074,44,,,0,100,,1512075,44,,,0,59,,1512076,44,,,0,100,,1512077,44,,,0,99,,1512078,44,,,0,101,,1512079,44,,,0,146,,1512080,44,,,0,104,,1512081,44,,,0,92,,1512082,44,,,0,57,,1512083,44,,,0,100,,1512084,44,,,0,99,,1512085,44,,,0,99,,1512086,44,,,0
1202,'20261008',653,,1512106,44,,,0,77,,1512088,44,,,0,71,,1512089,44,,,0,34,,1512090,44,,,0,70,,1512091,44,,,0,96,,1512092,44,,,0,99,,1512093,44,,,0,100,,1512094,44,,,0,59,,1512095,44,,,0,100,,1512096,44,,,0,99,,1512097,44,,,0,101,,1512098,44,,,0,146,,1512099,44,,,0,104,,1512100,44,,,0,92,,1512101,44,,,0,57,,1512102,44,,,0,100,,1512103,44,,,0,99,,1512104,44,,,0,99,,1512105,44,,,0
1202,'20261009',653,,1512125,44,,,0,77,,1512107,44,,,0,71,,1512108,44,,,0,34,,1512109,44,,,0,70,,1512110,44,,,0,96,,1512111,44,,,0,99,,1512112,44,,,0,100,,1512113,44,,,0,59,,1512114,44,,,0,100,,1512115,44,,,0,99,,1512116,44,,,0,101,,1512117,44,,,0,146,,1512118,44,,,0,104,,1512119,44,,,0,92,,1512120,44,,,0,57,,1512121,44,,,0,100,,1512122,44,,,0,99,,1512123,44,,,0,99,,1512124,44,,,0
1202,'20261010',835,,1542723,44,,,0,101,,1542724,44,,,0,103,,1542725,44,,,0,100,,1542732,45,,,0,107,,1542733,45,,,0,102,,1542734,45,,,0,95,,1542735,45,,,0,106,,1542736,45,,,0,99,,1542737,45,,,0,98,,1542738,45,,,0,97,,1542726,45,,,0,94,,1542727,44,,,0,99,,1542728,44,,,0,99,,1542729,44,,,0,100,,1542730,44,,,0,100,,1542731,44,,,0
1202,'20261011',835,,1542739,44,,,0,101,,1542740,44,,,0,103,,1542741,44,,,0,100,,1542742,45,,,0,107,,1542743,45,,,0,102,,1542744,45,,,0,95,,1542745,45,,,0,106,,1542746,45,,,0,99,,1542747,45,,,0,98,,1542748,45,,,0,97,,1542749,45,,,0,94,,1542750,44,,,0,99,,1542751,44,,,0,99,,1542752,44,,,0,100,,1542753,44,,,0,100,,1542754,44,,,0
1202,'20261012',835,,1542755,44,,,0,101,,1542756,44,,,0,103,,1542757,44,,,0,100,,1542758,45,,,0,107,,1542759,45,,,0,102,,1542760,45,,,0,95,,1542761,45,,,0,106,,1542762,45,,,0,99,,1542763,45,,,0,98,,1542764,45,,,0,97,,1542765,45,,,0,94,,1542766,44,,,0,99,,1542767,44,,,0,99,,1542768,44,,,0,100,,1542769,44,,,0,100,,1542770,44,,,0
7000,'20260929',623,,1547713,4,,,0,16,,1547714,4,,,0,20,,1547715,4,,,0,62,,1547716,4,,,0,19,,1547717,4,,,0,62,,1547718,4,,,0,20,,1547719,4,,,0,22,,1547720,4,,,0,60,,1547721,4,,,0,21,,1547722,4,,,0,20,,1547723,4,,,0,59,,1547724,4,,,0,18,,1547725,4,,,0,19,,1547726,4,,,0,60,,1547727,4,,,0,19,,1547728,4,,,0,20,,1547729,4,,,0,16,,1547730,4,,,0,61,,1547731,4,,,0,18,,1547732,4,,,0,23,,1547733,4,,,0,59,,1547734,4,,,0,19,,1547735,4,,,0,20,,1547736,4,,,0,59,,1547737,4,,,0,17,,1547738,4,,,0,22,,1547739,4,,,0,60,,1547740,4,,,0,23,,1547741,4,,,0,63,,1547742,4,,,0,22,,1547743,4,,,0,26,,1547744,4,,,0,59,,1547745,4,,,0,22,,1547746,4,,,0,19,,1547747,4,,,0,59,,1547748,4,,,0,21,,1547749,4,,,0,19,,1547750,4,,,0,70,,1547751,4,,,0,30,,1547752,4,,,0,70,,1547753,4,,,0,30,,1547754,4,,,0,70,,1547755,4,,,0,30,,1547756,4,,,0,70,,1547757,4,,,0,32,,1547758,4,,,0,70,,1547759,4,,,0
7000,'20260930',623,,1547761,4,,,0,16,,1547762,4,,,0,20,,1547763,4,,,0,62,,1547764,4,,,0,19,,1547765,4,,,0,62,,1547766,4,,,0,20,,1547767,4,,,0,22,,1547768,4,,,0,60,,1547769,4,,,0,21,,1547770,4,,,0,20,,1547771,4,,,0,59,,1547772,4,,,0,18,,1547773,4,,,0,19,,1547774,4,,,0,60,,1547775,4,,,0,19,,1547776,4,,,0,20,,1547777,4,,,0,16,,1547778,4,,,0,61,,1547779,4,,,0,18,,1547780,4,,,0,23,,1547781,4,,,0,59,,1547782,4,,,0,19,,1547783,4,,,0,20,,1547784,4,,,0,59,,1547785,4,,,0,17,,1547786,4,,,0,22,,1547787,4,,,0,60,,1547788,4,,,0,23,,1547789,4,,,0,63,,1547790,4,,,0,22,,1547791,4,,,0,26,,1547792,4,,,0,59,,1547793,4,,,0,22,,1547794,4,,,0,19,,1547795,4,,,0,59,,1547796,4,,,0,21,,1547797,4,,,0,19,,1547798,4,,,0,70,,1547799,4,,,0,30,,1547800,4,,,0,70,,1547801,4,,,0,30,,1547802,4,,,0,70,,1547803,4,,,0,30,,1547804,4,,,0,70,,1547805,4,,,0,32,,1547806,4,,,0,70,,1547807,4,,,0
7000,'20261001',623,,1547809,4,,,0,16,,1547810,4,,,0,20,,1547811,4,,,0,62,,1547812,4,,,0,19,,1547813,4,,,0,62,,1547814,4,,,0,20,,1547815,4,,,0,22,,1547816,4,,,0,60,,1547817,4,,,0,21,,1547818,4,,,0,20,,1547819,4,,,0,59,,1547820,4,,,0,18,,1547821,4,,,0,19,,1547822,4,,,0,60,,1547823,4,,,0,19,,1547824,4,,,0,20,,1547825,4,,,0,16,,1547826,4,,,0,61,,1547827,4,,,0,18,,1547828,4,,,0,23,,1547829,4,,,0,59,,1547830,4,,,0,19,,1547831,4,,,0,20,,1547832,4,,,0,59,,1547833,4,,,0,17,,1547834,4,,,0,22,,1547835,4,,,0,60,,1547836,4,,,0,23,,1547837,4,,,0,63,,1547838,4,,,0,22,,1547839,4,,,0,26,,1547840,4,,,0,59,,1547841,4,,,0,22,,1547842,4,,,0,19,,1547843,4,,,0,59,,1547844,4,,,0,21,,1547845,4,,,0,19,,1547846,4,,,0,70,,1547847,4,,,0,30,,1547848,4,,,0,70,,1547849,4,,,0,30,,1547850,4,,,0,70,,1547851,4,,,0,30,,1547852,4,,,0,70,,1547853,4,,,0,32,,1547854,4,,,0,70,,1547855,4,,,0
7000,'20261002',623,,1470628,4,,,0,16,,1470641,4,,,0,20,,1470642,4,,,0,62,,1470629,4,,,0,19,,1470643,4,,,0,62,,1470644,4,,,0,20,,1470630,4,,,0,22,,1470645,4,,,0,60,,1470646,4,,,0,21,,1470631,4,,,0,20,,1470647,4,,,0,59,,1470648,4,,,0,18,,1470632,4,,,0,19,,1470649,4,,,0,60,,1470650,4,,,0,19,,1470633,4,,,0,20,,1470651,4,,,0,16,,1470652,4,,,0,61,,1470634,4,,,0,18,,1470653,4,,,0,23,,1470654,4,,,0,59,,1470635,4,,,0,19,,1470655,4,,,0,20,,1470656,4,,,0,59,,1470636,4,,,0,17,,1470657,4,,,0,22,,1470658,4,,,0,60,,1470637,4,,,0,23,,1470659,4,,,0,63,,1470660,4,,,0,22,,1470638,4,,,0,26,,1470661,4,,,0,59,,1470662,4,,,0,22,,1470639,4,,,0,19,,1470663,4,,,0,59,,1470664,4,,,0,21,,1470640,4,,,0,19,,1470665,4,,,0,70,,1470666,4,,,0,30,,1470667,4,,,0,70,,1470668,4,,,0,30,,1470669,4,,,0,70,,1470670,4,,,0,30,,1470671,4,,,0,70,,1470672,4,,,0,32,,1470673,4,,,0,70,,1470674,4,,,0
7000,'20261003',619,,1493605,4,,,0,30,,1493623,4,,,0,70,,1493606,4,,,0,29,,1493624,4,,,0,70,,1493607,4,,,0,30,,1493625,4,,,0,69,,1493608,4,,,0,30,,1493626,4,,,0,69,,1493609,4,,,0,30,,1493627,4,,,0,70,,1493610,4,,,0,29,,1493628,4,,,0,69,,1493611,4,,,0,30,,1493629,4,,,0,69,,1493612,4,,,0,30,,1493630,4,,,0,70,,1493613,4,,,0,30,,1493631,4,,,0,70,,1493614,4,,,0,30,,1493632,4,,,0,71,,1493615,4,,,0,30,,1493633,4,,,0,71,,1493616,4,,,0,32,,1493634,4,,,0,70,,1493617,4,,,0,30,,1493638,4,,,0,72,,1493635,4,,,0,30,,1493618,4,,,0,70,,1493636,4,,,0,30,,1493619,4,,,0,70,,1493622,4,,,0,30,,1493620,4,,,0,70,,1493637,4,,,0,30,,1493621,4,,,0
7000,'20261004',619,,1493639,4,,,0,30,,1493656,4,,,0,70,,1493640,4,,,0,29,,1493657,4,,,0,70,,1493641,4,,,0,30,,1493658,4,,,0,69,,1493642,4,,,0,30,,1493659,4,,,0,69,,1493643,4,,,0,30,,1493660,4,,,0,70,,1493644,4,,,0,29,,1493661,4,,,0,69,,1493645,4,,,0,30,,1493662,4,,,0,69,,1493646,4,,,0,30,,1493663,4,,,0,70,,1493647,4,,,0,30,,1493664,4,,,0,70,,1493648,4,,,0,30,,1493665,4,,,0,71,,1493649,4,,,0,30,,1493666,4,,,0,71,,1493650,4,,,0,32,,1493667,4,,,0,70,,1493651,4,,,0,30,,1493668,4,,,0,72,,1493652,4,,,0,30,,1493669,4,,,0,70,,1493653,4,,,0,30,,1493671,4,,,0,70,,1493654,4,,,0,30,,1493670,4,,,0,70,,1493655,4,,,0,30,,1493672,4,,,0
7000,'20261005',623,,1493673,4,,,0,16,,1493686,4,,,0,20,,1493687,4,,,0,62,,1493674,4,,,0,19,,1493688,4,,,0,62,,1493689,4,,,0,20,,1493675,4,,,0,22,,1493690,4,,,0,60,,1493691,4,,,0,21,,1493676,4,,,0,20,,1493692,4,,,0,59,,1493693,4,,,0,18,,1493677,4,,,0,19,,1493694,4,,,0,60,,1493695,4,,,0,19,,1493678,4,,,0,20,,1493696,4,,,0,16,,1493697,4,,,0,61,,1493679,4,,,0,18,,1493698,4,,,0,23,,1493699,4,,,0,59,,1493680,4,,,0,19,,1493700,4,,,0,20,,1493701,4,,,0,59,,1493681,4,,,0,17,,1493702,4,,,0,22,,1493703,4,,,0,60,,1493682,4,,,0,23,,1493704,4,,,0,63,,1493705,4,,,0,22,,1493683,4,,,0,26,,1493706,4,,,0,59,,1493707,4,,,0,22,,1493684,4,,,0,19,,1493708,4,,,0,59,,1493709,4,,,0,21,,1493685,4,,,0,19,,1493710,4,,,0,70,,1493711,4,,,0,30,,1493712,4,,,0,70,,1493713,4,,,0,30,,1493714,4,,,0,70,,1493715,4,,,0,30,,1493716,4,,,0,70,,1493717,4,,,0,32,,1493718,4,,,0,70,,1493719,4,,,0
7000,'20261006',623,,1519552,4,,,0,16,,1519565,4,,,0,20,,1519566,4,,,0,62,,1519553,4,,,0,19,,1519567,4,,,0,62,,1519568,4,,,0,20,,1519554,4,,,0,22,,1519569,4,,,0,60,,1519570,4,,,0,21,,1519555,4,,,0,20,,1519571,4,,,0,59,,1519572,4,,,0,18,,1519556,4,,,0,19,,1519573,4,,,0,60,,1519574,4,,,0,19,,1519557,4,,,0,20,,1519575,4,,,0,16,,1519576,4,,,0,61,,1519558,4,,,0,18,,1519577,4,,,0,23,,1519578,4,,,0,59,,1519559,4,,,0,19,,1519579,4,,,0,20,,1519580,4,,,0,59,,1519560,4,,,0,17,,1519581,4,,,0,22,,1519582,4,,,0,60,,1519561,4,,,0,23,,1519583,4,,,0,63,,1519584,4,,,0,22,,1519562,4,,,0,26,,1519585,4,,,0,59,,1519586,4,,,0,22,,1519563,4,,,0,19,,1519587,4,,,0,59,,1519588,4,,,0,21,,1519564,4,,,0,19,,1519589,4,,,0,70,,1519590,4,,,0,30,,1519591,4,,,0,70,,1519592,4,,,0,30,,1519593,4,,,0,70,,1519594,4,,,0,30,,1519595,4,,,0,70,,1519596,4,,,0,32,,1519597,4,,,0,70,,1519598,4,,,0
7000,'20261007',623,,1519599,4,,,0,16,,1519612,4,,,0,20,,1519613,4,,,0,62,,1519600,4,,,0,19,,1519614,4,,,0,62,,1519615,4,,,0,20,,1519601,4,,,0,22,,1519616,4,,,0,60,,1519617,4,,,0,21,,1519602,4,,,0,20,,1519618,4,,,0,59,,1519619,4,,,0,18,,1519603,4,,,0,19,,1519620,4,,,0,60,,1519621,4,,,0,19,,1519604,4,,,0,20,,1519622,4,,,0,16,,1519623,4,,,0,61,,1519605,4,,,0,18,,1519624,4,,,0,23,,1519625,4,,,0,59,,1519606,4,,,0,19,,1519626,4,,,0,20,,1519627,4,,,0,59,,1519607,4,,,0,17,,1519628,4,,,0,22,,1519629,4,,,0,60,,1519608,4,,,0,23,,1519630,4,,,0,63,,1519631,4,,,0,22,,1519609,4,,,0,26,,1519632,4,,,0,59,,1519633,4,,,0,22,,1519610,4,,,0,19,,1519634,4,,,0,59,,1519635,4,,,0,21,,1519611,4,,,0,19,,1519636,4,,,0,70,,1519637,4,,,0,30,,1519638,4,,,0,70,,1519639,4,,,0,30,,1519640,4,,,0,70,,1519641,4,,,0,30,,1519642,4,,,0,70,,1519643,4,,,0,32,,1519644,4,,,0,70,,1519645,4,,,0
7000,'20261008',623,,1519646,4,,,0,16,,1519659,4,,,0,20,,1519660,4,,,0,62,,1519647,4,,,0,19,,1519661,4,,,0,62,,1519662,4,,,0,20,,1519648,4,,,0,22,,1519663,4,,,0,60,,1519664,4,,,0,21,,1519649,4,,,0,20,,1519665,4,,,0,59,,1519666,4,,,0,18,,1519650,4,,,0,19,,1519667,4,,,0,60,,1519668,4,,,0,19,,1519651,4,,,0,20,,1519669,4,,,0,16,,1519670,4,,,0,61,,1519652,4,,,0,18,,1519671,4,,,0,23,,1519672,4,,,0,59,,1519653,4,,,0,19,,1519673,4,,,0,20,,1519674,4,,,0,59,,1519654,4,,,0,17,,1519675,4,,,0,22,,1519676,4,,,0,60,,1519655,4,,,0,23,,1519677,4,,,0,63,,1519678,4,,,0,22,,1519656,4,,,0,26,,1519679,4,,,0,59,,1519680,4,,,0,22,,1519657,4,,,0,19,,1519681,4,,,0,59,,1519682,4,,,0,21,,1519658,4,,,0,19,,1519683,4,,,0,70,,1519684,4,,,0,30,,1519685,4,,,0,70,,1519686,4,,,0,30,,1519687,4,,,0,70,,1519688,4,,,0,30,,1519689,4,,,0,70,,1519690,4,,,0,32,,1519691,4,,,0,70,,1519692,4,,,0
7000,'20261009',623,,1519693,4,,,0,16,,1519706,4,,,0,20,,1519707,4,,,0,62,,1519694,4,,,0,19,,1519708,4,,,0,62,,1519709,4,,,0,20,,1519695,4,,,0,22,,1519710,4,,,0,60,,1519711,4,,,0,21,,1519696,4,,,0,20,,1519712,4,,,0,59,,1519713,4,,,0,18,,1519697,4,,,0,19,,1519714,4,,,0,60,,1519715,4,,,0,19,,1519698,4,,,0,20,,1519716,4,,,0,16,,1519717,4,,,0,61,,1519699,4,,,0,18,,1519718,4,,,0,23,,1519719,4,,,0,59,,1519700,4,,,0,19,,1519720,4,,,0,20,,1519721,4,,,0,59,,1519701,4,,,0,17,,1519722,4,,,0,22,,1519723,4,,,0,60,,1519702,4,,,0,23,,1519724,4,,,0,63,,1519725,4,,,0,22,,1519703,4,,,0,26,,1519726,4,,,0,59,,1519727,4,,,0,22,,1519704,4,,,0,19,,1519728,4,,,0,59,,1519729,4,,,0,21,,1519705,4,,,0,19,,1519730,4,,,0,70,,1519731,4,,,0,30,,1519732,4,,,0,70,,1519733,4,,,0,30,,1519734,4,,,0,70,,1519735,4,,,0,30,,1519736,4,,,0,70,,1519737,4,,,0,32,,1519738,4,,,0,70,,1519739,4,,,0
7000,'20261010',619,,1547856,4,,,0,30,,1547874,4,,,0,70,,1547857,4,,,0,29,,1547875,4,,,0,70,,1547858,4,,,0,30,,1547876,4,,,0,69,,1547859,4,,,0,30,,1547877,4,,,0,69,,1547860,4,,,0,30,,1547878,4,,,0,70,,1547861,4,,,0,29,,1547879,4,,,0,69,,1547862,4,,,0,30,,1547880,4,,,0,69,,1547863,4,,,0,30,,1547881,4,,,0,70,,1547864,4,,,0,30,,1547882,4,,,0,70,,1547865,4,,,0,30,,1547883,4,,,0,71,,1547866,4,,,0,30,,1547884,4,,,0,71,,1547867,4,,,0,32,,1547885,4,,,0,70,,1547868,4,,,0,30,,1547889,4,,,0,72,,1547886,4,,,0,30,,1547869,4,,,0,70,,1547887,4,,,0,30,,1547870,4,,,0,70,,1547873,4,,,0,30,,1547871,4,,,0,70,,1547888,4,,,0,30,,1547872,4,,,0
7000,'20261011',619,,1547890,4,,,0,30,,1547907,4,,,0,70,,1547891,4,,,0,29,,1547908,4,,,0,70,,1547892,4,,,0,30,,1547909,4,,,0,69,,1547893,4,,,0,30,,1547910,4,,,0,69,,1547894,4,,,0,30,,1547911,4,,,0,70,,1547895,4,,,0,29,,1547912,4,,,0,69,,1547896,4,,,0,30,,1547913,4,,,0,69,,1547897,4,,,0,30,,1547914,4,,,0,70,,1547898,4,,,0,30,,1547915,4,,,0,70,,1547899,4,,,0,30,,1547916,4,,,0,71,,1547900,4,,,0,30,,1547917,4,,,0,71,,1547901,4,,,0,32,,1547918,4,,,0,70,,1547902,4,,,0,30,,1547919,4,,,0,72,,1547903,4,,,0,30,,1547920,4,,,0,70,,1547904,4,,,0,30,,1547922,4,,,0,70,,1547905,4,,,0,30,,1547921,4,,,0,70,,1547906,4,,,0,30,,1547923,4,,,0
7000,'20261012',619,,1547924,4,,,0,30,,1547941,4,,,0,70,,1547925,4,,,0,29,,1547942,4,,,0,70,,1547926,4,,,0,30,,1547943,4,,,0,69,,1547927,4,,,0,30,,1547944,4,,,0,69,,1547928,4,,,0,30,,1547945,4,,,0,70,,1547929,4,,,0,29,,1547946,4,,,0,69,,1547930,4,,,0,30,,1547947,4,,,0,69,,1547931,4,,,0,30,,1547948,4,,,0,70,,1547932,4,,,0,30,,1547949,4,,,0,70,,1547933,4,,,0,30,,1547950,4,,,0,71,,1547934,4,,,0,30,,1547951,4,,,0,71,,1547935,4,,,0,32,,1547952,4,,,0,70,,1547936,4,,,0,30,,1547953,4,,,0,72,,1547937,4,,,0,30,,1547954,4,,,0,70,,1547938,4,,,0,30,,1547956,4,,,0,70,,1547939,4,,,0,30,,1547955,4,,,0,70,,1547940,4,,,0,30,,1547957,4,,,0
9102,'20260929',538,,1551291,50,,,0,102,,1551292,50,,,0,72,,1551293,50,,,0,30,,1551294,50,,,0,70,,1551295,50,,,0,31,,1551296,50,,,0,69,,1551297,49,,,0,99,,1551298,49,,,0,100,,1551299,49,,,0,101,,1551300,49,,,0,99,,1551301,49,,,0,100,,1551302,49,,,0,100,,1551303,49,,,0,98,,1551304,50,,,0,104,,1551305,50,,,0,100,,1551306,50,,,0,98,,1551307,49,,,0,100,,1551308,49,,,0,99,,1551309,49,,,0,99,,1551310,49,,,0,98,,1551311,50,,,0
9102,'20260930',538,,1551312,50,,,0,102,,1551313,50,,,0,72,,1551314,50,,,0,30,,1551315,50,,,0,70,,1551316,50,,,0,31,,1551317,50,,,0,69,,1551318,49,,,0,99,,1551319,49,,,0,100,,1551320,49,,,0,101,,1551321,49,,,0,99,,1551322,49,,,0,100,,1551323,49,,,0,100,,1551324,49,,,0,98,,1551325,50,,,0,104,,1551326,50,,,0,100,,1551327,50,,,0,98,,1551328,49,,,0,100,,1551329,49,,,0,99,,1551330,49,,,0,99,,1551331,49,,,0,98,,1551332,50,,,0
9102,'20261001',538,,1551333,50,,,0,102,,1551334,50,,,0,72,,1551335,50,,,0,30,,1551336,50,,,0,70,,1551337,50,,,0,31,,1551338,50,,,0,69,,1551339,49,,,0,99,,1551340,49,,,0,100,,1551341,49,,,0,101,,1551342,49,,,0,99,,1551343,49,,,0,100,,1551344,49,,,0,100,,1551345,49,,,0,98,,1551346,50,,,0,104,,1551347,50,,,0,100,,1551348,50,,,0,98,,1551349,49,,,0,100,,1551350,49,,,0,99,,1551351,49,,,0,99,,1551352,49,,,0,98,,1551353,50,,,0
9102,'20261002',538,,1474270,50,,,0,102,,1474271,50,,,0,72,,1474272,50,,,0,30,,1474273,50,,,0,70,,1474274,50,,,0,31,,1474275,50,,,0,69,,1474276,49,,,0,99,,1474277,49,,,0,100,,1474278,49,,,0,101,,1474279,49,,,0,99,,1474280,49,,,0,100,,1474281,49,,,0,100,,1474282,49,,,0,98,,1474283,50,,,0,104,,1474284,50,,,0,100,,1474285,50,,,0,98,,1474286,49,,,0,100,,1474287,49,,,0,99,,1474288,49,,,0,99,,1474289,49,,,0,98,,1474290,50,,,0
9102,'20261003',607,,1497270,50,,,0,101,,1497271,50,,,0,101,,1497272,50,,,0,100,,1497273,49,,,0,101,,1497274,49,,,0,100,,1497275,49,,,0,100,,1497276,49,,,0,100,,1497277,49,,,0,100,,1497278,49,,,0,100,,1497279,49,,,0,100,,1497280,49,,,0,100,,1497281,49,,,0,100,,1497282,49,,,0,98,,1497283,50,,,0,100,,1497284,50,,,0,100,,1497285,50,,,0,100,,1497286,50,,,0,99,,1497287,50,,,0
9102,'20261004',607,,1497288,50,,,0,101,,1497289,50,,,0,101,,1497290,50,,,0,100,,1497291,49,,,0,101,,1497292,49,,,0,100,,1497293,49,,,0,100,,1497294,49,,,0,100,,1497295,49,,,0,100,,1497296,49,,,0,100,,1497297,49,,,0,100,,1497298,49,,,0,100,,1497299,49,,,0,100,,1497300,49,,,0,98,,1497301,50,,,0,100,,1497302,50,,,0,100,,1497303,50,,,0,100,,1497304,50,,,0,99,,1497305,50,,,0
9102,'20261005',538,,1497306,50,,,0,102,,1497307,50,,,0,72,,1497308,50,,,0,30,,1497309,50,,,0,70,,1497310,50,,,0,31,,1497311,50,,,0,69,,1497312,49,,,0,99,,1497313,49,,,0,100,,1497314,49,,,0,101,,1497315,49,,,0,99,,1497316,49,,,0,100,,1497317,49,,,0,100,,1497318,49,,,0,98,,1497319,50,,,0,104,,1497320,50,,,0,100,,1497321,50,,,0,98,,1497322,49,,,0,100,,1497323,49,,,0,99,,1497324,49,,,0,99,,1497325,49,,,0,98,,1497326,50,,,0
9102,'20261006',538,,1524596,50,,,0,102,,1524597,50,,,0,72,,1524598,50,,,0,30,,1524599,50,,,0,70,,1524600,50,,,0,31,,1524601,50,,,0,69,,1524602,49,,,0,99,,1524603,49,,,0,100,,1524604,49,,,0,101,,1524605,49,,,0,99,,1524606,49,,,0,100,,1524607,49,,,0,100,,1524608,49,,,0,98,,1524609,50,,,0,104,,1524610,50,,,0,100,,1524611,50,,,0,98,,1524612,49,,,0,100,,1524613,49,,,0,99,,1524614,49,,,0,99,,1524615,49,,,0,98,,1524616,50,,,0
9102,'20261007',538,,1524617,50,,,0,102,,1524618,50,,,0,72,,1524619,50,,,0,30,,1524620,50,,,0,70,,1524621,50,,,0,31,,1524622,50,,,0,69,,1524623,49,,,0,99,,1524624,49,,,0,100,,1524625,49,,,0,101,,1524626,49,,,0,99,,1524627,49,,,0,100,,1524628,49,,,0,100,,1524629,49,,,0,98,,1524630,50,,,0,104,,1524631,50,,,0,100,,1524632,50,,,0,98,,1524633,49,,,0,100,,1524634,49,,,0,99,,1524635,49,,,0,99,,1524636,49,,,0,98,,1524637,50,,,0
9102,'20261008',538,,1524638,50,,,0,102,,1524639,50,,,0,72,,1524640,50,,,0,30,,1524641,50,,,0,70,,1524642,50,,,0,31,,1524643,50,,,0,69,,1524644,49,,,0,99,,1524645,49,,,0,100,,1524646,49,,,0,101,,1524647,49,,,0,99,,1524648,49,,,0,100,,1524649,49,,,0,100,,1524650,49,,,0,98,,1524651,50,,,0,104,,1524652,50,,,0,100,,1524653,50,,,0,98,,1524654,49,,,0,100,,1524655,49,,,0,99,,1524656,49,,,0,99,,1524657,49,,,0,98,,1524658,50,,,0
9102,'20261009',538,,1524659,50,,,0,102,,1524660,50,,,0,72,,1524661,50,,,0,30,,1524662,50,,,0,70,,1524663,50,,,0,31,,1524664,50,,,0,69,,1524665,49,,,0,99,,1524666,49,,,0,100,,1524667,49,,,0,101,,1524668,49,,,0,99,,1524669,49,,,0,100,,1524670,49,,,0,100,,1524671,49,,,0,98,,1524672,50,,,0,104,,1524673,50,,,0,100,,1524674,50,,,0,98,,1524675,49,,,0,100,,1524676,49,,,0,99,,1524677,49,,,0,99,,1524678,49,,,0,98,,1524679,50,,,0
9102,'20261010',607,,1551354,50,,,0,101,,1551355,50,,,0,101,,1551356,50,,,0,100,,1551357,49,,,0,101,,1551358,49,,,0,100,,1551359,49,,,0,100,,1551360,49,,,0,100,,1551361,49,,,0,100,,1551362,49,,,0,100,,1551363,49,,,0,100,,1551364,49,,,0,100,,1551365,49,,,0,100,,1551366,49,,,0,98,,1551367,50,,,0,100,,1551368,50,,,0,100,,1551369,50,,,0,100,,1551370,50,,,0,99,,1551371,50,,,0
9102,'20261011',607,,1551372,50,,,0,101,,1551373,50,,,0,101,,1551374,50,,,0,100,,1551375,49,,,0,101,,1551376,49,,,0,100,,1551377,49,,,0,100,,1551378,49,,,0,100,,1551379,49,,,0,100,,1551380,49,,,0,100,,1551381,49,,,0,100,,1551382,49,,,0,100,,1551383,49,,,0,100,,1551384,49,,,0,98,,1551385,50,,,0,100,,1551386,50,,,0,100,,1551387,50,,,0,100,,1551388,50,,,0,99,,1551389,50,,,0
9102,'20261012',607,,1551390,50,,,0,101,,1551391,50,,,0,101,,1551392,50,,,0,100,,1551393,49,,,0,101,,1551394,49,,,0,100,,1551395,49,,,0,100,,1551396,49,,,0,100,,1551397,49,,,0,100,,1551398,49,,,0,100,,1551399,49,,,0,100,,1551400,49,,,0,100,,1551401,49,,,0,100,,1551402,49,,,0,98,,1551403,50,,,0,100,,1551404,50,,,0,100,,1551405,50,,,0,100,,1551406,50,,,0,99,,1551407,50,,,0
9202,'20260929',607,,1551528,41,,,0,99,,1551529,41,,,0,35,,1551530,41,,,0,72,,1551531,41,,,0,30,,1551532,41,,,0,69,,1551533,41,,,0,99,,1551534,41,,,0,100,,1551535,41,,,0,101,,1551536,41,,,0,100,,1551537,41,,,0,100,,1551538,41,,,0,100,,1551539,41,,,0,108,,1551540,41,,,0,101,,1551541,41,,,0,94,,1551542,41,,,0,97,,1551543,41,,,0,98,,1551544,41,,,0,99,,1551545,41,,,0,98,,1551546,41,,,0,97,,1551547,41,,,0
9202,'20260930',607,,1551548,41,,,0,99,,1551549,41,,,0,35,,1551550,41,,,0,72,,1551551,41,,,0,30,,1551552,41,,,0,69,,1551553,41,,,0,99,,1551554,41,,,0,100,,1551555,41,,,0,101,,1551556,41,,,0,100,,1551557,41,,,0,100,,1551558,41,,,0,100,,1551559,41,,,0,108,,1551560,41,,,0,101,,1551561,41,,,0,94,,1551562,41,,,0,97,,1551563,41,,,0,98,,1551564,41,,,0,99,,1551565,41,,,0,98,,1551566,41,,,0,97,,1551567,41,,,0
9202,'20261001',607,,1551568,41,,,0,99,,1551569,41,,,0,35,,1551570,41,,,0,72,,1551571,41,,,0,30,,1551572,41,,,0,69,,1551573,41,,,0,99,,1551574,41,,,0,100,,1551575,41,,,0,101,,1551576,41,,,0,100,,1551577,41,,,0,100,,1551578,41,,,0,100,,1551579,41,,,0,108,,1551580,41,,,0,101,,1551581,41,,,0,94,,1551582,41,,,0,97,,1551583,41,,,0,98,,1551584,41,,,0,99,,1551585,41,,,0,98,,1551586,41,,,0,97,,1551587,41,,,0
9202,'20261002',607,,1474524,41,,,0,99,,1474523,41,,,0,35,,1474522,41,,,0,72,,1474505,41,,,0,30,,1474521,41,,,0,69,,1474506,41,,,0,99,,1474507,41,,,0,100,,1474508,41,,,0,101,,1474510,41,,,0,100,,1474511,41,,,0,100,,1474509,41,,,0,100,,1474517,41,,,0,108,,1474515,41,,,0,101,,1474516,41,,,0,94,,1474518,41,,,0,97,,1474512,41,,,0,98,,1474513,41,,,0,99,,1474514,41,,,0,98,,1474519,41,,,0,97,,1474520,41,,,0
9202,'20261003',625,,1497523,41,,,0,102,,1497522,41,,,0,100,,1497507,41,,,0,100,,1497518,41,,,0,100,,1497517,41,,,0,100,,1497508,41,,,0,97,,1497519,41,,,0,101,,1497511,41,,,0,101,,1497513,41,,,0,102,,1497512,41,,,0,101,,1497520,41,,,0,104,,1497509,41,,,0,97,,1497510,41,,,0,99,,1497521,41,,,0,97,,1497514,41,,,0,100,,1497515,41,,,0,100,,1497516,41,,,0
9202,'20261004',625,,1497540,41,,,0,102,,1497539,41,,,0,100,,1497524,41,,,0,100,,1497534,41,,,0,100,,1497533,41,,,0,100,,1497525,41,,,0,97,,1497535,41,,,0,101,,1497528,41,,,0,101,,1497530,41,,,0,102,,1497529,41,,,0,101,,1497536,41,,,0,104,,1497526,41,,,0,97,,1497527,41,,,0,99,,1497537,41,,,0,97,,1497531,41,,,0,100,,1497532,41,,,0,100,,1497538,41,,,0
9202,'20261005',607,,1497560,41,,,0,99,,1497559,41,,,0,35,,1497558,41,,,0,72,,1497541,41,,,0,30,,1497557,41,,,0,69,,1497542,41,,,0,99,,1497543,41,,,0,100,,1497544,41,,,0,101,,1497546,41,,,0,100,,1497547,41,,,0,100,,1497545,41,,,0,100,,1497553,41,,,0,108,,1497551,41,,,0,101,,1497552,41,,,0,94,,1497554,41,,,0,97,,1497548,41,,,0,98,,1497549,41,,,0,99,,1497550,41,,,0,98,,1497555,41,,,0,97,,1497556,41,,,0
9202,'20261006',607,,1524936,41,,,0,99,,1524935,41,,,0,35,,1524934,41,,,0,72,,1524917,41,,,0,30,,1524933,41,,,0,69,,1524918,41,,,0,99,,1524919,41,,,0,100,,1524920,41,,,0,101,,1524922,41,,,0,100,,1524923,41,,,0,100,,1524921,41,,,0,100,,1524929,41,,,0,108,,1524927,41,,,0,101,,1524928,41,,,0,94,,1524930,41,,,0,97,,1524924,41,,,0,98,,1524925,41,,,0,99,,1524926,41,,,0,98,,1524931,41,,,0,97,,1524932,41,,,0
9202,'20261007',607,,1524956,41,,,0,99,,1524955,41,,,0,35,,1524954,41,,,0,72,,1524937,41,,,0,30,,1524953,41,,,0,69,,1524938,41,,,0,99,,1524939,41,,,0,100,,1524940,41,,,0,101,,1524942,41,,,0,100,,1524943,41,,,0,100,,1524941,41,,,0,100,,1524949,41,,,0,108,,1524947,41,,,0,101,,1524948,41,,,0,94,,1524950,41,,,0,97,,1524944,41,,,0,98,,1524945,41,,,0,99,,1524946,41,,,0,98,,1524951,41,,,0,97,,1524952,41,,,0
9202,'20261008',607,,1524976,41,,,0,99,,1524975,41,,,0,35,,1524974,41,,,0,72,,1524957,41,,,0,30,,1524973,41,,,0,69,,1524958,41,,,0,99,,1524959,41,,,0,100,,1524960,41,,,0,101,,1524962,41,,,0,100,,1524963,41,,,0,100,,1524961,41,,,0,100,,1524969,41,,,0,108,,1524967,41,,,0,101,,1524968,41,,,0,94,,1524970,41,,,0,97,,1524964,41,,,0,98,,1524965,41,,,0,99,,1524966,41,,,0,98,,1524971,41,,,0,97,,1524972,41,,,0
9202,'20261009',607,,1524996,41,,,0,99,,1524995,41,,,0,35,,1524994,41,,,0,72,,1524977,41,,,0,30,,1524993,41,,,0,69,,1524978,41,,,0,99,,1524979,41,,,0,100,,1524980,41,,,0,101,,1524982,41,,,0,100,,1524983,41,,,0,100,,1524981,41,,,0,100,,1524989,41,,,0,108,,1524987,41,,,0,101,,1524988,41,,,0,94,,1524990,41,,,0,97,,1524984,41,,,0,98,,1524985,41,,,0,99,,1524986,41,,,0,98,,1524991,41,,,0,97,,1524992,41,,,0
9202,'20261010',625,,1551604,41,,,0,102,,1551603,41,,,0,100,,1551588,41,,,0,100,,1551599,41,,,0,100,,1551598,41,,,0,100,,1551589,41,,,0,97,,1551600,41,,,0,101,,1551592,41,,,0,101,,1551594,41,,,0,102,,1551593,41,,,0,101,,1551601,41,,,0,104,,1551590,41,,,0,97,,1551591,41,,,0,99,,1551602,41,,,0,97,,1551595,41,,,0,100,,1551596,41,,,0,100,,1551597,41,,,0
9202,'20261011',625,,1551621,41,,,0,102,,1551620,41,,,0,100,,1551605,41,,,0,100,,1551615,41,,,0,100,,1551614,41,,,0,100,,1551606,41,,,0,97,,1551616,41,,,0,101,,1551609,41,,,0,101,,1551611,41,,,0,102,,1551610,41,,,0,101,,1551617,41,,,0,104,,1551607,41,,,0,97,,1551608,41,,,0,99,,1551618,41,,,0,97,,1551612,41,,,0,100,,1551613,41,,,0,100,,1551619,41,,,0
9202,'20261012',625,,1551638,41,,,0,102,,1551637,41,,,0,100,,1551622,41,,,0,100,,1551632,41,,,0,100,,1551631,41,,,0,100,,1551623,41,,,0,97,,1551633,41,,,0,101,,1551626,41,,,0,101,,1551628,41,,,0,102,,1551627,41,,,0,101,,1551634,41,,,0,104,,1551624,41,,,0,97,,1551625,41,,,0,99,,1551635,41,,,0,97,,1551629,41,,,0,100,,1551630,41,,,0,100,,1551636,41,,,0
9301,'20260929',616,,1551932,50,0,31 10 1 32 13,0,14,,1551955,55,0,36 13,0,89,,1551933,50,0,31 10 1 32 13,0,15,,1551934,50,0,31 10 1 32 13,0,13,,1551966,12,0,31 10 1 32 13,0,2,,1551935,50,0,31 10 1 32 13,0,60,,1551956,55,0,36 13,0,14,,1551936,50,0,31 10 1 32 13,0,28,,1551937,50,0,31 10 1 32 13,0,70,,1551938,50,0,31 10 1 32 13,0,14,,1551957,55,0,36 13,0,17,,1551939,50,0,31 10 1 32 13,0,98,,1551940,50,0,31 10 1 32 13,0,54,,1551958,55,0,36 13,0,45,,1551941,50,0,31 10 1 32 13,0,86,,1551959,55,0,36 13,0,13,,1551942,50,0,31 10 1 32 13,0,101,,1551943,50,0,31 10 1 32 13,0,56,,1551960,55,0,36 13,0,43,,1551944,50,0,31 10 1 32 13,0,90,,1551961,55,0,36 13,0,8,,1551945,50,0,31 10 1 32 13,0,66,,1551946,50,0,31 10 1 32 13,0,31,,1551947,50,0,31 10 1 32 13,0,70,,1551962,55,0,36 13,0,5,,1551948,50,0,31 10 1 32 13,0,35,,1551949,50,0,31 10 1 32 13,0,81,,1551963,55,0,36 13,0,15,,1551950,50,0,31 10 1 32 13,0,99,,1551951,50,0,31 10 1 32 13,0,55,,1551964,55,0,36 13,0,45,,1551952,50,0,31 10 1 32 13,0,84,,1551965,55,0,36 13,0,15,,1551953,50,0,31 10 1 32 13,0,100,,1551954,50,0,31 10 1 32 13,0
9301,'20260930',616,,1551979,50,0,31 10 1 32 13,0,14,,1551967,55,0,36 13,0,89,,1551980,50,0,31 10 1 32 13,0,15,,1551981,50,0,31 10 1 32 13,0,13,,1551978,12,0,31 10 1 32 13,0,2,,1551982,50,0,31 10 1 32 13,0,60,,1551968,55,0,36 13,0,14,,1551983,50,0,31 10 1 32 13,0,28,,1551984,50,0,31 10 1 32 13,0,70,,1551985,50,0,31 10 1 32 13,0,14,,1551969,55,0,36 13,0,17,,1551986,50,0,31 10 1 32 13,0,98,,1551987,50,0,31 10 1 32 13,0,54,,1551970,55,0,36 13,0,45,,1551988,50,0,31 10 1 32 13,0,86,,1551971,55,0,36 13,0,13,,1551989,50,0,31 10 1 32 13,0,101,,1551990,50,0,31 10 1 32 13,0,56,,1551972,55,0,36 13,0,43,,1551991,50,0,31 10 1 32 13,0,90,,1551973,55,0,36 13,0,8,,1551992,50,0,31 10 1 32 13,0,66,,1551993,50,0,31 10 1 32 13,0,31,,1551994,50,0,31 10 1 32 13,0,70,,1551974,55,0,36 13,0,5,,1551995,50,0,31 10 1 32 13,0,35,,1551996,50,0,31 10 1 32 13,0,81,,1551975,55,0,36 13,0,15,,1551997,50,0,31 10 1 32 13,0,99,,1551998,50,0,31 10 1 32 13,0,55,,1551976,55,0,36 13,0,45,,1551999,50,0,31 10 1 32 13,0,84,,1551977,55,0,36 13,0,15,,1552000,50,0,31 10 1 32 13,0,100,,1552001,50,0,31 10 1 32 13,0
9301,'20261001',616,,1552014,50,0,31 10 1 32 13,0,14,,1552002,55,0,36 13,0,89,,1552015,50,0,31 10 1 32 13,0,15,,1552016,50,0,31 10 1 32 13,0,13,,1552013,12,0,31 10 1 32 13,0,2,,1552017,50,0,31 10 1 32 13,0,60,,1552003,55,0,36 13,0,14,,1552018,50,0,31 10 1 32 13,0,28,,1552019,50,0,31 10 1 32 13,0,70,,1552020,50,0,31 10 1 32 13,0,14,,1552004,55,0,36 13,0,17,,1552021,50,0,31 10 1 32 13,0,98,,1552022,50,0,31 10 1 32 13,0,54,,1552005,55,0,36 13,0,45,,1552023,50,0,31 10 1 32 13,0,86,,1552006,55,0,36 13,0,13,,1552024,50,0,31 10 1 32 13,0,101,,1552025,50,0,31 10 1 32 13,0,56,,1552007,55,0,36 13,0,43,,1552026,50,0,31 10 1 32 13,0,90,,1552008,55,0,36 13,0,8,,1552027,50,0,31 10 1 32 13,0,66,,1552028,50,0,31 10 1 32 13,0,31,,1552029,50,0,31 10 1 32 13,0,70,,1552009,55,0,36 13,0,5,,1552030,50,0,31 10 1 32 13,0,35,,1552031,50,0,31 10 1 32 13,0,81,,1552010,55,0,36 13,0,15,,1552032,50,0,31 10 1 32 13,0,99,,1552033,50,0,31 10 1 32 13,0,55,,1552011,55,0,36 13,0,45,,1552034,50,0,31 10 1 32 13,0,84,,1552012,55,0,36 13,0,15,,1552035,50,0,31 10 1 32 13,0,100,,1552036,50,0,31 10 1 32 13,0
9301,'20261002',616,,1475002,50,0,31 10 1 32 13,0,14,,1475010,55,0,36 13,0,89,,1474987,50,0,31 10 1 32 13,0,15,,1475009,50,0,31 10 1 32 13,0,15,,1474988,50,0,31 10 1 32 13,0,60,,1475011,55,0,36 13,0,14,,1474989,50,0,31 10 1 32 13,0,28,,1474990,50,0,31 10 1 32 13,0,70,,1474991,50,0,31 10 1 32 13,0,14,,1475012,55,0,36 13,0,17,,1475000,50,0,31 10 1 32 13,0,98,,1474992,50,0,31 10 1 32 13,0,54,,1475013,55,0,36 13,0,45,,1475005,50,0,31 10 1 32 13,0,86,,1475014,55,0,36 13,0,13,,1474993,50,0,31 10 1 32 13,0,101,,1475006,50,0,31 10 1 32 13,0,56,,1475015,55,0,36 13,0,43,,1474994,50,0,31 10 1 32 13,0,90,,1475016,55,0,36 13,0,8,,1474998,50,0,31 10 1 32 13,0,66,,1475007,50,0,31 10 1 32 13,0,31,,1474995,50,0,31 10 1 32 13,0,70,,1475017,55,0,36 13,0,5,,1475008,50,0,31 10 1 32 13,0,35,,1475001,50,0,31 10 1 32 13,0,81,,1475018,55,0,36 13,0,15,,1474999,50,0,31 10 1 32 13,0,99,,1475003,50,0,31 10 1 32 13,0,55,,1475019,55,0,36 13,0,45,,1474996,50,0,31 10 1 32 13,0,84,,1475020,55,0,36 13,0,15,,1475004,50,0,31 10 1 32 13,0,100,,1474997,50,0,31 10 1 32 13,0
9301,'20261003',630,,1497984,55,0,36 13,0,15,,1497983,50,0,31 10 1 32 13,0,101,,1497973,50,0,31 10 1 32 13,0,56,,1497985,55,0,36 13,0,44,,1497968,50,0,31 10 1 32 13,0,86,,1497986,55,0,36 13,0,15,,1497982,50,0,31 10 1 32 13,0,100,,1497975,50,0,31 10 1 32 13,0,57,,1497987,55,0,36 13,0,43,,1497977,50,0,31 10 1 32 13,0,87,,1497988,55,0,36 13,0,13,,1497969,50,0,31 10 1 32 13,0,101,,1497978,50,0,31 10 1 32 13,0,57,,1497989,55,0,36 13,0,43,,1497976,50,0,31 10 1 32 13,0,88,,1497990,55,0,36 13,0,12,,1497979,50,0,31 10 1 32 13,0,101,,1497970,50,0,31 10 1 32 13,0,58,,1497991,55,0,36 13,0,42,,1497980,50,0,31 10 1 32 13,0,83,,1497992,55,0,36 13,0,15,,1497974,50,0,31 10 1 32 13,0,98,,1497981,50,0,31 10 1 32 13,0,56,,1497993,55,0,36 13,0,44,,1497971,50,0,31 10 1 32 13,0,85,,1497994,55,0,36 13,0,115,,1497972,50,0,31 10 1 32 13,0
9301,'20261004',630,,1498011,55,0,36 13,0,15,,1498010,50,0,31 10 1 32 13,0,101,,1498007,50,0,31 10 1 32 13,0,56,,1498012,55,0,36 13,0,44,,1498000,50,0,31 10 1 32 13,0,86,,1498013,55,0,36 13,0,15,,1498008,50,0,31 10 1 32 13,0,100,,1497995,50,0,31 10 1 32 13,0,57,,1498014,55,0,36 13,0,43,,1498003,50,0,31 10 1 32 13,0,87,,1498015,55,0,36 13,0,13,,1497996,50,0,31 10 1 32 13,0,101,,1498004,50,0,31 10 1 32 13,0,57,,1498016,55,0,36 13,0,43,,1498001,50,0,31 10 1 32 13,0,88,,1498017,55,0,36 13,0,12,,1498005,50,0,31 10 1 32 13,0,101,,1497997,50,0,31 10 1 32 13,0,58,,1498018,55,0,36 13,0,42,,1498006,50,0,31 10 1 32 13,0,83,,1498019,55,0,36 13,0,15,,1498002,50,0,31 10 1 32 13,0,98,,1498009,50,0,31 10 1 32 13,0,56,,1498020,55,0,36 13,0,44,,1497998,50,0,31 10 1 32 13,0,85,,1498021,55,0,36 13,0,115,,1497999,50,0,31 10 1 32 13,0
9301,'20261005',616,,1498037,50,0,31 10 1 32 13,0,14,,1498045,55,0,36 13,0,89,,1498022,50,0,31 10 1 32 13,0,15,,1498044,50,0,31 10 1 32 13,0,15,,1498023,50,0,31 10 1 32 13,0,60,,1498046,55,0,36 13,0,14,,1498024,50,0,31 10 1 32 13,0,28,,1498025,50,0,31 10 1 32 13,0,70,,1498026,50,0,31 10 1 32 13,0,14,,1498047,55,0,36 13,0,17,,1498035,50,0,31 10 1 32 13,0,98,,1498027,50,0,31 10 1 32 13,0,54,,1498048,55,0,36 13,0,45,,1498040,50,0,31 10 1 32 13,0,86,,1498049,55,0,36 13,0,13,,1498028,50,0,31 10 1 32 13,0,101,,1498041,50,0,31 10 1 32 13,0,56,,1498050,55,0,36 13,0,43,,1498029,50,0,31 10 1 32 13,0,90,,1498051,55,0,36 13,0,8,,1498033,50,0,31 10 1 32 13,0,66,,1498042,50,0,31 10 1 32 13,0,31,,1498030,50,0,31 10 1 32 13,0,70,,1498052,55,0,36 13,0,5,,1498043,50,0,31 10 1 32 13,0,35,,1498036,50,0,31 10 1 32 13,0,81,,1498053,55,0,36 13,0,15,,1498034,50,0,31 10 1 32 13,0,99,,1498038,50,0,31 10 1 32 13,0,55,,1498054,55,0,36 13,0,45,,1498031,50,0,31 10 1 32 13,0,84,,1498055,55,0,36 13,0,15,,1498039,50,0,31 10 1 32 13,0,100,,1498032,50,0,31 10 1 32 13,0
9301,'20261006',616,,1525546,50,0,31 10 1 32 13,0,14,,1525554,55,0,36 13,0,89,,1525531,50,0,31 10 1 32 13,0,15,,1525553,50,0,31 10 1 32 13,0,15,,1525532,50,0,31 10 1 32 13,0,60,,1525555,55,0,36 13,0,14,,1525533,50,0,31 10 1 32 13,0,28,,1525534,50,0,31 10 1 32 13,0,70,,1525535,50,0,31 10 1 32 13,0,14,,1525556,55,0,36 13,0,17,,1525544,50,0,31 10 1 32 13,0,98,,1525536,50,0,31 10 1 32 13,0,54,,1525557,55,0,36 13,0,45,,1525549,50,0,31 10 1 32 13,0,86,,1525558,55,0,36 13,0,13,,1525537,50,0,31 10 1 32 13,0,101,,1525550,50,0,31 10 1 32 13,0,56,,1525559,55,0,36 13,0,43,,1525538,50,0,31 10 1 32 13,0,90,,1525560,55,0,36 13,0,8,,1525542,50,0,31 10 1 32 13,0,66,,1525551,50,0,31 10 1 32 13,0,31,,1525539,50,0,31 10 1 32 13,0,70,,1525561,55,0,36 13,0,5,,1525552,50,0,31 10 1 32 13,0,35,,1525545,50,0,31 10 1 32 13,0,81,,1525562,55,0,36 13,0,15,,1525543,50,0,31 10 1 32 13,0,99,,1525547,50,0,31 10 1 32 13,0,55,,1525563,55,0,36 13,0,45,,1525540,50,0,31 10 1 32 13,0,84,,1525564,55,0,36 13,0,15,,1525548,50,0,31 10 1 32 13,0,100,,1525541,50,0,31 10 1 32 13,0
9301,'20261007',616,,1525580,50,0,31 10 1 32 13,0,14,,1525588,55,0,36 13,0,89,,1525565,50,0,31 10 1 32 13,0,15,,1525587,50,0,31 10 1 32 13,0,15,,1525566,50,0,31 10 1 32 13,0,60,,1525589,55,0,36 13,0,14,,1525567,50,0,31 10 1 32 13,0,28,,1525568,50,0,31 10 1 32 13,0,70,,1525569,50,0,31 10 1 32 13,0,14,,1525590,55,0,36 13,0,17,,1525578,50,0,31 10 1 32 13,0,98,,1525570,50,0,31 10 1 32 13,0,54,,1525591,55,0,36 13,0,45,,1525583,50,0,31 10 1 32 13,0,86,,1525592,55,0,36 13,0,13,,1525571,50,0,31 10 1 32 13,0,101,,1525584,50,0,31 10 1 32 13,0,56,,1525593,55,0,36 13,0,43,,1525572,50,0,31 10 1 32 13,0,90,,1525594,55,0,36 13,0,8,,1525576,50,0,31 10 1 32 13,0,66,,1525585,50,0,31 10 1 32 13,0,31,,1525573,50,0,31 10 1 32 13,0,70,,1525595,55,0,36 13,0,5,,1525586,50,0,31 10 1 32 13,0,35,,1525579,50,0,31 10 1 32 13,0,81,,1525596,55,0,36 13,0,15,,1525577,50,0,31 10 1 32 13,0,99,,1525581,50,0,31 10 1 32 13,0,55,,1525597,55,0,36 13,0,45,,1525574,50,0,31 10 1 32 13,0,84,,1525598,55,0,36 13,0,15,,1525582,50,0,31 10 1 32 13,0,100,,1525575,50,0,31 10 1 32 13,0
9301,'20261008',616,,1525614,50,0,31 10 1 32 13,0,14,,1525622,55,0,36 13,0,89,,1525599,50,0,31 10 1 32 13,0,15,,1525621,50,0,31 10 1 32 13,0,15,,1525600,50,0,31 10 1 32 13,0,60,,1525623,55,0,36 13,0,14,,1525601,50,0,31 10 1 32 13,0,28,,1525602,50,0,31 10 1 32 13,0,70,,1525603,50,0,31 10 1 32 13,0,14,,1525624,55,0,36 13,0,17,,1525612,50,0,31 10 1 32 13,0,98,,1525604,50,0,31 10 1 32 13,0,54,,1525625,55,0,36 13,0,45,,1525617,50,0,31 10 1 32 13,0,86,,1525626,55,0,36 13,0,13,,1525605,50,0,31 10 1 32 13,0,101,,1525618,50,0,31 10 1 32 13,0,56,,1525627,55,0,36 13,0,43,,1525606,50,0,31 10 1 32 13,0,90,,1525628,55,0,36 13,0,8,,1525610,50,0,31 10 1 32 13,0,66,,1525619,50,0,31 10 1 32 13,0,31,,1525607,50,0,31 10 1 32 13,0,70,,1525629,55,0,36 13,0,5,,1525620,50,0,31 10 1 32 13,0,35,,1525613,50,0,31 10 1 32 13,0,81,,1525630,55,0,36 13,0,15,,1525611,50,0,31 10 1 32 13,0,99,,1525615,50,0,31 10 1 32 13,0,55,,1525631,55,0,36 13,0,45,,1525608,50,0,31 10 1 32 13,0,84,,1525632,55,0,36 13,0,15,,1525616,50,0,31 10 1 32 13,0,100,,1525609,50,0,31 10 1 32 13,0
9301,'20261009',616,,1525648,50,0,31 10 1 32 13,0,14,,1525656,55,0,36 13,0,89,,1525633,50,0,31 10 1 32 13,0,15,,1525655,50,0,31 10 1 32 13,0,15,,1525634,50,0,31 10 1 32 13,0,60,,1525657,55,0,36 13,0,14,,1525635,50,0,31 10 1 32 13,0,28,,1525636,50,0,31 10 1 32 13,0,70,,1525637,50,0,31 10 1 32 13,0,14,,1525658,55,0,36 13,0,17,,1525646,50,0,31 10 1 32 13,0,98,,1525638,50,0,31 10 1 32 13,0,54,,1525659,55,0,36 13,0,45,,1525651,50,0,31 10 1 32 13,0,86,,1525660,55,0,36 13,0,13,,1525639,50,0,31 10 1 32 13,0,101,,1525652,50,0,31 10 1 32 13,0,56,,1525661,55,0,36 13,0,43,,1525640,50,0,31 10 1 32 13,0,90,,1525662,55,0,36 13,0,8,,1525644,50,0,31 10 1 32 13,0,66,,1525653,50,0,31 10 1 32 13,0,31,,1525641,50,0,31 10 1 32 13,0,70,,1525663,55,0,36 13,0,5,,1525654,50,0,31 10 1 32 13,0,35,,1525647,50,0,31 10 1 32 13,0,81,,1525664,55,0,36 13,0,15,,1525645,50,0,31 10 1 32 13,0,99,,1525649,50,0,31 10 1 32 13,0,55,,1525665,55,0,36 13,0,45,,1525642,50,0,31 10 1 32 13,0,84,,1525666,55,0,36 13,0,15,,1525650,50,0,31 10 1 32 13,0,100,,1525643,50,0,31 10 1 32 13,0
9301,'20261010',630,,1552053,55,0,36 13,0,15,,1552052,50,0,31 10 1 32 13,0,101,,1552042,50,0,31 10 1 32 13,0,56,,1552054,55,0,36 13,0,44,,1552037,50,0,31 10 1 32 13,0,86,,1552055,55,0,36 13,0,15,,1552051,50,0,31 10 1 32 13,0,100,,1552044,50,0,31 10 1 32 13,0,57,,1552056,55,0,36 13,0,43,,1552046,50,0,31 10 1 32 13,0,87,,1552057,55,0,36 13,0,13,,1552038,50,0,31 10 1 32 13,0,101,,1552047,50,0,31 10 1 32 13,0,57,,1552058,55,0,36 13,0,43,,1552045,50,0,31 10 1 32 13,0,88,,1552059,55,0,36 13,0,12,,1552048,50,0,31 10 1 32 13,0,101,,1552039,50,0,31 10 1 32 13,0,58,,1552060,55,0,36 13,0,42,,1552049,50,0,31 10 1 32 13,0,83,,1552061,55,0,36 13,0,15,,1552043,50,0,31 10 1 32 13,0,98,,1552050,50,0,31 10 1 32 13,0,56,,1552062,55,0,36 13,0,44,,1552040,50,0,31 10 1 32 13,0,85,,1552063,55,0,36 13,0,115,,1552041,50,0,31 10 1 32 13,0
9301,'20261011',630,,1552080,55,0,36 13,0,15,,1552079,50,0,31 10 1 32 13,0,101,,1552076,50,0,31 10 1 32 13,0,56,,1552081,55,0,36 13,0,44,,1552069,50,0,31 10 1 32 13,0,86,,1552082,55,0,36 13,0,15,,1552077,50,0,31 10 1 32 13,0,100,,1552064,50,0,31 10 1 32 13,0,57,,1552083,55,0,36 13,0,43,,1552072,50,0,31 10 1 32 13,0,87,,1552084,55,0,36 13,0,13,,1552065,50,0,31 10 1 32 13,0,101,,1552073,50,0,31 10 1 32 13,0,57,,1552085,55,0,36 13,0,43,,1552070,50,0,31 10 1 32 13,0,88,,1552086,55,0,36 13,0,12,,1552074,50,0,31 10 1 32 13,0,101,,1552066,50,0,31 10 1 32 13,0,58,,1552087,55,0,36 13,0,42,,1552075,50,0,31 10 1 32 13,0,83,,1552088,55,0,36 13,0,15,,1552071,50,0,31 10 1 32 13,0,98,,1552078,50,0,31 10 1 32 13,0,56,,1552089,55,0,36 13,0,44,,1552067,50,0,31 10 1 32 13,0,85,,1552090,55,0,36 13,0,115,,1552068,50,0,31 10 1 32 13,0
9301,'20261012',630,,1552107,55,0,36 13,0,15,,1552106,50,0,31 10 1 32 13,0,101,,1552103,50,0,31 10 1 32 13,0,56,,1552108,55,0,36 13,0,44,,1552096,50,0,31 10 1 32 13,0,86,,1552109,55,0,36 13,0,15,,1552104,50,0,31 10 1 32 13,0,100,,1552091,50,0,31 10 1 32 13,0,57,,1552110,55,0,36 13,0,43,,1552099,50,0,31 10 1 32 13,0,87,,1552111,55,0,36 13,0,13,,1552092,50,0,31 10 1 32 13,0,101,,1552100,50,0,31 10 1 32 13,0,57,,1552112,55,0,36 13,0,43,,1552097,50,0,31 10 1 32 13,0,88,,1552113,55,0,36 13,0,12,,1552101,50,0,31 10 1 32 13,0,101,,1552093,50,0,31 10 1 32 13,0,58,,1552114,55,0,36 13,0,42,,1552102,50,0,31 10 1 32 13,0,83,,1552115,55,0,36 13,0,15,,1552098,50,0,31 10 1 32 13,0,98,,1552105,50,0,31 10 1 32 13,0,56,,1552116,55,0,36 13,0,44,,1552094,50,0,31 10 1 32 13,0,85,,1552117,55,0,36 13,0,115,,1552095,50,0,31 10 1 32 13,0
9402,'20260929',621,,1552119,40,,,0,99,,1552118,40,,,0,2,,1552120,40,,,0,32,,1552121,40,,,0,73,,1552122,40,,,0,29,,1552123,40,,,0,71,,1552124,40,,,0,99,,1552125,40,,,0,99,,1552126,40,,,0,100,,1552127,40,,,0,99,,1552128,40,,,0,100,,1552129,40,,,0,102,,1552130,40,,,0,104,,1552131,40,,,0,99,,1552132,40,,,0,98,,1552133,40,,,0,97,,1552134,40,,,0,99,,1552135,40,,,0,99,,1552136,40,,,0,98,,1552137,40,,,0,99,,1552138,40,,,0
9402,'20260930',621,,1552140,40,,,0,99,,1552139,40,,,0,2,,1552141,40,,,0,32,,1552142,40,,,0,73,,1552143,40,,,0,29,,1552144,40,,,0,71,,1552145,40,,,0,99,,1552146,40,,,0,99,,1552147,40,,,0,100,,1552148,40,,,0,99,,1552149,40,,,0,100,,1552150,40,,,0,102,,1552151,40,,,0,104,,1552152,40,,,0,99,,1552153,40,,,0,98,,1552154,40,,,0,97,,1552155,40,,,0,99,,1552156,40,,,0,99,,1552157,40,,,0,98,,1552158,40,,,0,99,,1552159,40,,,0
9402,'20261001',621,,1552161,40,,,0,99,,1552160,40,,,0,2,,1552162,40,,,0,32,,1552163,40,,,0,73,,1552164,40,,,0,29,,1552165,40,,,0,71,,1552166,40,,,0,99,,1552167,40,,,0,99,,1552168,40,,,0,100,,1552169,40,,,0,99,,1552170,40,,,0,100,,1552171,40,,,0,102,,1552172,40,,,0,104,,1552173,40,,,0,99,,1552174,40,,,0,98,,1552175,40,,,0,97,,1552176,40,,,0,99,,1552177,40,,,0,99,,1552178,40,,,0,98,,1552179,40,,,0,99,,1552180,40,,,0
9402,'20261002',621,,1475118,40,,,0,101,,1475120,40,,,0,32,,1475135,40,,,0,73,,1475136,40,,,0,29,,1475134,40,,,0,71,,1475119,40,,,0,99,,1475137,40,,,0,99,,1475121,40,,,0,100,,1475122,40,,,0,99,,1475123,40,,,0,100,,1475124,40,,,0,102,,1475125,40,,,0,104,,1475126,40,,,0,99,,1475127,40,,,0,98,,1475128,40,,,0,97,,1475129,40,,,0,99,,1475130,40,,,0,99,,1475131,40,,,0,98,,1475132,40,,,0,99,,1475133,40,,,0
9402,'20261003',613,,1498136,40,,,0,101,,1498119,40,,,0,101,,1498120,40,,,0,100,,1498121,40,,,0,102,,1498122,40,,,0,101,,1498123,40,,,0,101,,1498124,40,,,0,100,,1498125,40,,,0,100,,1498126,40,,,0,100,,1498127,40,,,0,100,,1498128,40,,,0,100,,1498129,40,,,0,99,,1498130,40,,,0,99,,1498131,40,,,0,99,,1498132,40,,,0,99,,1498133,40,,,0,99,,1498134,40,,,0,99,,1498135,40,,,0
9402,'20261004',613,,1498154,40,,,0,101,,1498137,40,,,0,101,,1498138,40,,,0,100,,1498139,40,,,0,102,,1498140,40,,,0,101,,1498141,40,,,0,101,,1498142,40,,,0,100,,1498143,40,,,0,100,,1498144,40,,,0,100,,1498145,40,,,0,100,,1498146,40,,,0,100,,1498147,40,,,0,99,,1498148,40,,,0,99,,1498149,40,,,0,99,,1498150,40,,,0,99,,1498151,40,,,0,99,,1498152,40,,,0,99,,1498153,40,,,0
9402,'20261005',621,,1498155,40,,,0,101,,1498157,40,,,0,32,,1498172,40,,,0,73,,1498173,40,,,0,29,,1498171,40,,,0,71,,1498156,40,,,0,99,,1498174,40,,,0,99,,1498158,40,,,0,100,,1498159,40,,,0,99,,1498160,40,,,0,100,,1498161,40,,,0,102,,1498162,40,,,0,104,,1498163,40,,,0,99,,1498164,40,,,0,98,,1498165,40,,,0,97,,1498166,40,,,0,99,,1498167,40,,,0,99,,1498168,40,,,0,98,,1498169,40,,,0,99,,1498170,40,,,0
9402,'20261006',621,,1525745,40,,,0,101,,1525747,40,,,0,32,,1525762,40,,,0,73,,1525763,40,,,0,29,,1525761,40,,,0,71,,1525746,40,,,0,99,,1525764,40,,,0,99,,1525748,40,,,0,100,,1525749,40,,,0,99,,1525750,40,,,0,100,,1525751,40,,,0,102,,1525752,40,,,0,104,,1525753,40,,,0,99,,1525754,40,,,0,98,,1525755,40,,,0,97,,1525756,40,,,0,99,,1525757,40,,,0,99,,1525758,40,,,0,98,,1525759,40,,,0,99,,1525760,40,,,0
9402,'20261007',621,,1525765,40,,,0,101,,1525767,40,,,0,32,,1525782,40,,,0,73,,1525783,40,,,0,29,,1525781,40,,,0,71,,1525766,40,,,0,99,,1525784,40,,,0,99,,1525768,40,,,0,100,,1525769,40,,,0,99,,1525770,40,,,0,100,,1525771,40,,,0,102,,1525772,40,,,0,104,,1525773,40,,,0,99,,1525774,40,,,0,98,,1525775,40,,,0,97,,1525776,40,,,0,99,,1525777,40,,,0,99,,1525778,40,,,0,98,,1525779,40,,,0,99,,1525780,40,,,0
9402,'20261008',621,,1525785,40,,,0,101,,1525787,40,,,0,32,,1525802,40,,,0,73,,1525803,40,,,0,29,,1525801,40,,,0,71,,1525786,40,,,0,99,,1525804,40,,,0,99,,1525788,40,,,0,100,,1525789,40,,,0,99,,1525790,40,,,0,100,,1525791,40,,,0,102,,1525792,40,,,0,104,,1525793,40,,,0,99,,1525794,40,,,0,98,,1525795,40,,,0,97,,1525796,40,,,0,99,,1525797,40,,,0,99,,1525798,40,,,0,98,,1525799,40,,,0,99,,1525800,40,,,0
9402,'20261009',621,,1525805,40,,,0,101,,1525807,40,,,0,32,,1525822,40,,,0,73,,1525823,40,,,0,29,,1525821,40,,,0,71,,1525806,40,,,0,99,,1525824,40,,,0,99,,1525808,40,,,0,100,,1525809,40,,,0,99,,1525810,40,,,0,100,,1525811,40,,,0,102,,1525812,40,,,0,104,,1525813,40,,,0,99,,1525814,40,,,0,98,,1525815,40,,,0,97,,1525816,40,,,0,99,,1525817,40,,,0,99,,1525818,40,,,0,98,,1525819,40,,,0,99,,1525820,40,,,0
9402,'20261010',613,,1552198,40,,,0,101,,1552181,40,,,0,101,,1552182,40,,,0,100,,1552183,40,,,0,102,,1552184,40,,,0,101,,1552185,40,,,0,101,,1552186,40,,,0,100,,1552187,40,,,0,100,,1552188,40,,,0,100,,1552189,40,,,0,100,,1552190,40,,,0,100,,1552191,40,,,0,99,,1552192,40,,,0,99,,1552193,40,,,0,99,,1552194,40,,,0,99,,1552195,40,,,0,99,,1552196,40,,,0,99,,1552197,40,,,0
9402,'20261011',613,,1552216,40,,,0,101,,1552199,40,,,0,101,,1552200,40,,,0,100,,1552201,40,,,0,102,,1552202,40,,,0,101,,1552203,40,,,0,101,,1552204,40,,,0,100,,1552205,40,,,0,100,,1552206,40,,,0,100,,1552207,40,,,0,100,,1552208,40,,,0,100,,1552209,40,,,0,99,,1552210,40,,,0,99,,1552211,40,,,0,99,,1552212,40,,,0,99,,1552213,40,,,0,99,,1552214,40,,,0,99,,1552215,40,,,0
9402,'20261012',613,,1552234,40,,,0,101,,1552217,40,,,0,101,,1552218,40,,,0,100,,1552219,40,,,0,102,,1552220,40,,,0,101,,1552221,40,,,0,101,,1552222,40,,,0,100,,1552223,40,,,0,100,,1552224,40,,,0,100,,1552225,40,,,0,100,,1552226,40,,,0,100,,1552227,40,,,0,99,,1552228,40,,,0,99,,1552229,40,,,0,99,,1552230,40,,,0,99,,1552231,40,,,0,99,,1552232,40,,,0,99,,1552233,40,,,0
53000,'20260929',1219,,1553847,4,,,0,200,,1553848,4,,,0,101,,1553849,4,,,0,12,,1553850,4,,,0,15,,1553851,4,,,0,73,,1553852,4,,,0,31,,1553853,4,,,0,71,,1553854,4,,,0,112,,1553855,4,,,0
53000,'20260930',1219,,1553856,4,,,0,200,,1553857,4,,,0,101,,1553858,4,,,0,12,,1553859,4,,,0,15,,1553860,4,,,0,73,,1553861,4,,,0,31,,1553862,4,,,0,71,,1553863,4,,,0,112,,1553864,4,,,0
53000,'20261001',1219,,1553865,4,,,0,200,,1553866,4,,,0,101,,1553867,4,,,0,12,,1553868,4,,,0,15,,1553869,4,,,0,73,,1553870,4,,,0,31,,1553871,4,,,0,71,,1553872,4,,,0,112,,1553873,4,,,0
53000,'20261002',1219,,1477273,4,,,0,200,,1477274,4,,,0,101,,1477276,4,,,0,12,,1477275,4,,,0,15,,1477272,4,,,0,73,,1477269,4,,,0,31,,1477270,4,,,0,71,,1477271,4,,,0,112,,1477277,4,,,0
53000,'20261005',1219,,1500244,4,,,0,200,,1500245,4,,,0,101,,1500247,4,,,0,12,,1500246,4,,,0,15,,1500243,4,,,0,73,,1500240,4,,,0,31,,1500241,4,,,0,71,,1500242,4,,,0,112,,1500248,4,,,0
53000,'20261006',1219,,1528852,4,,,0,200,,1528853,4,,,0,101,,1528855,4,,,0,12,,1528854,4,,,0,15,,1528851,4,,,0,73,,1528848,4,,,0,31,,1528849,4,,,0,71,,1528850,4,,,0,112,,1528856,4,,,0
53000,'20261007',1219,,1528861,4,,,0,200,,1528862,4,,,0,101,,1528864,4,,,0,12,,1528863,4,,,0,15,,1528860,4,,,0,73,,1528857,4,,,0,31,,1528858,4,,,0,71,,1528859,4,,,0,112,,1528865,4,,,0
53000,'20261008',1219,,1528870,4,,,0,200,,1528871,4,,,0,101,,1528873,4,,,0,12,,1528872,4,,,0,15,,1528869,4,,,0,73,,1528866,4,,,0,31,,1528867,4,,,0,71,,1528868,4,,,0,112,,1528874,4,,,0
53000,'20261009',1219,,1528879,4,,,0,200,,1528880,4,,,0,101,,1528882,4,,,0,12,,1528881,4,,,0,15,,1528878,4,,,0,73,,1528875,4,,,0,31,,1528876,4,,,0,71,,1528877,4,,,0,112,,1528883,4,,,0
53100,'20260929',1547,,1553898,4,,,0,72,,1553899,4,,,0,34,,1553900,4,,,0
53100,'20260930',1547,,1553901,4,,,0,72,,1553902,4,,,0,34,,1553903,4,,,0
53100,'20261001',1547,,1553904,4,,,0,72,,1553905,4,,,0,34,,1553906,4,,,0
53100,'20261002',1547,,1477316,4,,,0,72,,1477317,4,,,0,34,,1477318,4,,,0
53100,'20261005',1547,,1500289,4,,,0,72,,1500290,4,,,0,34,,1500291,4,,,0
53100,'20261006',1547,,1528934,4,,,0,72,,1528935,4,,,0,34,,1528936,4,,,0
53100,'20261007',1547,,1528937,4,,,0,72,,1528938,4,,,0,34,,1528939,4,,,0
53100,'20261008',1547,,1528940,4,,,0,72,,1528941,4,,,0,34,,1528942,4,,,0
53100,'20261009',1547,,1528943,4,,,0,72,,1528944,4,,,0,34,,1528945,4,,,0
53600,'20260929',1627,,1553916,4,,,0,79,,1553917,4,,,0,26,,1553918,4,,,0
53600,'20260930',1627,,1553919,4,,,0,79,,1553920,4,,,0,26,,1553921,4,,,0
53600,'20261001',1627,,1553922,4,,,0,79,,1553923,4,,,0,26,,1553924,4,,,0
53600,'20261002',1627,,1477340,4,,,0,79,,1477341,4,,,0,26,,1477342,4,,,0
53600,'20261005',1627,,1500313,4,,,0,79,,1500314,4,,,0,26,,1500315,4,,,0
53600,'20261006',1627,,1528970,4,,,0,79,,1528971,4,,,0,26,,1528972,4,,,0
53600,'20261007',1627,,1528973,4,,,0,79,,1528974,4,,,0,26,,1528975,4,,,0
53600,'20261008',1627,,1528976,4,,,0,79,,1528977,4,,,0,26,,1528978,4,,,0
53600,'20261009',1627,,1528979,4,,,0,79,,1528980,4,,,0,26,,1528981,4,,,0
53700,'20260929',1553,,1553931,4,,,0,74,,1553932,4,,,0,74,,1553933,4,,,0,33,,1553934,4,,,0
53700,'20260930',1553,,1553935,4,,,0,74,,1553936,4,,,0,74,,1553937,4,,,0,33,,1553938,4,,,0
53700,'20261001',1553,,1553939,4,,,0,74,,1553940,4,,,0,74,,1553941,4,,,0,33,,1553942,4,,,0
53700,'20261002',1553,,1477366,4,,,0,74,,1477363,4,,,0,74,,1477365,4,,,0,33,,1477364,4,,,0
53700,'20261005',1553,,1500339,4,,,0,74,,1500336,4,,,0,74,,1500338,4,,,0,33,,1500337,4,,,0
53700,'20261006',1553,,1529005,4,,,0,74,,1529002,4,,,0,74,,1529004,4,,,0,33,,1529003,4,,,0
53700,'20261007',1553,,1529009,4,,,0,74,,1529006,4,,,0,74,,1529008,4,,,0,33,,1529007,4,,,0
53700,'20261008',1553,,1529013,4,,,0,74,,1529010,4,,,0,74,,1529012,4,,,0,33,,1529011,4,,,0
53700,'20261009',1553,,1529017,4,,,0,74,,1529014,4,,,0,74,,1529016,4,,,0,33,,1529015,4,,,0
53800,'20260929',1627,,1553949,4,,,0,78,,1553950,4,,,0,30,,1553951,4,,,0
53800,'20260930',1627,,1553952,4,,,0,78,,1553953,4,,,0,30,,1553954,4,,,0
53800,'20261001',1627,,1553955,4,,,0,78,,1553956,4,,,0,30,,1553957,4,,,0
53800,'20261002',1627,,1477385,4,,,0,78,,1477384,4,,,0,30,,1477386,4,,,0
53800,'20261005',1627,,1500358,4,,,0,78,,1500357,4,,,0,30,,1500359,4,,,0
53800,'20261006',1627,,1529037,4,,,0,78,,1529036,4,,,0,30,,1529038,4,,,0
53800,'20261007',1627,,1529040,4,,,0,78,,1529039,4,,,0,30,,1529041,4,,,0
53800,'20261008',1627,,1529043,4,,,0,78,,1529042,4,,,0,30,,1529044,4,,,0
53800,'20261009',1627,,1529046,4,,,0,78,,1529045,4,,,0,30,,1529047,4,,,0
55000,'20260929',1510,,1553967,4,,,0,22,,1553968,4,,,0,95,,1553969,4,,,0,73,,1553970,4,,,0,31,,1553971,4,,,0
55000,'20260930',1510,,1553972,4,,,0,22,,1553973,4,,,0,95,,1553974,4,,,0,73,,1553975,4,,,0,31,,1553976,4,,,0
55000,'20261001',1510,,1553977,4,,,0,22,,1553978,4,,,0,95,,1553979,4,,,0,73,,1553980,4,,,0,31,,1553981,4,,,0
55000,'20261002',1510,,1477418,4,,,0,22,,1477416,4,,,0,95,,1477415,4,,,0,73,,1477414,4,,,0,31,,1477417,4,,,0
55000,'20261005',1510,,1500391,4,,,0,22,,1500389,4,,,0,95,,1500388,4,,,0,73,,1500387,4,,,0,31,,1500390,4,,,0
55000,'20261006',1510,,1529080,4,,,0,22,,1529078,4,,,0,95,,1529077,4,,,0,73,,1529076,4,,,0,31,,1529079,4,,,0
55000,'20261007',1510,,1529085,4,,,0,22,,1529083,4,,,0,95,,1529082,4,,,0,73,,1529081,4,,,0,31,,1529084,4,,,0
55000,'20261008',1510,,1529090,4,,,0,22,,1529088,4,,,0,95,,1529087,4,,,0,73,,1529086,4,,,0,31,,1529089,4,,,0
55000,'20261009',1510,,1529095,4,,,0,22,,1529093,4,,,0,95,,1529092,4,,,0,73,,1529091,4,,,0,31,,1529094,4,,,0
55400,'20260929',1542,,1553994,4,,,0,62,,1553995,4,,,0,30,,1553996,4,,,0,93,,1553997,4,,,0
55400,'20260930',1542,,1553998,4,,,0,62,,1553999,4,,,0,30,,1554000,4,,,0,93,,1554001,4,,,0
55400,'20261001',1542,,1554002,4,,,0,62,,1554003,4,,,0,30,,1554004,4,,,0,93,,1554005,4,,,0
55400,'20261002',1542,,1477450,4,,,0,62,,1477448,4,,,0,30,,1477447,4,,,0,93,,1477449,4,,,0
55400,'20261005',1542,,1500423,4,,,0,62,,1500421,4,,,0,30,,1500420,4,,,0,93,,1500422,4,,,0
55400,'20261006',1542,,1529131,4,,,0,62,,1529129,4,,,0,30,,1529128,4,,,0,93,,1529130,4,,,0
55400,'20261007',1542,,1529135,4,,,0,62,,1529133,4,,,0,30,,1529132,4,,,0,93,,1529134,4,,,0
55400,'20261008',1542,,1529139,4,,,0,62,,1529137,4,,,0,30,,1529136,4,,,0,93,,1529138,4,,,0
55400,'20261009',1542,,1529143,4,,,0,62,,1529141,4,,,0,30,,1529140,4,,,0,93,,1529142,4,,,0
55500,'20260929',1629,,1554012,4,,,0,23,,1554013,4,,,0,81,,1554014,4,,,0
55500,'20260930',1629,,1554015,4,,,0,23,,1554016,4,,,0,81,,1554017,4,,,0
55500,'20261001',1629,,1554018,4,,,0,23,,1554019,4,,,0,81,,1554020,4,,,0
55500,'20261002',1629,,1477468,4,,,0,23,,1477469,4,,,0,81,,1477470,4,,,0
55500,'20261005',1629,,1500441,4,,,0,23,,1500442,4,,,0,81,,1500443,4,,,0
55500,'20261006',1629,,1529162,4,,,0,23,,1529163,4,,,0,81,,1529164,4,,,0
55500,'20261007',1629,,1529165,4,,,0,23,,1529166,4,,,0,81,,1529167,4,,,0
55500,'20261008',1629,,1529168,4,,,0,23,,1529169,4,,,0,81,,1529170,4,,,0
55500,'20261009',1629,,1529171,4,,,0,23,,1529172,4,,,0,81,,1529173,4,,,0
55800,'20260929',1630,,1554027,4,,,0,22,,1554028,4,,,0,82,,1554029,4,,,0
55800,'20260930',1630,,1554030,4,,,0,22,,1554031,4,,,0,82,,1554032,4,,,0
55800,'20261001',1630,,1554033,4,,,0,22,,1554034,4,,,0,82,,1554035,4,,,0
55800,'20261002',1630,,1477488,4,,,0,22,,1477489,4,,,0,82,,1477490,4,,,0
55800,'20261005',1630,,1500461,4,,,0,22,,1500462,4,,,0,82,,1500463,4,,,0
55800,'20261006',1630,,1529192,4,,,0,22,,1529193,4,,,0,82,,1529194,4,,,0
55800,'20261007',1630,,1529195,4,,,0,22,,1529196,4,,,0,82,,1529197,4,,,0
55800,'20261008',1630,,1529198,4,,,0,22,,1529199,4,,,0,82,,1529200,4,,,0
55800,'20261009',1630,,1529201,4,,,0,22,,1529202,4,,,0,82,,1529203,4,,,0
57000,'20260929',1547,,1554042,4,,,0,5,,1554043,4,,,0,74,,1554044,4,,,0,22,,1554045,4,,,0,80,,1554046,4,,,0
57000,'20260930',1547,,1554047,4,,,0,5,,1554048,4,,,0,74,,1554049,4,,,0,22,,1554050,4,,,0,80,,1554051,4,,,0
57000,'20261001',1547,,1554052,4,,,0,5,,1554053,4,,,0,74,,1554054,4,,,0,22,,1554055,4,,,0,80,,1554056,4,,,0
57000,'20261002',1547,,1477514,4,,,0,5,,1477515,4,,,0,74,,1477516,4,,,0,22,,1477517,4,,,0,80,,1477518,4,,,0
57000,'20261005',1547,,1500487,4,,,0,5,,1500488,4,,,0,74,,1500489,4,,,0,22,,1500490,4,,,0,80,,1500491,4,,,0
57000,'20261006',1547,,1529226,4,,,0,5,,1529227,4,,,0,74,,1529228,4,,,0,22,,1529229,4,,,0,80,,1529230,4,,,0
57000,'20261007',1547,,1529231,4,,,0,5,,1529232,4,,,0,74,,1529233,4,,,0,22,,1529234,4,,,0,80,,1529235,4,,,0
57000,'20261008',1547,,1529236,4,,,0,5,,1529237,4,,,0,74,,1529238,4,,,0,22,,1529239,4,,,0,80,,1529240,4,,,0
57000,'20261009',1547,,1529241,4,,,0,5,,1529242,4,,,0,74,,1529243,4,,,0,22,,1529244,4,,,0,80,,1529245,4,,,0
57200,'20260929',1542,,1554066,4,,,0,83,,1554067,4,,,0,81,,1554068,4,,,0,27,,1554069,4,,,0
57200,'20260930',1542,,1554070,4,,,0,83,,1554071,4,,,0,81,,1554072,4,,,0,27,,1554073,4,,,0
57200,'20261001',1542,,1554074,4,,,0,83,,1554075,4,,,0,81,,1554076,4,,,0,27,,1554077,4,,,0
57200,'20261002',1542,,1477546,4,,,0,83,,1477543,4,,,0,81,,1477544,4,,,0,27,,1477545,4,,,0
57200,'20261005',1542,,1500519,4,,,0,83,,1500516,4,,,0,81,,1500517,4,,,0,27,,1500518,4,,,0
57200,'20261006',1542,,1529275,4,,,0,83,,1529272,4,,,0,81,,1529273,4,,,0,27,,1529274,4,,,0
57200,'20261007',1542,,1529279,4,,,0,83,,1529276,4,,,0,81,,1529277,4,,,0,27,,1529278,4,,,0
57200,'20261008',1542,,1529283,4,,,0,83,,1529280,4,,,0,81,,1529281,4,,,0,27,,1529282,4,,,0
57200,'20261009',1542,,1529287,4,,,0,83,,1529284,4,,,0,81,,1529285,4,,,0,27,,1529286,4,,,0
57400,'20260929',1548,,1554087,4,,,0,72,,1554088,4,,,0,34,,1554089,4,,,0,69,,1554090,4,,,0
57400,'20260930',1548,,1554091,4,,,0,72,,1554092,4,,,0,34,,1554093,4,,,0,69,,1554094,4,,,0
57400,'20261001',1548,,1554095,4,,,0,72,,1554096,4,,,0,34,,1554097,4,,,0,69,,1554098,4,,,0
57400,'20261002',1548,,1477574,4,,,0,72,,1477572,4,,,0,34,,1477573,4,,,0,69,,1477571,4,,,0
57400,'20261005',1548,,1500547,4,,,0,72,,1500545,4,,,0,34,,1500546,4,,,0,69,,1500544,4,,,0
57400,'20261006',1548,,1529317,4,,,0,72,,1529315,4,,,0,34,,1529316,4,,,0,69,,1529314,4,,,0
57400,'20261007',1548,,1529321,4,,,0,72,,1529319,4,,,0,34,,1529320,4,,,0,69,,1529318,4,,,0
57400,'20261008',1548,,1529325,4,,,0,72,,1529323,4,,,0,34,,1529324,4,,,0,69,,1529322,4,,,0
57400,'20261009',1548,,1529329,4,,,0,72,,1529327,4,,,0,34,,1529328,4,,,0,69,,1529326,4,,,0
58000,'20260929',1543,,1554108,4,,,0,81,,1554109,4,,,0,22,,1554110,4,,,0,78,,1554111,4,,,0
58000,'20260930',1543,,1554112,4,,,0,81,,1554113,4,,,0,22,,1554114,4,,,0,78,,1554115,4,,,0
58000,'20261001',1543,,1554116,4,,,0,81,,1554117,4,,,0,22,,1554118,4,,,0,78,,1554119,4,,,0
58000,'20261002',1543,,1477601,4,,,0,81,,1477600,4,,,0,22,,1477599,4,,,0,78,,1477602,4,,,0
58000,'20261005',1543,,1500574,4,,,0,81,,1500573,4,,,0,22,,1500572,4,,,0,78,,1500575,4,,,0
58000,'20261006',1543,,1529358,4,,,0,81,,1529357,4,,,0,22,,1529356,4,,,0,78,,1529359,4,,,0
58000,'20261007',1543,,1529362,4,,,0,81,,1529361,4,,,0,22,,1529360,4,,,0,78,,1529363,4,,,0
58000,'20261008',1543,,1529366,4,,,0,81,,1529365,4,,,0,22,,1529364,4,,,0,78,,1529367,4,,,0
58000,'20261009',1543,,1529370,4,,,0,81,,1529369,4,,,0,22,,1529368,4,,,0,78,,1529371,4,,,0
58100,'20260929',1622,,1554129,4,,,0,31,,1554130,4,,,0,71,,1554131,4,,,0
58100,'20260930',1622,,1554132,4,,,0,31,,1554133,4,,,0,71,,1554134,4,,,0
58100,'20261001',1622,,1554135,4,,,0,31,,1554136,4,,,0,71,,1554137,4,,,0
58100,'20261002',1622,,1477624,4,,,0,31,,1477625,4,,,0,71,,1477626,4,,,0
58100,'20261005',1622,,1500597,4,,,0,31,,1500598,4,,,0,71,,1500599,4,,,0
58100,'20261006',1622,,1529396,4,,,0,31,,1529397,4,,,0,71,,1529398,4,,,0
58100,'20261007',1622,,1529399,4,,,0,31,,1529400,4,,,0,71,,1529401,4,,,0
58100,'20261008',1622,,1529402,4,,,0,31,,1529403,4,,,0,71,,1529404,4,,,0
58100,'20261009',1622,,1529405,4,,,0,31,,1529406,4,,,0,71,,1529407,4,,,0
58200,'20260929',1543,,1554147,4,,,0,61,,1554148,4,,,0,27,,1554149,4,,,0,79,,1554150,4,,,0,29,,1554151,4,,,0
58200,'20260930',1543,,1554152,4,,,0,61,,1554153,4,,,0,27,,1554154,4,,,0,79,,1554155,4,,,0,29,,1554156,4,,,0
58200,'20261001',1543,,1554157,4,,,0,61,,1554158,4,,,0,27,,1554159,4,,,0,79,,1554160,4,,,0,29,,1554161,4,,,0
58200,'20261002',1543,,1477657,4,,,0,61,,1477658,4,,,0,27,,1477655,4,,,0,79,,1477656,4,,,0,29,,1477654,4,,,0
58200,'20261005',1543,,1500630,4,,,0,61,,1500631,4,,,0,27,,1500628,4,,,0,79,,1500629,4,,,0,29,,1500627,4,,,0
58200,'20261006',1543,,1529439,4,,,0,61,,1529440,4,,,0,27,,1529437,4,,,0,79,,1529438,4,,,0,29,,1529436,4,,,0
58200,'20261007',1543,,1529444,4,,,0,61,,1529445,4,,,0,27,,1529442,4,,,0,79,,1529443,4,,,0,29,,1529441,4,,,0
58200,'20261008',1543,,1529449,4,,,0,61,,1529450,4,,,0,27,,1529447,4,,,0,79,,1529448,4,,,0,29,,1529446,4,,,0
58200,'20261009',1543,,1529454,4,,,0,61,,1529455,4,,,0,27,,1529452,4,,,0,79,,1529453,4,,,0,29,,1529451,4,,,0
58400,'20260929',1549,,1554177,4,,,0,82,,1554178,4,,,0,24,,1554179,4,,,0,80,,1554180,4,,,0
58400,'20260930',1549,,1554181,4,,,0,82,,1554182,4,,,0,24,,1554183,4,,,0,80,,1554184,4,,,0
58400,'20261001',1549,,1554185,4,,,0,82,,1554186,4,,,0,24,,1554187,4,,,0,80,,1554188,4,,,0
58400,'20261002',1549,,1477693,4,,,0,82,,1477691,4,,,0,24,,1477692,4,,,0,80,,1477694,4,,,0
58400,'20261005',1549,,1500666,4,,,0,82,,1500664,4,,,0,24,,1500665,4,,,0,80,,1500667,4,,,0
58400,'20261006',1549,,1529496,4,,,0,82,,1529494,4,,,0,24,,1529495,4,,,0,80,,1529497,4,,,0
58400,'20261007',1549,,1529500,4,,,0,82,,1529498,4,,,0,24,,1529499,4,,,0,80,,1529501,4,,,0
58400,'20261008',1549,,1529504,4,,,0,82,,1529502,4,,,0,24,,1529503,4,,,0,80,,1529505,4,,,0
58400,'20261009',1549,,1529508,4,,,0,82,,1529506,4,,,0,24,,1529507,4,,,0,80,,1529509,4,,,0
80400,'20260929',600,,1558429,6,,,1,15,,1558430,6,,,1,15,,1558431,6,,,1,14,,1558432,6,,,1,14,,1558433,6,,,1,53,,1558434,6,,,1,14,,1558435,6,,,1,14,,1558436,6,,,1,14,,1558437,6,,,1,55,,1558438,6,,,1,18,,1558439,6,,,1,18,,1558440,6,,,1,56,,1558441,6,,,1,15,,1558442,6,,,1,16,,1558443,6,,,1,13,,1558444,6,,,1,15,,1558445,6,,,1,53,,1558446,6,,,1,17,,1558447,6,,,1,14,,1558448,6,,,1,14,,1558449,6,,,1,54,,1558450,6,,,1,14,,1558451,6,,,1,14,,1558452,6,,,1,15,,1558453,6,,,1,55,,1558454,6,,,1,14,,1558455,6,,,1,14,,1558456,6,,,1,17,,1558457,6,,,1,55,,1558458,6,,,1,15,,1558459,6,,,1,15,,1558460,6,,,1,15,,1558461,6,,,1,55,,1558462,6,,,1,15,,1558463,6,,,1,15,,1558464,6,,,1,15,,1558465,6,,,1,55,,1558466,6,,,1,10,,1558467,6,,,1,9,,1558468,6,,,1,9,,1558469,6,,,1,10,,1558470,6,,,1,10,,1558471,6,,,1,49,,1558472,6,,,1,10,,1558473,6,,,1,11,,1558474,6,,,1,12,,1558475,6,,,1,10,,1558476,6,,,1,10,,1558477,6,,,1,51,,1558478,6,,,1,11,,1558479,6,,,1,11,,1558480,6,,,1,16,,1558481,6,,,1,56,,1558482,6,,,1,18,,1558483,6,,,1,15,,1558484,6,,,1,18,,1558485,6,,,1,59,,1558486,6,,,1,19,,1558487,6,,,1,18,,1558488,6,,,1,58,,1558489,6,,,1,19,,1558428,6,,,1,18,,1558491,6,,,1,57,,1558492,6,,,1,19,,1558493,6,,,1,18,,1558494,6,,,1,18,,1558495,6,,,1,58,,1558496,6,,,1,17,,1558497,6,,,1,18,,1558498,6,,,1,59,,1558499,6,,,1,17,,1558500,6,,,1,17,,1558501,6,,,1,58,,1558502,6,,,1,17,,1558503,6,,,1,18,,1558504,6,,,1
80400,'20260930',600,,1558506,6,,,1,15,,1558507,6,,,1,15,,1558508,6,,,1,14,,1558509,6,,,1,14,,1558510,6,,,1,53,,1558511,6,,,1,14,,1558512,6,,,1,14,,1558513,6,,,1,14,,1558514,6,,,1,55,,1558515,6,,,1,18,,1558516,6,,,1,18,,1558517,6,,,1,56,,1558518,6,,,1,15,,1558519,6,,,1,16,,1558520,6,,,1,13,,1558521,6,,,1,15,,1558522,6,,,1,53,,1558523,6,,,1,17,,1558524,6,,,1,14,,1558525,6,,,1,14,,1558526,6,,,1,54,,1558527,6,,,1,14,,1558528,6,,,1,14,,1558529,6,,,1,15,,1558530,6,,,1,55,,1558531,6,,,1,14,,1558532,6,,,1,14,,1558533,6,,,1,17,,1558534,6,,,1,55,,1558535,6,,,1,15,,1558536,6,,,1,15,,1558537,6,,,1,15,,1558538,6,,,1,55,,1558539,6,,,1,15,,1558540,6,,,1,15,,1558541,6,,,1,15,,1558542,6,,,1,55,,1558543,6,,,1,10,,1558544,6,,,1,9,,1558545,6,,,1,9,,1558546,6,,,1,10,,1558547,6,,,1,10,,1558548,6,,,1,49,,1558549,6,,,1,10,,1558550,6,,,1,11,,1558551,6,,,1,12,,1558552,6,,,1,10,,1558553,6,,,1,10,,1558554,6,,,1,51,,1558555,6,,,1,11,,1558556,6,,,1,11,,1558557,6,,,1,16,,1558558,6,,,1,56,,1558559,6,,,1,18,,1558560,6,,,1,15,,1558561,6,,,1,18,,1558562,6,,,1,59,,1558563,6,,,1,19,,1558564,6,,,1,18,,1558565,6,,,1,58,,1558566,6,,,1,19,,1558505,6,,,1,18,,1558568,6,,,1,57,,1558569,6,,,1,19,,1558570,6,,,1,18,,1558571,6,,,1,18,,1558572,6,,,1,58,,1558573,6,,,1,17,,1558574,6,,,1,18,,1558575,6,,,1,59,,1558576,6,,,1,17,,1558577,6,,,1,17,,1558578,6,,,1,58,,1558579,6,,,1,17,,1558580,6,,,1,18,,1558581,6,,,1
80400,'20261001',600,,1558583,6,,,1,15,,1558584,6,,,1,15,,1558585,6,,,1,14,,1558586,6,,,1,14,,1558587,6,,,1,53,,1558588,6,,,1,14,,1558589,6,,,1,14,,1558590,6,,,1,14,,1558591,6,,,1,55,,1558592,6,,,1,18,,1558593,6,,,1,18,,1558594,6,,,1,56,,1558595,6,,,1,15,,1558596,6,,,1,16,,1558597,6,,,1,13,,1558598,6,,,1,15,,1558599,6,,,1,53,,1558600,6,,,1,17,,1558601,6,,,1,14,,1558602,6,,,1,14,,1558603,6,,,1,54,,1558604,6,,,1,14,,1558605,6,,,1,14,,1558606,6,,,1,15,,1558607,6,,,1,55,,1558608,6,,,1,14,,1558609,6,,,1,14,,1558610,6,,,1,17,,1558611,6,,,1,55,,1558612,6,,,1,15,,1558613,6,,,1,15,,1558614,6,,,1,15,,1558615,6,,,1,55,,1558616,6,,,1,15,,1558617,6,,,1,15,,1558618,6,,,1,15,,1558619,6,,,1,55,,1558620,6,,,1,10,,1558621,6,,,1,9,,1558622,6,,,1,9,,1558623,6,,,1,10,,1558624,6,,,1,10,,1558625,6,,,1,49,,1558626,6,,,1,10,,1558627,6,,,1,11,,1558628,6,,,1,12,,1558629,6,,,1,10,,1558630,6,,,1,10,,1558631,6,,,1,51,,1558632,6,,,1,11,,1558633,6,,,1,11,,1558634,6,,,1,16,,1558635,6,,,1,56,,1558636,6,,,1,18,,1558637,6,,,1,15,,1558638,6,,,1,18,,1558639,6,,,1,59,,1558640,6,,,1,19,,1558641,6,,,1,18,,1558642,6,,,1,58,,1558643,6,,,1,19,,1558582,6,,,1,18,,1558645,6,,,1,57,,1558646,6,,,1,19,,1558647,6,,,1,18,,1558648,6,,,1,18,,1558649,6,,,1,58,,1558650,6,,,1,17,,1558651,6,,,1,18,,1558652,6,,,1,59,,1558653,6,,,1,17,,1558654,6,,,1,17,,1558655,6,,,1,58,,1558656,6,,,1,17,,1558657,6,,,1,18,,1558658,6,,,1
80400,'20261002',600,,1482490,6,,,1,15,,1482423,6,,,1,15,,1482425,6,,,1,14,,1482486,6,,,1,14,,1482435,6,,,1,53,,1482437,6,,,1,14,,1482438,6,,,1,14,,1482491,6,,,1,14,,1482439,6,,,1,55,,1482440,6,,,1,18,,1482441,6,,,1,18,,1482442,6,,,1,56,,1482444,6,,,1,15,,1482479,6,,,1,16,,1482483,6,,,1,13,,1482445,6,,,1,15,,1482446,6,,,1,53,,1482443,6,,,1,17,,1482480,6,,,1,14,,1482447,6,,,1,14,,1482448,6,,,1,54,,1482484,6,,,1,14,,1482450,6,,,1,14,,1482451,6,,,1,15,,1482452,6,,,1,55,,1482449,6,,,1,14,,1482453,6,,,1,14,,1482481,6,,,1,17,,1482454,6,,,1,55,,1482455,6,,,1,15,,1482456,6,,,1,15,,1482457,6,,,1,15,,1482488,6,,,1,55,,1482458,6,,,1,15,,1482460,6,,,1,15,,1482461,6,,,1,15,,1482462,6,,,1,55,,1482459,6,,,1,10,,1482463,6,,,1,9,,1482464,6,,,1,9,,1482497,6,,,1,10,,1482465,6,,,1,10,,1482466,6,,,1,49,,1482467,6,,,1,10,,1482468,6,,,1,11,,1482485,6,,,1,12,,1482469,6,,,1,10,,1482470,6,,,1,10,,1482471,6,,,1,51,,1482472,6,,,1,11,,1482473,6,,,1,11,,1482436,6,,,1,16,,1482434,6,,,1,56,,1482433,6,,,1,18,,1482474,6,,,1,15,,1482475,6,,,1,18,,1482496,6,,,1,59,,1482476,6,,,1,19,,1482478,6,,,1,18,,1482426,6,,,1,58,,1482482,6,,,1,19,,1482427,6,,,1,18,,1482487,6,,,1,57,,1482424,6,,,1,19,,1482489,6,,,1,18,,1482428,6,,,1,18,,1482429,6,,,1,58,,1482492,6,,,1,17,,1482430,6,,,1,18,,1482493,6,,,1,59,,1482431,6,,,1,17,,1482432,6,,,1,17,,1482494,6,,,1,58,,1482495,6,,,1,17,,1482477,6,,,1,18,,1482498,6,,,1
80400,'20261003',652,,1505312,6,,,1,59,,1505265,6,,,1,18,,1505266,6,,,1,18,,1505267,6,,,1,58,,1505313,6,,,1,18,,1505317,6,,,1,18,,1505268,6,,,1,18,,1505269,6,,,1,57,,1505308,6,,,1,17,,1505318,6,,,1,18,,1505314,6,,,1,58,,1505309,6,,,1,17,,1505316,6,,,1,18,,1505270,6,,,1,56,,1505310,6,,,1,15,,1505271,6,,,1,14,,1505311,6,,,1,15,,1505272,6,,,1,15,,1505319,6,,,1,55,,1505273,6,,,1,15,,1505274,6,,,1,15,,1505275,6,,,1,15,,1505276,6,,,1,55,,1505277,6,,,1,15,,1505278,6,,,1,15,,1505279,6,,,1,15,,1505280,6,,,1,55,,1505281,6,,,1,15,,1505282,6,,,1,15,,1505283,6,,,1,15,,1505284,6,,,1,55,,1505285,6,,,1,15,,1505286,6,,,1,15,,1505287,6,,,1,15,,1505288,6,,,1,55,,1505289,6,,,1,14,,1505290,6,,,1,15,,1505291,6,,,1,15,,1505292,6,,,1,54,,1505293,6,,,1,16,,1505294,6,,,1,22,,1505295,6,,,1,56,,1505296,6,,,1,18,,1505320,6,,,1,18,,1505315,6,,,1,17,,1505321,6,,,1,58,,1505297,6,,,1,17,,1505322,6,,,1,18,,1505298,6,,,1,57,,1505299,6,,,1,18,,1505323,6,,,1,18,,1505300,6,,,1,58,,1505324,6,,,1,17,,1505301,6,,,1,18,,1505302,6,,,1,17,,1505325,6,,,1,58,,1505303,6,,,1,18,,1505326,6,,,1,18,,1505304,6,,,1,58,,1505305,6,,,1,18,,1505327,6,,,1,18,,1505306,6,,,1,58,,1505307,6,,,1,18,,1505328,6,,,1,18,,1505329,6,,,1
80400,'20261004',652,,1505378,6,,,1,59,,1505330,6,,,1,18,,1505382,6,,,1,18,,1505331,6,,,1,58,,1505332,6,,,1,18,,1505380,6,,,1,18,,1505333,6,,,1,18,,1505334,6,,,1,57,,1505336,6,,,1,17,,1505376,6,,,1,18,,1505383,6,,,1,58,,1505379,6,,,1,17,,1505338,6,,,1,18,,1505384,6,,,1,56,,1505335,6,,,1,15,,1505339,6,,,1,14,,1505337,6,,,1,15,,1505377,6,,,1,15,,1505340,6,,,1,55,,1505341,6,,,1,15,,1505342,6,,,1,15,,1505343,6,,,1,15,,1505344,6,,,1,55,,1505345,6,,,1,15,,1505346,6,,,1,15,,1505347,6,,,1,15,,1505348,6,,,1,55,,1505349,6,,,1,15,,1505350,6,,,1,15,,1505351,6,,,1,15,,1505352,6,,,1,55,,1505353,6,,,1,15,,1505354,6,,,1,15,,1505355,6,,,1,15,,1505356,6,,,1,55,,1505357,6,,,1,14,,1505358,6,,,1,15,,1505359,6,,,1,15,,1505360,6,,,1,54,,1505361,6,,,1,16,,1505362,6,,,1,22,,1505363,6,,,1,56,,1505385,6,,,1,18,,1505364,6,,,1,18,,1505381,6,,,1,17,,1505386,6,,,1,58,,1505366,6,,,1,17,,1505387,6,,,1,18,,1505368,6,,,1,57,,1505365,6,,,1,18,,1505389,6,,,1,18,,1505369,6,,,1,58,,1505390,6,,,1,17,,1505367,6,,,1,18,,1505370,6,,,1,17,,1505391,6,,,1,58,,1505371,6,,,1,18,,1505388,6,,,1,18,,1505372,6,,,1,58,,1505373,6,,,1,18,,1505392,6,,,1,18,,1505374,6,,,1,58,,1505375,6,,,1,18,,1505393,6,,,1,18,,1505394,6,,,1
80400,'20261005',600,,1505462,6,,,1,15,,1505395,6,,,1,15,,1505397,6,,,1,14,,1505458,6,,,1,14,,1505407,6,,,1,53,,1505409,6,,,1,14,,1505410,6,,,1,14,,1505463,6,,,1,14,,1505411,6,,,1,55,,1505412,6,,,1,18,,1505413,6,,,1,18,,1505414,6,,,1,56,,1505416,6,,,1,15,,1505451,6,,,1,16,,1505455,6,,,1,13,,1505417,6,,,1,15,,1505418,6,,,1,53,,1505415,6,,,1,17,,1505452,6,,,1,14,,1505419,6,,,1,14,,1505420,6,,,1,54,,1505456,6,,,1,14,,1505422,6,,,1,14,,1505423,6,,,1,15,,1505424,6,,,1,55,,1505421,6,,,1,14,,1505425,6,,,1,14,,1505453,6,,,1,17,,1505426,6,,,1,55,,1505427,6,,,1,15,,1505428,6,,,1,15,,1505429,6,,,1,15,,1505460,6,,,1,55,,1505430,6,,,1,15,,1505432,6,,,1,15,,1505433,6,,,1,15,,1505434,6,,,1,55,,1505431,6,,,1,10,,1505435,6,,,1,9,,1505436,6,,,1,9,,1505469,6,,,1,10,,1505437,6,,,1,10,,1505438,6,,,1,49,,1505439,6,,,1,10,,1505440,6,,,1,11,,1505457,6,,,1,12,,1505441,6,,,1,10,,1505442,6,,,1,10,,1505443,6,,,1,51,,1505444,6,,,1,11,,1505445,6,,,1,11,,1505408,6,,,1,16,,1505406,6,,,1,56,,1505405,6,,,1,18,,1505446,6,,,1,15,,1505447,6,,,1,18,,1505468,6,,,1,59,,1505448,6,,,1,19,,1505450,6,,,1,18,,1505398,6,,,1,58,,1505454,6,,,1,19,,1505399,6,,,1,18,,1505459,6,,,1,57,,1505396,6,,,1,19,,1505461,6,,,1,18,,1505400,6,,,1,18,,1505401,6,,,1,58,,1505464,6,,,1,17,,1505402,6,,,1,18,,1505465,6,,,1,59,,1505403,6,,,1,17,,1505404,6,,,1,17,,1505466,6,,,1,58,,1505467,6,,,1,17,,1505449,6,,,1,18,,1505470,6,,,1
80400,'20261006',600,,1535799,6,,,1,15,,1535732,6,,,1,15,,1535734,6,,,1,14,,1535795,6,,,1,14,,1535744,6,,,1,53,,1535746,6,,,1,14,,1535747,6,,,1,14,,1535800,6,,,1,14,,1535748,6,,,1,55,,1535749,6,,,1,18,,1535750,6,,,1,18,,1535751,6,,,1,56,,1535753,6,,,1,15,,1535788,6,,,1,16,,1535792,6,,,1,13,,1535754,6,,,1,15,,1535755,6,,,1,53,,1535752,6,,,1,17,,1535789,6,,,1,14,,1535756,6,,,1,14,,1535757,6,,,1,54,,1535793,6,,,1,14,,1535759,6,,,1,14,,1535760,6,,,1,15,,1535761,6,,,1,55,,1535758,6,,,1,14,,1535762,6,,,1,14,,1535790,6,,,1,17,,1535763,6,,,1,55,,1535764,6,,,1,15,,1535765,6,,,1,15,,1535766,6,,,1,15,,1535797,6,,,1,55,,1535767,6,,,1,15,,1535769,6,,,1,15,,1535770,6,,,1,15,,1535771,6,,,1,55,,1535768,6,,,1,10,,1535772,6,,,1,9,,1535773,6,,,1,9,,1535806,6,,,1,10,,1535774,6,,,1,10,,1535775,6,,,1,49,,1535776,6,,,1,10,,1535777,6,,,1,11,,1535794,6,,,1,12,,1535778,6,,,1,10,,1535779,6,,,1,10,,1535780,6,,,1,51,,1535781,6,,,1,11,,1535782,6,,,1,11,,1535745,6,,,1,16,,1535743,6,,,1,56,,1535742,6,,,1,18,,1535783,6,,,1,15,,1535784,6,,,1,18,,1535805,6,,,1,59,,1535785,6,,,1,19,,1535787,6,,,1,18,,1535735,6,,,1,58,,1535791,6,,,1,19,,1535736,6,,,1,18,,1535796,6,,,1,57,,1535733,6,,,1,19,,1535798,6,,,1,18,,1535737,6,,,1,18,,1535738,6,,,1,58,,1535801,6,,,1,17,,1535739,6,,,1,18,,1535802,6,,,1,59,,1535740,6,,,1,17,,1535741,6,,,1,17,,1535803,6,,,1,58,,1535804,6,,,1,17,,1535786,6,,,1,18,,1535807,6,,,1
80400,'20261007',600,,1535875,6,,,1,15,,1535808,6,,,1,15,,1535810,6,,,1,14,,1535871,6,,,1,14,,1535820,6,,,1,53,,1535822,6,,,1,14,,1535823,6,,,1,14,,1535876,6,,,1,14,,1535824,6,,,1,55,,1535825,6,,,1,18,,1535826,6,,,1,18,,1535827,6,,,1,56,,1535829,6,,,1,15,,1535864,6,,,1,16,,1535868,6,,,1,13,,1535830,6,,,1,15,,1535831,6,,,1,53,,1535828,6,,,1,17,,1535865,6,,,1,14,,1535832,6,,,1,14,,1535833,6,,,1,54,,1535869,6,,,1,14,,1535835,6,,,1,14,,1535836,6,,,1,15,,1535837,6,,,1,55,,1535834,6,,,1,14,,1535838,6,,,1,14,,1535866,6,,,1,17,,1535839,6,,,1,55,,1535840,6,,,1,15,,1535841,6,,,1,15,,1535842,6,,,1,15,,1535873,6,,,1,55,,1535843,6,,,1,15,,1535845,6,,,1,15,,1535846,6,,,1,15,,1535847,6,,,1,55,,1535844,6,,,1,10,,1535848,6,,,1,9,,1535849,6,,,1,9,,1535882,6,,,1,10,,1535850,6,,,1,10,,1535851,6,,,1,49,,1535852,6,,,1,10,,1535853,6,,,1,11,,1535870,6,,,1,12,,1535854,6,,,1,10,,1535855,6,,,1,10,,1535856,6,,,1,51,,1535857,6,,,1,11,,1535858,6,,,1,11,,1535821,6,,,1,16,,1535819,6,,,1,56,,1535818,6,,,1,18,,1535859,6,,,1,15,,1535860,6,,,1,18,,1535881,6,,,1,59,,1535861,6,,,1,19,,1535863,6,,,1,18,,1535811,6,,,1,58,,1535867,6,,,1,19,,1535812,6,,,1,18,,1535872,6,,,1,57,,1535809,6,,,1,19,,1535874,6,,,1,18,,1535813,6,,,1,18,,1535814,6,,,1,58,,1535877,6,,,1,17,,1535815,6,,,1,18,,1535878,6,,,1,59,,1535816,6,,,1,17,,1535817,6,,,1,17,,1535879,6,,,1,58,,1535880,6,,,1,17,,1535862,6,,,1,18,,1535883,6,,,1
80400,'20261008',600,,1535951,6,,,1,15,,1535884,6,,,1,15,,1535886,6,,,1,14,,1535947,6,,,1,14,,1535896,6,,,1,53,,1535898,6,,,1,14,,1535899,6,,,1,14,,1535952,6,,,1,14,,1535900,6,,,1,55,,1535901,6,,,1,18,,1535902,6,,,1,18,,1535903,6,,,1,56,,1535905,6,,,1,15,,1535940,6,,,1,16,,1535944,6,,,1,13,,1535906,6,,,1,15,,1535907,6,,,1,53,,1535904,6,,,1,17,,1535941,6,,,1,14,,1535908,6,,,1,14,,1535909,6,,,1,54,,1535945,6,,,1,14,,1535911,6,,,1,14,,1535912,6,,,1,15,,1535913,6,,,1,55,,1535910,6,,,1,14,,1535914,6,,,1,14,,1535942,6,,,1,17,,1535915,6,,,1,55,,1535916,6,,,1,15,,1535917,6,,,1,15,,1535918,6,,,1,15,,1535949,6,,,1,55,,1535919,6,,,1,15,,1535921,6,,,1,15,,1535922,6,,,1,15,,1535923,6,,,1,55,,1535920,6,,,1,10,,1535924,6,,,1,9,,1535925,6,,,1,9,,1535958,6,,,1,10,,1535926,6,,,1,10,,1535927,6,,,1,49,,1535928,6,,,1,10,,1535929,6,,,1,11,,1535946,6,,,1,12,,1535930,6,,,1,10,,1535931,6,,,1,10,,1535932,6,,,1,51,,1535933,6,,,1,11,,1535934,6,,,1,11,,1535897,6,,,1,16,,1535895,6,,,1,56,,1535894,6,,,1,18,,1535935,6,,,1,15,,1535936,6,,,1,18,,1535957,6,,,1,59,,1535937,6,,,1,19,,1535939,6,,,1,18,,1535887,6,,,1,58,,1535943,6,,,1,19,,1535888,6,,,1,18,,1535948,6,,,1,57,,1535885,6,,,1,19,,1535950,6,,,1,18,,1535889,6,,,1,18,,1535890,6,,,1,58,,1535953,6,,,1,17,,1535891,6,,,1,18,,1535954,6,,,1,59,,1535892,6,,,1,17,,1535893,6,,,1,17,,1535955,6,,,1,58,,1535956,6,,,1,17,,1535938,6,,,1,18,,1535959,6,,,1
80400,'20261009',600,,1536027,6,,,1,15,,1535960,6,,,1,15,,1535962,6,,,1,14,,1536023,6,,,1,14,,1535972,6,,,1,53,,1535974,6,,,1,14,,1535975,6,,,1,14,,1536028,6,,,1,14,,1535976,6,,,1,55,,1535977,6,,,1,18,,1535978,6,,,1,18,,1535979,6,,,1,56,,1535981,6,,,1,15,,1536016,6,,,1,16,,1536020,6,,,1,13,,1535982,6,,,1,15,,1535983,6,,,1,53,,1535980,6,,,1,17,,1536017,6,,,1,14,,1535984,6,,,1,14,,1535985,6,,,1,54,,1536021,6,,,1,14,,1535987,6,,,1,14,,1535988,6,,,1,15,,1535989,6,,,1,55,,1535986,6,,,1,14,,1535990,6,,,1,14,,1536018,6,,,1,17,,1535991,6,,,1,55,,1535992,6,,,1,15,,1535993,6,,,1,15,,1535994,6,,,1,15,,1536025,6,,,1,55,,1535995,6,,,1,15,,1535997,6,,,1,15,,1535998,6,,,1,15,,1535999,6,,,1,55,,1535996,6,,,1,10,,1536000,6,,,1,9,,1536001,6,,,1,9,,1536034,6,,,1,10,,1536002,6,,,1,10,,1536003,6,,,1,49,,1536004,6,,,1,10,,1536005,6,,,1,11,,1536022,6,,,1,12,,1536006,6,,,1,10,,1536007,6,,,1,10,,1536008,6,,,1,51,,1536009,6,,,1,11,,1536010,6,,,1,11,,1535973,6,,,1,16,,1535971,6,,,1,56,,1535970,6,,,1,18,,1536011,6,,,1,15,,1536012,6,,,1,18,,1536033,6,,,1,59,,1536013,6,,,1,19,,1536015,6,,,1,18,,1535963,6,,,1,58,,1536019,6,,,1,19,,1535964,6,,,1,18,,1536024,6,,,1,57,,1535961,6,,,1,19,,1536026,6,,,1,18,,1535965,6,,,1,18,,1535966,6,,,1,58,,1536029,6,,,1,17,,1535967,6,,,1,18,,1536030,6,,,1,59,,1535968,6,,,1,17,,1535969,6,,,1,17,,1536031,6,,,1,58,,1536032,6,,,1,17,,1536014,6,,,1,18,,1536035,6,,,1
80400,'20261010',652,,1558706,6,,,1,59,,1558659,6,,,1,18,,1558660,6,,,1,18,,1558661,6,,,1,58,,1558707,6,,,1,18,,1558711,6,,,1,18,,1558662,6,,,1,18,,1558663,6,,,1,57,,1558702,6,,,1,17,,1558712,6,,,1,18,,1558708,6,,,1,58,,1558703,6,,,1,17,,1558710,6,,,1,18,,1558664,6,,,1,56,,1558704,6,,,1,15,,1558665,6,,,1,14,,1558705,6,,,1,15,,1558666,6,,,1,15,,1558713,6,,,1,55,,1558667,6,,,1,15,,1558668,6,,,1,15,,1558669,6,,,1,15,,1558670,6,,,1,55,,1558671,6,,,1,15,,1558672,6,,,1,15,,1558673,6,,,1,15,,1558674,6,,,1,55,,1558675,6,,,1,15,,1558676,6,,,1,15,,1558677,6,,,1,15,,1558678,6,,,1,55,,1558679,6,,,1,15,,1558680,6,,,1,15,,1558681,6,,,1,15,,1558682,6,,,1,55,,1558683,6,,,1,14,,1558684,6,,,1,15,,1558685,6,,,1,15,,1558686,6,,,1,54,,1558687,6,,,1,16,,1558688,6,,,1,22,,1558689,6,,,1,56,,1558690,6,,,1,18,,1558714,6,,,1,18,,1558709,6,,,1,17,,1558715,6,,,1,58,,1558691,6,,,1,17,,1558716,6,,,1,18,,1558692,6,,,1,57,,1558693,6,,,1,18,,1558717,6,,,1,18,,1558694,6,,,1,58,,1558718,6,,,1,17,,1558695,6,,,1,18,,1558696,6,,,1,17,,1558719,6,,,1,58,,1558697,6,,,1,18,,1558720,6,,,1,18,,1558698,6,,,1,58,,1558699,6,,,1,18,,1558721,6,,,1,18,,1558700,6,,,1,58,,1558701,6,,,1,18,,1558722,6,,,1,18,,1558723,6,,,1
80400,'20261011',652,,1558772,6,,,1,59,,1558724,6,,,1,18,,1558776,6,,,1,18,,1558725,6,,,1,58,,1558726,6,,,1,18,,1558774,6,,,1,18,,1558727,6,,,1,18,,1558728,6,,,1,57,,1558730,6,,,1,17,,1558770,6,,,1,18,,1558777,6,,,1,58,,1558773,6,,,1,17,,1558732,6,,,1,18,,1558778,6,,,1,56,,1558729,6,,,1,15,,1558733,6,,,1,14,,1558731,6,,,1,15,,1558771,6,,,1,15,,1558734,6,,,1,55,,1558735,6,,,1,15,,1558736,6,,,1,15,,1558737,6,,,1,15,,1558738,6,,,1,55,,1558739,6,,,1,15,,1558740,6,,,1,15,,1558741,6,,,1,15,,1558742,6,,,1,55,,1558743,6,,,1,15,,1558744,6,,,1,15,,1558745,6,,,1,15,,1558746,6,,,1,55,,1558747,6,,,1,15,,1558748,6,,,1,15,,1558749,6,,,1,15,,1558750,6,,,1,55,,1558751,6,,,1,14,,1558752,6,,,1,15,,1558753,6,,,1,15,,1558754,6,,,1,54,,1558755,6,,,1,16,,1558756,6,,,1,22,,1558757,6,,,1,56,,1558779,6,,,1,18,,1558758,6,,,1,18,,1558775,6,,,1,17,,1558780,6,,,1,58,,1558760,6,,,1,17,,1558781,6,,,1,18,,1558762,6,,,1,57,,1558759,6,,,1,18,,1558783,6,,,1,18,,1558763,6,,,1,58,,1558784,6,,,1,17,,1558761,6,,,1,18,,1558764,6,,,1,17,,1558785,6,,,1,58,,1558765,6,,,1,18,,1558782,6,,,1,18,,1558766,6,,,1,58,,1558767,6,,,1,18,,1558786,6,,,1,18,,1558768,6,,,1,58,,1558769,6,,,1,18,,1558787,6,,,1,18,,1558788,6,,,1
80400,'20261012',652,,1558837,6,,,1,59,,1558789,6,,,1,18,,1558841,6,,,1,18,,1558790,6,,,1,58,,1558791,6,,,1,18,,1558839,6,,,1,18,,1558792,6,,,1,18,,1558793,6,,,1,57,,1558795,6,,,1,17,,1558835,6,,,1,18,,1558842,6,,,1,58,,1558838,6,,,1,17,,1558797,6,,,1,18,,1558843,6,,,1,56,,1558794,6,,,1,15,,1558798,6,,,1,14,,1558796,6,,,1,15,,1558836,6,,,1,15,,1558799,6,,,1,55,,1558800,6,,,1,15,,1558801,6,,,1,15,,1558802,6,,,1,15,,1558803,6,,,1,55,,1558804,6,,,1,15,,1558805,6,,,1,15,,1558806,6,,,1,15,,1558807,6,,,1,55,,1558808,6,,,1,15,,1558809,6,,,1,15,,1558810,6,,,1,15,,1558811,6,,,1,55,,1558812,6,,,1,15,,1558813,6,,,1,15,,1558814,6,,,1,15,,1558815,6,,,1,55,,1558816,6,,,1,14,,1558817,6,,,1,15,,1558818,6,,,1,15,,1558819,6,,,1,54,,1558820,6,,,1,16,,1558821,6,,,1,22,,1558822,6,,,1,56,,1558844,6,,,1,18,,1558823,6,,,1,18,,1558840,6,,,1,17,,1558845,6,,,1,58,,1558825,6,,,1,17,,1558846,6,,,1,18,,1558827,6,,,1,57,,1558824,6,,,1,18,,1558848,6,,,1,18,,1558828,6,,,1,58,,1558849,6,,,1,17,,1558826,6,,,1,18,,1558829,6,,,1,17,,1558850,6,,,1,58,,1558830,6,,,1,18,,1558847,6,,,1,18,,1558831,6,,,1,58,,1558832,6,,,1,18,,1558851,6,,,1,18,,1558833,6,,,1,58,,1558834,6,,,1,18,,1558852,6,,,1,18,,1558853,6,,,1
80502,'20260929',522,,1559284,13,,,0,10,,1559285,13,,,0,8,,1559286,13,,,0,9,,1559287,13,,,0,8,,1559288,13,,,0,49,,1559289,13,,,0,10,,1559290,13,,,0,9,,1559291,13,,,0,10,,1559292,13,,,0,8,,1559293,13,,,0,9,,1559294,13,,,0,49,,1559295,13,,,0,6,,1559296,13,,,0,7,,1559297,13,,,0,6,,1559298,13,,,0,8,,1559299,13,,,0,9,,1559300,13,,,0,8,,1559301,13,,,0,10,,1559302,13,,,0,50,,1559303,13,,,0,11,,1559304,13,,,0,11,,1559305,13,,,0,10,,1559306,13,,,0,11,,1559307,13,,,0,52,,1559308,13,,,0,10,,1559309,13,,,0,9,,1559310,13,,,0,10,,1559311,13,,,0,11,,1559312,13,,,0,10,,1559313,13,,,0,50,,1559314,13,,,0,10,,1559315,13,,,0,10,,1559316,13,,,0,10,,1559317,13,,,0,10,,1559318,13,,,0,10,,1559319,13,,,0,50,,1559320,13,,,0,10,,1559321,13,,,0,9,,1559322,13,,,0,10,,1559323,13,,,0,10,,1559324,13,,,0,10,,1559325,13,,,0,10,,1559326,13,,,0,50,,1559327,13,,,0,10,,1559328,13,,,0,10,,1559329,13,,,0,9,,1559330,13,,,0,10,,1559331,13,,,0,10,,1559332,13,,,0,50,,1559333,13,,,0,10,,1559334,13,,,0,9,,1559335,13,,,0,10,,1559336,13,,,0,9,,1559337,13,,,0,10,,1559338,13,,,0,51,,1559339,13,,,0,11,,1559340,13,,,0,9,,1559341,13,,,0,9,,1559342,13,,,0,5,,1559343,13,,,0,5,,1559344,13,,,0,4,,1559345,13,,,0,6,,1559346,13,,,0,47,,1559347,13,,,0,6,,1559348,13,,,0,7,,1559349,13,,,0,4,,1559350,13,,,0,7,,1559351,13,,,0,7,,1559352,13,,,0,7,,1559353,13,,,0,4,,1559354,13,,,0,6,,1559355,13,,,0,7,,1559356,13,,,0,48,,1559357,13,,,0,7,,1559358,13,,,0,6,,1559359,13,,,0,8,,1559360,13,,,0,8,,1559361,13,,,0,5,,1559362,13,,,0,10,,1559363,13,,,0,50,,1559364,13,,,0,8,,1559365,13,,,0,8,,1559366,13,,,0,6,,1559367,13,,,0,8,,1559368,13,,,0,8,,1559369,13,,,0,7,,1559370,13,,,0,10,,1559371,13,,,0,49,,1559372,13,,,0,12,,1559373,13,,,0,10,,1559374,13,,,0,10,,1559375,13,,,0,9,,1559376,13,,,0,13,,1559377,13,,,0,50,,1559378,13,,,0,11,,1559379,13,,,0,11,,1559380,13,,,0,10,,1559381,13,,,0,10,,1559382,13,,,0,50,,1559383,13,,,0,10,,1559384,13,,,0,10,,1559385,13,,,0,10,,1559386,13,,,0,10,,1559387,13,,,0,10,,1559388,13,,,0,50,,1559389,13,,,0,10,,1559390,13,,,0,10,,1559391,13,,,0,10,,1559392,13,,,0,10,,1559393,13,,,0,10,,1559394,13,,,0,51,,1559395,13,,,0,11,,1559396,13,,,0,12,,1559397,13,,,0,11,,1559398,13,,,0,9,,1559399,13,,,0,11,,1559400,13,,,0,50,,1559401,13,,,0,10,,1559402,13,,,0,10,,1559403,13,,,0,10,,1559404,13,,,0,10,,1559405,13,,,0,10,,1559406,13,,,0,50,,1559407,13,,,0,10,,1559408,13,,,0,10,,1559409,13,,,0,10,,1559410,13,,,0,10,,1559411,13,,,0,10,,1559412,13,,,0,50,,1559413,13,,,0,10,,1559414,13,,,0,9,,1559415,13,,,0
80502,'20260930',522,,1559417,13,,,0,10,,1559418,13,,,0,8,,1559419,13,,,0,9,,1559420,13,,,0,8,,1559421,13,,,0,49,,1559422,13,,,0,10,,1559423,13,,,0,9,,1559424,13,,,0,10,,1559425,13,,,0,8,,1559426,13,,,0,9,,1559427,13,,,0,49,,1559428,13,,,0,6,,1559429,13,,,0,7,,1559430,13,,,0,6,,1559431,13,,,0,8,,1559432,13,,,0,9,,1559433,13,,,0,8,,1559434,13,,,0,10,,1559435,13,,,0,50,,1559436,13,,,0,11,,1559437,13,,,0,11,,1559438,13,,,0,10,,1559439,13,,,0,11,,1559440,13,,,0,52,,1559441,13,,,0,10,,1559442,13,,,0,9,,1559443,13,,,0,10,,1559444,13,,,0,11,,1559445,13,,,0,10,,1559446,13,,,0,50,,1559447,13,,,0,10,,1559448,13,,,0,10,,1559449,13,,,0,10,,1559450,13,,,0,10,,1559451,13,,,0,10,,1559452,13,,,0,50,,1559453,13,,,0,10,,1559454,13,,,0,9,,1559455,13,,,0,10,,1559456,13,,,0,10,,1559457,13,,,0,10,,1559458,13,,,0,10,,1559459,13,,,0,50,,1559460,13,,,0,10,,1559461,13,,,0,10,,1559462,13,,,0,9,,1559463,13,,,0,10,,1559464,13,,,0,10,,1559465,13,,,0,50,,1559466,13,,,0,10,,1559467,13,,,0,9,,1559468,13,,,0,10,,1559469,13,,,0,9,,1559470,13,,,0,10,,1559471,13,,,0,51,,1559472,13,,,0,11,,1559473,13,,,0,9,,1559474,13,,,0,9,,1559475,13,,,0,5,,1559476,13,,,0,5,,1559477,13,,,0,4,,1559478,13,,,0,6,,1559479,13,,,0,47,,1559480,13,,,0,6,,1559481,13,,,0,7,,1559482,13,,,0,4,,1559483,13,,,0,7,,1559484,13,,,0,7,,1559485,13,,,0,7,,1559486,13,,,0,4,,1559487,13,,,0,6,,1559488,13,,,0,7,,1559489,13,,,0,48,,1559490,13,,,0,7,,1559491,13,,,0,6,,1559492,13,,,0,8,,1559493,13,,,0,8,,1559494,13,,,0,5,,1559495,13,,,0,10,,1559496,13,,,0,50,,1559497,13,,,0,8,,1559498,13,,,0,8,,1559499,13,,,0,6,,1559500,13,,,0,8,,1559501,13,,,0,8,,1559502,13,,,0,7,,1559503,13,,,0,10,,1559504,13,,,0,49,,1559505,13,,,0,12,,1559506,13,,,0,10,,1559507,13,,,0,10,,1559508,13,,,0,9,,1559509,13,,,0,13,,1559510,13,,,0,50,,1559511,13,,,0,11,,1559512,13,,,0,11,,1559513,13,,,0,10,,1559514,13,,,0,10,,1559515,13,,,0,50,,1559516,13,,,0,10,,1559517,13,,,0,10,,1559518,13,,,0,10,,1559519,13,,,0,10,,1559520,13,,,0,10,,1559521,13,,,0,50,,1559522,13,,,0,10,,1559523,13,,,0,10,,1559524,13,,,0,10,,1559525,13,,,0,10,,1559526,13,,,0,10,,1559527,13,,,0,51,,1559528,13,,,0,11,,1559529,13,,,0,12,,1559530,13,,,0,11,,1559531,13,,,0,9,,1559532,13,,,0,11,,1559533,13,,,0,50,,1559534,13,,,0,10,,1559535,13,,,0,10,,1559536,13,,,0,10,,1559537,13,,,0,10,,1559538,13,,,0,10,,1559539,13,,,0,50,,1559540,13,,,0,10,,1559541,13,,,0,10,,1559542,13,,,0,10,,1559543,13,,,0,10,,1559544,13,,,0,10,,1559545,13,,,0,50,,1559546,13,,,0,10,,1559547,13,,,0,9,,1559548,13,,,0
80502,'20261001',522,,1559550,13,,,0,10,,1559551,13,,,0,8,,1559552,13,,,0,9,,1559553,13,,,0,8,,1559554,13,,,0,49,,1559555,13,,,0,10,,1559556,13,,,0,9,,1559557,13,,,0,10,,1559558,13,,,0,8,,1559559,13,,,0,9,,1559560,13,,,0,49,,1559561,13,,,0,6,,1559562,13,,,0,7,,1559563,13,,,0,6,,1559564,13,,,0,8,,1559565,13,,,0,9,,1559566,13,,,0,8,,1559567,13,,,0,10,,1559568,13,,,0,50,,1559569,13,,,0,11,,1559570,13,,,0,11,,1559571,13,,,0,10,,1559572,13,,,0,11,,1559573,13,,,0,52,,1559574,13,,,0,10,,1559575,13,,,0,9,,1559576,13,,,0,10,,1559577,13,,,0,11,,1559578,13,,,0,10,,1559579,13,,,0,50,,1559580,13,,,0,10,,1559581,13,,,0,10,,1559582,13,,,0,10,,1559583,13,,,0,10,,1559584,13,,,0,10,,1559585,13,,,0,50,,1559586,13,,,0,10,,1559587,13,,,0,9,,1559588,13,,,0,10,,1559589,13,,,0,10,,1559590,13,,,0,10,,1559591,13,,,0,10,,1559592,13,,,0,50,,1559593,13,,,0,10,,1559594,13,,,0,10,,1559595,13,,,0,9,,1559596,13,,,0,10,,1559597,13,,,0,10,,1559598,13,,,0,50,,1559599,13,,,0,10,,1559600,13,,,0,9,,1559601,13,,,0,10,,1559602,13,,,0,9,,1559603,13,,,0,10,,1559604,13,,,0,51,,1559605,13,,,0,11,,1559606,13,,,0,9,,1559607,13,,,0,9,,1559608,13,,,0,5,,1559609,13,,,0,5,,1559610,13,,,0,4,,1559611,13,,,0,6,,1559612,13,,,0,47,,1559613,13,,,0,6,,1559614,13,,,0,7,,1559615,13,,,0,4,,1559616,13,,,0,7,,1559617,13,,,0,7,,1559618,13,,,0,7,,1559619,13,,,0,4,,1559620,13,,,0,6,,1559621,13,,,0,7,,1559622,13,,,0,48,,1559623,13,,,0,7,,1559624,13,,,0,6,,1559625,13,,,0,8,,1559626,13,,,0,8,,1559627,13,,,0,5,,1559628,13,,,0,10,,1559629,13,,,0,50,,1559630,13,,,0,8,,1559631,13,,,0,8,,1559632,13,,,0,6,,1559633,13,,,0,8,,1559634,13,,,0,8,,1559635,13,,,0,7,,1559636,13,,,0,10,,1559637,13,,,0,49,,1559638,13,,,0,12,,1559639,13,,,0,10,,1559640,13,,,0,10,,1559641,13,,,0,9,,1559642,13,,,0,13,,1559643,13,,,0,50,,1559644,13,,,0,11,,1559645,13,,,0,11,,1559646,13,,,0,10,,1559647,13,,,0,10,,1559648,13,,,0,50,,1559649,13,,,0,10,,1559650,13,,,0,10,,1559651,13,,,0,10,,1559652,13,,,0,10,,1559653,13,,,0,10,,1559654,13,,,0,50,,1559655,13,,,0,10,,1559656,13,,,0,10,,1559657,13,,,0,10,,1559658,13,,,0,10,,1559659,13,,,0,10,,1559660,13,,,0,51,,1559661,13,,,0,11,,1559662,13,,,0,12,,1559663,13,,,0,11,,1559664,13,,,0,9,,1559665,13,,,0,11,,1559666,13,,,0,50,,1559667,13,,,0,10,,1559668,13,,,0,10,,1559669,13,,,0,10,,1559670,13,,,0,10,,1559671,13,,,0,10,,1559672,13,,,0,50,,1559673,13,,,0,10,,1559674,13,,,0,10,,1559675,13,,,0,10,,1559676,13,,,0,10,,1559677,13,,,0,10,,1559678,13,,,0,50,,1559679,13,,,0,10,,1559680,13,,,0,9,,1559681,13,,,0
80502,'20261002',522,,1483702,13,,,0,10,,1483574,13,,,0,8,,1483575,13,,,0,9,,1483577,13,,,0,8,,1483578,13,,,0,49,,1483579,13,,,0,10,,1483705,13,,,0,9,,1483580,13,,,0,10,,1483581,13,,,0,8,,1483582,13,,,0,9,,1483576,13,,,0,49,,1483703,13,,,0,6,,1483704,13,,,0,7,,1483583,13,,,0,6,,1483584,13,,,0,8,,1483585,13,,,0,9,,1483587,13,,,0,8,,1483588,13,,,0,10,,1483589,13,,,0,50,,1483586,13,,,0,11,,1483590,13,,,0,11,,1483591,13,,,0,10,,1483592,13,,,0,11,,1483593,13,,,0,52,,1483681,13,,,0,10,,1483594,13,,,0,9,,1483595,13,,,0,10,,1483682,13,,,0,11,,1483596,13,,,0,10,,1483597,13,,,0,50,,1483683,13,,,0,10,,1483598,13,,,0,10,,1483599,13,,,0,10,,1483684,13,,,0,10,,1483600,13,,,0,10,,1483601,13,,,0,50,,1483685,13,,,0,10,,1483602,13,,,0,9,,1483603,13,,,0,10,,1483686,13,,,0,10,,1483605,13,,,0,10,,1483606,13,,,0,10,,1483607,13,,,0,50,,1483608,13,,,0,10,,1483687,13,,,0,10,,1483609,13,,,0,9,,1483610,13,,,0,10,,1483604,13,,,0,10,,1483611,13,,,0,50,,1483612,13,,,0,10,,1483613,13,,,0,9,,1483615,13,,,0,10,,1483614,13,,,0,9,,1483616,13,,,0,10,,1483617,13,,,0,51,,1483618,13,,,0,11,,1483619,13,,,0,9,,1483620,13,,,0,9,,1483621,13,,,0,5,,1483622,13,,,0,5,,1483623,13,,,0,4,,1483624,13,,,0,6,,1483625,13,,,0,47,,1483680,13,,,0,6,,1483626,13,,,0,7,,1483674,13,,,0,4,,1483627,13,,,0,7,,1483630,13,,,0,7,,1483631,13,,,0,7,,1483632,13,,,0,4,,1483633,13,,,0,6,,1483678,13,,,0,7,,1483629,13,,,0,48,,1483628,13,,,0,7,,1483635,13,,,0,6,,1483636,13,,,0,8,,1483637,13,,,0,8,,1483634,13,,,0,5,,1483638,13,,,0,10,,1483639,13,,,0,50,,1483640,13,,,0,8,,1483641,13,,,0,8,,1483642,13,,,0,6,,1483643,13,,,0,8,,1483644,13,,,0,8,,1483645,13,,,0,7,,1483646,13,,,0,10,,1483688,13,,,0,49,,1483647,13,,,0,12,,1483648,13,,,0,10,,1483649,13,,,0,10,,1483689,13,,,0,9,,1483651,13,,,0,13,,1483652,13,,,0,50,,1483690,13,,,0,11,,1483653,13,,,0,11,,1483691,13,,,0,10,,1483650,13,,,0,10,,1483654,13,,,0,50,,1483693,13,,,0,10,,1483655,13,,,0,10,,1483656,13,,,0,10,,1483657,13,,,0,10,,1483658,13,,,0,10,,1483659,13,,,0,50,,1483694,13,,,0,10,,1483660,13,,,0,10,,1483661,13,,,0,10,,1483695,13,,,0,10,,1483662,13,,,0,10,,1483664,13,,,0,51,,1483692,13,,,0,11,,1483665,13,,,0,12,,1483666,13,,,0,11,,1483696,13,,,0,9,,1483663,13,,,0,11,,1483667,13,,,0,50,,1483697,13,,,0,10,,1483668,13,,,0,10,,1483677,13,,,0,10,,1483698,13,,,0,10,,1483669,13,,,0,10,,1483670,13,,,0,50,,1483699,13,,,0,10,,1483675,13,,,0,10,,1483671,13,,,0,10,,1483700,13,,,0,10,,1483672,13,,,0,10,,1483673,13,,,0,50,,1483701,13,,,0,10,,1483676,13,,,0,9,,1483679,13,,,0
80502,'20261003',537,,1506428,13,,,0,10,,1506312,13,,,0,10,,1506405,13,,,0,49,,1506313,13,,,0,10,,1506399,13,,,0,9,,1506406,13,,,0,10,,1506314,13,,,0,9,,1506315,13,,,0,11,,1506407,13,,,0,49,,1506429,13,,,0,8,,1506316,13,,,0,10,,1506400,13,,,0,9,,1506408,13,,,0,10,,1506317,13,,,0,10,,1506318,13,,,0,50,,1506319,13,,,0,9,,1506320,13,,,0,10,,1506401,13,,,0,10,,1506409,13,,,0,9,,1506321,13,,,0,9,,1506322,13,,,0,11,,1506323,13,,,0,50,,1506324,13,,,0,10,,1506325,13,,,0,10,,1506410,13,,,0,10,,1506326,13,,,0,11,,1506327,13,,,0,50,,1506328,13,,,0,10,,1506329,13,,,0,10,,1506330,13,,,0,10,,1506411,13,,,0,10,,1506331,13,,,0,10,,1506332,13,,,0,50,,1506333,13,,,0,10,,1506334,13,,,0,10,,1506335,13,,,0,10,,1506412,13,,,0,10,,1506336,13,,,0,10,,1506337,13,,,0,50,,1506338,13,,,0,10,,1506340,13,,,0,10,,1506341,13,,,0,10,,1506413,13,,,0,10,,1506342,13,,,0,10,,1506339,13,,,0,50,,1506343,13,,,0,9,,1506344,13,,,0,10,,1506345,13,,,0,8,,1506414,13,,,0,10,,1506346,13,,,0,10,,1506347,13,,,0,10,,1506348,13,,,0,49,,1506349,13,,,0,10,,1506350,13,,,0,10,,1506351,13,,,0,10,,1506352,13,,,0,9,,1506353,13,,,0,9,,1506354,13,,,0,50,,1506355,13,,,0,10,,1506356,13,,,0,10,,1506357,13,,,0,10,,1506358,13,,,0,10,,1506359,13,,,0,10,,1506360,13,,,0,50,,1506361,13,,,0,10,,1506362,13,,,0,10,,1506363,13,,,0,10,,1506364,13,,,0,12,,1506404,13,,,0,10,,1506365,13,,,0,50,,1506366,13,,,0,11,,1506367,13,,,0,11,,1506368,13,,,0,9,,1506370,13,,,0,9,,1506371,13,,,0,10,,1506372,13,,,0,51,,1506403,13,,,0,10,,1506373,13,,,0,11,,1506374,13,,,0,10,,1506375,13,,,0,10,,1506415,13,,,0,11,,1506369,13,,,0,50,,1506376,13,,,0,10,,1506416,13,,,0,10,,1506377,13,,,0,10,,1506378,13,,,0,11,,1506417,13,,,0,50,,1506379,13,,,0,10,,1506380,13,,,0,11,,1506418,13,,,0,11,,1506381,13,,,0,10,,1506382,13,,,0,11,,1506419,13,,,0,50,,1506383,13,,,0,10,,1506384,13,,,0,10,,1506420,13,,,0,11,,1506385,13,,,0,10,,1506402,13,,,0,11,,1506421,13,,,0,49,,1506386,13,,,0,12,,1506387,13,,,0,10,,1506422,13,,,0,10,,1506388,13,,,0,10,,1506389,13,,,0,10,,1506423,13,,,0,50,,1506390,13,,,0,10,,1506391,13,,,0,10,,1506424,13,,,0,10,,1506392,13,,,0,10,,1506393,13,,,0,10,,1506425,13,,,0,50,,1506394,13,,,0,10,,1506395,13,,,0,11,,1506426,13,,,0,11,,1506398,13,,,0,10,,1506396,13,,,0,10,,1506427,13,,,0,50,,1506397,13,,,0
80502,'20261004',537,,1506547,13,,,0,10,,1506515,13,,,0,10,,1506523,13,,,0,49,,1506514,13,,,0,10,,1506516,13,,,0,9,,1506524,13,,,0,10,,1506513,13,,,0,9,,1506512,13,,,0,11,,1506525,13,,,0,49,,1506510,13,,,0,8,,1506509,13,,,0,10,,1506511,13,,,0,9,,1506526,13,,,0,10,,1506507,13,,,0,10,,1506495,13,,,0,50,,1506494,13,,,0,9,,1506499,13,,,0,10,,1506498,13,,,0,10,,1506527,13,,,0,9,,1506487,13,,,0,9,,1506490,13,,,0,11,,1506488,13,,,0,50,,1506502,13,,,0,10,,1506501,13,,,0,10,,1506528,13,,,0,10,,1506503,13,,,0,11,,1506486,13,,,0,50,,1506492,13,,,0,10,,1506508,13,,,0,10,,1506497,13,,,0,10,,1506529,13,,,0,10,,1506489,13,,,0,10,,1506493,13,,,0,50,,1506491,13,,,0,10,,1506505,13,,,0,10,,1506500,13,,,0,10,,1506530,13,,,0,10,,1506504,13,,,0,10,,1506506,13,,,0,50,,1506496,13,,,0,10,,1506479,13,,,0,10,,1506476,13,,,0,10,,1506531,13,,,0,10,,1506470,13,,,0,10,,1506478,13,,,0,50,,1506482,13,,,0,9,,1506475,13,,,0,10,,1506473,13,,,0,8,,1506532,13,,,0,10,,1506481,13,,,0,10,,1506471,13,,,0,10,,1506477,13,,,0,49,,1506474,13,,,0,10,,1506484,13,,,0,10,,1506485,13,,,0,10,,1506469,13,,,0,9,,1506472,13,,,0,9,,1506468,13,,,0,50,,1506480,13,,,0,10,,1506483,13,,,0,10,,1506461,13,,,0,10,,1506456,13,,,0,10,,1506460,13,,,0,10,,1506465,13,,,0,50,,1506455,13,,,0,10,,1506458,13,,,0,10,,1506454,13,,,0,10,,1506453,13,,,0,12,,1506452,13,,,0,10,,1506521,13,,,0,50,,1506464,13,,,0,11,,1506467,13,,,0,11,,1506466,13,,,0,9,,1506463,13,,,0,9,,1506457,13,,,0,10,,1506462,13,,,0,51,,1506459,13,,,0,10,,1506450,13,,,0,11,,1506517,13,,,0,10,,1506444,13,,,0,10,,1506533,13,,,0,11,,1506442,13,,,0,50,,1506451,13,,,0,10,,1506534,13,,,0,10,,1506441,13,,,0,10,,1506535,13,,,0,11,,1506448,13,,,0,50,,1506449,13,,,0,10,,1506536,13,,,0,11,,1506446,13,,,0,11,,1506443,13,,,0,10,,1506537,13,,,0,11,,1506445,13,,,0,50,,1506447,13,,,0,10,,1506538,13,,,0,10,,1506440,13,,,0,11,,1506439,13,,,0,10,,1506539,13,,,0,11,,1506436,13,,,0,49,,1506434,13,,,0,12,,1506540,13,,,0,10,,1506431,13,,,0,10,,1506520,13,,,0,10,,1506541,13,,,0,10,,1506432,13,,,0,50,,1506430,13,,,0,10,,1506543,13,,,0,10,,1506438,13,,,0,10,,1506433,13,,,0,10,,1506544,13,,,0,10,,1506435,13,,,0,50,,1506437,13,,,0,10,,1506545,13,,,0,11,,1506519,13,,,0,11,,1506518,13,,,0,10,,1506542,13,,,0,10,,1506522,13,,,0,50,,1506546,13,,,0
80502,'20261005',522,,1506676,13,,,0,10,,1506548,13,,,0,8,,1506549,13,,,0,9,,1506551,13,,,0,8,,1506552,13,,,0,49,,1506553,13,,,0,10,,1506679,13,,,0,9,,1506554,13,,,0,10,,1506555,13,,,0,8,,1506556,13,,,0,9,,1506550,13,,,0,49,,1506677,13,,,0,6,,1506678,13,,,0,7,,1506557,13,,,0,6,,1506558,13,,,0,8,,1506559,13,,,0,9,,1506561,13,,,0,8,,1506562,13,,,0,10,,1506563,13,,,0,50,,1506560,13,,,0,11,,1506564,13,,,0,11,,1506565,13,,,0,10,,1506566,13,,,0,11,,1506567,13,,,0,52,,1506655,13,,,0,10,,1506568,13,,,0,9,,1506569,13,,,0,10,,1506656,13,,,0,11,,1506570,13,,,0,10,,1506571,13,,,0,50,,1506657,13,,,0,10,,1506572,13,,,0,10,,1506573,13,,,0,10,,1506658,13,,,0,10,,1506574,13,,,0,10,,1506575,13,,,0,50,,1506659,13,,,0,10,,1506576,13,,,0,9,,1506577,13,,,0,10,,1506660,13,,,0,10,,1506579,13,,,0,10,,1506580,13,,,0,10,,1506581,13,,,0,50,,1506582,13,,,0,10,,1506661,13,,,0,10,,1506583,13,,,0,9,,1506584,13,,,0,10,,1506578,13,,,0,10,,1506585,13,,,0,50,,1506586,13,,,0,10,,1506587,13,,,0,9,,1506589,13,,,0,10,,1506588,13,,,0,9,,1506590,13,,,0,10,,1506591,13,,,0,51,,1506592,13,,,0,11,,1506593,13,,,0,9,,1506594,13,,,0,9,,1506595,13,,,0,5,,1506596,13,,,0,5,,1506597,13,,,0,4,,1506598,13,,,0,6,,1506599,13,,,0,47,,1506654,13,,,0,6,,1506600,13,,,0,7,,1506648,13,,,0,4,,1506601,13,,,0,7,,1506604,13,,,0,7,,1506605,13,,,0,7,,1506606,13,,,0,4,,1506607,13,,,0,6,,1506652,13,,,0,7,,1506603,13,,,0,48,,1506602,13,,,0,7,,1506609,13,,,0,6,,1506610,13,,,0,8,,1506611,13,,,0,8,,1506608,13,,,0,5,,1506612,13,,,0,10,,1506613,13,,,0,50,,1506614,13,,,0,8,,1506615,13,,,0,8,,1506616,13,,,0,6,,1506617,13,,,0,8,,1506618,13,,,0,8,,1506619,13,,,0,7,,1506620,13,,,0,10,,1506662,13,,,0,49,,1506621,13,,,0,12,,1506622,13,,,0,10,,1506623,13,,,0,10,,1506663,13,,,0,9,,1506625,13,,,0,13,,1506626,13,,,0,50,,1506664,13,,,0,11,,1506627,13,,,0,11,,1506665,13,,,0,10,,1506624,13,,,0,10,,1506628,13,,,0,50,,1506667,13,,,0,10,,1506629,13,,,0,10,,1506630,13,,,0,10,,1506631,13,,,0,10,,1506632,13,,,0,10,,1506633,13,,,0,50,,1506668,13,,,0,10,,1506634,13,,,0,10,,1506635,13,,,0,10,,1506669,13,,,0,10,,1506636,13,,,0,10,,1506638,13,,,0,51,,1506666,13,,,0,11,,1506639,13,,,0,12,,1506640,13,,,0,11,,1506670,13,,,0,9,,1506637,13,,,0,11,,1506641,13,,,0,50,,1506671,13,,,0,10,,1506642,13,,,0,10,,1506651,13,,,0,10,,1506672,13,,,0,10,,1506643,13,,,0,10,,1506644,13,,,0,50,,1506673,13,,,0,10,,1506649,13,,,0,10,,1506645,13,,,0,10,,1506674,13,,,0,10,,1506646,13,,,0,10,,1506647,13,,,0,50,,1506675,13,,,0,10,,1506650,13,,,0,9,,1506653,13,,,0
80502,'20261006',522,,1537264,13,,,0,10,,1537136,13,,,0,8,,1537137,13,,,0,9,,1537139,13,,,0,8,,1537140,13,,,0,49,,1537141,13,,,0,10,,1537267,13,,,0,9,,1537142,13,,,0,10,,1537143,13,,,0,8,,1537144,13,,,0,9,,1537138,13,,,0,49,,1537265,13,,,0,6,,1537266,13,,,0,7,,1537145,13,,,0,6,,1537146,13,,,0,8,,1537147,13,,,0,9,,1537149,13,,,0,8,,1537150,13,,,0,10,,1537151,13,,,0,50,,1537148,13,,,0,11,,1537152,13,,,0,11,,1537153,13,,,0,10,,1537154,13,,,0,11,,1537155,13,,,0,52,,1537243,13,,,0,10,,1537156,13,,,0,9,,1537157,13,,,0,10,,1537244,13,,,0,11,,1537158,13,,,0,10,,1537159,13,,,0,50,,1537245,13,,,0,10,,1537160,13,,,0,10,,1537161,13,,,0,10,,1537246,13,,,0,10,,1537162,13,,,0,10,,1537163,13,,,0,50,,1537247,13,,,0,10,,1537164,13,,,0,9,,1537165,13,,,0,10,,1537248,13,,,0,10,,1537167,13,,,0,10,,1537168,13,,,0,10,,1537169,13,,,0,50,,1537170,13,,,0,10,,1537249,13,,,0,10,,1537171,13,,,0,9,,1537172,13,,,0,10,,1537166,13,,,0,10,,1537173,13,,,0,50,,1537174,13,,,0,10,,1537175,13,,,0,9,,1537177,13,,,0,10,,1537176,13,,,0,9,,1537178,13,,,0,10,,1537179,13,,,0,51,,1537180,13,,,0,11,,1537181,13,,,0,9,,1537182,13,,,0,9,,1537183,13,,,0,5,,1537184,13,,,0,5,,1537185,13,,,0,4,,1537186,13,,,0,6,,1537187,13,,,0,47,,1537242,13,,,0,6,,1537188,13,,,0,7,,1537236,13,,,0,4,,1537189,13,,,0,7,,1537192,13,,,0,7,,1537193,13,,,0,7,,1537194,13,,,0,4,,1537195,13,,,0,6,,1537240,13,,,0,7,,1537191,13,,,0,48,,1537190,13,,,0,7,,1537197,13,,,0,6,,1537198,13,,,0,8,,1537199,13,,,0,8,,1537196,13,,,0,5,,1537200,13,,,0,10,,1537201,13,,,0,50,,1537202,13,,,0,8,,1537203,13,,,0,8,,1537204,13,,,0,6,,1537205,13,,,0,8,,1537206,13,,,0,8,,1537207,13,,,0,7,,1537208,13,,,0,10,,1537250,13,,,0,49,,1537209,13,,,0,12,,1537210,13,,,0,10,,1537211,13,,,0,10,,1537251,13,,,0,9,,1537213,13,,,0,13,,1537214,13,,,0,50,,1537252,13,,,0,11,,1537215,13,,,0,11,,1537253,13,,,0,10,,1537212,13,,,0,10,,1537216,13,,,0,50,,1537255,13,,,0,10,,1537217,13,,,0,10,,1537218,13,,,0,10,,1537219,13,,,0,10,,1537220,13,,,0,10,,1537221,13,,,0,50,,1537256,13,,,0,10,,1537222,13,,,0,10,,1537223,13,,,0,10,,1537257,13,,,0,10,,1537224,13,,,0,10,,1537226,13,,,0,51,,1537254,13,,,0,11,,1537227,13,,,0,12,,1537228,13,,,0,11,,1537258,13,,,0,9,,1537225,13,,,0,11,,1537229,13,,,0,50,,1537259,13,,,0,10,,1537230,13,,,0,10,,1537239,13,,,0,10,,1537260,13,,,0,10,,1537231,13,,,0,10,,1537232,13,,,0,50,,1537261,13,,,0,10,,1537237,13,,,0,10,,1537233,13,,,0,10,,1537262,13,,,0,10,,1537234,13,,,0,10,,1537235,13,,,0,50,,1537263,13,,,0,10,,1537238,13,,,0,9,,1537241,13,,,0
80502,'20261007',522,,1537396,13,,,0,10,,1537268,13,,,0,8,,1537269,13,,,0,9,,1537271,13,,,0,8,,1537272,13,,,0,49,,1537273,13,,,0,10,,1537399,13,,,0,9,,1537274,13,,,0,10,,1537275,13,,,0,8,,1537276,13,,,0,9,,1537270,13,,,0,49,,1537397,13,,,0,6,,1537398,13,,,0,7,,1537277,13,,,0,6,,1537278,13,,,0,8,,1537279,13,,,0,9,,1537281,13,,,0,8,,1537282,13,,,0,10,,1537283,13,,,0,50,,1537280,13,,,0,11,,1537284,13,,,0,11,,1537285,13,,,0,10,,1537286,13,,,0,11,,1537287,13,,,0,52,,1537375,13,,,0,10,,1537288,13,,,0,9,,1537289,13,,,0,10,,1537376,13,,,0,11,,1537290,13,,,0,10,,1537291,13,,,0,50,,1537377,13,,,0,10,,1537292,13,,,0,10,,1537293,13,,,0,10,,1537378,13,,,0,10,,1537294,13,,,0,10,,1537295,13,,,0,50,,1537379,13,,,0,10,,1537296,13,,,0,9,,1537297,13,,,0,10,,1537380,13,,,0,10,,1537299,13,,,0,10,,1537300,13,,,0,10,,1537301,13,,,0,50,,1537302,13,,,0,10,,1537381,13,,,0,10,,1537303,13,,,0,9,,1537304,13,,,0,10,,1537298,13,,,0,10,,1537305,13,,,0,50,,1537306,13,,,0,10,,1537307,13,,,0,9,,1537309,13,,,0,10,,1537308,13,,,0,9,,1537310,13,,,0,10,,1537311,13,,,0,51,,1537312,13,,,0,11,,1537313,13,,,0,9,,1537314,13,,,0,9,,1537315,13,,,0,5,,1537316,13,,,0,5,,1537317,13,,,0,4,,1537318,13,,,0,6,,1537319,13,,,0,47,,1537374,13,,,0,6,,1537320,13,,,0,7,,1537368,13,,,0,4,,1537321,13,,,0,7,,1537324,13,,,0,7,,1537325,13,,,0,7,,1537326,13,,,0,4,,1537327,13,,,0,6,,1537372,13,,,0,7,,1537323,13,,,0,48,,1537322,13,,,0,7,,1537329,13,,,0,6,,1537330,13,,,0,8,,1537331,13,,,0,8,,1537328,13,,,0,5,,1537332,13,,,0,10,,1537333,13,,,0,50,,1537334,13,,,0,8,,1537335,13,,,0,8,,1537336,13,,,0,6,,1537337,13,,,0,8,,1537338,13,,,0,8,,1537339,13,,,0,7,,1537340,13,,,0,10,,1537382,13,,,0,49,,1537341,13,,,0,12,,1537342,13,,,0,10,,1537343,13,,,0,10,,1537383,13,,,0,9,,1537345,13,,,0,13,,1537346,13,,,0,50,,1537384,13,,,0,11,,1537347,13,,,0,11,,1537385,13,,,0,10,,1537344,13,,,0,10,,1537348,13,,,0,50,,1537387,13,,,0,10,,1537349,13,,,0,10,,1537350,13,,,0,10,,1537351,13,,,0,10,,1537352,13,,,0,10,,1537353,13,,,0,50,,1537388,13,,,0,10,,1537354,13,,,0,10,,1537355,13,,,0,10,,1537389,13,,,0,10,,1537356,13,,,0,10,,1537358,13,,,0,51,,1537386,13,,,0,11,,1537359,13,,,0,12,,1537360,13,,,0,11,,1537390,13,,,0,9,,1537357,13,,,0,11,,1537361,13,,,0,50,,1537391,13,,,0,10,,1537362,13,,,0,10,,1537371,13,,,0,10,,1537392,13,,,0,10,,1537363,13,,,0,10,,1537364,13,,,0,50,,1537393,13,,,0,10,,1537369,13,,,0,10,,1537365,13,,,0,10,,1537394,13,,,0,10,,1537366,13,,,0,10,,1537367,13,,,0,50,,1537395,13,,,0,10,,1537370,13,,,0,9,,1537373,13,,,0
80502,'20261008',522,,1537528,13,,,0,10,,1537400,13,,,0,8,,1537401,13,,,0,9,,1537403,13,,,0,8,,1537404,13,,,0,49,,1537405,13,,,0,10,,1537531,13,,,0,9,,1537406,13,,,0,10,,1537407,13,,,0,8,,1537408,13,,,0,9,,1537402,13,,,0,49,,1537529,13,,,0,6,,1537530,13,,,0,7,,1537409,13,,,0,6,,1537410,13,,,0,8,,1537411,13,,,0,9,,1537413,13,,,0,8,,1537414,13,,,0,10,,1537415,13,,,0,50,,1537412,13,,,0,11,,1537416,13,,,0,11,,1537417,13,,,0,10,,1537418,13,,,0,11,,1537419,13,,,0,52,,1537507,13,,,0,10,,1537420,13,,,0,9,,1537421,13,,,0,10,,1537508,13,,,0,11,,1537422,13,,,0,10,,1537423,13,,,0,50,,1537509,13,,,0,10,,1537424,13,,,0,10,,1537425,13,,,0,10,,1537510,13,,,0,10,,1537426,13,,,0,10,,1537427,13,,,0,50,,1537511,13,,,0,10,,1537428,13,,,0,9,,1537429,13,,,0,10,,1537512,13,,,0,10,,1537431,13,,,0,10,,1537432,13,,,0,10,,1537433,13,,,0,50,,1537434,13,,,0,10,,1537513,13,,,0,10,,1537435,13,,,0,9,,1537436,13,,,0,10,,1537430,13,,,0,10,,1537437,13,,,0,50,,1537438,13,,,0,10,,1537439,13,,,0,9,,1537441,13,,,0,10,,1537440,13,,,0,9,,1537442,13,,,0,10,,1537443,13,,,0,51,,1537444,13,,,0,11,,1537445,13,,,0,9,,1537446,13,,,0,9,,1537447,13,,,0,5,,1537448,13,,,0,5,,1537449,13,,,0,4,,1537450,13,,,0,6,,1537451,13,,,0,47,,1537506,13,,,0,6,,1537452,13,,,0,7,,1537500,13,,,0,4,,1537453,13,,,0,7,,1537456,13,,,0,7,,1537457,13,,,0,7,,1537458,13,,,0,4,,1537459,13,,,0,6,,1537504,13,,,0,7,,1537455,13,,,0,48,,1537454,13,,,0,7,,1537461,13,,,0,6,,1537462,13,,,0,8,,1537463,13,,,0,8,,1537460,13,,,0,5,,1537464,13,,,0,10,,1537465,13,,,0,50,,1537466,13,,,0,8,,1537467,13,,,0,8,,1537468,13,,,0,6,,1537469,13,,,0,8,,1537470,13,,,0,8,,1537471,13,,,0,7,,1537472,13,,,0,10,,1537514,13,,,0,49,,1537473,13,,,0,12,,1537474,13,,,0,10,,1537475,13,,,0,10,,1537515,13,,,0,9,,1537477,13,,,0,13,,1537478,13,,,0,50,,1537516,13,,,0,11,,1537479,13,,,0,11,,1537517,13,,,0,10,,1537476,13,,,0,10,,1537480,13,,,0,50,,1537519,13,,,0,10,,1537481,13,,,0,10,,1537482,13,,,0,10,,1537483,13,,,0,10,,1537484,13,,,0,10,,1537485,13,,,0,50,,1537520,13,,,0,10,,1537486,13,,,0,10,,1537487,13,,,0,10,,1537521,13,,,0,10,,1537488,13,,,0,10,,1537490,13,,,0,51,,1537518,13,,,0,11,,1537491,13,,,0,12,,1537492,13,,,0,11,,1537522,13,,,0,9,,1537489,13,,,0,11,,1537493,13,,,0,50,,1537523,13,,,0,10,,1537494,13,,,0,10,,1537503,13,,,0,10,,1537524,13,,,0,10,,1537495,13,,,0,10,,1537496,13,,,0,50,,1537525,13,,,0,10,,1537501,13,,,0,10,,1537497,13,,,0,10,,1537526,13,,,0,10,,1537498,13,,,0,10,,1537499,13,,,0,50,,1537527,13,,,0,10,,1537502,13,,,0,9,,1537505,13,,,0
80502,'20261009',522,,1537660,13,,,0,10,,1537532,13,,,0,8,,1537533,13,,,0,9,,1537535,13,,,0,8,,1537536,13,,,0,49,,1537537,13,,,0,10,,1537663,13,,,0,9,,1537538,13,,,0,10,,1537539,13,,,0,8,,1537540,13,,,0,9,,1537534,13,,,0,49,,1537661,13,,,0,6,,1537662,13,,,0,7,,1537541,13,,,0,6,,1537542,13,,,0,8,,1537543,13,,,0,9,,1537545,13,,,0,8,,1537546,13,,,0,10,,1537547,13,,,0,50,,1537544,13,,,0,11,,1537548,13,,,0,11,,1537549,13,,,0,10,,1537550,13,,,0,11,,1537551,13,,,0,52,,1537639,13,,,0,10,,1537552,13,,,0,9,,1537553,13,,,0,10,,1537640,13,,,0,11,,1537554,13,,,0,10,,1537555,13,,,0,50,,1537641,13,,,0,10,,1537556,13,,,0,10,,1537557,13,,,0,10,,1537642,13,,,0,10,,1537558,13,,,0,10,,1537559,13,,,0,50,,1537643,13,,,0,10,,1537560,13,,,0,9,,1537561,13,,,0,10,,1537644,13,,,0,10,,1537563,13,,,0,10,,1537564,13,,,0,10,,1537565,13,,,0,50,,1537566,13,,,0,10,,1537645,13,,,0,10,,1537567,13,,,0,9,,1537568,13,,,0,10,,1537562,13,,,0,10,,1537569,13,,,0,50,,1537570,13,,,0,10,,1537571,13,,,0,9,,1537573,13,,,0,10,,1537572,13,,,0,9,,1537574,13,,,0,10,,1537575,13,,,0,51,,1537576,13,,,0,11,,1537577,13,,,0,9,,1537578,13,,,0,9,,1537579,13,,,0,5,,1537580,13,,,0,5,,1537581,13,,,0,4,,1537582,13,,,0,6,,1537583,13,,,0,47,,1537638,13,,,0,6,,1537584,13,,,0,7,,1537632,13,,,0,4,,1537585,13,,,0,7,,1537588,13,,,0,7,,1537589,13,,,0,7,,1537590,13,,,0,4,,1537591,13,,,0,6,,1537636,13,,,0,7,,1537587,13,,,0,48,,1537586,13,,,0,7,,1537593,13,,,0,6,,1537594,13,,,0,8,,1537595,13,,,0,8,,1537592,13,,,0,5,,1537596,13,,,0,10,,1537597,13,,,0,50,,1537598,13,,,0,8,,1537599,13,,,0,8,,1537600,13,,,0,6,,1537601,13,,,0,8,,1537602,13,,,0,8,,1537603,13,,,0,7,,1537604,13,,,0,10,,1537646,13,,,0,49,,1537605,13,,,0,12,,1537606,13,,,0,10,,1537607,13,,,0,10,,1537647,13,,,0,9,,1537609,13,,,0,13,,1537610,13,,,0,50,,1537648,13,,,0,11,,1537611,13,,,0,11,,1537649,13,,,0,10,,1537608,13,,,0,10,,1537612,13,,,0,50,,1537651,13,,,0,10,,1537613,13,,,0,10,,1537614,13,,,0,10,,1537615,13,,,0,10,,1537616,13,,,0,10,,1537617,13,,,0,50,,1537652,13,,,0,10,,1537618,13,,,0,10,,1537619,13,,,0,10,,1537653,13,,,0,10,,1537620,13,,,0,10,,1537622,13,,,0,51,,1537650,13,,,0,11,,1537623,13,,,0,12,,1537624,13,,,0,11,,1537654,13,,,0,9,,1537621,13,,,0,11,,1537625,13,,,0,50,,1537655,13,,,0,10,,1537626,13,,,0,10,,1537635,13,,,0,10,,1537656,13,,,0,10,,1537627,13,,,0,10,,1537628,13,,,0,50,,1537657,13,,,0,10,,1537633,13,,,0,10,,1537629,13,,,0,10,,1537658,13,,,0,10,,1537630,13,,,0,10,,1537631,13,,,0,50,,1537659,13,,,0,10,,1537634,13,,,0,9,,1537637,13,,,0
80502,'20261010',537,,1559798,13,,,0,10,,1559682,13,,,0,10,,1559775,13,,,0,49,,1559683,13,,,0,10,,1559769,13,,,0,9,,1559776,13,,,0,10,,1559684,13,,,0,9,,1559685,13,,,0,11,,1559777,13,,,0,49,,1559799,13,,,0,8,,1559686,13,,,0,10,,1559770,13,,,0,9,,1559778,13,,,0,10,,1559687,13,,,0,10,,1559688,13,,,0,50,,1559689,13,,,0,9,,1559690,13,,,0,10,,1559771,13,,,0,10,,1559779,13,,,0,9,,1559691,13,,,0,9,,1559692,13,,,0,11,,1559693,13,,,0,50,,1559694,13,,,0,10,,1559695,13,,,0,10,,1559780,13,,,0,10,,1559696,13,,,0,11,,1559697,13,,,0,50,,1559698,13,,,0,10,,1559699,13,,,0,10,,1559700,13,,,0,10,,1559781,13,,,0,10,,1559701,13,,,0,10,,1559702,13,,,0,50,,1559703,13,,,0,10,,1559704,13,,,0,10,,1559705,13,,,0,10,,1559782,13,,,0,10,,1559706,13,,,0,10,,1559707,13,,,0,50,,1559708,13,,,0,10,,1559710,13,,,0,10,,1559711,13,,,0,10,,1559783,13,,,0,10,,1559712,13,,,0,10,,1559709,13,,,0,50,,1559713,13,,,0,9,,1559714,13,,,0,10,,1559715,13,,,0,8,,1559784,13,,,0,10,,1559716,13,,,0,10,,1559717,13,,,0,10,,1559718,13,,,0,49,,1559719,13,,,0,10,,1559720,13,,,0,10,,1559721,13,,,0,10,,1559722,13,,,0,9,,1559723,13,,,0,9,,1559724,13,,,0,50,,1559725,13,,,0,10,,1559726,13,,,0,10,,1559727,13,,,0,10,,1559728,13,,,0,10,,1559729,13,,,0,10,,1559730,13,,,0,50,,1559731,13,,,0,10,,1559732,13,,,0,10,,1559733,13,,,0,10,,1559734,13,,,0,12,,1559774,13,,,0,10,,1559735,13,,,0,50,,1559736,13,,,0,11,,1559737,13,,,0,11,,1559738,13,,,0,9,,1559740,13,,,0,9,,1559741,13,,,0,10,,1559742,13,,,0,51,,1559773,13,,,0,10,,1559743,13,,,0,11,,1559744,13,,,0,10,,1559745,13,,,0,10,,1559785,13,,,0,11,,1559739,13,,,0,50,,1559746,13,,,0,10,,1559786,13,,,0,10,,1559747,13,,,0,10,,1559748,13,,,0,11,,1559787,13,,,0,50,,1559749,13,,,0,10,,1559750,13,,,0,11,,1559788,13,,,0,11,,1559751,13,,,0,10,,1559752,13,,,0,11,,1559789,13,,,0,50,,1559753,13,,,0,10,,1559754,13,,,0,10,,1559790,13,,,0,11,,1559755,13,,,0,10,,1559772,13,,,0,11,,1559791,13,,,0,49,,1559756,13,,,0,12,,1559757,13,,,0,10,,1559792,13,,,0,10,,1559758,13,,,0,10,,1559759,13,,,0,10,,1559793,13,,,0,50,,1559760,13,,,0,10,,1559761,13,,,0,10,,1559794,13,,,0,10,,1559762,13,,,0,10,,1559763,13,,,0,10,,1559795,13,,,0,50,,1559764,13,,,0,10,,1559765,13,,,0,11,,1559796,13,,,0,11,,1559768,13,,,0,10,,1559766,13,,,0,10,,1559797,13,,,0,50,,1559767,13,,,0
80502,'20261011',537,,1559917,13,,,0,10,,1559885,13,,,0,10,,1559893,13,,,0,49,,1559884,13,,,0,10,,1559886,13,,,0,9,,1559894,13,,,0,10,,1559883,13,,,0,9,,1559882,13,,,0,11,,1559895,13,,,0,49,,1559880,13,,,0,8,,1559879,13,,,0,10,,1559881,13,,,0,9,,1559896,13,,,0,10,,1559877,13,,,0,10,,1559865,13,,,0,50,,1559864,13,,,0,9,,1559869,13,,,0,10,,1559868,13,,,0,10,,1559897,13,,,0,9,,1559857,13,,,0,9,,1559860,13,,,0,11,,1559858,13,,,0,50,,1559872,13,,,0,10,,1559871,13,,,0,10,,1559898,13,,,0,10,,1559873,13,,,0,11,,1559856,13,,,0,50,,1559862,13,,,0,10,,1559878,13,,,0,10,,1559867,13,,,0,10,,1559899,13,,,0,10,,1559859,13,,,0,10,,1559863,13,,,0,50,,1559861,13,,,0,10,,1559875,13,,,0,10,,1559870,13,,,0,10,,1559900,13,,,0,10,,1559874,13,,,0,10,,1559876,13,,,0,50,,1559866,13,,,0,10,,1559849,13,,,0,10,,1559846,13,,,0,10,,1559901,13,,,0,10,,1559840,13,,,0,10,,1559848,13,,,0,50,,1559852,13,,,0,9,,1559845,13,,,0,10,,1559843,13,,,0,8,,1559902,13,,,0,10,,1559851,13,,,0,10,,1559841,13,,,0,10,,1559847,13,,,0,49,,1559844,13,,,0,10,,1559854,13,,,0,10,,1559855,13,,,0,10,,1559839,13,,,0,9,,1559842,13,,,0,9,,1559838,13,,,0,50,,1559850,13,,,0,10,,1559853,13,,,0,10,,1559831,13,,,0,10,,1559826,13,,,0,10,,1559830,13,,,0,10,,1559835,13,,,0,50,,1559825,13,,,0,10,,1559828,13,,,0,10,,1559824,13,,,0,10,,1559823,13,,,0,12,,1559822,13,,,0,10,,1559891,13,,,0,50,,1559834,13,,,0,11,,1559837,13,,,0,11,,1559836,13,,,0,9,,1559833,13,,,0,9,,1559827,13,,,0,10,,1559832,13,,,0,51,,1559829,13,,,0,10,,1559820,13,,,0,11,,1559887,13,,,0,10,,1559814,13,,,0,10,,1559903,13,,,0,11,,1559812,13,,,0,50,,1559821,13,,,0,10,,1559904,13,,,0,10,,1559811,13,,,0,10,,1559905,13,,,0,11,,1559818,13,,,0,50,,1559819,13,,,0,10,,1559906,13,,,0,11,,1559816,13,,,0,11,,1559813,13,,,0,10,,1559907,13,,,0,11,,1559815,13,,,0,50,,1559817,13,,,0,10,,1559908,13,,,0,10,,1559810,13,,,0,11,,1559809,13,,,0,10,,1559909,13,,,0,11,,1559806,13,,,0,49,,1559804,13,,,0,12,,1559910,13,,,0,10,,1559801,13,,,0,10,,1559890,13,,,0,10,,1559911,13,,,0,10,,1559802,13,,,0,50,,1559800,13,,,0,10,,1559913,13,,,0,10,,1559808,13,,,0,10,,1559803,13,,,0,10,,1559914,13,,,0,10,,1559805,13,,,0,50,,1559807,13,,,0,10,,1559915,13,,,0,11,,1559889,13,,,0,11,,1559888,13,,,0,10,,1559912,13,,,0,10,,1559892,13,,,0,50,,1559916,13,,,0
80502,'20261012',537,,1560035,13,,,0,10,,1560003,13,,,0,10,,1560011,13,,,0,49,,1560002,13,,,0,10,,1560004,13,,,0,9,,1560012,13,,,0,10,,1560001,13,,,0,9,,1560000,13,,,0,11,,1560013,13,,,0,49,,1559998,13,,,0,8,,1559997,13,,,0,10,,1559999,13,,,0,9,,1560014,13,,,0,10,,1559995,13,,,0,10,,1559983,13,,,0,50,,1559982,13,,,0,9,,1559987,13,,,0,10,,1559986,13,,,0,10,,1560015,13,,,0,9,,1559975,13,,,0,9,,1559978,13,,,0,11,,1559976,13,,,0,50,,1559990,13,,,0,10,,1559989,13,,,0,10,,1560016,13,,,0,10,,1559991,13,,,0,11,,1559974,13,,,0,50,,1559980,13,,,0,10,,1559996,13,,,0,10,,1559985,13,,,0,10,,1560017,13,,,0,10,,1559977,13,,,0,10,,1559981,13,,,0,50,,1559979,13,,,0,10,,1559993,13,,,0,10,,1559988,13,,,0,10,,1560018,13,,,0,10,,1559992,13,,,0,10,,1559994,13,,,0,50,,1559984,13,,,0,10,,1559967,13,,,0,10,,1559964,13,,,0,10,,1560019,13,,,0,10,,1559958,13,,,0,10,,1559966,13,,,0,50,,1559970,13,,,0,9,,1559963,13,,,0,10,,1559961,13,,,0,8,,1560020,13,,,0,10,,1559969,13,,,0,10,,1559959,13,,,0,10,,1559965,13,,,0,49,,1559962,13,,,0,10,,1559972,13,,,0,10,,1559973,13,,,0,10,,1559957,13,,,0,9,,1559960,13,,,0,9,,1559956,13,,,0,50,,1559968,13,,,0,10,,1559971,13,,,0,10,,1559949,13,,,0,10,,1559944,13,,,0,10,,1559948,13,,,0,10,,1559953,13,,,0,50,,1559943,13,,,0,10,,1559946,13,,,0,10,,1559942,13,,,0,10,,1559941,13,,,0,12,,1559940,13,,,0,10,,1560009,13,,,0,50,,1559952,13,,,0,11,,1559955,13,,,0,11,,1559954,13,,,0,9,,1559951,13,,,0,9,,1559945,13,,,0,10,,1559950,13,,,0,51,,1559947,13,,,0,10,,1559938,13,,,0,11,,1560005,13,,,0,10,,1559932,13,,,0,10,,1560021,13,,,0,11,,1559930,13,,,0,50,,1559939,13,,,0,10,,1560022,13,,,0,10,,1559929,13,,,0,10,,1560023,13,,,0,11,,1559936,13,,,0,50,,1559937,13,,,0,10,,1560024,13,,,0,11,,1559934,13,,,0,11,,1559931,13,,,0,10,,1560025,13,,,0,11,,1559933,13,,,0,50,,1559935,13,,,0,10,,1560026,13,,,0,10,,1559928,13,,,0,11,,1559927,13,,,0,10,,1560027,13,,,0,11,,1559924,13,,,0,49,,1559922,13,,,0,12,,1560028,13,,,0,10,,1559919,13,,,0,10,,1560008,13,,,0,10,,1560029,13,,,0,10,,1559920,13,,,0,50,,1559918,13,,,0,10,,1560031,13,,,0,10,,1559926,13,,,0,10,,1559921,13,,,0,10,,1560032,13,,,0,10,,1559923,13,,,0,50,,1559925,13,,,0,10,,1560033,13,,,0,11,,1560007,13,,,0,11,,1560006,13,,,0,10,,1560030,13,,,0,10,,1560010,13,,,0,50,,1560034,13,,,0
90400,'20261002',2533,,1485577,6,,,0
90400,'20261003',2533,,1508550,6,,,0
90400,'20261009',2533,,1540196,6,,,0
90400,'20261010',2533,,1561851,6,,,0
93100,'20261002',2639,,1485593,6,,,0
93100,'20261003',2639,,1508558,6,,,0
93100,'20261009',2639,,1540220,6,,,0
93100,'20261010',2639,,1561859,6,,,0
