1202,'20261009',652,,1597023,43,,,0,76,,1597024,43,,,0,72,,1597025,43,,,0,34,,1597026,43,,,0,69,,1597027,43,,,0,56,,1597028,43,,,0,99,,1597029,43,,,0,100,,1597030,43,,,0,99,,1597031,43,,,0,100,,1597032,43,,,0,99,,1597033,43,,,0,102,,1597034,43,,,0,146,,1597035,43,,,0,103,,1597036,43,,,0,93,,1597037,43,,,0,57,,1597038,43,,,0,100,,1597039,43,,,0,99,,1597040,43,,,0,99,,1597041,43,,,0
1202,'20261010',834,,1627779,43,,,0,101,,1627780,43,,,0,102,,1627781,43,,,0,100,,1627782,44,,,0,107,,1627783,44,,,0,102,,1627784,44,,,0,95,,1627785,44,,,0,106,,1627786,44,,,0,99,,1627787,44,,,0,99,,1627788,44,,,0,97,,1627789,44,,,0,94,,1627790,43,,,0,99,,1627791,43,,,0,99,,1627792,43,,,0,100,,1627793,43,,,0,100,,1627794,43,,,0
1202,'20261011',834,,1627795,43,,,0,101,,1627796,43,,,0,102,,1627797,43,,,0,100,,1627798,44,,,0,107,,1627799,44,,,0,102,,1627800,44,,,0,95,,1627801,44,,,0,106,,1627802,44,,,0,99,,1627803,44,,,0,99,,1627804,44,,,0,97,,1627805,44,,,0,94,,1627806,43,,,0,99,,1627807,43,,,0,99,,1627808,43,,,0,100,,1627809,43,,,0,100,,1627810,43,,,0
1202,'20261012',834,,1627811,43,,,0,101,,1627812,43,,,0,102,,1627813,43,,,0,100,,1627814,44,,,0,107,,1627815,44,,,0,102,,1627816,44,,,0,95,,1627817,44,,,0,106,,1627818,44,,,0,99,,1627819,44,,,0,99,,1627820,44,,,0,97,,1627821,44,,,0,94,,1627822,43,,,0,99,,1627823,43,,,0,99,,1627824,43,,,0,100,,1627825,43,,,0,100,,1627826,43,,,0
1202,'20261013',652,,1565346,43,,,0,76,,1565328,43,,,0,72,,1565329,43,,,0,34,,1565330,43,,,0,69,,1565331,43,,,0,56,,1565332,43,,,0,99,,1565333,43,,,0,100,,1565334,43,,,0,99,,1565335,43,,,0,100,,1565336,43,,,0,99,,1565337,43,,,0,102,,1565338,43,,,0,146,,1565339,43,,,0,103,,1565340,43,,,0,93,,1565341,43,,,0,57,,1565342,43,,,0,100,,1565343,43,,,0,99,,1565344,43,,,0,99,,1565345,43,,,0
1202,'20261014',652,,1565365,43,,,0,76,,1565347,43,,,0,72,,1565348,43,,,0,34,,1565349,43,,,0,69,,1565350,43,,,0,56,,1565351,43,,,0,99,,1565352,43,,,0,100,,1565353,43,,,0,99,,1565354,43,,,0,100,,1565355,43,,,0,99,,1565356,43,,,0,102,,1565357,43,,,0,146,,1565358,43,,,0,103,,1565359,43,,,0,93,,1565360,43,,,0,57,,1565361,43,,,0,100,,1565362,43,,,0,99,,1565363,43,,,0,99,,1565364,43,,,0
1202,'20261015',652,,1565384,43,,,0,76,,1565366,43,,,0,72,,1565367,43,,,0,34,,1565368,43,,,0,69,,1565369,43,,,0,56,,1565370,43,,,0,99,,1565371,43,,,0,100,,1565372,43,,,0,99,,1565373,43,,,0,100,,1565374,43,,,0,99,,1565375,43,,,0,102,,1565376,43,,,0,146,,1565377,43,,,0,103,,1565378,43,,,0,93,,1565379,43,,,0,57,,1565380,43,,,0,100,,1565381,43,,,0,99,,1565382,43,,,0,99,,1565383,43,,,0
1202,'20261016',652,,1565403,43,,,0,76,,1565385,43,,,0,72,,1565386,43,,,0,34,,1565387,43,,,0,69,,1565388,43,,,0,56,,1565389,43,,,0,99,,1565390,43,,,0,100,,1565391,43,,,0,99,,1565392,43,,,0,100,,1565393,43,,,0,99,,1565394,43,,,0,102,,1565395,43,,,0,146,,1565396,43,,,0,103,,1565397,43,,,0,93,,1565398,43,,,0,57,,1565399,43,,,0,100,,1565400,43,,,0,99,,1565401,43,,,0,99,,1565402,43,,,0
1202,'20261017',834,,1597042,43,,,0,101,,1597043,43,,,0,102,,1597044,43,,,0,100,,1597051,44,,,0,107,,1597052,44,,,0,102,,1597053,44,,,0,95,,1597054,44,,,0,106,,1597055,44,,,0,99,,1597056,44,,,0,99,,1597057,44,,,0,97,,1597045,44,,,0,94,,1597046,43,,,0,99,,1597047,43,,,0,99,,1597048,43,,,0,100,,1597049,43,,,0,100,,1597050,43,,,0
1202,'20261018',834,,1597058,43,,,0,101,,1597059,43,,,0,102,,1597060,43,,,0,100,,1597061,44,,,0,107,,1597062,44,,,0,102,,1597063,44,,,0,95,,1597064,44,,,0,106,,1597065,44,,,0,99,,1597066,44,,,0,99,,1597067,44,,,0,97,,1597068,44,,,0,94,,1597069,43,,,0,99,,1597070,43,,,0,99,,1597071,43,,,0,100,,1597072,43,,,0,100,,1597073,43,,,0
1202,'20261019',652,,1597092,43,,,0,76,,1597074,43,,,0,72,,1597075,43,,,0,34,,1597076,43,,,0,69,,1597077,43,,,0,56,,1597078,43,,,0,99,,1597079,43,,,0,100,,1597080,43,,,0,99,,1597081,43,,,0,100,,1597082,43,,,0,99,,1597083,43,,,0,102,,1597084,43,,,0,146,,1597085,43,,,0,103,,1597086,43,,,0,93,,1597087,43,,,0,57,,1597088,43,,,0,100,,1597089,43,,,0,99,,1597090,43,,,0,99,,1597091,43,,,0
1202,'20261020',652,,1597111,43,,,0,76,,1597093,43,,,0,72,,1597094,43,,,0,34,,1597095,43,,,0,69,,1597096,43,,,0,56,,1597097,43,,,0,99,,1597098,43,,,0,100,,1597099,43,,,0,99,,1597100,43,,,0,100,,1597101,43,,,0,99,,1597102,43,,,0,102,,1597103,43,,,0,146,,1597104,43,,,0,103,,1597105,43,,,0,93,,1597106,43,,,0,57,,1597107,43,,,0,100,,1597108,43,,,0,99,,1597109,43,,,0,99,,1597110,43,,,0
1202,'20261021',652,,1627845,43,,,0,76,,1627827,43,,,0,72,,1627828,43,,,0,34,,1627829,43,,,0,69,,1627830,43,,,0,56,,1627831,43,,,0,99,,1627832,43,,,0,100,,1627833,43,,,0,99,,1627834,43,,,0,100,,1627835,43,,,0,99,,1627836,43,,,0,102,,1627837,43,,,0,146,,1627838,43,,,0,103,,1627839,43,,,0,93,,1627840,43,,,0,57,,1627841,43,,,0,100,,1627842,43,,,0,99,,1627843,43,,,0,99,,1627844,43,,,0
1202,'20261022',652,,1627864,43,,,0,76,,1627846,43,,,0,72,,1627847,43,,,0,34,,1627848,43,,,0,69,,1627849,43,,,0,56,,1627850,43,,,0,99,,1627851,43,,,0,100,,1627852,43,,,0,99,,1627853,43,,,0,100,,1627854,43,,,0,99,,1627855,43,,,0,102,,1627856,43,,,0,146,,1627857,43,,,0,103,,1627858,43,,,0,93,,1627859,43,,,0,57,,1627860,43,,,0,100,,1627861,43,,,0,99,,1627862,43,,,0,99,,1627863,43,,,0
1202,'20261023',652,,1627883,43,,,0,76,,1627865,43,,,0,72,,1627866,43,,,0,34,,1627867,43,,,0,69,,1627868,43,,,0,56,,1627869,43,,,0,99,,1627870,43,,,0,100,,1627871,43,,,0,99,,1627872,43,,,0,100,,1627873,43,,,0,99,,1627874,43,,,0,102,,1627875,43,,,0,146,,1627876,43,,,0,103,,1627877,43,,,0,93,,1627878,43,,,0,57,,1627879,43,,,0,100,,1627880,43,,,0,99,,1627881,43,,,0,99,,1627882,43,,,0
7000,'20261009',621,,1604531,3,,,0,16,,1604532,3,,,0,21,,1604533,3,,,0,62,,1604534,3,,,0,19,,1604535,3,,,0,62,,1604536,3,,,0,20,,1604530,3,,,0,22,,1604529,3,,,0,60,,1604537,3,,,0,21,,1604538,3,,,0,20,,1604539,3,,,0,58,,1604540,3,,,0,18,,1604541,3,,,0,19,,1604542,3,,,0,20,,1604543,3,,,0,59,,1604544,3,,,0,20,,1604545,3,,,0,16,,1604546,3,,,0,61,,1604547,3,,,0,18,,1604548,3,,,0,23,,1604549,3,,,0,59,,1604550,3,,,0,19,,1604551,3,,,0,20,,1604552,3,,,0,59,,1604553,3,,,0,17,,1604554,3,,,0,22,,1604555,3,,,0,60,,1604556,3,,,0,22,,1604557,3,,,0,23,,1604558,3,,,0,62,,1604559,3,,,0,26,,1604560,3,,,0,60,,1604561,3,,,0,22,,1604562,3,,,0,19,,1604563,3,,,0,59,,1604564,3,,,0,21,,1604565,3,,,0,19,,1604566,3,,,0,71,,1604567,3,,,0,30,,1604568,3,,,0,70,,1604569,3,,,0,30,,1604570,3,,,0,70,,1604571,3,,,0,30,,1604572,3,,,0,70,,1604573,3,,,0,31,,1604574,3,,,0,70,,1604575,3,,,0
7000,'20261010',617,,1632810,3,,,0,30,,1632811,3,,,0,70,,1632812,3,,,0,30,,1632813,3,,,0,70,,1632814,3,,,0,30,,1632815,3,,,0,69,,1632816,3,,,0,30,,1632817,3,,,0,69,,1632818,3,,,0,30,,1632819,3,,,0,70,,1632820,3,,,0,29,,1632821,3,,,0,69,,1632822,3,,,0,30,,1632823,3,,,0,68,,1632824,3,,,0,30,,1632825,3,,,0,70,,1632826,3,,,0,30,,1632827,3,,,0,70,,1632828,3,,,0,30,,1632829,3,,,0,70,,1632830,3,,,0,30,,1632831,3,,,0,71,,1632832,3,,,0,33,,1632833,3,,,0,71,,1632834,3,,,0,30,,1632835,3,,,0,72,,1632836,3,,,0,30,,1632837,3,,,0,70,,1632838,3,,,0,30,,1632839,3,,,0,70,,1632840,3,,,0,30,,1632841,3,,,0,70,,1632842,3,,,0,30,,1632843,3,,,0
7000,'20261011',617,,1632844,3,,,0,30,,1632845,3,,,0,70,,1632846,3,,,0,30,,1632847,3,,,0,70,,1632848,3,,,0,30,,1632849,3,,,0,69,,1632850,3,,,0,30,,1632851,3,,,0,69,,1632852,3,,,0,30,,1632853,3,,,0,70,,1632854,3,,,0,29,,1632855,3,,,0,69,,1632856,3,,,0,30,,1632857,3,,,0,68,,1632858,3,,,0,30,,1632859,3,,,0,70,,1632860,3,,,0,30,,1632861,3,,,0,70,,1632862,3,,,0,30,,1632863,3,,,0,70,,1632864,3,,,0,30,,1632865,3,,,0,71,,1632866,3,,,0,33,,1632867,3,,,0,71,,1632868,3,,,0,30,,1632869,3,,,0,72,,1632870,3,,,0,30,,1632871,3,,,0,70,,1632872,3,,,0,30,,1632873,3,,,0,70,,1632874,3,,,0,30,,1632875,3,,,0,70,,1632876,3,,,0,30,,1632877,3,,,0
7000,'20261012',617,,1632878,3,,,0,30,,1632879,3,,,0,70,,1632880,3,,,0,30,,1632881,3,,,0,70,,1632882,3,,,0,30,,1632883,3,,,0,69,,1632884,3,,,0,30,,1632885,3,,,0,69,,1632886,3,,,0,30,,1632887,3,,,0,70,,1632888,3,,,0,29,,1632889,3,,,0,69,,1632890,3,,,0,30,,1632891,3,,,0,68,,1632892,3,,,0,30,,1632893,3,,,0,70,,1632894,3,,,0,30,,1632895,3,,,0,70,,1632896,3,,,0,30,,1632897,3,,,0,70,,1632898,3,,,0,30,,1632899,3,,,0,71,,1632900,3,,,0,33,,1632901,3,,,0,71,,1632902,3,,,0,30,,1632903,3,,,0,72,,1632904,3,,,0,30,,1632905,3,,,0,70,,1632906,3,,,0,30,,1632907,3,,,0,70,,1632908,3,,,0,30,,1632909,3,,,0,70,,1632910,3,,,0,30,,1632911,3,,,0
7000,'20261013',621,,1572827,3,,,0,16,,1572840,3,,,0,21,,1572841,3,,,0,62,,1572828,3,,,0,19,,1572842,3,,,0,62,,1572843,3,,,0,20,,1572829,3,,,0,22,,1572844,3,,,0,60,,1572845,3,,,0,21,,1572830,3,,,0,20,,1572846,3,,,0,58,,1572847,3,,,0,18,,1572831,3,,,0,19,,1572848,3,,,0,20,,1572849,3,,,0,59,,1572832,3,,,0,20,,1572850,3,,,0,16,,1572851,3,,,0,61,,1572833,3,,,0,18,,1572852,3,,,0,23,,1572853,3,,,0,59,,1572834,3,,,0,19,,1572854,3,,,0,20,,1572855,3,,,0,59,,1572835,3,,,0,17,,1572856,3,,,0,22,,1572857,3,,,0,60,,1572836,3,,,0,22,,1572858,3,,,0,23,,1572859,3,,,0,62,,1572837,3,,,0,26,,1572860,3,,,0,60,,1572861,3,,,0,22,,1572838,3,,,0,19,,1572862,3,,,0,59,,1572863,3,,,0,21,,1572839,3,,,0,19,,1572864,3,,,0,71,,1572865,3,,,0,30,,1572866,3,,,0,70,,1572867,3,,,0,30,,1572868,3,,,0,70,,1572869,3,,,0,30,,1572870,3,,,0,70,,1572871,3,,,0,31,,1572872,3,,,0,70,,1572873,3,,,0
7000,'20261014',621,,1572874,3,,,0,16,,1572887,3,,,0,21,,1572888,3,,,0,62,,1572875,3,,,0,19,,1572889,3,,,0,62,,1572890,3,,,0,20,,1572876,3,,,0,22,,1572891,3,,,0,60,,1572892,3,,,0,21,,1572877,3,,,0,20,,1572893,3,,,0,58,,1572894,3,,,0,18,,1572878,3,,,0,19,,1572895,3,,,0,20,,1572896,3,,,0,59,,1572879,3,,,0,20,,1572897,3,,,0,16,,1572898,3,,,0,61,,1572880,3,,,0,18,,1572899,3,,,0,23,,1572900,3,,,0,59,,1572881,3,,,0,19,,1572901,3,,,0,20,,1572902,3,,,0,59,,1572882,3,,,0,17,,1572903,3,,,0,22,,1572904,3,,,0,60,,1572883,3,,,0,22,,1572905,3,,,0,23,,1572906,3,,,0,62,,1572884,3,,,0,26,,1572907,3,,,0,60,,1572908,3,,,0,22,,1572885,3,,,0,19,,1572909,3,,,0,59,,1572910,3,,,0,21,,1572886,3,,,0,19,,1572911,3,,,0,71,,1572912,3,,,0,30,,1572913,3,,,0,70,,1572914,3,,,0,30,,1572915,3,,,0,70,,1572916,3,,,0,30,,1572917,3,,,0,70,,1572918,3,,,0,31,,1572919,3,,,0,70,,1572920,3,,,0
7000,'20261015',621,,1572921,3,,,0,16,,1572934,3,,,0,21,,1572935,3,,,0,62,,1572922,3,,,0,19,,1572936,3,,,0,62,,1572937,3,,,0,20,,1572923,3,,,0,22,,1572938,3,,,0,60,,1572939,3,,,0,21,,1572924,3,,,0,20,,1572940,3,,,0,58,,1572941,3,,,0,18,,1572925,3,,,0,19,,1572942,3,,,0,20,,1572943,3,,,0,59,,1572926,3,,,0,20,,1572944,3,,,0,16,,1572945,3,,,0,61,,1572927,3,,,0,18,,1572946,3,,,0,23,,1572947,3,,,0,59,,1572928,3,,,0,19,,1572948,3,,,0,20,,1572949,3,,,0,59,,1572929,3,,,0,17,,1572950,3,,,0,22,,1572951,3,,,0,60,,1572930,3,,,0,22,,1572952,3,,,0,23,,1572953,3,,,0,62,,1572931,3,,,0,26,,1572954,3,,,0,60,,1572955,3,,,0,22,,1572932,3,,,0,19,,1572956,3,,,0,59,,1572957,3,,,0,21,,1572933,3,,,0,19,,1572958,3,,,0,71,,1572959,3,,,0,30,,1572960,3,,,0,70,,1572961,3,,,0,30,,1572962,3,,,0,70,,1572963,3,,,0,30,,1572964,3,,,0,70,,1572965,3,,,0,31,,1572966,3,,,0,70,,1572967,3,,,0
7000,'20261016',621,,1572968,3,,,0,16,,1572981,3,,,0,21,,1572982,3,,,0,62,,1572969,3,,,0,19,,1572983,3,,,0,62,,1572984,3,,,0,20,,1572970,3,,,0,22,,1572985,3,,,0,60,,1572986,3,,,0,21,,1572971,3,,,0,20,,1572987,3,,,0,58,,1572988,3,,,0,18,,1572972,3,,,0,19,,1572989,3,,,0,20,,1572990,3,,,0,59,,1572973,3,,,0,20,,1572991,3,,,0,16,,1572992,3,,,0,61,,1572974,3,,,0,18,,1572993,3,,,0,23,,1572994,3,,,0,59,,1572975,3,,,0,19,,1572995,3,,,0,20,,1572996,3,,,0,59,,1572976,3,,,0,17,,1572997,3,,,0,22,,1572998,3,,,0,60,,1572977,3,,,0,22,,1572999,3,,,0,23,,1573000,3,,,0,62,,1572978,3,,,0,26,,1573001,3,,,0,60,,1573002,3,,,0,22,,1572979,3,,,0,19,,1573003,3,,,0,59,,1573004,3,,,0,21,,1572980,3,,,0,19,,1573005,3,,,0,71,,1573006,3,,,0,30,,1573007,3,,,0,70,,1573008,3,,,0,30,,1573009,3,,,0,70,,1573010,3,,,0,30,,1573011,3,,,0,70,,1573012,3,,,0,31,,1573013,3,,,0,70,,1573014,3,,,0
7000,'20261017',617,,1604576,3,,,0,30,,1604594,3,,,0,70,,1604577,3,,,0,30,,1604595,3,,,0,70,,1604578,3,,,0,30,,1604596,3,,,0,69,,1604579,3,,,0,30,,1604597,3,,,0,69,,1604580,3,,,0,30,,1604598,3,,,0,70,,1604581,3,,,0,29,,1604599,3,,,0,69,,1604582,3,,,0,30,,1604600,3,,,0,68,,1604583,3,,,0,30,,1604601,3,,,0,70,,1604584,3,,,0,30,,1604602,3,,,0,70,,1604585,3,,,0,30,,1604603,3,,,0,70,,1604586,3,,,0,30,,1604604,3,,,0,71,,1604587,3,,,0,33,,1604605,3,,,0,71,,1604588,3,,,0,30,,1604609,3,,,0,72,,1604606,3,,,0,30,,1604589,3,,,0,70,,1604607,3,,,0,30,,1604590,3,,,0,70,,1604593,3,,,0,30,,1604591,3,,,0,70,,1604608,3,,,0,30,,1604592,3,,,0
7000,'20261018',617,,1604610,3,,,0,30,,1604627,3,,,0,70,,1604611,3,,,0,30,,1604628,3,,,0,70,,1604612,3,,,0,30,,1604629,3,,,0,69,,1604613,3,,,0,30,,1604630,3,,,0,69,,1604614,3,,,0,30,,1604631,3,,,0,70,,1604615,3,,,0,29,,1604632,3,,,0,69,,1604616,3,,,0,30,,1604633,3,,,0,68,,1604617,3,,,0,30,,1604634,3,,,0,70,,1604618,3,,,0,30,,1604635,3,,,0,70,,1604619,3,,,0,30,,1604636,3,,,0,70,,1604620,3,,,0,30,,1604637,3,,,0,71,,1604621,3,,,0,33,,1604638,3,,,0,71,,1604622,3,,,0,30,,1604639,3,,,0,72,,1604623,3,,,0,30,,1604640,3,,,0,70,,1604624,3,,,0,30,,1604642,3,,,0,70,,1604625,3,,,0,30,,1604641,3,,,0,70,,1604626,3,,,0,30,,1604643,3,,,0
7000,'20261019',621,,1604644,3,,,0,16,,1604657,3,,,0,21,,1604658,3,,,0,62,,1604645,3,,,0,19,,1604659,3,,,0,62,,1604660,3,,,0,20,,1604646,3,,,0,22,,1604661,3,,,0,60,,1604662,3,,,0,21,,1604647,3,,,0,20,,1604663,3,,,0,58,,1604664,3,,,0,18,,1604648,3,,,0,19,,1604665,3,,,0,20,,1604666,3,,,0,59,,1604649,3,,,0,20,,1604667,3,,,0,16,,1604668,3,,,0,61,,1604650,3,,,0,18,,1604669,3,,,0,23,,1604670,3,,,0,59,,1604651,3,,,0,19,,1604671,3,,,0,20,,1604672,3,,,0,59,,1604652,3,,,0,17,,1604673,3,,,0,22,,1604674,3,,,0,60,,1604653,3,,,0,22,,1604675,3,,,0,23,,1604676,3,,,0,62,,1604654,3,,,0,26,,1604677,3,,,0,60,,1604678,3,,,0,22,,1604655,3,,,0,19,,1604679,3,,,0,59,,1604680,3,,,0,21,,1604656,3,,,0,19,,1604681,3,,,0,71,,1604682,3,,,0,30,,1604683,3,,,0,70,,1604684,3,,,0,30,,1604685,3,,,0,70,,1604686,3,,,0,30,,1604687,3,,,0,70,,1604688,3,,,0,31,,1604689,3,,,0,70,,1604690,3,,,0
7000,'20261020',621,,1604691,3,,,0,16,,1604704,3,,,0,21,,1604705,3,,,0,62,,1604692,3,,,0,19,,1604706,3,,,0,62,,1604707,3,,,0,20,,1604693,3,,,0,22,,1604708,3,,,0,60,,1604709,3,,,0,21,,1604694,3,,,0,20,,1604710,3,,,0,58,,1604711,3,,,0,18,,1604695,3,,,0,19,,1604712,3,,,0,20,,1604713,3,,,0,59,,1604696,3,,,0,20,,1604714,3,,,0,16,,1604715,3,,,0,61,,1604697,3,,,0,18,,1604716,3,,,0,23,,1604717,3,,,0,59,,1604698,3,,,0,19,,1604718,3,,,0,20,,1604719,3,,,0,59,,1604699,3,,,0,17,,1604720,3,,,0,22,,1604721,3,,,0,60,,1604700,3,,,0,22,,1604722,3,,,0,23,,1604723,3,,,0,62,,1604701,3,,,0,26,,1604724,3,,,0,60,,1604725,3,,,0,22,,1604702,3,,,0,19,,1604726,3,,,0,59,,1604727,3,,,0,21,,1604703,3,,,0,19,,1604728,3,,,0,71,,1604729,3,,,0,30,,1604730,3,,,0,70,,1604731,3,,,0,30,,1604732,3,,,0,70,,1604733,3,,,0,30,,1604734,3,,,0,70,,1604735,3,,,0,31,,1604736,3,,,0,70,,1604737,3,,,0
7000,'20261021',621,,1632912,3,,,0,16,,1632925,3,,,0,21,,1632926,3,,,0,62,,1632913,3,,,0,19,,1632927,3,,,0,62,,1632928,3,,,0,20,,1632914,3,,,0,22,,1632929,3,,,0,60,,1632930,3,,,0,21,,1632915,3,,,0,20,,1632931,3,,,0,58,,1632932,3,,,0,18,,1632916,3,,,0,19,,1632933,3,,,0,20,,1632934,3,,,0,59,,1632917,3,,,0,20,,1632935,3,,,0,16,,1632936,3,,,0,61,,1632918,3,,,0,18,,1632937,3,,,0,23,,1632938,3,,,0,59,,1632919,3,,,0,19,,1632939,3,,,0,20,,1632940,3,,,0,59,,1632920,3,,,0,17,,1632941,3,,,0,22,,1632942,3,,,0,60,,1632921,3,,,0,22,,1632943,3,,,0,23,,1632944,3,,,0,62,,1632922,3,,,0,26,,1632945,3,,,0,60,,1632946,3,,,0,22,,1632923,3,,,0,19,,1632947,3,,,0,59,,1632948,3,,,0,21,,1632924,3,,,0,19,,1632949,3,,,0,71,,1632950,3,,,0,30,,1632951,3,,,0,70,,1632952,3,,,0,30,,1632953,3,,,0,70,,1632954,3,,,0,30,,1632955,3,,,0,70,,1632956,3,,,0,31,,1632957,3,,,0,70,,1632958,3,,,0
7000,'20261022',621,,1632959,3,,,0,16,,1632972,3,,,0,21,,1632973,3,,,0,62,,1632960,3,,,0,19,,1632974,3,,,0,62,,1632975,3,,,0,20,,1632961,3,,,0,22,,1632976,3,,,0,60,,1632977,3,,,0,21,,1632962,3,,,0,20,,1632978,3,,,0,58,,1632979,3,,,0,18,,1632963,3,,,0,19,,1632980,3,,,0,20,,1632981,3,,,0,59,,1632964,3,,,0,20,,1632982,3,,,0,16,,1632983,3,,,0,61,,1632965,3,,,0,18,,1632984,3,,,0,23,,1632985,3,,,0,59,,1632966,3,,,0,19,,1632986,3,,,0,20,,1632987,3,,,0,59,,1632967,3,,,0,17,,1632988,3,,,0,22,,1632989,3,,,0,60,,1632968,3,,,0,22,,1632990,3,,,0,23,,1632991,3,,,0,62,,1632969,3,,,0,26,,1632992,3,,,0,60,,1632993,3,,,0,22,,1632970,3,,,0,19,,1632994,3,,,0,59,,1632995,3,,,0,21,,1632971,3,,,0,19,,1632996,3,,,0,71,,1632997,3,,,0,30,,1632998,3,,,0,70,,1632999,3,,,0,30,,1633000,3,,,0,70,,1633001,3,,,0,30,,1633002,3,,,0,70,,1633003,3,,,0,31,,1633004,3,,,0,70,,1633005,3,,,0
7000,'20261023',621,,1633006,3,,,0,16,,1633019,3,,,0,21,,1633020,3,,,0,62,,1633007,3,,,0,19,,1633021,3,,,0,62,,1633022,3,,,0,20,,1633008,3,,,0,22,,1633023,3,,,0,60,,1633024,3,,,0,21,,1633009,3,,,0,20,,1633025,3,,,0,58,,1633026,3,,,0,18,,1633010,3,,,0,19,,1633027,3,,,0,20,,1633028,3,,,0,59,,1633011,3,,,0,20,,1633029,3,,,0,16,,1633030,3,,,0,61,,1633012,3,,,0,18,,1633031,3,,,0,23,,1633032,3,,,0,59,,1633013,3,,,0,19,,1633033,3,,,0,20,,1633034,3,,,0,59,,1633014,3,,,0,17,,1633035,3,,,0,22,,1633036,3,,,0,60,,1633015,3,,,0,22,,1633037,3,,,0,23,,1633038,3,,,0,62,,1633016,3,,,0,26,,1633039,3,,,0,60,,1633040,3,,,0,22,,1633017,3,,,0,19,,1633041,3,,,0,59,,1633042,3,,,0,21,,1633018,3,,,0,19,,1633043,3,,,0,71,,1633044,3,,,0,30,,1633045,3,,,0,70,,1633046,3,,,0,30,,1633047,3,,,0,70,,1633048,3,,,0,30,,1633049,3,,,0,70,,1633050,3,,,0,31,,1633051,3,,,0,70,,1633052,3,,,0
9102,'20261009',537,,1609585,49,,,0,102,,1609586,49,,,0,71,,1609587,49,,,0,30,,1609588,49,,,0,70,,1609589,49,,,0,31,,1609590,49,,,0,69,,1609591,48,,,0,99,,1609592,48,,,0,100,,1609593,48,,,0,101,,1609594,48,,,0,99,,1609595,48,,,0,100,,1609596,48,,,0,100,,1609597,48,,,0,98,,1609598,49,,,0,104,,1609599,49,,,0,100,,1609600,49,,,0,99,,1609601,48,,,0,100,,1609602,48,,,0,99,,1609603,48,,,0,99,,1609604,48,,,0,98,,1609605,49,,,0
9102,'20261010',606,,1636377,49,,,0,101,,1636378,49,,,0,101,,1636379,49,,,0,100,,1636380,48,,,0,100,,1636381,48,,,0,100,,1636382,48,,,0,100,,1636383,48,,,0,100,,1636384,48,,,0,100,,1636385,48,,,0,100,,1636386,48,,,0,100,,1636387,48,,,0,100,,1636388,48,,,0,100,,1636389,48,,,0,99,,1636390,49,,,0,100,,1636391,49,,,0,100,,1636392,49,,,0,100,,1636393,49,,,0,99,,1636394,49,,,0
9102,'20261011',606,,1636395,49,,,0,101,,1636396,49,,,0,101,,1636397,49,,,0,100,,1636398,48,,,0,100,,1636399,48,,,0,100,,1636400,48,,,0,100,,1636401,48,,,0,100,,1636402,48,,,0,100,,1636403,48,,,0,100,,1636404,48,,,0,100,,1636405,48,,,0,100,,1636406,48,,,0,100,,1636407,48,,,0,99,,1636408,49,,,0,100,,1636409,49,,,0,100,,1636410,49,,,0,100,,1636411,49,,,0,99,,1636412,49,,,0
9102,'20261012',606,,1636413,49,,,0,101,,1636414,49,,,0,101,,1636415,49,,,0,100,,1636416,48,,,0,100,,1636417,48,,,0,100,,1636418,48,,,0,100,,1636419,48,,,0,100,,1636420,48,,,0,100,,1636421,48,,,0,100,,1636422,48,,,0,100,,1636423,48,,,0,100,,1636424,48,,,0,100,,1636425,48,,,0,99,,1636426,49,,,0,100,,1636427,49,,,0,100,,1636428,49,,,0,100,,1636429,49,,,0,99,,1636430,49,,,0
9102,'20261013',537,,1577865,49,,,0,102,,1577866,49,,,0,71,,1577867,49,,,0,30,,1577868,49,,,0,70,,1577869,49,,,0,31,,1577870,49,,,0,69,,1577871,48,,,0,99,,1577872,48,,,0,100,,1577873,48,,,0,101,,1577874,48,,,0,99,,1577875,48,,,0,100,,1577876,48,,,0,100,,1577877,48,,,0,98,,1577878,49,,,0,104,,1577879,49,,,0,100,,1577880,49,,,0,99,,1577881,48,,,0,100,,1577882,48,,,0,99,,1577883,48,,,0,99,,1577884,48,,,0,98,,1577885,49,,,0
9102,'20261014',537,,1577886,49,,,0,102,,1577887,49,,,0,71,,1577888,49,,,0,30,,1577889,49,,,0,70,,1577890,49,,,0,31,,1577891,49,,,0,69,,1577892,48,,,0,99,,1577893,48,,,0,100,,1577894,48,,,0,101,,1577895,48,,,0,99,,1577896,48,,,0,100,,1577897,48,,,0,100,,1577898,48,,,0,98,,1577899,49,,,0,104,,1577900,49,,,0,100,,1577901,49,,,0,99,,1577902,48,,,0,100,,1577903,48,,,0,99,,1577904,48,,,0,99,,1577905,48,,,0,98,,1577906,49,,,0
9102,'20261015',537,,1577907,49,,,0,102,,1577908,49,,,0,71,,1577909,49,,,0,30,,1577910,49,,,0,70,,1577911,49,,,0,31,,1577912,49,,,0,69,,1577913,48,,,0,99,,1577914,48,,,0,100,,1577915,48,,,0,101,,1577916,48,,,0,99,,1577917,48,,,0,100,,1577918,48,,,0,100,,1577919,48,,,0,98,,1577920,49,,,0,104,,1577921,49,,,0,100,,1577922,49,,,0,99,,1577923,48,,,0,100,,1577924,48,,,0,99,,1577925,48,,,0,99,,1577926,48,,,0,98,,1577927,49,,,0
9102,'20261016',537,,1577928,49,,,0,102,,1577929,49,,,0,71,,1577930,49,,,0,30,,1577931,49,,,0,70,,1577932,49,,,0,31,,1577933,49,,,0,69,,1577934,48,,,0,99,,1577935,48,,,0,100,,1577936,48,,,0,101,,1577937,48,,,0,99,,1577938,48,,,0,100,,1577939,48,,,0,100,,1577940,48,,,0,98,,1577941,49,,,0,104,,1577942,49,,,0,100,,1577943,49,,,0,99,,1577944,48,,,0,100,,1577945,48,,,0,99,,1577946,48,,,0,99,,1577947,48,,,0,98,,1577948,49,,,0
9102,'20261017',606,,1609606,49,,,0,101,,1609607,49,,,0,101,,1609608,49,,,0,100,,1609609,48,,,0,100,,1609610,48,,,0,100,,1609611,48,,,0,100,,1609612,48,,,0,100,,1609613,48,,,0,100,,1609614,48,,,0,100,,1609615,48,,,0,100,,1609616,48,,,0,100,,1609617,48,,,0,100,,1609618,48,,,0,99,,1609619,49,,,0,100,,1609620,49,,,0,100,,1609621,49,,,0,100,,1609622,49,,,0,99,,1609623,49,,,0
9102,'20261018',606,,1609624,49,,,0,101,,1609625,49,,,0,101,,1609626,49,,,0,100,,1609627,48,,,0,100,,1609628,48,,,0,100,,1609629,48,,,0,100,,1609630,48,,,0,100,,1609631,48,,,0,100,,1609632,48,,,0,100,,1609633,48,,,0,100,,1609634,48,,,0,100,,1609635,48,,,0,100,,1609636,48,,,0,99,,1609637,49,,,0,100,,1609638,49,,,0,100,,1609639,49,,,0,100,,1609640,49,,,0,99,,1609641,49,,,0
9102,'20261019',537,,1609642,49,,,0,102,,1609643,49,,,0,71,,1609644,49,,,0,30,,1609645,49,,,0,70,,1609646,49,,,0,31,,1609647,49,,,0,69,,1609648,48,,,0,99,,1609649,48,,,0,100,,1609650,48,,,0,101,,1609651,48,,,0,99,,1609652,48,,,0,100,,1609653,48,,,0,100,,1609654,48,,,0,98,,1609655,49,,,0,104,,1609656,49,,,0,100,,1609657,49,,,0,99,,1609658,48,,,0,100,,1609659,48,,,0,99,,1609660,48,,,0,99,,1609661,48,,,0,98,,1609662,49,,,0
9102,'20261020',537,,1609663,49,,,0,102,,1609664,49,,,0,71,,1609665,49,,,0,30,,1609666,49,,,0,70,,1609667,49,,,0,31,,1609668,49,,,0,69,,1609669,48,,,0,99,,1609670,48,,,0,100,,1609671,48,,,0,101,,1609672,48,,,0,99,,1609673,48,,,0,100,,1609674,48,,,0,100,,1609675,48,,,0,98,,1609676,49,,,0,104,,1609677,49,,,0,100,,1609678,49,,,0,99,,1609679,48,,,0,100,,1609680,48,,,0,99,,1609681,48,,,0,99,,1609682,48,,,0,98,,1609683,49,,,0
9102,'20261021',537,,1636431,49,,,0,102,,1636432,49,,,0,71,,1636433,49,,,0,30,,1636434,49,,,0,70,,1636435,49,,,0,31,,1636436,49,,,0,69,,1636437,48,,,0,99,,1636438,48,,,0,100,,1636439,48,,,0,101,,1636440,48,,,0,99,,1636441,48,,,0,100,,1636442,48,,,0,100,,1636443,48,,,0,98,,1636444,49,,,0,104,,1636445,49,,,0,100,,1636446,49,,,0,99,,1636447,48,,,0,100,,1636448,48,,,0,99,,1636449,48,,,0,99,,1636450,48,,,0,98,,1636451,49,,,0
9102,'20261022',537,,1636452,49,,,0,102,,1636453,49,,,0,71,,1636454,49,,,0,30,,1636455,49,,,0,70,,1636456,49,,,0,31,,1636457,49,,,0,69,,1636458,48,,,0,99,,1636459,48,,,0,100,,1636460,48,,,0,101,,1636461,48,,,0,99,,1636462,48,,,0,100,,1636463,48,,,0,100,,1636464,48,,,0,98,,1636465,49,,,0,104,,1636466,49,,,0,100,,1636467,49,,,0,99,,1636468,48,,,0,100,,1636469,48,,,0,99,,1636470,48,,,0,99,,1636471,48,,,0,98,,1636472,49,,,0
9102,'20261023',537,,1636473,49,,,0,102,,1636474,49,,,0,71,,1636475,49,,,0,30,,1636476,49,,,0,70,,1636477,49,,,0,31,,1636478,49,,,0,69,,1636479,48,,,0,99,,1636480,48,,,0,100,,1636481,48,,,0,101,,1636482,48,,,0,99,,1636483,48,,,0,100,,1636484,48,,,0,100,,1636485,48,,,0,98,,1636486,49,,,0,104,,1636487,49,,,0,100,,1636488,49,,,0,99,,1636489,48,,,0,100,,1636490,48,,,0,99,,1636491,48,,,0,99,,1636492,48,,,0,98,,1636493,49,,,0
9202,'20261009',606,,1609910,40,,,0,98,,1609911,40,,,0,35,,1609912,40,,,0,72,,1609913,40,,,0,30,,1609914,40,,,0,69,,1609915,40,,,0,99,,1609916,40,,,0,100,,1609917,40,,,0,101,,1609918,40,,,0,100,,1609919,40,,,0,100,,1609920,40,,,0,100,,1609921,40,,,0,108,,1609922,40,,,0,101,,1609923,40,,,0,94,,1609924,40,,,0,98,,1609925,40,,,0,98,,1609926,40,,,0,99,,1609927,40,,,0,98,,1609928,40,,,0,97,,1609929,40,,,0
9202,'20261010',624,,1636611,40,,,0,102,,1636612,40,,,0,100,,1636613,40,,,0,100,,1636614,40,,,0,99,,1636615,40,,,0,100,,1636616,40,,,0,97,,1636617,40,,,0,101,,1636618,40,,,0,101,,1636619,40,,,0,102,,1636620,40,,,0,101,,1636621,40,,,0,104,,1636622,40,,,0,98,,1636623,40,,,0,99,,1636624,40,,,0,97,,1636625,40,,,0,100,,1636626,40,,,0,100,,1636627,40,,,0
9202,'20261011',624,,1636628,40,,,0,102,,1636629,40,,,0,100,,1636630,40,,,0,100,,1636631,40,,,0,99,,1636632,40,,,0,100,,1636633,40,,,0,97,,1636634,40,,,0,101,,1636635,40,,,0,101,,1636636,40,,,0,102,,1636637,40,,,0,101,,1636638,40,,,0,104,,1636639,40,,,0,98,,1636640,40,,,0,99,,1636641,40,,,0,97,,1636642,40,,,0,100,,1636643,40,,,0,100,,1636644,40,,,0
9202,'20261012',624,,1636645,40,,,0,102,,1636646,40,,,0,100,,1636647,40,,,0,100,,1636648,40,,,0,99,,1636649,40,,,0,100,,1636650,40,,,0,97,,1636651,40,,,0,101,,1636652,40,,,0,101,,1636653,40,,,0,102,,1636654,40,,,0,101,,1636655,40,,,0,104,,1636656,40,,,0,98,,1636657,40,,,0,99,,1636658,40,,,0,97,,1636659,40,,,0,100,,1636660,40,,,0,100,,1636661,40,,,0
9202,'20261013',606,,1578206,40,,,0,98,,1578205,40,,,0,35,,1578204,40,,,0,72,,1578187,40,,,0,30,,1578203,40,,,0,69,,1578188,40,,,0,99,,1578189,40,,,0,100,,1578190,40,,,0,101,,1578192,40,,,0,100,,1578193,40,,,0,100,,1578191,40,,,0,100,,1578199,40,,,0,108,,1578197,40,,,0,101,,1578198,40,,,0,94,,1578200,40,,,0,98,,1578194,40,,,0,98,,1578195,40,,,0,99,,1578196,40,,,0,98,,1578201,40,,,0,97,,1578202,40,,,0
9202,'20261014',606,,1578226,40,,,0,98,,1578225,40,,,0,35,,1578224,40,,,0,72,,1578207,40,,,0,30,,1578223,40,,,0,69,,1578208,40,,,0,99,,1578209,40,,,0,100,,1578210,40,,,0,101,,1578212,40,,,0,100,,1578213,40,,,0,100,,1578211,40,,,0,100,,1578219,40,,,0,108,,1578217,40,,,0,101,,1578218,40,,,0,94,,1578220,40,,,0,98,,1578214,40,,,0,98,,1578215,40,,,0,99,,1578216,40,,,0,98,,1578221,40,,,0,97,,1578222,40,,,0
9202,'20261015',606,,1578246,40,,,0,98,,1578245,40,,,0,35,,1578244,40,,,0,72,,1578227,40,,,0,30,,1578243,40,,,0,69,,1578228,40,,,0,99,,1578229,40,,,0,100,,1578230,40,,,0,101,,1578232,40,,,0,100,,1578233,40,,,0,100,,1578231,40,,,0,100,,1578239,40,,,0,108,,1578237,40,,,0,101,,1578238,40,,,0,94,,1578240,40,,,0,98,,1578234,40,,,0,98,,1578235,40,,,0,99,,1578236,40,,,0,98,,1578241,40,,,0,97,,1578242,40,,,0
9202,'20261016',606,,1578266,40,,,0,98,,1578265,40,,,0,35,,1578264,40,,,0,72,,1578247,40,,,0,30,,1578263,40,,,0,69,,1578248,40,,,0,99,,1578249,40,,,0,100,,1578250,40,,,0,101,,1578252,40,,,0,100,,1578253,40,,,0,100,,1578251,40,,,0,100,,1578259,40,,,0,108,,1578257,40,,,0,101,,1578258,40,,,0,94,,1578260,40,,,0,98,,1578254,40,,,0,98,,1578255,40,,,0,99,,1578256,40,,,0,98,,1578261,40,,,0,97,,1578262,40,,,0
9202,'20261017',624,,1609946,40,,,0,102,,1609945,40,,,0,100,,1609930,40,,,0,100,,1609941,40,,,0,99,,1609940,40,,,0,100,,1609931,40,,,0,97,,1609942,40,,,0,101,,1609934,40,,,0,101,,1609936,40,,,0,102,,1609935,40,,,0,101,,1609943,40,,,0,104,,1609932,40,,,0,98,,1609933,40,,,0,99,,1609944,40,,,0,97,,1609937,40,,,0,100,,1609938,40,,,0,100,,1609939,40,,,0
9202,'20261018',624,,1609963,40,,,0,102,,1609962,40,,,0,100,,1609947,40,,,0,100,,1609957,40,,,0,99,,1609956,40,,,0,100,,1609948,40,,,0,97,,1609958,40,,,0,101,,1609951,40,,,0,101,,1609953,40,,,0,102,,1609952,40,,,0,101,,1609959,40,,,0,104,,1609949,40,,,0,98,,1609950,40,,,0,99,,1609960,40,,,0,97,,1609954,40,,,0,100,,1609955,40,,,0,100,,1609961,40,,,0
9202,'20261019',606,,1609983,40,,,0,98,,1609982,40,,,0,35,,1609981,40,,,0,72,,1609964,40,,,0,30,,1609980,40,,,0,69,,1609965,40,,,0,99,,1609966,40,,,0,100,,1609967,40,,,0,101,,1609969,40,,,0,100,,1609970,40,,,0,100,,1609968,40,,,0,100,,1609976,40,,,0,108,,1609974,40,,,0,101,,1609975,40,,,0,94,,1609977,40,,,0,98,,1609971,40,,,0,98,,1609972,40,,,0,99,,1609973,40,,,0,98,,1609978,40,,,0,97,,1609979,40,,,0
9202,'20261020',606,,1610003,40,,,0,98,,1610002,40,,,0,35,,1610001,40,,,0,72,,1609984,40,,,0,30,,1610000,40,,,0,69,,1609985,40,,,0,99,,1609986,40,,,0,100,,1609987,40,,,0,101,,1609989,40,,,0,100,,1609990,40,,,0,100,,1609988,40,,,0,100,,1609996,40,,,0,108,,1609994,40,,,0,101,,1609995,40,,,0,94,,1609997,40,,,0,98,,1609991,40,,,0,98,,1609992,40,,,0,99,,1609993,40,,,0,98,,1609998,40,,,0,97,,1609999,40,,,0
9202,'20261021',606,,1636681,40,,,0,98,,1636680,40,,,0,35,,1636679,40,,,0,72,,1636662,40,,,0,30,,1636678,40,,,0,69,,1636663,40,,,0,99,,1636664,40,,,0,100,,1636665,40,,,0,101,,1636667,40,,,0,100,,1636668,40,,,0,100,,1636666,40,,,0,100,,1636674,40,,,0,108,,1636672,40,,,0,101,,1636673,40,,,0,94,,1636675,40,,,0,98,,1636669,40,,,0,98,,1636670,40,,,0,99,,1636671,40,,,0,98,,1636676,40,,,0,97,,1636677,40,,,0
9202,'20261022',606,,1636701,40,,,0,98,,1636700,40,,,0,35,,1636699,40,,,0,72,,1636682,40,,,0,30,,1636698,40,,,0,69,,1636683,40,,,0,99,,1636684,40,,,0,100,,1636685,40,,,0,101,,1636687,40,,,0,100,,1636688,40,,,0,100,,1636686,40,,,0,100,,1636694,40,,,0,108,,1636692,40,,,0,101,,1636693,40,,,0,94,,1636695,40,,,0,98,,1636689,40,,,0,98,,1636690,40,,,0,99,,1636691,40,,,0,98,,1636696,40,,,0,97,,1636697,40,,,0
9202,'20261023',606,,1636721,40,,,0,98,,1636720,40,,,0,35,,1636719,40,,,0,72,,1636702,40,,,0,30,,1636718,40,,,0,69,,1636703,40,,,0,99,,1636704,40,,,0,100,,1636705,40,,,0,101,,1636707,40,,,0,100,,1636708,40,,,0,100,,1636706,40,,,0,100,,1636714,40,,,0,108,,1636712,40,,,0,101,,1636713,40,,,0,94,,1636715,40,,,0,98,,1636709,40,,,0,98,,1636710,40,,,0,99,,1636711,40,,,0,98,,1636716,40,,,0,97,,1636717,40,,,0
9301,'20261009',615,,1610535,49,0,31 10 1 32 13,0,14,,1610523,54,0,36 13,0,88,,1610536,49,0,31 10 1 32 13,0,15,,1610537,49,0,31 10 1 32 13,0,13,,1610534,11,0,31 10 1 32 13,0,2,,1610538,49,0,31 10 1 32 13,0,60,,1610524,54,0,36 13,0,14,,1610539,49,0,31 10 1 32 13,0,28,,1610540,49,0,31 10 1 32 13,0,70,,1610541,49,0,31 10 1 32 13,0,14,,1610525,54,0,36 13,0,17,,1610542,49,0,31 10 1 32 13,0,98,,1610543,49,0,31 10 1 32 13,0,54,,1610526,54,0,36 13,0,45,,1610544,49,0,31 10 1 32 13,0,86,,1610527,54,0,36 13,0,13,,1610545,49,0,31 10 1 32 13,0,101,,1610546,49,0,31 10 1 32 13,0,56,,1610528,54,0,36 13,0,43,,1610547,49,0,31 10 1 32 13,0,90,,1610529,54,0,36 13,0,8,,1610548,49,0,31 10 1 32 13,0,66,,1610549,49,0,31 10 1 32 13,0,31,,1610550,49,0,31 10 1 32 13,0,70,,1610530,54,0,36 13,0,5,,1610551,49,0,31 10 1 32 13,0,35,,1610552,49,0,31 10 1 32 13,0,81,,1610531,54,0,36 13,0,15,,1610553,49,0,31 10 1 32 13,0,100,,1610554,49,0,31 10 1 32 13,0,55,,1610532,54,0,36 13,0,45,,1610555,49,0,31 10 1 32 13,0,84,,1610533,54,0,36 13,0,15,,1610556,49,0,31 10 1 32 13,0,100,,1610557,49,0,31 10 1 32 13,0
9301,'20261010',629,,1637013,54,0,36 13,0,15,,1637024,49,0,31 10 1 32 13,0,101,,1637025,49,0,31 10 1 32 13,0,56,,1637014,54,0,36 13,0,44,,1637026,49,0,31 10 1 32 13,0,86,,1637015,54,0,36 13,0,14,,1637027,49,0,31 10 1 32 13,0,100,,1637028,49,0,31 10 1 32 13,0,57,,1637016,54,0,36 13,0,43,,1637029,49,0,31 10 1 32 13,0,87,,1637017,54,0,36 13,0,13,,1637030,49,0,31 10 1 32 13,0,101,,1637031,49,0,31 10 1 32 13,0,57,,1637018,54,0,36 13,0,43,,1637032,49,0,31 10 1 32 13,0,88,,1637019,54,0,36 13,0,12,,1637033,49,0,31 10 1 32 13,0,101,,1637034,49,0,31 10 1 32 13,0,58,,1637020,54,0,36 13,0,42,,1637035,49,0,31 10 1 32 13,0,84,,1637021,54,0,36 13,0,15,,1637036,49,0,31 10 1 32 13,0,98,,1637037,49,0,31 10 1 32 13,0,56,,1637022,54,0,36 13,0,44,,1637038,49,0,31 10 1 32 13,0,85,,1637023,54,0,36 13,0,115,,1637039,49,0,31 10 1 32 13,0
9301,'20261011',629,,1637040,54,0,36 13,0,15,,1637051,49,0,31 10 1 32 13,0,101,,1637052,49,0,31 10 1 32 13,0,56,,1637041,54,0,36 13,0,44,,1637053,49,0,31 10 1 32 13,0,86,,1637042,54,0,36 13,0,14,,1637054,49,0,31 10 1 32 13,0,100,,1637055,49,0,31 10 1 32 13,0,57,,1637043,54,0,36 13,0,43,,1637056,49,0,31 10 1 32 13,0,87,,1637044,54,0,36 13,0,13,,1637057,49,0,31 10 1 32 13,0,101,,1637058,49,0,31 10 1 32 13,0,57,,1637045,54,0,36 13,0,43,,1637059,49,0,31 10 1 32 13,0,88,,1637046,54,0,36 13,0,12,,1637060,49,0,31 10 1 32 13,0,101,,1637061,49,0,31 10 1 32 13,0,58,,1637047,54,0,36 13,0,42,,1637062,49,0,31 10 1 32 13,0,84,,1637048,54,0,36 13,0,15,,1637063,49,0,31 10 1 32 13,0,98,,1637064,49,0,31 10 1 32 13,0,56,,1637049,54,0,36 13,0,44,,1637065,49,0,31 10 1 32 13,0,85,,1637050,54,0,36 13,0,115,,1637066,49,0,31 10 1 32 13,0
9301,'20261012',629,,1637067,54,0,36 13,0,15,,1637078,49,0,31 10 1 32 13,0,101,,1637079,49,0,31 10 1 32 13,0,56,,1637068,54,0,36 13,0,44,,1637080,49,0,31 10 1 32 13,0,86,,1637069,54,0,36 13,0,14,,1637081,49,0,31 10 1 32 13,0,100,,1637082,49,0,31 10 1 32 13,0,57,,1637070,54,0,36 13,0,43,,1637083,49,0,31 10 1 32 13,0,87,,1637071,54,0,36 13,0,13,,1637084,49,0,31 10 1 32 13,0,101,,1637085,49,0,31 10 1 32 13,0,57,,1637072,54,0,36 13,0,43,,1637086,49,0,31 10 1 32 13,0,88,,1637073,54,0,36 13,0,12,,1637087,49,0,31 10 1 32 13,0,101,,1637088,49,0,31 10 1 32 13,0,58,,1637074,54,0,36 13,0,42,,1637089,49,0,31 10 1 32 13,0,84,,1637075,54,0,36 13,0,15,,1637090,49,0,31 10 1 32 13,0,98,,1637091,49,0,31 10 1 32 13,0,56,,1637076,54,0,36 13,0,44,,1637092,49,0,31 10 1 32 13,0,85,,1637077,54,0,36 13,0,115,,1637093,49,0,31 10 1 32 13,0
9301,'20261013',615,,1578818,49,0,31 10 1 32 13,0,14,,1578826,54,0,36 13,0,88,,1578803,49,0,31 10 1 32 13,0,15,,1578825,49,0,31 10 1 32 13,0,15,,1578804,49,0,31 10 1 32 13,0,60,,1578827,54,0,36 13,0,14,,1578805,49,0,31 10 1 32 13,0,28,,1578806,49,0,31 10 1 32 13,0,70,,1578807,49,0,31 10 1 32 13,0,14,,1578828,54,0,36 13,0,17,,1578816,49,0,31 10 1 32 13,0,98,,1578808,49,0,31 10 1 32 13,0,54,,1578829,54,0,36 13,0,45,,1578821,49,0,31 10 1 32 13,0,86,,1578830,54,0,36 13,0,13,,1578809,49,0,31 10 1 32 13,0,101,,1578822,49,0,31 10 1 32 13,0,56,,1578831,54,0,36 13,0,43,,1578810,49,0,31 10 1 32 13,0,90,,1578832,54,0,36 13,0,8,,1578814,49,0,31 10 1 32 13,0,66,,1578823,49,0,31 10 1 32 13,0,31,,1578811,49,0,31 10 1 32 13,0,70,,1578833,54,0,36 13,0,5,,1578824,49,0,31 10 1 32 13,0,35,,1578817,49,0,31 10 1 32 13,0,81,,1578834,54,0,36 13,0,15,,1578815,49,0,31 10 1 32 13,0,100,,1578819,49,0,31 10 1 32 13,0,55,,1578835,54,0,36 13,0,45,,1578812,49,0,31 10 1 32 13,0,84,,1578836,54,0,36 13,0,15,,1578820,49,0,31 10 1 32 13,0,100,,1578813,49,0,31 10 1 32 13,0
9301,'20261014',615,,1578852,49,0,31 10 1 32 13,0,14,,1578860,54,0,36 13,0,88,,1578837,49,0,31 10 1 32 13,0,15,,1578859,49,0,31 10 1 32 13,0,15,,1578838,49,0,31 10 1 32 13,0,60,,1578861,54,0,36 13,0,14,,1578839,49,0,31 10 1 32 13,0,28,,1578840,49,0,31 10 1 32 13,0,70,,1578841,49,0,31 10 1 32 13,0,14,,1578862,54,0,36 13,0,17,,1578850,49,0,31 10 1 32 13,0,98,,1578842,49,0,31 10 1 32 13,0,54,,1578863,54,0,36 13,0,45,,1578855,49,0,31 10 1 32 13,0,86,,1578864,54,0,36 13,0,13,,1578843,49,0,31 10 1 32 13,0,101,,1578856,49,0,31 10 1 32 13,0,56,,1578865,54,0,36 13,0,43,,1578844,49,0,31 10 1 32 13,0,90,,1578866,54,0,36 13,0,8,,1578848,49,0,31 10 1 32 13,0,66,,1578857,49,0,31 10 1 32 13,0,31,,1578845,49,0,31 10 1 32 13,0,70,,1578867,54,0,36 13,0,5,,1578858,49,0,31 10 1 32 13,0,35,,1578851,49,0,31 10 1 32 13,0,81,,1578868,54,0,36 13,0,15,,1578849,49,0,31 10 1 32 13,0,100,,1578853,49,0,31 10 1 32 13,0,55,,1578869,54,0,36 13,0,45,,1578846,49,0,31 10 1 32 13,0,84,,1578870,54,0,36 13,0,15,,1578854,49,0,31 10 1 32 13,0,100,,1578847,49,0,31 10 1 32 13,0
9301,'20261015',615,,1578886,49,0,31 10 1 32 13,0,14,,1578894,54,0,36 13,0,88,,1578871,49,0,31 10 1 32 13,0,15,,1578893,49,0,31 10 1 32 13,0,15,,1578872,49,0,31 10 1 32 13,0,60,,1578895,54,0,36 13,0,14,,1578873,49,0,31 10 1 32 13,0,28,,1578874,49,0,31 10 1 32 13,0,70,,1578875,49,0,31 10 1 32 13,0,14,,1578896,54,0,36 13,0,17,,1578884,49,0,31 10 1 32 13,0,98,,1578876,49,0,31 10 1 32 13,0,54,,1578897,54,0,36 13,0,45,,1578889,49,0,31 10 1 32 13,0,86,,1578898,54,0,36 13,0,13,,1578877,49,0,31 10 1 32 13,0,101,,1578890,49,0,31 10 1 32 13,0,56,,1578899,54,0,36 13,0,43,,1578878,49,0,31 10 1 32 13,0,90,,1578900,54,0,36 13,0,8,,1578882,49,0,31 10 1 32 13,0,66,,1578891,49,0,31 10 1 32 13,0,31,,1578879,49,0,31 10 1 32 13,0,70,,1578901,54,0,36 13,0,5,,1578892,49,0,31 10 1 32 13,0,35,,1578885,49,0,31 10 1 32 13,0,81,,1578902,54,0,36 13,0,15,,1578883,49,0,31 10 1 32 13,0,100,,1578887,49,0,31 10 1 32 13,0,55,,1578903,54,0,36 13,0,45,,1578880,49,0,31 10 1 32 13,0,84,,1578904,54,0,36 13,0,15,,1578888,49,0,31 10 1 32 13,0,100,,1578881,49,0,31 10 1 32 13,0
9301,'20261016',615,,1578920,49,0,31 10 1 32 13,0,14,,1578928,54,0,36 13,0,88,,1578905,49,0,31 10 1 32 13,0,15,,1578927,49,0,31 10 1 32 13,0,15,,1578906,49,0,31 10 1 32 13,0,60,,1578929,54,0,36 13,0,14,,1578907,49,0,31 10 1 32 13,0,28,,1578908,49,0,31 10 1 32 13,0,70,,1578909,49,0,31 10 1 32 13,0,14,,1578930,54,0,36 13,0,17,,1578918,49,0,31 10 1 32 13,0,98,,1578910,49,0,31 10 1 32 13,0,54,,1578931,54,0,36 13,0,45,,1578923,49,0,31 10 1 32 13,0,86,,1578932,54,0,36 13,0,13,,1578911,49,0,31 10 1 32 13,0,101,,1578924,49,0,31 10 1 32 13,0,56,,1578933,54,0,36 13,0,43,,1578912,49,0,31 10 1 32 13,0,90,,1578934,54,0,36 13,0,8,,1578916,49,0,31 10 1 32 13,0,66,,1578925,49,0,31 10 1 32 13,0,31,,1578913,49,0,31 10 1 32 13,0,70,,1578935,54,0,36 13,0,5,,1578926,49,0,31 10 1 32 13,0,35,,1578919,49,0,31 10 1 32 13,0,81,,1578936,54,0,36 13,0,15,,1578917,49,0,31 10 1 32 13,0,100,,1578921,49,0,31 10 1 32 13,0,55,,1578937,54,0,36 13,0,45,,1578914,49,0,31 10 1 32 13,0,84,,1578938,54,0,36 13,0,15,,1578922,49,0,31 10 1 32 13,0,100,,1578915,49,0,31 10 1 32 13,0
9301,'20261017',629,,1610574,54,0,36 13,0,15,,1610573,49,0,31 10 1 32 13,0,101,,1610563,49,0,31 10 1 32 13,0,56,,1610575,54,0,36 13,0,44,,1610558,49,0,31 10 1 32 13,0,86,,1610576,54,0,36 13,0,14,,1610572,49,0,31 10 1 32 13,0,100,,1610565,49,0,31 10 1 32 13,0,57,,1610577,54,0,36 13,0,43,,1610567,49,0,31 10 1 32 13,0,87,,1610578,54,0,36 13,0,13,,1610559,49,0,31 10 1 32 13,0,101,,1610568,49,0,31 10 1 32 13,0,57,,1610579,54,0,36 13,0,43,,1610566,49,0,31 10 1 32 13,0,88,,1610580,54,0,36 13,0,12,,1610569,49,0,31 10 1 32 13,0,101,,1610560,49,0,31 10 1 32 13,0,58,,1610581,54,0,36 13,0,42,,1610570,49,0,31 10 1 32 13,0,84,,1610582,54,0,36 13,0,15,,1610564,49,0,31 10 1 32 13,0,98,,1610571,49,0,31 10 1 32 13,0,56,,1610583,54,0,36 13,0,44,,1610561,49,0,31 10 1 32 13,0,85,,1610584,54,0,36 13,0,115,,1610562,49,0,31 10 1 32 13,0
9301,'20261018',629,,1610601,54,0,36 13,0,15,,1610600,49,0,31 10 1 32 13,0,101,,1610597,49,0,31 10 1 32 13,0,56,,1610602,54,0,36 13,0,44,,1610590,49,0,31 10 1 32 13,0,86,,1610603,54,0,36 13,0,14,,1610598,49,0,31 10 1 32 13,0,100,,1610585,49,0,31 10 1 32 13,0,57,,1610604,54,0,36 13,0,43,,1610593,49,0,31 10 1 32 13,0,87,,1610605,54,0,36 13,0,13,,1610586,49,0,31 10 1 32 13,0,101,,1610594,49,0,31 10 1 32 13,0,57,,1610606,54,0,36 13,0,43,,1610591,49,0,31 10 1 32 13,0,88,,1610607,54,0,36 13,0,12,,1610595,49,0,31 10 1 32 13,0,101,,1610587,49,0,31 10 1 32 13,0,58,,1610608,54,0,36 13,0,42,,1610596,49,0,31 10 1 32 13,0,84,,1610609,54,0,36 13,0,15,,1610592,49,0,31 10 1 32 13,0,98,,1610599,49,0,31 10 1 32 13,0,56,,1610610,54,0,36 13,0,44,,1610588,49,0,31 10 1 32 13,0,85,,1610611,54,0,36 13,0,115,,1610589,49,0,31 10 1 32 13,0
9301,'20261019',615,,1610627,49,0,31 10 1 32 13,0,14,,1610635,54,0,36 13,0,88,,1610612,49,0,31 10 1 32 13,0,15,,1610634,49,0,31 10 1 32 13,0,15,,1610613,49,0,31 10 1 32 13,0,60,,1610636,54,0,36 13,0,14,,1610614,49,0,31 10 1 32 13,0,28,,1610615,49,0,31 10 1 32 13,0,70,,1610616,49,0,31 10 1 32 13,0,14,,1610637,54,0,36 13,0,17,,1610625,49,0,31 10 1 32 13,0,98,,1610617,49,0,31 10 1 32 13,0,54,,1610638,54,0,36 13,0,45,,1610630,49,0,31 10 1 32 13,0,86,,1610639,54,0,36 13,0,13,,1610618,49,0,31 10 1 32 13,0,101,,1610631,49,0,31 10 1 32 13,0,56,,1610640,54,0,36 13,0,43,,1610619,49,0,31 10 1 32 13,0,90,,1610641,54,0,36 13,0,8,,1610623,49,0,31 10 1 32 13,0,66,,1610632,49,0,31 10 1 32 13,0,31,,1610620,49,0,31 10 1 32 13,0,70,,1610642,54,0,36 13,0,5,,1610633,49,0,31 10 1 32 13,0,35,,1610626,49,0,31 10 1 32 13,0,81,,1610643,54,0,36 13,0,15,,1610624,49,0,31 10 1 32 13,0,100,,1610628,49,0,31 10 1 32 13,0,55,,1610644,54,0,36 13,0,45,,1610621,49,0,31 10 1 32 13,0,84,,1610645,54,0,36 13,0,15,,1610629,49,0,31 10 1 32 13,0,100,,1610622,49,0,31 10 1 32 13,0
9301,'20261020',615,,1610661,49,0,31 10 1 32 13,0,14,,1610669,54,0,36 13,0,88,,1610646,49,0,31 10 1 32 13,0,15,,1610668,49,0,31 10 1 32 13,0,15,,1610647,49,0,31 10 1 32 13,0,60,,1610670,54,0,36 13,0,14,,1610648,49,0,31 10 1 32 13,0,28,,1610649,49,0,31 10 1 32 13,0,70,,1610650,49,0,31 10 1 32 13,0,14,,1610671,54,0,36 13,0,17,,1610659,49,0,31 10 1 32 13,0,98,,1610651,49,0,31 10 1 32 13,0,54,,1610672,54,0,36 13,0,45,,1610664,49,0,31 10 1 32 13,0,86,,1610673,54,0,36 13,0,13,,1610652,49,0,31 10 1 32 13,0,101,,1610665,49,0,31 10 1 32 13,0,56,,1610674,54,0,36 13,0,43,,1610653,49,0,31 10 1 32 13,0,90,,1610675,54,0,36 13,0,8,,1610657,49,0,31 10 1 32 13,0,66,,1610666,49,0,31 10 1 32 13,0,31,,1610654,49,0,31 10 1 32 13,0,70,,1610676,54,0,36 13,0,5,,1610667,49,0,31 10 1 32 13,0,35,,1610660,49,0,31 10 1 32 13,0,81,,1610677,54,0,36 13,0,15,,1610658,49,0,31 10 1 32 13,0,100,,1610662,49,0,31 10 1 32 13,0,55,,1610678,54,0,36 13,0,45,,1610655,49,0,31 10 1 32 13,0,84,,1610679,54,0,36 13,0,15,,1610663,49,0,31 10 1 32 13,0,100,,1610656,49,0,31 10 1 32 13,0
9301,'20261021',615,,1637109,49,0,31 10 1 32 13,0,14,,1637117,54,0,36 13,0,88,,1637094,49,0,31 10 1 32 13,0,15,,1637116,49,0,31 10 1 32 13,0,15,,1637095,49,0,31 10 1 32 13,0,60,,1637118,54,0,36 13,0,14,,1637096,49,0,31 10 1 32 13,0,28,,1637097,49,0,31 10 1 32 13,0,70,,1637098,49,0,31 10 1 32 13,0,14,,1637119,54,0,36 13,0,17,,1637107,49,0,31 10 1 32 13,0,98,,1637099,49,0,31 10 1 32 13,0,54,,1637120,54,0,36 13,0,45,,1637112,49,0,31 10 1 32 13,0,86,,1637121,54,0,36 13,0,13,,1637100,49,0,31 10 1 32 13,0,101,,1637113,49,0,31 10 1 32 13,0,56,,1637122,54,0,36 13,0,43,,1637101,49,0,31 10 1 32 13,0,90,,1637123,54,0,36 13,0,8,,1637105,49,0,31 10 1 32 13,0,66,,1637114,49,0,31 10 1 32 13,0,31,,1637102,49,0,31 10 1 32 13,0,70,,1637124,54,0,36 13,0,5,,1637115,49,0,31 10 1 32 13,0,35,,1637108,49,0,31 10 1 32 13,0,81,,1637125,54,0,36 13,0,15,,1637106,49,0,31 10 1 32 13,0,100,,1637110,49,0,31 10 1 32 13,0,55,,1637126,54,0,36 13,0,45,,1637103,49,0,31 10 1 32 13,0,84,,1637127,54,0,36 13,0,15,,1637111,49,0,31 10 1 32 13,0,100,,1637104,49,0,31 10 1 32 13,0
9301,'20261022',615,,1637143,49,0,31 10 1 32 13,0,14,,1637151,54,0,36 13,0,88,,1637128,49,0,31 10 1 32 13,0,15,,1637150,49,0,31 10 1 32 13,0,15,,1637129,49,0,31 10 1 32 13,0,60,,1637152,54,0,36 13,0,14,,1637130,49,0,31 10 1 32 13,0,28,,1637131,49,0,31 10 1 32 13,0,70,,1637132,49,0,31 10 1 32 13,0,14,,1637153,54,0,36 13,0,17,,1637141,49,0,31 10 1 32 13,0,98,,1637133,49,0,31 10 1 32 13,0,54,,1637154,54,0,36 13,0,45,,1637146,49,0,31 10 1 32 13,0,86,,1637155,54,0,36 13,0,13,,1637134,49,0,31 10 1 32 13,0,101,,1637147,49,0,31 10 1 32 13,0,56,,1637156,54,0,36 13,0,43,,1637135,49,0,31 10 1 32 13,0,90,,1637157,54,0,36 13,0,8,,1637139,49,0,31 10 1 32 13,0,66,,1637148,49,0,31 10 1 32 13,0,31,,1637136,49,0,31 10 1 32 13,0,70,,1637158,54,0,36 13,0,5,,1637149,49,0,31 10 1 32 13,0,35,,1637142,49,0,31 10 1 32 13,0,81,,1637159,54,0,36 13,0,15,,1637140,49,0,31 10 1 32 13,0,100,,1637144,49,0,31 10 1 32 13,0,55,,1637160,54,0,36 13,0,45,,1637137,49,0,31 10 1 32 13,0,84,,1637161,54,0,36 13,0,15,,1637145,49,0,31 10 1 32 13,0,100,,1637138,49,0,31 10 1 32 13,0
9301,'20261023',615,,1637177,49,0,31 10 1 32 13,0,14,,1637185,54,0,36 13,0,88,,1637162,49,0,31 10 1 32 13,0,15,,1637184,49,0,31 10 1 32 13,0,15,,1637163,49,0,31 10 1 32 13,0,60,,1637186,54,0,36 13,0,14,,1637164,49,0,31 10 1 32 13,0,28,,1637165,49,0,31 10 1 32 13,0,70,,1637166,49,0,31 10 1 32 13,0,14,,1637187,54,0,36 13,0,17,,1637175,49,0,31 10 1 32 13,0,98,,1637167,49,0,31 10 1 32 13,0,54,,1637188,54,0,36 13,0,45,,1637180,49,0,31 10 1 32 13,0,86,,1637189,54,0,36 13,0,13,,1637168,49,0,31 10 1 32 13,0,101,,1637181,49,0,31 10 1 32 13,0,56,,1637190,54,0,36 13,0,43,,1637169,49,0,31 10 1 32 13,0,90,,1637191,54,0,36 13,0,8,,1637173,49,0,31 10 1 32 13,0,66,,1637182,49,0,31 10 1 32 13,0,31,,1637170,49,0,31 10 1 32 13,0,70,,1637192,54,0,36 13,0,5,,1637183,49,0,31 10 1 32 13,0,35,,1637176,49,0,31 10 1 32 13,0,81,,1637193,54,0,36 13,0,15,,1637174,49,0,31 10 1 32 13,0,100,,1637178,49,0,31 10 1 32 13,0,55,,1637194,54,0,36 13,0,45,,1637171,49,0,31 10 1 32 13,0,84,,1637195,54,0,36 13,0,15,,1637179,49,0,31 10 1 32 13,0,100,,1637172,49,0,31 10 1 32 13,0
9402,'20261009',620,,1610744,39,,,0,98,,1610743,39,,,0,2,,1610745,39,,,0,32,,1610746,39,,,0,73,,1610747,39,,,0,29,,1610748,39,,,0,71,,1610749,39,,,0,99,,1610750,39,,,0,99,,1610751,39,,,0,100,,1610752,39,,,0,99,,1610753,39,,,0,100,,1610754,39,,,0,102,,1610755,39,,,0,104,,1610756,39,,,0,99,,1610757,39,,,0,98,,1610758,39,,,0,98,,1610759,39,,,0,99,,1610760,39,,,0,99,,1610761,39,,,0,98,,1610762,39,,,0,99,,1610763,39,,,0
9402,'20261010',612,,1637196,39,,,0,101,,1637197,39,,,0,101,,1637198,39,,,0,100,,1637199,39,,,0,101,,1637200,39,,,0,101,,1637201,39,,,0,101,,1637202,39,,,0,100,,1637203,39,,,0,100,,1637204,39,,,0,100,,1637205,39,,,0,100,,1637206,39,,,0,100,,1637207,39,,,0,100,,1637208,39,,,0,99,,1637209,39,,,0,99,,1637210,39,,,0,99,,1637211,39,,,0,99,,1637212,39,,,0,99,,1637213,39,,,0
9402,'20261011',612,,1637214,39,,,0,101,,1637215,39,,,0,101,,1637216,39,,,0,100,,1637217,39,,,0,101,,1637218,39,,,0,101,,1637219,39,,,0,101,,1637220,39,,,0,100,,1637221,39,,,0,100,,1637222,39,,,0,100,,1637223,39,,,0,100,,1637224,39,,,0,100,,1637225,39,,,0,100,,1637226,39,,,0,99,,1637227,39,,,0,99,,1637228,39,,,0,99,,1637229,39,,,0,99,,1637230,39,,,0,99,,1637231,39,,,0
9402,'20261012',612,,1637232,39,,,0,101,,1637233,39,,,0,101,,1637234,39,,,0,100,,1637235,39,,,0,101,,1637236,39,,,0,101,,1637237,39,,,0,101,,1637238,39,,,0,100,,1637239,39,,,0,100,,1637240,39,,,0,100,,1637241,39,,,0,100,,1637242,39,,,0,100,,1637243,39,,,0,100,,1637244,39,,,0,99,,1637245,39,,,0,99,,1637246,39,,,0,99,,1637247,39,,,0,99,,1637248,39,,,0,99,,1637249,39,,,0
9402,'20261013',620,,1579017,39,,,0,100,,1579019,39,,,0,32,,1579034,39,,,0,73,,1579035,39,,,0,29,,1579033,39,,,0,71,,1579018,39,,,0,99,,1579036,39,,,0,99,,1579020,39,,,0,100,,1579021,39,,,0,99,,1579022,39,,,0,100,,1579023,39,,,0,102,,1579024,39,,,0,104,,1579025,39,,,0,99,,1579026,39,,,0,98,,1579027,39,,,0,98,,1579028,39,,,0,99,,1579029,39,,,0,99,,1579030,39,,,0,98,,1579031,39,,,0,99,,1579032,39,,,0
9402,'20261014',620,,1579037,39,,,0,100,,1579039,39,,,0,32,,1579054,39,,,0,73,,1579055,39,,,0,29,,1579053,39,,,0,71,,1579038,39,,,0,99,,1579056,39,,,0,99,,1579040,39,,,0,100,,1579041,39,,,0,99,,1579042,39,,,0,100,,1579043,39,,,0,102,,1579044,39,,,0,104,,1579045,39,,,0,99,,1579046,39,,,0,98,,1579047,39,,,0,98,,1579048,39,,,0,99,,1579049,39,,,0,99,,1579050,39,,,0,98,,1579051,39,,,0,99,,1579052,39,,,0
9402,'20261015',620,,1579057,39,,,0,100,,1579059,39,,,0,32,,1579074,39,,,0,73,,1579075,39,,,0,29,,1579073,39,,,0,71,,1579058,39,,,0,99,,1579076,39,,,0,99,,1579060,39,,,0,100,,1579061,39,,,0,99,,1579062,39,,,0,100,,1579063,39,,,0,102,,1579064,39,,,0,104,,1579065,39,,,0,99,,1579066,39,,,0,98,,1579067,39,,,0,98,,1579068,39,,,0,99,,1579069,39,,,0,99,,1579070,39,,,0,98,,1579071,39,,,0,99,,1579072,39,,,0
9402,'20261016',620,,1579077,39,,,0,100,,1579079,39,,,0,32,,1579094,39,,,0,73,,1579095,39,,,0,29,,1579093,39,,,0,71,,1579078,39,,,0,99,,1579096,39,,,0,99,,1579080,39,,,0,100,,1579081,39,,,0,99,,1579082,39,,,0,100,,1579083,39,,,0,102,,1579084,39,,,0,104,,1579085,39,,,0,99,,1579086,39,,,0,98,,1579087,39,,,0,98,,1579088,39,,,0,99,,1579089,39,,,0,99,,1579090,39,,,0,98,,1579091,39,,,0,99,,1579092,39,,,0
9402,'20261017',612,,1610781,39,,,0,101,,1610764,39,,,0,101,,1610765,39,,,0,100,,1610766,39,,,0,101,,1610767,39,,,0,101,,1610768,39,,,0,101,,1610769,39,,,0,100,,1610770,39,,,0,100,,1610771,39,,,0,100,,1610772,39,,,0,100,,1610773,39,,,0,100,,1610774,39,,,0,100,,1610775,39,,,0,99,,1610776,39,,,0,99,,1610777,39,,,0,99,,1610778,39,,,0,99,,1610779,39,,,0,99,,1610780,39,,,0
9402,'20261018',612,,1610799,39,,,0,101,,1610782,39,,,0,101,,1610783,39,,,0,100,,1610784,39,,,0,101,,1610785,39,,,0,101,,1610786,39,,,0,101,,1610787,39,,,0,100,,1610788,39,,,0,100,,1610789,39,,,0,100,,1610790,39,,,0,100,,1610791,39,,,0,100,,1610792,39,,,0,100,,1610793,39,,,0,99,,1610794,39,,,0,99,,1610795,39,,,0,99,,1610796,39,,,0,99,,1610797,39,,,0,99,,1610798,39,,,0
9402,'20261019',620,,1610800,39,,,0,100,,1610802,39,,,0,32,,1610817,39,,,0,73,,1610818,39,,,0,29,,1610816,39,,,0,71,,1610801,39,,,0,99,,1610819,39,,,0,99,,1610803,39,,,0,100,,1610804,39,,,0,99,,1610805,39,,,0,100,,1610806,39,,,0,102,,1610807,39,,,0,104,,1610808,39,,,0,99,,1610809,39,,,0,98,,1610810,39,,,0,98,,1610811,39,,,0,99,,1610812,39,,,0,99,,1610813,39,,,0,98,,1610814,39,,,0,99,,1610815,39,,,0
9402,'20261020',620,,1610820,39,,,0,100,,1610822,39,,,0,32,,1610837,39,,,0,73,,1610838,39,,,0,29,,1610836,39,,,0,71,,1610821,39,,,0,99,,1610839,39,,,0,99,,1610823,39,,,0,100,,1610824,39,,,0,99,,1610825,39,,,0,100,,1610826,39,,,0,102,,1610827,39,,,0,104,,1610828,39,,,0,99,,1610829,39,,,0,98,,1610830,39,,,0,98,,1610831,39,,,0,99,,1610832,39,,,0,99,,1610833,39,,,0,98,,1610834,39,,,0,99,,1610835,39,,,0
9402,'20261021',620,,1637250,39,,,0,100,,1637252,39,,,0,32,,1637267,39,,,0,73,,1637268,39,,,0,29,,1637266,39,,,0,71,,1637251,39,,,0,99,,1637269,39,,,0,99,,1637253,39,,,0,100,,1637254,39,,,0,99,,1637255,39,,,0,100,,1637256,39,,,0,102,,1637257,39,,,0,104,,1637258,39,,,0,99,,1637259,39,,,0,98,,1637260,39,,,0,98,,1637261,39,,,0,99,,1637262,39,,,0,99,,1637263,39,,,0,98,,1637264,39,,,0,99,,1637265,39,,,0
9402,'20261022',620,,1637270,39,,,0,100,,1637272,39,,,0,32,,1637287,39,,,0,73,,1637288,39,,,0,29,,1637286,39,,,0,71,,1637271,39,,,0,99,,1637289,39,,,0,99,,1637273,39,,,0,100,,1637274,39,,,0,99,,1637275,39,,,0,100,,1637276,39,,,0,102,,1637277,39,,,0,104,,1637278,39,,,0,99,,1637279,39,,,0,98,,1637280,39,,,0,98,,1637281,39,,,0,99,,1637282,39,,,0,99,,1637283,39,,,0,98,,1637284,39,,,0,99,,1637285,39,,,0
9402,'20261023',620,,1637290,39,,,0,100,,1637292,39,,,0,32,,1637307,39,,,0,73,,1637308,39,,,0,29,,1637306,39,,,0,71,,1637291,39,,,0,99,,1637309,39,,,0,99,,1637293,39,,,0,100,,1637294,39,,,0,99,,1637295,39,,,0,100,,1637296,39,,,0,102,,1637297,39,,,0,104,,1637298,39,,,0,99,,1637299,39,,,0,98,,1637300,39,,,0,98,,1637301,39,,,0,99,,1637302,39,,,0,99,,1637303,39,,,0,98,,1637304,39,,,0,99,,1637305,39,,,0
53000,'20261009',1217,,1613889,3,,,0,200,,1613890,3,,,0,101,,1613891,3,,,0,12,,1613892,3,,,0,15,,1613893,3,,,0,73,,1613894,3,,,0,31,,1613895,3,,,0,71,,1613896,3,,,0,112,,1613897,3,,,0
53000,'20261013',1217,,1582128,3,,,0,200,,1582129,3,,,0,101,,1582131,3,,,0,12,,1582130,3,,,0,15,,1582127,3,,,0,73,,1582124,3,,,0,31,,1582125,3,,,0,71,,1582126,3,,,0,112,,1582132,3,,,0
53000,'20261014',1217,,1582137,3,,,0,200,,1582138,3,,,0,101,,1582140,3,,,0,12,,1582139,3,,,0,15,,1582136,3,,,0,73,,1582133,3,,,0,31,,1582134,3,,,0,71,,1582135,3,,,0,112,,1582141,3,,,0
53000,'20261015',1217,,1582146,3,,,0,200,,1582147,3,,,0,101,,1582149,3,,,0,12,,1582148,3,,,0,15,,1582145,3,,,0,73,,1582142,3,,,0,31,,1582143,3,,,0,71,,1582144,3,,,0,112,,1582150,3,,,0
53000,'20261016',1217,,1582155,3,,,0,200,,1582156,3,,,0,101,,1582158,3,,,0,12,,1582157,3,,,0,15,,1582154,3,,,0,73,,1582151,3,,,0,31,,1582152,3,,,0,71,,1582153,3,,,0,112,,1582159,3,,,0
53000,'20261019',1217,,1613902,3,,,0,200,,1613903,3,,,0,101,,1613905,3,,,0,12,,1613904,3,,,0,15,,1613901,3,,,0,73,,1613898,3,,,0,31,,1613899,3,,,0,71,,1613900,3,,,0,112,,1613906,3,,,0
53000,'20261020',1217,,1613911,3,,,0,200,,1613912,3,,,0,101,,1613914,3,,,0,12,,1613913,3,,,0,15,,1613910,3,,,0,73,,1613907,3,,,0,31,,1613908,3,,,0,71,,1613909,3,,,0,112,,1613915,3,,,0
53000,'20261021',1217,,1638915,3,,,0,200,,1638916,3,,,0,101,,1638918,3,,,0,12,,1638917,3,,,0,15,,1638914,3,,,0,73,,1638911,3,,,0,31,,1638912,3,,,0,71,,1638913,3,,,0,112,,1638919,3,,,0
53000,'20261022',1217,,1638924,3,,,0,200,,1638925,3,,,0,101,,1638927,3,,,0,12,,1638926,3,,,0,15,,1638923,3,,,0,73,,1638920,3,,,0,31,,1638921,3,,,0,71,,1638922,3,,,0,112,,1638928,3,,,0
53000,'20261023',1217,,1638933,3,,,0,200,,1638934,3,,,0,101,,1638936,3,,,0,12,,1638935,3,,,0,15,,1638932,3,,,0,73,,1638929,3,,,0,31,,1638930,3,,,0,71,,1638931,3,,,0,112,,1638937,3,,,0
53100,'20261009',1545,,1613971,3,,,0,72,,1613972,3,,,0,34,,1613973,3,,,0
53100,'20261013',1545,,1582210,3,,,0,72,,1582211,3,,,0,34,,1582212,3,,,0
53100,'20261014',1545,,1582213,3,,,0,72,,1582214,3,,,0,34,,1582215,3,,,0
53100,'20261015',1545,,1582216,3,,,0,72,,1582217,3,,,0,34,,1582218,3,,,0
53100,'20261016',1545,,1582219,3,,,0,72,,1582220,3,,,0,34,,1582221,3,,,0
53100,'20261019',1545,,1613974,3,,,0,72,,1613975,3,,,0,34,,1613976,3,,,0
53100,'20261020',1545,,1613977,3,,,0,72,,1613978,3,,,0,34,,1613979,3,,,0
53100,'20261021',1545,,1638959,3,,,0,72,,1638960,3,,,0,34,,1638961,3,,,0
53100,'20261022',1545,,1638962,3,,,0,72,,1638963,3,,,0,34,,1638964,3,,,0
53100,'20261023',1545,,1638965,3,,,0,72,,1638966,3,,,0,34,,1638967,3,,,0
53600,'20261009',1625,,1614007,3,,,0,79,,1614008,3,,,0,26,,1614009,3,,,0
53600,'20261013',1625,,1582246,3,,,0,79,,1582247,3,,,0,26,,1582248,3,,,0
53600,'20261014',1625,,1582249,3,,,0,79,,1582250,3,,,0,26,,1582251,3,,,0
53600,'20261015',1625,,1582252,3,,,0,79,,1582253,3,,,0,26,,1582254,3,,,0
53600,'20261016',1625,,1582255,3,,,0,79,,1582256,3,,,0,26,,1582257,3,,,0
53600,'20261019',1625,,1614010,3,,,0,79,,1614011,3,,,0,26,,1614012,3,,,0
53600,'20261020',1625,,1614013,3,,,0,79,,1614014,3,,,0,26,,1614015,3,,,0
53600,'20261021',1625,,1638977,3,,,0,79,,1638978,3,,,0,26,,1638979,3,,,0
53600,'20261022',1625,,1638980,3,,,0,79,,1638981,3,,,0,26,,1638982,3,,,0
53600,'20261023',1625,,1638983,3,,,0,79,,1638984,3,,,0,26,,1638985,3,,,0
53700,'20261009',1551,,1614040,3,,,0,74,,1614041,3,,,0,34,,1614042,3,,,0,73,,1614043,3,,,0
53700,'20261013',1551,,1582281,3,,,0,74,,1582278,3,,,0,34,,1582280,3,,,0,73,,1582279,3,,,0
53700,'20261014',1551,,1582285,3,,,0,74,,1582282,3,,,0,34,,1582284,3,,,0,73,,1582283,3,,,0
53700,'20261015',1551,,1582289,3,,,0,74,,1582286,3,,,0,34,,1582288,3,,,0,73,,1582287,3,,,0
53700,'20261016',1551,,1582293,3,,,0,74,,1582290,3,,,0,34,,1582292,3,,,0,73,,1582291,3,,,0
53700,'20261019',1551,,1614047,3,,,0,74,,1614044,3,,,0,34,,1614046,3,,,0,73,,1614045,3,,,0
53700,'20261020',1551,,1614051,3,,,0,74,,1614048,3,,,0,34,,1614050,3,,,0,73,,1614049,3,,,0
53700,'20261021',1551,,1638995,3,,,0,74,,1638992,3,,,0,34,,1638994,3,,,0,73,,1638993,3,,,0
53700,'20261022',1551,,1638999,3,,,0,74,,1638996,3,,,0,34,,1638998,3,,,0,73,,1638997,3,,,0
53700,'20261023',1551,,1639003,3,,,0,74,,1639000,3,,,0,34,,1639002,3,,,0,73,,1639001,3,,,0
53800,'20261009',1625,,1614073,3,,,0,78,,1614074,3,,,0,30,,1614075,3,,,0
53800,'20261013',1625,,1582313,3,,,0,78,,1582312,3,,,0,30,,1582314,3,,,0
53800,'20261014',1625,,1582316,3,,,0,78,,1582315,3,,,0,30,,1582317,3,,,0
53800,'20261015',1625,,1582319,3,,,0,78,,1582318,3,,,0,30,,1582320,3,,,0
53800,'20261016',1625,,1582322,3,,,0,78,,1582321,3,,,0,30,,1582323,3,,,0
53800,'20261019',1625,,1614077,3,,,0,78,,1614076,3,,,0,30,,1614078,3,,,0
53800,'20261020',1625,,1614080,3,,,0,78,,1614079,3,,,0,30,,1614081,3,,,0
53800,'20261021',1625,,1639011,3,,,0,78,,1639010,3,,,0,30,,1639012,3,,,0
53800,'20261022',1625,,1639014,3,,,0,78,,1639013,3,,,0,30,,1639015,3,,,0
53800,'20261023',1625,,1639017,3,,,0,78,,1639016,3,,,0,30,,1639018,3,,,0
55000,'20261009',1508,,1614115,3,,,0,22,,1614116,3,,,0,95,,1614117,3,,,0,33,,1614118,3,,,0,71,,1614119,3,,,0
55000,'20261013',1508,,1582356,3,,,0,22,,1582354,3,,,0,95,,1582353,3,,,0,33,,1582352,3,,,0,71,,1582355,3,,,0
55000,'20261014',1508,,1582361,3,,,0,22,,1582359,3,,,0,95,,1582358,3,,,0,33,,1582357,3,,,0,71,,1582360,3,,,0
55000,'20261015',1508,,1582366,3,,,0,22,,1582364,3,,,0,95,,1582363,3,,,0,33,,1582362,3,,,0,71,,1582365,3,,,0
55000,'20261016',1508,,1582371,3,,,0,22,,1582369,3,,,0,95,,1582368,3,,,0,33,,1582367,3,,,0,71,,1582370,3,,,0
55000,'20261019',1508,,1614124,3,,,0,22,,1614122,3,,,0,95,,1614121,3,,,0,33,,1614120,3,,,0,71,,1614123,3,,,0
55000,'20261020',1508,,1614129,3,,,0,22,,1614127,3,,,0,95,,1614126,3,,,0,33,,1614125,3,,,0,71,,1614128,3,,,0
55000,'20261021',1508,,1639032,3,,,0,22,,1639030,3,,,0,95,,1639029,3,,,0,33,,1639028,3,,,0,71,,1639031,3,,,0
55000,'20261022',1508,,1639037,3,,,0,22,,1639035,3,,,0,95,,1639034,3,,,0,33,,1639033,3,,,0,71,,1639036,3,,,0
55000,'20261023',1508,,1639042,3,,,0,22,,1639040,3,,,0,95,,1639039,3,,,0,33,,1639038,3,,,0,71,,1639041,3,,,0
55400,'20261009',1540,,1614166,3,,,0,62,,1614167,3,,,0,30,,1614168,3,,,0,93,,1614169,3,,,0
55400,'20261013',1540,,1582407,3,,,0,62,,1582405,3,,,0,30,,1582404,3,,,0,93,,1582406,3,,,0
55400,'20261014',1540,,1582411,3,,,0,62,,1582409,3,,,0,30,,1582408,3,,,0,93,,1582410,3,,,0
55400,'20261015',1540,,1582415,3,,,0,62,,1582413,3,,,0,30,,1582412,3,,,0,93,,1582414,3,,,0
55400,'20261016',1540,,1582419,3,,,0,62,,1582417,3,,,0,30,,1582416,3,,,0,93,,1582418,3,,,0
55400,'20261019',1540,,1614173,3,,,0,62,,1614171,3,,,0,30,,1614170,3,,,0,93,,1614172,3,,,0
55400,'20261020',1540,,1614177,3,,,0,62,,1614175,3,,,0,30,,1614174,3,,,0,93,,1614176,3,,,0
55400,'20261021',1540,,1639058,3,,,0,62,,1639056,3,,,0,30,,1639055,3,,,0,93,,1639057,3,,,0
55400,'20261022',1540,,1639062,3,,,0,62,,1639060,3,,,0,30,,1639059,3,,,0,93,,1639061,3,,,0
55400,'20261023',1540,,1639066,3,,,0,62,,1639064,3,,,0,30,,1639063,3,,,0,93,,1639065,3,,,0
55500,'20261009',1627,,1614199,3,,,0,23,,1614200,3,,,0,81,,1614201,3,,,0
55500,'20261013',1627,,1582438,3,,,0,23,,1582439,3,,,0,81,,1582440,3,,,0
55500,'20261014',1627,,1582441,3,,,0,23,,1582442,3,,,0,81,,1582443,3,,,0
55500,'20261015',1627,,1582444,3,,,0,23,,1582445,3,,,0,81,,1582446,3,,,0
55500,'20261016',1627,,1582447,3,,,0,23,,1582448,3,,,0,81,,1582449,3,,,0
55500,'20261019',1627,,1614202,3,,,0,23,,1614203,3,,,0,81,,1614204,3,,,0
55500,'20261020',1627,,1614205,3,,,0,23,,1614206,3,,,0,81,,1614207,3,,,0
55500,'20261021',1627,,1639073,3,,,0,23,,1639074,3,,,0,81,,1639075,3,,,0
55500,'20261022',1627,,1639076,3,,,0,23,,1639077,3,,,0,81,,1639078,3,,,0
55500,'20261023',1627,,1639079,3,,,0,23,,1639080,3,,,0,81,,1639081,3,,,0
55800,'20261009',1628,,1614229,3,,,0,22,,1614230,3,,,0,82,,1614231,3,,,0
55800,'20261013',1628,,1582468,3,,,0,22,,1582469,3,,,0,82,,1582470,3,,,0
55800,'20261014',1628,,1582471,3,,,0,22,,1582472,3,,,0,82,,1582473,3,,,0
55800,'20261015',1628,,1582474,3,,,0,22,,1582475,3,,,0,82,,1582476,3,,,0
55800,'20261016',1628,,1582477,3,,,0,22,,1582478,3,,,0,82,,1582479,3,,,0
55800,'20261019',1628,,1614232,3,,,0,22,,1614233,3,,,0,82,,1614234,3,,,0
55800,'20261020',1628,,1614235,3,,,0,22,,1614236,3,,,0,82,,1614237,3,,,0
55800,'20261021',1628,,1639088,3,,,0,22,,1639089,3,,,0,82,,1639090,3,,,0
55800,'20261022',1628,,1639091,3,,,0,22,,1639092,3,,,0,82,,1639093,3,,,0
55800,'20261023',1628,,1639094,3,,,0,22,,1639095,3,,,0,82,,1639096,3,,,0
57000,'20261009',1545,,1614265,3,,,0,5,,1614266,3,,,0,74,,1614267,3,,,0,22,,1614268,3,,,0,80,,1614269,3,,,0
57000,'20261013',1545,,1582502,3,,,0,5,,1582503,3,,,0,74,,1582504,3,,,0,22,,1582505,3,,,0,80,,1582506,3,,,0
57000,'20261014',1545,,1582507,3,,,0,5,,1582508,3,,,0,74,,1582509,3,,,0,22,,1582510,3,,,0,80,,1582511,3,,,0
57000,'20261015',1545,,1582512,3,,,0,5,,1582513,3,,,0,74,,1582514,3,,,0,22,,1582515,3,,,0,80,,1582516,3,,,0
57000,'20261016',1545,,1582517,3,,,0,5,,1582518,3,,,0,74,,1582519,3,,,0,22,,1582520,3,,,0,80,,1582521,3,,,0
57000,'20261019',1545,,1614270,3,,,0,5,,1614271,3,,,0,74,,1614272,3,,,0,22,,1614273,3,,,0,80,,1614274,3,,,0
57000,'20261020',1545,,1614275,3,,,0,5,,1614276,3,,,0,74,,1614277,3,,,0,22,,1614278,3,,,0,80,,1614279,3,,,0
57000,'20261021',1545,,1639103,3,,,0,5,,1639104,3,,,0,74,,1639105,3,,,0,22,,1639106,3,,,0,80,,1639107,3,,,0
57000,'20261022',1545,,1639108,3,,,0,5,,1639109,3,,,0,74,,1639110,3,,,0,22,,1639111,3,,,0,80,,1639112,3,,,0
57000,'20261023',1545,,1639113,3,,,0,5,,1639114,3,,,0,74,,1639115,3,,,0,22,,1639116,3,,,0,80,,1639117,3,,,0
57200,'20261009',1540,,1614310,3,,,0,83,,1614311,3,,,0,81,,1614312,3,,,0,27,,1614313,3,,,0
57200,'20261013',1540,,1582551,3,,,0,83,,1582548,3,,,0,81,,1582549,3,,,0,27,,1582550,3,,,0
57200,'20261014',1540,,1582555,3,,,0,83,,1582552,3,,,0,81,,1582553,3,,,0,27,,1582554,3,,,0
57200,'20261015',1540,,1582559,3,,,0,83,,1582556,3,,,0,81,,1582557,3,,,0,27,,1582558,3,,,0
57200,'20261016',1540,,1582563,3,,,0,83,,1582560,3,,,0,81,,1582561,3,,,0,27,,1582562,3,,,0
57200,'20261019',1540,,1614317,3,,,0,83,,1614314,3,,,0,81,,1614315,3,,,0,27,,1614316,3,,,0
57200,'20261020',1540,,1614321,3,,,0,83,,1614318,3,,,0,81,,1614319,3,,,0,27,,1614320,3,,,0
57200,'20261021',1540,,1639130,3,,,0,83,,1639127,3,,,0,81,,1639128,3,,,0,27,,1639129,3,,,0
57200,'20261022',1540,,1639134,3,,,0,83,,1639131,3,,,0,81,,1639132,3,,,0,27,,1639133,3,,,0
57200,'20261023',1540,,1639138,3,,,0,83,,1639135,3,,,0,81,,1639136,3,,,0,27,,1639137,3,,,0
57400,'20261009',1546,,1614352,3,,,0,72,,1614353,3,,,0,34,,1614354,3,,,0,69,,1614355,3,,,0
57400,'20261013',1546,,1582593,3,,,0,72,,1582591,3,,,0,34,,1582592,3,,,0,69,,1582590,3,,,0
57400,'20261014',1546,,1582597,3,,,0,72,,1582595,3,,,0,34,,1582596,3,,,0,69,,1582594,3,,,0
57400,'20261015',1546,,1582601,3,,,0,72,,1582599,3,,,0,34,,1582600,3,,,0,69,,1582598,3,,,0
57400,'20261016',1546,,1582605,3,,,0,72,,1582603,3,,,0,34,,1582604,3,,,0,69,,1582602,3,,,0
57400,'20261019',1546,,1614359,3,,,0,72,,1614357,3,,,0,34,,1614358,3,,,0,69,,1614356,3,,,0
57400,'20261020',1546,,1614363,3,,,0,72,,1614361,3,,,0,34,,1614362,3,,,0,69,,1614360,3,,,0
57400,'20261021',1546,,1639151,3,,,0,72,,1639149,3,,,0,34,,1639150,3,,,0,69,,1639148,3,,,0
57400,'20261022',1546,,1639155,3,,,0,72,,1639153,3,,,0,34,,1639154,3,,,0,69,,1639152,3,,,0
57400,'20261023',1546,,1639159,3,,,0,72,,1639157,3,,,0,34,,1639158,3,,,0,69,,1639156,3,,,0
58000,'20261009',1541,,1614394,3,,,0,81,,1614395,3,,,0,22,,1614396,3,,,0,78,,1614397,3,,,0
58000,'20261013',1541,,1582634,3,,,0,81,,1582633,3,,,0,22,,1582632,3,,,0,78,,1582635,3,,,0
58000,'20261014',1541,,1582638,3,,,0,81,,1582637,3,,,0,22,,1582636,3,,,0,78,,1582639,3,,,0
58000,'20261015',1541,,1582642,3,,,0,81,,1582641,3,,,0,22,,1582640,3,,,0,78,,1582643,3,,,0
58000,'20261016',1541,,1582646,3,,,0,81,,1582645,3,,,0,22,,1582644,3,,,0,78,,1582647,3,,,0
58000,'20261019',1541,,1614400,3,,,0,81,,1614399,3,,,0,22,,1614398,3,,,0,78,,1614401,3,,,0
58000,'20261020',1541,,1614404,3,,,0,81,,1614403,3,,,0,22,,1614402,3,,,0,78,,1614405,3,,,0
58000,'20261021',1541,,1639171,3,,,0,81,,1639170,3,,,0,22,,1639169,3,,,0,78,,1639172,3,,,0
58000,'20261022',1541,,1639175,3,,,0,81,,1639174,3,,,0,22,,1639173,3,,,0,78,,1639176,3,,,0
58000,'20261023',1541,,1639179,3,,,0,81,,1639178,3,,,0,22,,1639177,3,,,0,78,,1639180,3,,,0
58100,'20261009',1620,,1614433,3,,,0,31,,1614434,3,,,0,71,,1614435,3,,,0
58100,'20261013',1620,,1582672,3,,,0,31,,1582673,3,,,0,71,,1582674,3,,,0
58100,'20261014',1620,,1582675,3,,,0,31,,1582676,3,,,0,71,,1582677,3,,,0
58100,'20261015',1620,,1582678,3,,,0,31,,1582679,3,,,0,71,,1582680,3,,,0
58100,'20261016',1620,,1582681,3,,,0,31,,1582682,3,,,0,71,,1582683,3,,,0
58100,'20261019',1620,,1614436,3,,,0,31,,1614437,3,,,0,71,,1614438,3,,,0
58100,'20261020',1620,,1614439,3,,,0,31,,1614440,3,,,0,71,,1614441,3,,,0
58100,'20261021',1620,,1639190,3,,,0,31,,1639191,3,,,0,71,,1639192,3,,,0
58100,'20261022',1620,,1639193,3,,,0,31,,1639194,3,,,0,71,,1639195,3,,,0
58100,'20261023',1620,,1639196,3,,,0,31,,1639197,3,,,0,71,,1639198,3,,,0
58200,'20261009',1541,,1614475,3,,,0,61,,1614476,3,,,0,27,,1614477,3,,,0,79,,1614478,3,,,0,29,,1614479,3,,,0
58200,'20261013',1541,,1582715,3,,,0,61,,1582716,3,,,0,27,,1582713,3,,,0,79,,1582714,3,,,0,29,,1582712,3,,,0
58200,'20261014',1541,,1582720,3,,,0,61,,1582721,3,,,0,27,,1582718,3,,,0,79,,1582719,3,,,0,29,,1582717,3,,,0
58200,'20261015',1541,,1582725,3,,,0,61,,1582726,3,,,0,27,,1582723,3,,,0,79,,1582724,3,,,0,29,,1582722,3,,,0
58200,'20261016',1541,,1582730,3,,,0,61,,1582731,3,,,0,27,,1582728,3,,,0,79,,1582729,3,,,0,29,,1582727,3,,,0
58200,'20261019',1541,,1614483,3,,,0,61,,1614484,3,,,0,27,,1614481,3,,,0,79,,1614482,3,,,0,29,,1614480,3,,,0
58200,'20261020',1541,,1614488,3,,,0,61,,1614489,3,,,0,27,,1614486,3,,,0,79,,1614487,3,,,0,29,,1614485,3,,,0
58200,'20261021',1541,,1639211,3,,,0,61,,1639212,3,,,0,27,,1639209,3,,,0,79,,1639210,3,,,0,29,,1639208,3,,,0
58200,'20261022',1541,,1639216,3,,,0,61,,1639217,3,,,0,27,,1639214,3,,,0,79,,1639215,3,,,0,29,,1639213,3,,,0
58200,'20261023',1541,,1639221,3,,,0,61,,1639222,3,,,0,27,,1639219,3,,,0,79,,1639220,3,,,0,29,,1639218,3,,,0
58400,'20261009',1547,,1614532,3,,,0,82,,1614533,3,,,0,24,,1614534,3,,,0,80,,1614535,3,,,0
58400,'20261013',1547,,1582772,3,,,0,82,,1582770,3,,,0,24,,1582771,3,,,0,80,,1582773,3,,,0
58400,'20261014',1547,,1582776,3,,,0,82,,1582774,3,,,0,24,,1582775,3,,,0,80,,1582777,3,,,0
58400,'20261015',1547,,1582780,3,,,0,82,,1582778,3,,,0,24,,1582779,3,,,0,80,,1582781,3,,,0
58400,'20261016',1547,,1582784,3,,,0,82,,1582782,3,,,0,24,,1582783,3,,,0,80,,1582785,3,,,0
58400,'20261019',1547,,1614538,3,,,0,82,,1614536,3,,,0,24,,1614537,3,,,0,80,,1614539,3,,,0
58400,'20261020',1547,,1614542,3,,,0,82,,1614540,3,,,0,24,,1614541,3,,,0,80,,1614543,3,,,0
58400,'20261021',1547,,1639240,3,,,0,82,,1639238,3,,,0,24,,1639239,3,,,0,80,,1639241,3,,,0
58400,'20261022',1547,,1639244,3,,,0,82,,1639242,3,,,0,24,,1639243,3,,,0,80,,1639245,3,,,0
58400,'20261023',1547,,1639248,3,,,0,82,,1639246,3,,,0,24,,1639247,3,,,0,80,,1639249,3,,,0
80400,'20261009',559,,1620784,5,,,1,55,,1620785,5,,,1,15,,1620786,5,,,1,14,,1620787,5,,,1,14,,1620788,5,,,1,53,,1620789,5,,,1,14,,1620790,5,,,1,13,,1620791,5,,,1,15,,1620792,5,,,1,55,,1620793,5,,,1,18,,1620794,5,,,1,17,,1620795,5,,,1,16,,1620796,5,,,1,56,,1620797,5,,,1,16,,1620798,5,,,1,13,,1620799,5,,,1,15,,1620800,5,,,1,53,,1620801,5,,,1,17,,1620802,5,,,1,14,,1620803,5,,,1,13,,1620804,5,,,1,54,,1620805,5,,,1,14,,1620806,5,,,1,15,,1620807,5,,,1,15,,1620808,5,,,1,55,,1620809,5,,,1,14,,1620810,5,,,1,14,,1620811,5,,,1,17,,1620812,5,,,1,55,,1620813,5,,,1,15,,1620814,5,,,1,15,,1620815,5,,,1,15,,1620816,5,,,1,55,,1620817,5,,,1,15,,1620818,5,,,1,15,,1620819,5,,,1,15,,1620820,5,,,1,54,,1620821,5,,,1,10,,1620822,5,,,1,10,,1620823,5,,,1,8,,1620824,5,,,1,10,,1620825,5,,,1,10,,1620826,5,,,1,49,,1620827,5,,,1,10,,1620828,5,,,1,11,,1620829,5,,,1,12,,1620830,5,,,1,10,,1620831,5,,,1,10,,1620832,5,,,1,51,,1620833,5,,,1,11,,1620834,5,,,1,12,,1620835,5,,,1,16,,1620836,5,,,1,56,,1620837,5,,,1,18,,1620838,5,,,1,15,,1620839,5,,,1,17,,1620840,5,,,1,60,,1620841,5,,,1,19,,1620842,5,,,1,18,,1620843,5,,,1,58,,1620844,5,,,1,19,,1620783,5,,,1,18,,1620846,5,,,1,57,,1620847,5,,,1,19,,1620848,5,,,1,18,,1620849,5,,,1,18,,1620850,5,,,1,58,,1620851,5,,,1,17,,1620852,5,,,1,18,,1620853,5,,,1,59,,1620854,5,,,1,17,,1620855,5,,,1,17,,1620856,5,,,1,58,,1620857,5,,,1,17,,1620858,5,,,1,18,,1620859,5,,,1
80400,'20261010',651,,1643450,5,,,1,59,,1643451,5,,,1,18,,1643452,5,,,1,18,,1643453,5,,,1,58,,1643454,5,,,1,18,,1643455,5,,,1,18,,1643456,5,,,1,18,,1643457,5,,,1,57,,1643458,5,,,1,17,,1643459,5,,,1,18,,1643460,5,,,1,58,,1643461,5,,,1,17,,1643462,5,,,1,18,,1643463,5,,,1,16,,1643464,5,,,1,55,,1643465,5,,,1,14,,1643466,5,,,1,15,,1643467,5,,,1,14,,1643468,5,,,1,55,,1643469,5,,,1,15,,1643470,5,,,1,15,,1643471,5,,,1,15,,1643472,5,,,1,55,,1643473,5,,,1,15,,1643474,5,,,1,15,,1643475,5,,,1,15,,1643476,5,,,1,55,,1643477,5,,,1,15,,1643478,5,,,1,15,,1643479,5,,,1,15,,1643480,5,,,1,55,,1643481,5,,,1,15,,1643482,5,,,1,15,,1643483,5,,,1,15,,1643484,5,,,1,55,,1643485,5,,,1,14,,1643486,5,,,1,15,,1643487,5,,,1,16,,1643488,5,,,1,53,,1643489,5,,,1,17,,1643490,5,,,1,22,,1643491,5,,,1,56,,1643492,5,,,1,18,,1643493,5,,,1,18,,1643494,5,,,1,17,,1643495,5,,,1,58,,1643496,5,,,1,17,,1643497,5,,,1,18,,1643498,5,,,1,57,,1643499,5,,,1,18,,1643500,5,,,1,18,,1643501,5,,,1,58,,1643502,5,,,1,17,,1643503,5,,,1,18,,1643504,5,,,1,17,,1643505,5,,,1,58,,1643506,5,,,1,18,,1643507,5,,,1,18,,1643508,5,,,1,58,,1643509,5,,,1,18,,1643510,5,,,1,18,,1643511,5,,,1,58,,1643512,5,,,1,18,,1643513,5,,,1,18,,1643514,5,,,1
80400,'20261011',651,,1643515,5,,,1,59,,1643516,5,,,1,18,,1643517,5,,,1,18,,1643518,5,,,1,58,,1643519,5,,,1,18,,1643520,5,,,1,18,,1643521,5,,,1,18,,1643522,5,,,1,57,,1643523,5,,,1,17,,1643524,5,,,1,18,,1643525,5,,,1,58,,1643526,5,,,1,17,,1643527,5,,,1,18,,1643528,5,,,1,16,,1643529,5,,,1,55,,1643530,5,,,1,14,,1643531,5,,,1,15,,1643532,5,,,1,14,,1643533,5,,,1,55,,1643534,5,,,1,15,,1643535,5,,,1,15,,1643536,5,,,1,15,,1643537,5,,,1,55,,1643538,5,,,1,15,,1643539,5,,,1,15,,1643540,5,,,1,15,,1643541,5,,,1,55,,1643542,5,,,1,15,,1643543,5,,,1,15,,1643544,5,,,1,15,,1643545,5,,,1,55,,1643546,5,,,1,15,,1643547,5,,,1,15,,1643548,5,,,1,15,,1643549,5,,,1,55,,1643550,5,,,1,14,,1643551,5,,,1,15,,1643552,5,,,1,16,,1643553,5,,,1,53,,1643554,5,,,1,17,,1643555,5,,,1,22,,1643556,5,,,1,56,,1643557,5,,,1,18,,1643558,5,,,1,18,,1643559,5,,,1,17,,1643560,5,,,1,58,,1643561,5,,,1,17,,1643562,5,,,1,18,,1643563,5,,,1,57,,1643564,5,,,1,18,,1643565,5,,,1,18,,1643566,5,,,1,58,,1643567,5,,,1,17,,1643568,5,,,1,18,,1643569,5,,,1,17,,1643570,5,,,1,58,,1643571,5,,,1,18,,1643572,5,,,1,18,,1643573,5,,,1,58,,1643574,5,,,1,18,,1643575,5,,,1,18,,1643576,5,,,1,58,,1643577,5,,,1,18,,1643578,5,,,1,18,,1643579,5,,,1
80400,'20261012',651,,1643580,5,,,1,59,,1643581,5,,,1,18,,1643582,5,,,1,18,,1643583,5,,,1,58,,1643584,5,,,1,18,,1643585,5,,,1,18,,1643586,5,,,1,18,,1643587,5,,,1,57,,1643588,5,,,1,17,,1643589,5,,,1,18,,1643590,5,,,1,58,,1643591,5,,,1,17,,1643592,5,,,1,18,,1643593,5,,,1,16,,1643594,5,,,1,55,,1643595,5,,,1,14,,1643596,5,,,1,15,,1643597,5,,,1,14,,1643598,5,,,1,55,,1643599,5,,,1,15,,1643600,5,,,1,15,,1643601,5,,,1,15,,1643602,5,,,1,55,,1643603,5,,,1,15,,1643604,5,,,1,15,,1643605,5,,,1,15,,1643606,5,,,1,55,,1643607,5,,,1,15,,1643608,5,,,1,15,,1643609,5,,,1,15,,1643610,5,,,1,55,,1643611,5,,,1,15,,1643612,5,,,1,15,,1643613,5,,,1,15,,1643614,5,,,1,55,,1643615,5,,,1,14,,1643616,5,,,1,15,,1643617,5,,,1,16,,1643618,5,,,1,53,,1643619,5,,,1,17,,1643620,5,,,1,22,,1643621,5,,,1,56,,1643622,5,,,1,18,,1643623,5,,,1,18,,1643624,5,,,1,17,,1643625,5,,,1,58,,1643626,5,,,1,17,,1643627,5,,,1,18,,1643628,5,,,1,57,,1643629,5,,,1,18,,1643630,5,,,1,18,,1643631,5,,,1,58,,1643632,5,,,1,17,,1643633,5,,,1,18,,1643634,5,,,1,17,,1643635,5,,,1,58,,1643636,5,,,1,18,,1643637,5,,,1,18,,1643638,5,,,1,58,,1643639,5,,,1,18,,1643640,5,,,1,18,,1643641,5,,,1,58,,1643642,5,,,1,18,,1643643,5,,,1,18,,1643644,5,,,1
80400,'20261013',559,,1589086,5,,,1,55,,1589019,5,,,1,15,,1589021,5,,,1,14,,1589082,5,,,1,14,,1589031,5,,,1,53,,1589033,5,,,1,14,,1589034,5,,,1,13,,1589087,5,,,1,15,,1589035,5,,,1,55,,1589036,5,,,1,18,,1589037,5,,,1,17,,1589038,5,,,1,16,,1589040,5,,,1,56,,1589075,5,,,1,16,,1589079,5,,,1,13,,1589041,5,,,1,15,,1589042,5,,,1,53,,1589039,5,,,1,17,,1589076,5,,,1,14,,1589043,5,,,1,13,,1589044,5,,,1,54,,1589080,5,,,1,14,,1589046,5,,,1,15,,1589047,5,,,1,15,,1589048,5,,,1,55,,1589045,5,,,1,14,,1589049,5,,,1,14,,1589077,5,,,1,17,,1589050,5,,,1,55,,1589051,5,,,1,15,,1589052,5,,,1,15,,1589053,5,,,1,15,,1589084,5,,,1,55,,1589054,5,,,1,15,,1589056,5,,,1,15,,1589057,5,,,1,15,,1589058,5,,,1,54,,1589055,5,,,1,10,,1589059,5,,,1,10,,1589060,5,,,1,8,,1589093,5,,,1,10,,1589061,5,,,1,10,,1589062,5,,,1,49,,1589063,5,,,1,10,,1589064,5,,,1,11,,1589081,5,,,1,12,,1589065,5,,,1,10,,1589066,5,,,1,10,,1589067,5,,,1,51,,1589068,5,,,1,11,,1589069,5,,,1,12,,1589032,5,,,1,16,,1589030,5,,,1,56,,1589029,5,,,1,18,,1589070,5,,,1,15,,1589071,5,,,1,17,,1589092,5,,,1,60,,1589072,5,,,1,19,,1589074,5,,,1,18,,1589022,5,,,1,58,,1589078,5,,,1,19,,1589023,5,,,1,18,,1589083,5,,,1,57,,1589020,5,,,1,19,,1589085,5,,,1,18,,1589024,5,,,1,18,,1589025,5,,,1,58,,1589088,5,,,1,17,,1589026,5,,,1,18,,1589089,5,,,1,59,,1589027,5,,,1,17,,1589028,5,,,1,17,,1589090,5,,,1,58,,1589091,5,,,1,17,,1589073,5,,,1,18,,1589094,5,,,1
80400,'20261014',559,,1589162,5,,,1,55,,1589095,5,,,1,15,,1589097,5,,,1,14,,1589158,5,,,1,14,,1589107,5,,,1,53,,1589109,5,,,1,14,,1589110,5,,,1,13,,1589163,5,,,1,15,,1589111,5,,,1,55,,1589112,5,,,1,18,,1589113,5,,,1,17,,1589114,5,,,1,16,,1589116,5,,,1,56,,1589151,5,,,1,16,,1589155,5,,,1,13,,1589117,5,,,1,15,,1589118,5,,,1,53,,1589115,5,,,1,17,,1589152,5,,,1,14,,1589119,5,,,1,13,,1589120,5,,,1,54,,1589156,5,,,1,14,,1589122,5,,,1,15,,1589123,5,,,1,15,,1589124,5,,,1,55,,1589121,5,,,1,14,,1589125,5,,,1,14,,1589153,5,,,1,17,,1589126,5,,,1,55,,1589127,5,,,1,15,,1589128,5,,,1,15,,1589129,5,,,1,15,,1589160,5,,,1,55,,1589130,5,,,1,15,,1589132,5,,,1,15,,1589133,5,,,1,15,,1589134,5,,,1,54,,1589131,5,,,1,10,,1589135,5,,,1,10,,1589136,5,,,1,8,,1589169,5,,,1,10,,1589137,5,,,1,10,,1589138,5,,,1,49,,1589139,5,,,1,10,,1589140,5,,,1,11,,1589157,5,,,1,12,,1589141,5,,,1,10,,1589142,5,,,1,10,,1589143,5,,,1,51,,1589144,5,,,1,11,,1589145,5,,,1,12,,1589108,5,,,1,16,,1589106,5,,,1,56,,1589105,5,,,1,18,,1589146,5,,,1,15,,1589147,5,,,1,17,,1589168,5,,,1,60,,1589148,5,,,1,19,,1589150,5,,,1,18,,1589098,5,,,1,58,,1589154,5,,,1,19,,1589099,5,,,1,18,,1589159,5,,,1,57,,1589096,5,,,1,19,,1589161,5,,,1,18,,1589100,5,,,1,18,,1589101,5,,,1,58,,1589164,5,,,1,17,,1589102,5,,,1,18,,1589165,5,,,1,59,,1589103,5,,,1,17,,1589104,5,,,1,17,,1589166,5,,,1,58,,1589167,5,,,1,17,,1589149,5,,,1,18,,1589170,5,,,1
80400,'20261015',559,,1589238,5,,,1,55,,1589171,5,,,1,15,,1589173,5,,,1,14,,1589234,5,,,1,14,,1589183,5,,,1,53,,1589185,5,,,1,14,,1589186,5,,,1,13,,1589239,5,,,1,15,,1589187,5,,,1,55,,1589188,5,,,1,18,,1589189,5,,,1,17,,1589190,5,,,1,16,,1589192,5,,,1,56,,1589227,5,,,1,16,,1589231,5,,,1,13,,1589193,5,,,1,15,,1589194,5,,,1,53,,1589191,5,,,1,17,,1589228,5,,,1,14,,1589195,5,,,1,13,,1589196,5,,,1,54,,1589232,5,,,1,14,,1589198,5,,,1,15,,1589199,5,,,1,15,,1589200,5,,,1,55,,1589197,5,,,1,14,,1589201,5,,,1,14,,1589229,5,,,1,17,,1589202,5,,,1,55,,1589203,5,,,1,15,,1589204,5,,,1,15,,1589205,5,,,1,15,,1589236,5,,,1,55,,1589206,5,,,1,15,,1589208,5,,,1,15,,1589209,5,,,1,15,,1589210,5,,,1,54,,1589207,5,,,1,10,,1589211,5,,,1,10,,1589212,5,,,1,8,,1589245,5,,,1,10,,1589213,5,,,1,10,,1589214,5,,,1,49,,1589215,5,,,1,10,,1589216,5,,,1,11,,1589233,5,,,1,12,,1589217,5,,,1,10,,1589218,5,,,1,10,,1589219,5,,,1,51,,1589220,5,,,1,11,,1589221,5,,,1,12,,1589184,5,,,1,16,,1589182,5,,,1,56,,1589181,5,,,1,18,,1589222,5,,,1,15,,1589223,5,,,1,17,,1589244,5,,,1,60,,1589224,5,,,1,19,,1589226,5,,,1,18,,1589174,5,,,1,58,,1589230,5,,,1,19,,1589175,5,,,1,18,,1589235,5,,,1,57,,1589172,5,,,1,19,,1589237,5,,,1,18,,1589176,5,,,1,18,,1589177,5,,,1,58,,1589240,5,,,1,17,,1589178,5,,,1,18,,1589241,5,,,1,59,,1589179,5,,,1,17,,1589180,5,,,1,17,,1589242,5,,,1,58,,1589243,5,,,1,17,,1589225,5,,,1,18,,1589246,5,,,1
80400,'20261016',559,,1589314,5,,,1,55,,1589247,5,,,1,15,,1589249,5,,,1,14,,1589310,5,,,1,14,,1589259,5,,,1,53,,1589261,5,,,1,14,,1589262,5,,,1,13,,1589315,5,,,1,15,,1589263,5,,,1,55,,1589264,5,,,1,18,,1589265,5,,,1,17,,1589266,5,,,1,16,,1589268,5,,,1,56,,1589303,5,,,1,16,,1589307,5,,,1,13,,1589269,5,,,1,15,,1589270,5,,,1,53,,1589267,5,,,1,17,,1589304,5,,,1,14,,1589271,5,,,1,13,,1589272,5,,,1,54,,1589308,5,,,1,14,,1589274,5,,,1,15,,1589275,5,,,1,15,,1589276,5,,,1,55,,1589273,5,,,1,14,,1589277,5,,,1,14,,1589305,5,,,1,17,,1589278,5,,,1,55,,1589279,5,,,1,15,,1589280,5,,,1,15,,1589281,5,,,1,15,,1589312,5,,,1,55,,1589282,5,,,1,15,,1589284,5,,,1,15,,1589285,5,,,1,15,,1589286,5,,,1,54,,1589283,5,,,1,10,,1589287,5,,,1,10,,1589288,5,,,1,8,,1589321,5,,,1,10,,1589289,5,,,1,10,,1589290,5,,,1,49,,1589291,5,,,1,10,,1589292,5,,,1,11,,1589309,5,,,1,12,,1589293,5,,,1,10,,1589294,5,,,1,10,,1589295,5,,,1,51,,1589296,5,,,1,11,,1589297,5,,,1,12,,1589260,5,,,1,16,,1589258,5,,,1,56,,1589257,5,,,1,18,,1589298,5,,,1,15,,1589299,5,,,1,17,,1589320,5,,,1,60,,1589300,5,,,1,19,,1589302,5,,,1,18,,1589250,5,,,1,58,,1589306,5,,,1,19,,1589251,5,,,1,18,,1589311,5,,,1,57,,1589248,5,,,1,19,,1589313,5,,,1,18,,1589252,5,,,1,18,,1589253,5,,,1,58,,1589316,5,,,1,17,,1589254,5,,,1,18,,1589317,5,,,1,59,,1589255,5,,,1,17,,1589256,5,,,1,17,,1589318,5,,,1,58,,1589319,5,,,1,17,,1589301,5,,,1,18,,1589322,5,,,1
80400,'20261017',651,,1620907,5,,,1,59,,1620860,5,,,1,18,,1620861,5,,,1,18,,1620862,5,,,1,58,,1620908,5,,,1,18,,1620912,5,,,1,18,,1620863,5,,,1,18,,1620864,5,,,1,57,,1620903,5,,,1,17,,1620913,5,,,1,18,,1620909,5,,,1,58,,1620904,5,,,1,17,,1620911,5,,,1,18,,1620865,5,,,1,16,,1620905,5,,,1,55,,1620866,5,,,1,14,,1620906,5,,,1,15,,1620867,5,,,1,14,,1620914,5,,,1,55,,1620868,5,,,1,15,,1620869,5,,,1,15,,1620870,5,,,1,15,,1620871,5,,,1,55,,1620872,5,,,1,15,,1620873,5,,,1,15,,1620874,5,,,1,15,,1620875,5,,,1,55,,1620876,5,,,1,15,,1620877,5,,,1,15,,1620878,5,,,1,15,,1620879,5,,,1,55,,1620880,5,,,1,15,,1620881,5,,,1,15,,1620882,5,,,1,15,,1620883,5,,,1,55,,1620884,5,,,1,14,,1620885,5,,,1,15,,1620886,5,,,1,16,,1620887,5,,,1,53,,1620888,5,,,1,17,,1620889,5,,,1,22,,1620890,5,,,1,56,,1620891,5,,,1,18,,1620915,5,,,1,18,,1620910,5,,,1,17,,1620916,5,,,1,58,,1620892,5,,,1,17,,1620917,5,,,1,18,,1620893,5,,,1,57,,1620894,5,,,1,18,,1620918,5,,,1,18,,1620895,5,,,1,58,,1620919,5,,,1,17,,1620896,5,,,1,18,,1620897,5,,,1,17,,1620920,5,,,1,58,,1620898,5,,,1,18,,1620921,5,,,1,18,,1620899,5,,,1,58,,1620900,5,,,1,18,,1620922,5,,,1,18,,1620901,5,,,1,58,,1620902,5,,,1,18,,1620923,5,,,1,18,,1620924,5,,,1
80400,'20261018',651,,1620973,5,,,1,59,,1620925,5,,,1,18,,1620977,5,,,1,18,,1620926,5,,,1,58,,1620927,5,,,1,18,,1620975,5,,,1,18,,1620928,5,,,1,18,,1620929,5,,,1,57,,1620931,5,,,1,17,,1620971,5,,,1,18,,1620978,5,,,1,58,,1620974,5,,,1,17,,1620933,5,,,1,18,,1620979,5,,,1,16,,1620930,5,,,1,55,,1620934,5,,,1,14,,1620932,5,,,1,15,,1620972,5,,,1,14,,1620935,5,,,1,55,,1620936,5,,,1,15,,1620937,5,,,1,15,,1620938,5,,,1,15,,1620939,5,,,1,55,,1620940,5,,,1,15,,1620941,5,,,1,15,,1620942,5,,,1,15,,1620943,5,,,1,55,,1620944,5,,,1,15,,1620945,5,,,1,15,,1620946,5,,,1,15,,1620947,5,,,1,55,,1620948,5,,,1,15,,1620949,5,,,1,15,,1620950,5,,,1,15,,1620951,5,,,1,55,,1620952,5,,,1,14,,1620953,5,,,1,15,,1620954,5,,,1,16,,1620955,5,,,1,53,,1620956,5,,,1,17,,1620957,5,,,1,22,,1620958,5,,,1,56,,1620980,5,,,1,18,,1620959,5,,,1,18,,1620976,5,,,1,17,,1620981,5,,,1,58,,1620961,5,,,1,17,,1620982,5,,,1,18,,1620963,5,,,1,57,,1620960,5,,,1,18,,1620984,5,,,1,18,,1620964,5,,,1,58,,1620985,5,,,1,17,,1620962,5,,,1,18,,1620965,5,,,1,17,,1620986,5,,,1,58,,1620966,5,,,1,18,,1620983,5,,,1,18,,1620967,5,,,1,58,,1620968,5,,,1,18,,1620987,5,,,1,18,,1620969,5,,,1,58,,1620970,5,,,1,18,,1620988,5,,,1,18,,1620989,5,,,1
80400,'20261019',559,,1621057,5,,,1,55,,1620990,5,,,1,15,,1620992,5,,,1,14,,1621053,5,,,1,14,,1621002,5,,,1,53,,1621004,5,,,1,14,,1621005,5,,,1,13,,1621058,5,,,1,15,,1621006,5,,,1,55,,1621007,5,,,1,18,,1621008,5,,,1,17,,1621009,5,,,1,16,,1621011,5,,,1,56,,1621046,5,,,1,16,,1621050,5,,,1,13,,1621012,5,,,1,15,,1621013,5,,,1,53,,1621010,5,,,1,17,,1621047,5,,,1,14,,1621014,5,,,1,13,,1621015,5,,,1,54,,1621051,5,,,1,14,,1621017,5,,,1,15,,1621018,5,,,1,15,,1621019,5,,,1,55,,1621016,5,,,1,14,,1621020,5,,,1,14,,1621048,5,,,1,17,,1621021,5,,,1,55,,1621022,5,,,1,15,,1621023,5,,,1,15,,1621024,5,,,1,15,,1621055,5,,,1,55,,1621025,5,,,1,15,,1621027,5,,,1,15,,1621028,5,,,1,15,,1621029,5,,,1,54,,1621026,5,,,1,10,,1621030,5,,,1,10,,1621031,5,,,1,8,,1621064,5,,,1,10,,1621032,5,,,1,10,,1621033,5,,,1,49,,1621034,5,,,1,10,,1621035,5,,,1,11,,1621052,5,,,1,12,,1621036,5,,,1,10,,1621037,5,,,1,10,,1621038,5,,,1,51,,1621039,5,,,1,11,,1621040,5,,,1,12,,1621003,5,,,1,16,,1621001,5,,,1,56,,1621000,5,,,1,18,,1621041,5,,,1,15,,1621042,5,,,1,17,,1621063,5,,,1,60,,1621043,5,,,1,19,,1621045,5,,,1,18,,1620993,5,,,1,58,,1621049,5,,,1,19,,1620994,5,,,1,18,,1621054,5,,,1,57,,1620991,5,,,1,19,,1621056,5,,,1,18,,1620995,5,,,1,18,,1620996,5,,,1,58,,1621059,5,,,1,17,,1620997,5,,,1,18,,1621060,5,,,1,59,,1620998,5,,,1,17,,1620999,5,,,1,17,,1621061,5,,,1,58,,1621062,5,,,1,17,,1621044,5,,,1,18,,1621065,5,,,1
80400,'20261020',559,,1621133,5,,,1,55,,1621066,5,,,1,15,,1621068,5,,,1,14,,1621129,5,,,1,14,,1621078,5,,,1,53,,1621080,5,,,1,14,,1621081,5,,,1,13,,1621134,5,,,1,15,,1621082,5,,,1,55,,1621083,5,,,1,18,,1621084,5,,,1,17,,1621085,5,,,1,16,,1621087,5,,,1,56,,1621122,5,,,1,16,,1621126,5,,,1,13,,1621088,5,,,1,15,,1621089,5,,,1,53,,1621086,5,,,1,17,,1621123,5,,,1,14,,1621090,5,,,1,13,,1621091,5,,,1,54,,1621127,5,,,1,14,,1621093,5,,,1,15,,1621094,5,,,1,15,,1621095,5,,,1,55,,1621092,5,,,1,14,,1621096,5,,,1,14,,1621124,5,,,1,17,,1621097,5,,,1,55,,1621098,5,,,1,15,,1621099,5,,,1,15,,1621100,5,,,1,15,,1621131,5,,,1,55,,1621101,5,,,1,15,,1621103,5,,,1,15,,1621104,5,,,1,15,,1621105,5,,,1,54,,1621102,5,,,1,10,,1621106,5,,,1,10,,1621107,5,,,1,8,,1621140,5,,,1,10,,1621108,5,,,1,10,,1621109,5,,,1,49,,1621110,5,,,1,10,,1621111,5,,,1,11,,1621128,5,,,1,12,,1621112,5,,,1,10,,1621113,5,,,1,10,,1621114,5,,,1,51,,1621115,5,,,1,11,,1621116,5,,,1,12,,1621079,5,,,1,16,,1621077,5,,,1,56,,1621076,5,,,1,18,,1621117,5,,,1,15,,1621118,5,,,1,17,,1621139,5,,,1,60,,1621119,5,,,1,19,,1621121,5,,,1,18,,1621069,5,,,1,58,,1621125,5,,,1,19,,1621070,5,,,1,18,,1621130,5,,,1,57,,1621067,5,,,1,19,,1621132,5,,,1,18,,1621071,5,,,1,18,,1621072,5,,,1,58,,1621135,5,,,1,17,,1621073,5,,,1,18,,1621136,5,,,1,59,,1621074,5,,,1,17,,1621075,5,,,1,17,,1621137,5,,,1,58,,1621138,5,,,1,17,,1621120,5,,,1,18,,1621141,5,,,1
80400,'20261021',559,,1643712,5,,,1,55,,1643645,5,,,1,15,,1643647,5,,,1,14,,1643708,5,,,1,14,,1643657,5,,,1,53,,1643659,5,,,1,14,,1643660,5,,,1,13,,1643713,5,,,1,15,,1643661,5,,,1,55,,1643662,5,,,1,18,,1643663,5,,,1,17,,1643664,5,,,1,16,,1643666,5,,,1,56,,1643701,5,,,1,16,,1643705,5,,,1,13,,1643667,5,,,1,15,,1643668,5,,,1,53,,1643665,5,,,1,17,,1643702,5,,,1,14,,1643669,5,,,1,13,,1643670,5,,,1,54,,1643706,5,,,1,14,,1643672,5,,,1,15,,1643673,5,,,1,15,,1643674,5,,,1,55,,1643671,5,,,1,14,,1643675,5,,,1,14,,1643703,5,,,1,17,,1643676,5,,,1,55,,1643677,5,,,1,15,,1643678,5,,,1,15,,1643679,5,,,1,15,,1643710,5,,,1,55,,1643680,5,,,1,15,,1643682,5,,,1,15,,1643683,5,,,1,15,,1643684,5,,,1,54,,1643681,5,,,1,10,,1643685,5,,,1,10,,1643686,5,,,1,8,,1643719,5,,,1,10,,1643687,5,,,1,10,,1643688,5,,,1,49,,1643689,5,,,1,10,,1643690,5,,,1,11,,1643707,5,,,1,12,,1643691,5,,,1,10,,1643692,5,,,1,10,,1643693,5,,,1,51,,1643694,5,,,1,11,,1643695,5,,,1,12,,1643658,5,,,1,16,,1643656,5,,,1,56,,1643655,5,,,1,18,,1643696,5,,,1,15,,1643697,5,,,1,17,,1643718,5,,,1,60,,1643698,5,,,1,19,,1643700,5,,,1,18,,1643648,5,,,1,58,,1643704,5,,,1,19,,1643649,5,,,1,18,,1643709,5,,,1,57,,1643646,5,,,1,19,,1643711,5,,,1,18,,1643650,5,,,1,18,,1643651,5,,,1,58,,1643714,5,,,1,17,,1643652,5,,,1,18,,1643715,5,,,1,59,,1643653,5,,,1,17,,1643654,5,,,1,17,,1643716,5,,,1,58,,1643717,5,,,1,17,,1643699,5,,,1,18,,1643720,5,,,1
80400,'20261022',559,,1643788,5,,,1,55,,1643721,5,,,1,15,,1643723,5,,,1,14,,1643784,5,,,1,14,,1643733,5,,,1,53,,1643735,5,,,1,14,,1643736,5,,,1,13,,1643789,5,,,1,15,,1643737,5,,,1,55,,1643738,5,,,1,18,,1643739,5,,,1,17,,1643740,5,,,1,16,,1643742,5,,,1,56,,1643777,5,,,1,16,,1643781,5,,,1,13,,1643743,5,,,1,15,,1643744,5,,,1,53,,1643741,5,,,1,17,,1643778,5,,,1,14,,1643745,5,,,1,13,,1643746,5,,,1,54,,1643782,5,,,1,14,,1643748,5,,,1,15,,1643749,5,,,1,15,,1643750,5,,,1,55,,1643747,5,,,1,14,,1643751,5,,,1,14,,1643779,5,,,1,17,,1643752,5,,,1,55,,1643753,5,,,1,15,,1643754,5,,,1,15,,1643755,5,,,1,15,,1643786,5,,,1,55,,1643756,5,,,1,15,,1643758,5,,,1,15,,1643759,5,,,1,15,,1643760,5,,,1,54,,1643757,5,,,1,10,,1643761,5,,,1,10,,1643762,5,,,1,8,,1643795,5,,,1,10,,1643763,5,,,1,10,,1643764,5,,,1,49,,1643765,5,,,1,10,,1643766,5,,,1,11,,1643783,5,,,1,12,,1643767,5,,,1,10,,1643768,5,,,1,10,,1643769,5,,,1,51,,1643770,5,,,1,11,,1643771,5,,,1,12,,1643734,5,,,1,16,,1643732,5,,,1,56,,1643731,5,,,1,18,,1643772,5,,,1,15,,1643773,5,,,1,17,,1643794,5,,,1,60,,1643774,5,,,1,19,,1643776,5,,,1,18,,1643724,5,,,1,58,,1643780,5,,,1,19,,1643725,5,,,1,18,,1643785,5,,,1,57,,1643722,5,,,1,19,,1643787,5,,,1,18,,1643726,5,,,1,18,,1643727,5,,,1,58,,1643790,5,,,1,17,,1643728,5,,,1,18,,1643791,5,,,1,59,,1643729,5,,,1,17,,1643730,5,,,1,17,,1643792,5,,,1,58,,1643793,5,,,1,17,,1643775,5,,,1,18,,1643796,5,,,1
80400,'20261023',559,,1643864,5,,,1,55,,1643797,5,,,1,15,,1643799,5,,,1,14,,1643860,5,,,1,14,,1643809,5,,,1,53,,1643811,5,,,1,14,,1643812,5,,,1,13,,1643865,5,,,1,15,,1643813,5,,,1,55,,1643814,5,,,1,18,,1643815,5,,,1,17,,1643816,5,,,1,16,,1643818,5,,,1,56,,1643853,5,,,1,16,,1643857,5,,,1,13,,1643819,5,,,1,15,,1643820,5,,,1,53,,1643817,5,,,1,17,,1643854,5,,,1,14,,1643821,5,,,1,13,,1643822,5,,,1,54,,1643858,5,,,1,14,,1643824,5,,,1,15,,1643825,5,,,1,15,,1643826,5,,,1,55,,1643823,5,,,1,14,,1643827,5,,,1,14,,1643855,5,,,1,17,,1643828,5,,,1,55,,1643829,5,,,1,15,,1643830,5,,,1,15,,1643831,5,,,1,15,,1643862,5,,,1,55,,1643832,5,,,1,15,,1643834,5,,,1,15,,1643835,5,,,1,15,,1643836,5,,,1,54,,1643833,5,,,1,10,,1643837,5,,,1,10,,1643838,5,,,1,8,,1643871,5,,,1,10,,1643839,5,,,1,10,,1643840,5,,,1,49,,1643841,5,,,1,10,,1643842,5,,,1,11,,1643859,5,,,1,12,,1643843,5,,,1,10,,1643844,5,,,1,10,,1643845,5,,,1,51,,1643846,5,,,1,11,,1643847,5,,,1,12,,1643810,5,,,1,16,,1643808,5,,,1,56,,1643807,5,,,1,18,,1643848,5,,,1,15,,1643849,5,,,1,17,,1643870,5,,,1,60,,1643850,5,,,1,19,,1643852,5,,,1,18,,1643800,5,,,1,58,,1643856,5,,,1,19,,1643801,5,,,1,18,,1643861,5,,,1,57,,1643798,5,,,1,19,,1643863,5,,,1,18,,1643802,5,,,1,18,,1643803,5,,,1,58,,1643866,5,,,1,17,,1643804,5,,,1,18,,1643867,5,,,1,59,,1643805,5,,,1,17,,1643806,5,,,1,17,,1643868,5,,,1,58,,1643869,5,,,1,17,,1643851,5,,,1,18,,1643872,5,,,1
80502,'20261009',521,,1622144,12,,,0,10,,1622145,12,,,0,8,,1622146,12,,,0,9,,1622147,12,,,0,8,,1622148,12,,,0,49,,1622149,12,,,0,10,,1622150,12,,,0,9,,1622151,12,,,0,10,,1622152,12,,,0,8,,1622153,12,,,0,9,,1622154,12,,,0,49,,1622155,12,,,0,6,,1622156,12,,,0,7,,1622157,12,,,0,6,,1622158,12,,,0,8,,1622159,12,,,0,9,,1622160,12,,,0,7,,1622161,12,,,0,10,,1622162,12,,,0,50,,1622163,12,,,0,11,,1622164,12,,,0,11,,1622165,12,,,0,11,,1622166,12,,,0,11,,1622167,12,,,0,12,,1622168,12,,,0,50,,1622169,12,,,0,9,,1622170,12,,,0,10,,1622171,12,,,0,11,,1622172,12,,,0,10,,1622173,12,,,0,10,,1622174,12,,,0,50,,1622175,12,,,0,10,,1622176,12,,,0,10,,1622177,12,,,0,10,,1622178,12,,,0,10,,1622179,12,,,0,10,,1622180,12,,,0,50,,1622181,12,,,0,9,,1622182,12,,,0,10,,1622183,12,,,0,10,,1622184,12,,,0,10,,1622185,12,,,0,10,,1622186,12,,,0,50,,1622187,12,,,0,10,,1622188,12,,,0,10,,1622189,12,,,0,9,,1622190,12,,,0,10,,1622191,12,,,0,10,,1622192,12,,,0,50,,1622193,12,,,0,10,,1622194,12,,,0,9,,1622195,12,,,0,10,,1622196,12,,,0,9,,1622197,12,,,0,10,,1622198,12,,,0,51,,1622199,12,,,0,11,,1622200,12,,,0,9,,1622201,12,,,0,9,,1622202,12,,,0,5,,1622203,12,,,0,5,,1622204,12,,,0,4,,1622205,12,,,0,6,,1622206,12,,,0,46,,1622207,12,,,0,6,,1622208,12,,,0,7,,1622209,12,,,0,5,,1622210,12,,,0,7,,1622211,12,,,0,7,,1622212,12,,,0,7,,1622213,12,,,0,4,,1622214,12,,,0,5,,1622215,12,,,0,7,,1622216,12,,,0,48,,1622217,12,,,0,7,,1622218,12,,,0,6,,1622219,12,,,0,8,,1622220,12,,,0,8,,1622221,12,,,0,5,,1622222,12,,,0,10,,1622223,12,,,0,10,,1622224,12,,,0,48,,1622225,12,,,0,8,,1622226,12,,,0,6,,1622227,12,,,0,8,,1622228,12,,,0,8,,1622229,12,,,0,8,,1622230,12,,,0,10,,1622231,12,,,0,49,,1622232,12,,,0,11,,1622233,12,,,0,10,,1622234,12,,,0,10,,1622235,12,,,0,10,,1622236,12,,,0,13,,1622237,12,,,0,50,,1622238,12,,,0,11,,1622239,12,,,0,11,,1622240,12,,,0,10,,1622241,12,,,0,10,,1622242,12,,,0,10,,1622243,12,,,0,50,,1622244,12,,,0,10,,1622245,12,,,0,10,,1622246,12,,,0,10,,1622247,12,,,0,10,,1622248,12,,,0,10,,1622249,12,,,0,50,,1622250,12,,,0,10,,1622251,12,,,0,10,,1622252,12,,,0,10,,1622253,12,,,0,10,,1622254,12,,,0,51,,1622255,12,,,0,11,,1622256,12,,,0,12,,1622257,12,,,0,11,,1622258,12,,,0,9,,1622259,12,,,0,11,,1622260,12,,,0,50,,1622261,12,,,0,10,,1622262,12,,,0,10,,1622263,12,,,0,10,,1622264,12,,,0,10,,1622265,12,,,0,10,,1622266,12,,,0,50,,1622267,12,,,0,10,,1622268,12,,,0,10,,1622269,12,,,0,10,,1622270,12,,,0,10,,1622271,12,,,0,10,,1622272,12,,,0,50,,1622273,12,,,0,10,,1622274,12,,,0,9,,1622275,12,,,0
80502,'20261010',536,,1644302,12,,,0,10,,1644303,12,,,0,10,,1644304,12,,,0,49,,1644305,12,,,0,10,,1644306,12,,,0,9,,1644307,12,,,0,10,,1644308,12,,,0,9,,1644309,12,,,0,11,,1644310,12,,,0,49,,1644311,12,,,0,8,,1644312,12,,,0,10,,1644313,12,,,0,9,,1644314,12,,,0,10,,1644315,12,,,0,10,,1644316,12,,,0,50,,1644317,12,,,0,9,,1644318,12,,,0,10,,1644319,12,,,0,10,,1644320,12,,,0,9,,1644321,12,,,0,9,,1644322,12,,,0,11,,1644323,12,,,0,50,,1644324,12,,,0,10,,1644325,12,,,0,10,,1644326,12,,,0,10,,1644327,12,,,0,11,,1644328,12,,,0,10,,1644329,12,,,0,50,,1644330,12,,,0,10,,1644331,12,,,0,10,,1644332,12,,,0,10,,1644333,12,,,0,10,,1644334,12,,,0,10,,1644335,12,,,0,50,,1644336,12,,,0,10,,1644337,12,,,0,10,,1644338,12,,,0,10,,1644339,12,,,0,10,,1644340,12,,,0,10,,1644341,12,,,0,50,,1644342,12,,,0,10,,1644343,12,,,0,10,,1644344,12,,,0,10,,1644345,12,,,0,10,,1644346,12,,,0,10,,1644347,12,,,0,49,,1644348,12,,,0,10,,1644349,12,,,0,8,,1644350,12,,,0,10,,1644351,12,,,0,10,,1644352,12,,,0,10,,1644353,12,,,0,49,,1644354,12,,,0,10,,1644355,12,,,0,10,,1644356,12,,,0,10,,1644357,12,,,0,9,,1644358,12,,,0,9,,1644359,12,,,0,50,,1644360,12,,,0,10,,1644361,12,,,0,10,,1644362,12,,,0,10,,1644363,12,,,0,10,,1644364,12,,,0,10,,1644365,12,,,0,50,,1644366,12,,,0,10,,1644367,12,,,0,10,,1644368,12,,,0,10,,1644369,12,,,0,12,,1644370,12,,,0,10,,1644371,12,,,0,50,,1644372,12,,,0,11,,1644373,12,,,0,11,,1644374,12,,,0,9,,1644375,12,,,0,9,,1644376,12,,,0,10,,1644377,12,,,0,51,,1644378,12,,,0,10,,1644379,12,,,0,11,,1644380,12,,,0,10,,1644381,12,,,0,10,,1644382,12,,,0,11,,1644383,12,,,0,50,,1644384,12,,,0,10,,1644385,12,,,0,10,,1644386,12,,,0,10,,1644387,12,,,0,11,,1644388,12,,,0,10,,1644389,12,,,0,50,,1644390,12,,,0,11,,1644391,12,,,0,11,,1644392,12,,,0,10,,1644393,12,,,0,11,,1644394,12,,,0,50,,1644395,12,,,0,10,,1644396,12,,,0,10,,1644397,12,,,0,11,,1644398,12,,,0,10,,1644399,12,,,0,11,,1644400,12,,,0,49,,1644401,12,,,0,12,,1644402,12,,,0,10,,1644403,12,,,0,10,,1644404,12,,,0,10,,1644405,12,,,0,10,,1644406,12,,,0,50,,1644407,12,,,0,10,,1644408,12,,,0,10,,1644409,12,,,0,10,,1644410,12,,,0,10,,1644411,12,,,0,10,,1644412,12,,,0,50,,1644413,12,,,0,10,,1644414,12,,,0,11,,1644415,12,,,0,11,,1644416,12,,,0,10,,1644417,12,,,0,10,,1644418,12,,,0,50,,1644419,12,,,0
80502,'20261011',536,,1644420,12,,,0,10,,1644421,12,,,0,10,,1644422,12,,,0,49,,1644423,12,,,0,10,,1644424,12,,,0,9,,1644425,12,,,0,10,,1644426,12,,,0,9,,1644427,12,,,0,11,,1644428,12,,,0,49,,1644429,12,,,0,8,,1644430,12,,,0,10,,1644431,12,,,0,9,,1644432,12,,,0,10,,1644433,12,,,0,10,,1644434,12,,,0,50,,1644435,12,,,0,9,,1644436,12,,,0,10,,1644437,12,,,0,10,,1644438,12,,,0,9,,1644439,12,,,0,9,,1644440,12,,,0,11,,1644441,12,,,0,50,,1644442,12,,,0,10,,1644443,12,,,0,10,,1644444,12,,,0,10,,1644445,12,,,0,11,,1644446,12,,,0,10,,1644447,12,,,0,50,,1644448,12,,,0,10,,1644449,12,,,0,10,,1644450,12,,,0,10,,1644451,12,,,0,10,,1644452,12,,,0,10,,1644453,12,,,0,50,,1644454,12,,,0,10,,1644455,12,,,0,10,,1644456,12,,,0,10,,1644457,12,,,0,10,,1644458,12,,,0,10,,1644459,12,,,0,50,,1644460,12,,,0,10,,1644461,12,,,0,10,,1644462,12,,,0,10,,1644463,12,,,0,10,,1644464,12,,,0,10,,1644465,12,,,0,49,,1644466,12,,,0,10,,1644467,12,,,0,8,,1644468,12,,,0,10,,1644469,12,,,0,10,,1644470,12,,,0,10,,1644471,12,,,0,49,,1644472,12,,,0,10,,1644473,12,,,0,10,,1644474,12,,,0,10,,1644475,12,,,0,9,,1644476,12,,,0,9,,1644477,12,,,0,50,,1644478,12,,,0,10,,1644479,12,,,0,10,,1644480,12,,,0,10,,1644481,12,,,0,10,,1644482,12,,,0,10,,1644483,12,,,0,50,,1644484,12,,,0,10,,1644485,12,,,0,10,,1644486,12,,,0,10,,1644487,12,,,0,12,,1644488,12,,,0,10,,1644489,12,,,0,50,,1644490,12,,,0,11,,1644491,12,,,0,11,,1644492,12,,,0,9,,1644493,12,,,0,9,,1644494,12,,,0,10,,1644495,12,,,0,51,,1644496,12,,,0,10,,1644497,12,,,0,11,,1644498,12,,,0,10,,1644499,12,,,0,10,,1644500,12,,,0,11,,1644501,12,,,0,50,,1644502,12,,,0,10,,1644503,12,,,0,10,,1644504,12,,,0,10,,1644505,12,,,0,11,,1644506,12,,,0,10,,1644507,12,,,0,50,,1644508,12,,,0,11,,1644509,12,,,0,11,,1644510,12,,,0,10,,1644511,12,,,0,11,,1644512,12,,,0,50,,1644513,12,,,0,10,,1644514,12,,,0,10,,1644515,12,,,0,11,,1644516,12,,,0,10,,1644517,12,,,0,11,,1644518,12,,,0,49,,1644519,12,,,0,12,,1644520,12,,,0,10,,1644521,12,,,0,10,,1644522,12,,,0,10,,1644523,12,,,0,10,,1644524,12,,,0,50,,1644525,12,,,0,10,,1644526,12,,,0,10,,1644527,12,,,0,10,,1644528,12,,,0,10,,1644529,12,,,0,10,,1644530,12,,,0,50,,1644531,12,,,0,10,,1644532,12,,,0,11,,1644533,12,,,0,11,,1644534,12,,,0,10,,1644535,12,,,0,10,,1644536,12,,,0,50,,1644537,12,,,0
80502,'20261012',536,,1644538,12,,,0,10,,1644539,12,,,0,10,,1644540,12,,,0,49,,1644541,12,,,0,10,,1644542,12,,,0,9,,1644543,12,,,0,10,,1644544,12,,,0,9,,1644545,12,,,0,11,,1644546,12,,,0,49,,1644547,12,,,0,8,,1644548,12,,,0,10,,1644549,12,,,0,9,,1644550,12,,,0,10,,1644551,12,,,0,10,,1644552,12,,,0,50,,1644553,12,,,0,9,,1644554,12,,,0,10,,1644555,12,,,0,10,,1644556,12,,,0,9,,1644557,12,,,0,9,,1644558,12,,,0,11,,1644559,12,,,0,50,,1644560,12,,,0,10,,1644561,12,,,0,10,,1644562,12,,,0,10,,1644563,12,,,0,11,,1644564,12,,,0,10,,1644565,12,,,0,50,,1644566,12,,,0,10,,1644567,12,,,0,10,,1644568,12,,,0,10,,1644569,12,,,0,10,,1644570,12,,,0,10,,1644571,12,,,0,50,,1644572,12,,,0,10,,1644573,12,,,0,10,,1644574,12,,,0,10,,1644575,12,,,0,10,,1644576,12,,,0,10,,1644577,12,,,0,50,,1644578,12,,,0,10,,1644579,12,,,0,10,,1644580,12,,,0,10,,1644581,12,,,0,10,,1644582,12,,,0,10,,1644583,12,,,0,49,,1644584,12,,,0,10,,1644585,12,,,0,8,,1644586,12,,,0,10,,1644587,12,,,0,10,,1644588,12,,,0,10,,1644589,12,,,0,49,,1644590,12,,,0,10,,1644591,12,,,0,10,,1644592,12,,,0,10,,1644593,12,,,0,9,,1644594,12,,,0,9,,1644595,12,,,0,50,,1644596,12,,,0,10,,1644597,12,,,0,10,,1644598,12,,,0,10,,1644599,12,,,0,10,,1644600,12,,,0,10,,1644601,12,,,0,50,,1644602,12,,,0,10,,1644603,12,,,0,10,,1644604,12,,,0,10,,1644605,12,,,0,12,,1644606,12,,,0,10,,1644607,12,,,0,50,,1644608,12,,,0,11,,1644609,12,,,0,11,,1644610,12,,,0,9,,1644611,12,,,0,9,,1644612,12,,,0,10,,1644613,12,,,0,51,,1644614,12,,,0,10,,1644615,12,,,0,11,,1644616,12,,,0,10,,1644617,12,,,0,10,,1644618,12,,,0,11,,1644619,12,,,0,50,,1644620,12,,,0,10,,1644621,12,,,0,10,,1644622,12,,,0,10,,1644623,12,,,0,11,,1644624,12,,,0,10,,1644625,12,,,0,50,,1644626,12,,,0,11,,1644627,12,,,0,11,,1644628,12,,,0,10,,1644629,12,,,0,11,,1644630,12,,,0,50,,1644631,12,,,0,10,,1644632,12,,,0,10,,1644633,12,,,0,11,,1644634,12,,,0,10,,1644635,12,,,0,11,,1644636,12,,,0,49,,1644637,12,,,0,12,,1644638,12,,,0,10,,1644639,12,,,0,10,,1644640,12,,,0,10,,1644641,12,,,0,10,,1644642,12,,,0,50,,1644643,12,,,0,10,,1644644,12,,,0,10,,1644645,12,,,0,10,,1644646,12,,,0,10,,1644647,12,,,0,10,,1644648,12,,,0,50,,1644649,12,,,0,10,,1644650,12,,,0,11,,1644651,12,,,0,11,,1644652,12,,,0,10,,1644653,12,,,0,10,,1644654,12,,,0,50,,1644655,12,,,0
80502,'20261013',521,,1590551,12,,,0,10,,1590423,12,,,0,8,,1590424,12,,,0,9,,1590426,12,,,0,8,,1590427,12,,,0,49,,1590428,12,,,0,10,,1590554,12,,,0,9,,1590429,12,,,0,10,,1590430,12,,,0,8,,1590431,12,,,0,9,,1590425,12,,,0,49,,1590552,12,,,0,6,,1590553,12,,,0,7,,1590432,12,,,0,6,,1590433,12,,,0,8,,1590434,12,,,0,9,,1590436,12,,,0,7,,1590437,12,,,0,10,,1590438,12,,,0,50,,1590435,12,,,0,11,,1590439,12,,,0,11,,1590440,12,,,0,11,,1590441,12,,,0,11,,1590442,12,,,0,12,,1590530,12,,,0,50,,1590443,12,,,0,9,,1590444,12,,,0,10,,1590531,12,,,0,11,,1590445,12,,,0,10,,1590446,12,,,0,10,,1590532,12,,,0,50,,1590447,12,,,0,10,,1590448,12,,,0,10,,1590533,12,,,0,10,,1590449,12,,,0,10,,1590450,12,,,0,10,,1590534,12,,,0,50,,1590451,12,,,0,9,,1590452,12,,,0,10,,1590535,12,,,0,10,,1590454,12,,,0,10,,1590455,12,,,0,10,,1590456,12,,,0,50,,1590457,12,,,0,10,,1590536,12,,,0,10,,1590458,12,,,0,9,,1590459,12,,,0,10,,1590453,12,,,0,10,,1590460,12,,,0,50,,1590461,12,,,0,10,,1590462,12,,,0,9,,1590464,12,,,0,10,,1590463,12,,,0,9,,1590465,12,,,0,10,,1590466,12,,,0,51,,1590467,12,,,0,11,,1590468,12,,,0,9,,1590469,12,,,0,9,,1590470,12,,,0,5,,1590471,12,,,0,5,,1590472,12,,,0,4,,1590473,12,,,0,6,,1590474,12,,,0,46,,1590529,12,,,0,6,,1590475,12,,,0,7,,1590523,12,,,0,5,,1590476,12,,,0,7,,1590479,12,,,0,7,,1590480,12,,,0,7,,1590481,12,,,0,4,,1590482,12,,,0,5,,1590527,12,,,0,7,,1590478,12,,,0,48,,1590477,12,,,0,7,,1590484,12,,,0,6,,1590485,12,,,0,8,,1590486,12,,,0,8,,1590483,12,,,0,5,,1590487,12,,,0,10,,1590488,12,,,0,10,,1590489,12,,,0,48,,1590490,12,,,0,8,,1590491,12,,,0,6,,1590492,12,,,0,8,,1590493,12,,,0,8,,1590494,12,,,0,8,,1590495,12,,,0,10,,1590537,12,,,0,49,,1590496,12,,,0,11,,1590497,12,,,0,10,,1590498,12,,,0,10,,1590538,12,,,0,10,,1590500,12,,,0,13,,1590501,12,,,0,50,,1590539,12,,,0,11,,1590502,12,,,0,11,,1590540,12,,,0,10,,1590499,12,,,0,10,,1590503,12,,,0,10,,1590542,12,,,0,50,,1590504,12,,,0,10,,1590505,12,,,0,10,,1590506,12,,,0,10,,1590507,12,,,0,10,,1590508,12,,,0,10,,1590543,12,,,0,50,,1590509,12,,,0,10,,1590510,12,,,0,10,,1590544,12,,,0,10,,1590511,12,,,0,10,,1590513,12,,,0,51,,1590541,12,,,0,11,,1590514,12,,,0,12,,1590515,12,,,0,11,,1590545,12,,,0,9,,1590512,12,,,0,11,,1590516,12,,,0,50,,1590546,12,,,0,10,,1590517,12,,,0,10,,1590526,12,,,0,10,,1590547,12,,,0,10,,1590518,12,,,0,10,,1590519,12,,,0,50,,1590548,12,,,0,10,,1590524,12,,,0,10,,1590520,12,,,0,10,,1590549,12,,,0,10,,1590521,12,,,0,10,,1590522,12,,,0,50,,1590550,12,,,0,10,,1590525,12,,,0,9,,1590528,12,,,0
80502,'20261014',521,,1590683,12,,,0,10,,1590555,12,,,0,8,,1590556,12,,,0,9,,1590558,12,,,0,8,,1590559,12,,,0,49,,1590560,12,,,0,10,,1590686,12,,,0,9,,1590561,12,,,0,10,,1590562,12,,,0,8,,1590563,12,,,0,9,,1590557,12,,,0,49,,1590684,12,,,0,6,,1590685,12,,,0,7,,1590564,12,,,0,6,,1590565,12,,,0,8,,1590566,12,,,0,9,,1590568,12,,,0,7,,1590569,12,,,0,10,,1590570,12,,,0,50,,1590567,12,,,0,11,,1590571,12,,,0,11,,1590572,12,,,0,11,,1590573,12,,,0,11,,1590574,12,,,0,12,,1590662,12,,,0,50,,1590575,12,,,0,9,,1590576,12,,,0,10,,1590663,12,,,0,11,,1590577,12,,,0,10,,1590578,12,,,0,10,,1590664,12,,,0,50,,1590579,12,,,0,10,,1590580,12,,,0,10,,1590665,12,,,0,10,,1590581,12,,,0,10,,1590582,12,,,0,10,,1590666,12,,,0,50,,1590583,12,,,0,9,,1590584,12,,,0,10,,1590667,12,,,0,10,,1590586,12,,,0,10,,1590587,12,,,0,10,,1590588,12,,,0,50,,1590589,12,,,0,10,,1590668,12,,,0,10,,1590590,12,,,0,9,,1590591,12,,,0,10,,1590585,12,,,0,10,,1590592,12,,,0,50,,1590593,12,,,0,10,,1590594,12,,,0,9,,1590596,12,,,0,10,,1590595,12,,,0,9,,1590597,12,,,0,10,,1590598,12,,,0,51,,1590599,12,,,0,11,,1590600,12,,,0,9,,1590601,12,,,0,9,,1590602,12,,,0,5,,1590603,12,,,0,5,,1590604,12,,,0,4,,1590605,12,,,0,6,,1590606,12,,,0,46,,1590661,12,,,0,6,,1590607,12,,,0,7,,1590655,12,,,0,5,,1590608,12,,,0,7,,1590611,12,,,0,7,,1590612,12,,,0,7,,1590613,12,,,0,4,,1590614,12,,,0,5,,1590659,12,,,0,7,,1590610,12,,,0,48,,1590609,12,,,0,7,,1590616,12,,,0,6,,1590617,12,,,0,8,,1590618,12,,,0,8,,1590615,12,,,0,5,,1590619,12,,,0,10,,1590620,12,,,0,10,,1590621,12,,,0,48,,1590622,12,,,0,8,,1590623,12,,,0,6,,1590624,12,,,0,8,,1590625,12,,,0,8,,1590626,12,,,0,8,,1590627,12,,,0,10,,1590669,12,,,0,49,,1590628,12,,,0,11,,1590629,12,,,0,10,,1590630,12,,,0,10,,1590670,12,,,0,10,,1590632,12,,,0,13,,1590633,12,,,0,50,,1590671,12,,,0,11,,1590634,12,,,0,11,,1590672,12,,,0,10,,1590631,12,,,0,10,,1590635,12,,,0,10,,1590674,12,,,0,50,,1590636,12,,,0,10,,1590637,12,,,0,10,,1590638,12,,,0,10,,1590639,12,,,0,10,,1590640,12,,,0,10,,1590675,12,,,0,50,,1590641,12,,,0,10,,1590642,12,,,0,10,,1590676,12,,,0,10,,1590643,12,,,0,10,,1590645,12,,,0,51,,1590673,12,,,0,11,,1590646,12,,,0,12,,1590647,12,,,0,11,,1590677,12,,,0,9,,1590644,12,,,0,11,,1590648,12,,,0,50,,1590678,12,,,0,10,,1590649,12,,,0,10,,1590658,12,,,0,10,,1590679,12,,,0,10,,1590650,12,,,0,10,,1590651,12,,,0,50,,1590680,12,,,0,10,,1590656,12,,,0,10,,1590652,12,,,0,10,,1590681,12,,,0,10,,1590653,12,,,0,10,,1590654,12,,,0,50,,1590682,12,,,0,10,,1590657,12,,,0,9,,1590660,12,,,0
80502,'20261015',521,,1590815,12,,,0,10,,1590687,12,,,0,8,,1590688,12,,,0,9,,1590690,12,,,0,8,,1590691,12,,,0,49,,1590692,12,,,0,10,,1590818,12,,,0,9,,1590693,12,,,0,10,,1590694,12,,,0,8,,1590695,12,,,0,9,,1590689,12,,,0,49,,1590816,12,,,0,6,,1590817,12,,,0,7,,1590696,12,,,0,6,,1590697,12,,,0,8,,1590698,12,,,0,9,,1590700,12,,,0,7,,1590701,12,,,0,10,,1590702,12,,,0,50,,1590699,12,,,0,11,,1590703,12,,,0,11,,1590704,12,,,0,11,,1590705,12,,,0,11,,1590706,12,,,0,12,,1590794,12,,,0,50,,1590707,12,,,0,9,,1590708,12,,,0,10,,1590795,12,,,0,11,,1590709,12,,,0,10,,1590710,12,,,0,10,,1590796,12,,,0,50,,1590711,12,,,0,10,,1590712,12,,,0,10,,1590797,12,,,0,10,,1590713,12,,,0,10,,1590714,12,,,0,10,,1590798,12,,,0,50,,1590715,12,,,0,9,,1590716,12,,,0,10,,1590799,12,,,0,10,,1590718,12,,,0,10,,1590719,12,,,0,10,,1590720,12,,,0,50,,1590721,12,,,0,10,,1590800,12,,,0,10,,1590722,12,,,0,9,,1590723,12,,,0,10,,1590717,12,,,0,10,,1590724,12,,,0,50,,1590725,12,,,0,10,,1590726,12,,,0,9,,1590728,12,,,0,10,,1590727,12,,,0,9,,1590729,12,,,0,10,,1590730,12,,,0,51,,1590731,12,,,0,11,,1590732,12,,,0,9,,1590733,12,,,0,9,,1590734,12,,,0,5,,1590735,12,,,0,5,,1590736,12,,,0,4,,1590737,12,,,0,6,,1590738,12,,,0,46,,1590793,12,,,0,6,,1590739,12,,,0,7,,1590787,12,,,0,5,,1590740,12,,,0,7,,1590743,12,,,0,7,,1590744,12,,,0,7,,1590745,12,,,0,4,,1590746,12,,,0,5,,1590791,12,,,0,7,,1590742,12,,,0,48,,1590741,12,,,0,7,,1590748,12,,,0,6,,1590749,12,,,0,8,,1590750,12,,,0,8,,1590747,12,,,0,5,,1590751,12,,,0,10,,1590752,12,,,0,10,,1590753,12,,,0,48,,1590754,12,,,0,8,,1590755,12,,,0,6,,1590756,12,,,0,8,,1590757,12,,,0,8,,1590758,12,,,0,8,,1590759,12,,,0,10,,1590801,12,,,0,49,,1590760,12,,,0,11,,1590761,12,,,0,10,,1590762,12,,,0,10,,1590802,12,,,0,10,,1590764,12,,,0,13,,1590765,12,,,0,50,,1590803,12,,,0,11,,1590766,12,,,0,11,,1590804,12,,,0,10,,1590763,12,,,0,10,,1590767,12,,,0,10,,1590806,12,,,0,50,,1590768,12,,,0,10,,1590769,12,,,0,10,,1590770,12,,,0,10,,1590771,12,,,0,10,,1590772,12,,,0,10,,1590807,12,,,0,50,,1590773,12,,,0,10,,1590774,12,,,0,10,,1590808,12,,,0,10,,1590775,12,,,0,10,,1590777,12,,,0,51,,1590805,12,,,0,11,,1590778,12,,,0,12,,1590779,12,,,0,11,,1590809,12,,,0,9,,1590776,12,,,0,11,,1590780,12,,,0,50,,1590810,12,,,0,10,,1590781,12,,,0,10,,1590790,12,,,0,10,,1590811,12,,,0,10,,1590782,12,,,0,10,,1590783,12,,,0,50,,1590812,12,,,0,10,,1590788,12,,,0,10,,1590784,12,,,0,10,,1590813,12,,,0,10,,1590785,12,,,0,10,,1590786,12,,,0,50,,1590814,12,,,0,10,,1590789,12,,,0,9,,1590792,12,,,0
80502,'20261016',521,,1590947,12,,,0,10,,1590819,12,,,0,8,,1590820,12,,,0,9,,1590822,12,,,0,8,,1590823,12,,,0,49,,1590824,12,,,0,10,,1590950,12,,,0,9,,1590825,12,,,0,10,,1590826,12,,,0,8,,1590827,12,,,0,9,,1590821,12,,,0,49,,1590948,12,,,0,6,,1590949,12,,,0,7,,1590828,12,,,0,6,,1590829,12,,,0,8,,1590830,12,,,0,9,,1590832,12,,,0,7,,1590833,12,,,0,10,,1590834,12,,,0,50,,1590831,12,,,0,11,,1590835,12,,,0,11,,1590836,12,,,0,11,,1590837,12,,,0,11,,1590838,12,,,0,12,,1590926,12,,,0,50,,1590839,12,,,0,9,,1590840,12,,,0,10,,1590927,12,,,0,11,,1590841,12,,,0,10,,1590842,12,,,0,10,,1590928,12,,,0,50,,1590843,12,,,0,10,,1590844,12,,,0,10,,1590929,12,,,0,10,,1590845,12,,,0,10,,1590846,12,,,0,10,,1590930,12,,,0,50,,1590847,12,,,0,9,,1590848,12,,,0,10,,1590931,12,,,0,10,,1590850,12,,,0,10,,1590851,12,,,0,10,,1590852,12,,,0,50,,1590853,12,,,0,10,,1590932,12,,,0,10,,1590854,12,,,0,9,,1590855,12,,,0,10,,1590849,12,,,0,10,,1590856,12,,,0,50,,1590857,12,,,0,10,,1590858,12,,,0,9,,1590860,12,,,0,10,,1590859,12,,,0,9,,1590861,12,,,0,10,,1590862,12,,,0,51,,1590863,12,,,0,11,,1590864,12,,,0,9,,1590865,12,,,0,9,,1590866,12,,,0,5,,1590867,12,,,0,5,,1590868,12,,,0,4,,1590869,12,,,0,6,,1590870,12,,,0,46,,1590925,12,,,0,6,,1590871,12,,,0,7,,1590919,12,,,0,5,,1590872,12,,,0,7,,1590875,12,,,0,7,,1590876,12,,,0,7,,1590877,12,,,0,4,,1590878,12,,,0,5,,1590923,12,,,0,7,,1590874,12,,,0,48,,1590873,12,,,0,7,,1590880,12,,,0,6,,1590881,12,,,0,8,,1590882,12,,,0,8,,1590879,12,,,0,5,,1590883,12,,,0,10,,1590884,12,,,0,10,,1590885,12,,,0,48,,1590886,12,,,0,8,,1590887,12,,,0,6,,1590888,12,,,0,8,,1590889,12,,,0,8,,1590890,12,,,0,8,,1590891,12,,,0,10,,1590933,12,,,0,49,,1590892,12,,,0,11,,1590893,12,,,0,10,,1590894,12,,,0,10,,1590934,12,,,0,10,,1590896,12,,,0,13,,1590897,12,,,0,50,,1590935,12,,,0,11,,1590898,12,,,0,11,,1590936,12,,,0,10,,1590895,12,,,0,10,,1590899,12,,,0,10,,1590938,12,,,0,50,,1590900,12,,,0,10,,1590901,12,,,0,10,,1590902,12,,,0,10,,1590903,12,,,0,10,,1590904,12,,,0,10,,1590939,12,,,0,50,,1590905,12,,,0,10,,1590906,12,,,0,10,,1590940,12,,,0,10,,1590907,12,,,0,10,,1590909,12,,,0,51,,1590937,12,,,0,11,,1590910,12,,,0,12,,1590911,12,,,0,11,,1590941,12,,,0,9,,1590908,12,,,0,11,,1590912,12,,,0,50,,1590942,12,,,0,10,,1590913,12,,,0,10,,1590922,12,,,0,10,,1590943,12,,,0,10,,1590914,12,,,0,10,,1590915,12,,,0,50,,1590944,12,,,0,10,,1590920,12,,,0,10,,1590916,12,,,0,10,,1590945,12,,,0,10,,1590917,12,,,0,10,,1590918,12,,,0,50,,1590946,12,,,0,10,,1590921,12,,,0,9,,1590924,12,,,0
80502,'20261017',536,,1622392,12,,,0,10,,1622276,12,,,0,10,,1622369,12,,,0,49,,1622277,12,,,0,10,,1622363,12,,,0,9,,1622370,12,,,0,10,,1622278,12,,,0,9,,1622279,12,,,0,11,,1622371,12,,,0,49,,1622393,12,,,0,8,,1622280,12,,,0,10,,1622364,12,,,0,9,,1622372,12,,,0,10,,1622281,12,,,0,10,,1622282,12,,,0,50,,1622283,12,,,0,9,,1622284,12,,,0,10,,1622365,12,,,0,10,,1622373,12,,,0,9,,1622285,12,,,0,9,,1622286,12,,,0,11,,1622287,12,,,0,50,,1622288,12,,,0,10,,1622289,12,,,0,10,,1622374,12,,,0,10,,1622290,12,,,0,11,,1622291,12,,,0,10,,1622292,12,,,0,50,,1622293,12,,,0,10,,1622294,12,,,0,10,,1622375,12,,,0,10,,1622295,12,,,0,10,,1622296,12,,,0,10,,1622297,12,,,0,50,,1622298,12,,,0,10,,1622299,12,,,0,10,,1622376,12,,,0,10,,1622300,12,,,0,10,,1622301,12,,,0,10,,1622302,12,,,0,50,,1622304,12,,,0,10,,1622305,12,,,0,10,,1622377,12,,,0,10,,1622306,12,,,0,10,,1622303,12,,,0,10,,1622307,12,,,0,49,,1622308,12,,,0,10,,1622309,12,,,0,8,,1622378,12,,,0,10,,1622310,12,,,0,10,,1622311,12,,,0,10,,1622312,12,,,0,49,,1622313,12,,,0,10,,1622314,12,,,0,10,,1622315,12,,,0,10,,1622316,12,,,0,9,,1622317,12,,,0,9,,1622318,12,,,0,50,,1622319,12,,,0,10,,1622320,12,,,0,10,,1622321,12,,,0,10,,1622322,12,,,0,10,,1622323,12,,,0,10,,1622324,12,,,0,50,,1622325,12,,,0,10,,1622326,12,,,0,10,,1622327,12,,,0,10,,1622328,12,,,0,12,,1622368,12,,,0,10,,1622329,12,,,0,50,,1622330,12,,,0,11,,1622331,12,,,0,11,,1622332,12,,,0,9,,1622334,12,,,0,9,,1622335,12,,,0,10,,1622336,12,,,0,51,,1622367,12,,,0,10,,1622337,12,,,0,11,,1622338,12,,,0,10,,1622339,12,,,0,10,,1622379,12,,,0,11,,1622333,12,,,0,50,,1622340,12,,,0,10,,1622380,12,,,0,10,,1622341,12,,,0,10,,1622342,12,,,0,11,,1622381,12,,,0,10,,1622343,12,,,0,50,,1622344,12,,,0,11,,1622382,12,,,0,11,,1622345,12,,,0,10,,1622346,12,,,0,11,,1622383,12,,,0,50,,1622347,12,,,0,10,,1622348,12,,,0,10,,1622384,12,,,0,11,,1622349,12,,,0,10,,1622366,12,,,0,11,,1622385,12,,,0,49,,1622350,12,,,0,12,,1622351,12,,,0,10,,1622386,12,,,0,10,,1622352,12,,,0,10,,1622353,12,,,0,10,,1622387,12,,,0,50,,1622354,12,,,0,10,,1622355,12,,,0,10,,1622388,12,,,0,10,,1622356,12,,,0,10,,1622357,12,,,0,10,,1622389,12,,,0,50,,1622358,12,,,0,10,,1622359,12,,,0,11,,1622390,12,,,0,11,,1622362,12,,,0,10,,1622360,12,,,0,10,,1622391,12,,,0,50,,1622361,12,,,0
80502,'20261018',536,,1622511,12,,,0,10,,1622479,12,,,0,10,,1622487,12,,,0,49,,1622478,12,,,0,10,,1622480,12,,,0,9,,1622488,12,,,0,10,,1622477,12,,,0,9,,1622476,12,,,0,11,,1622489,12,,,0,49,,1622474,12,,,0,8,,1622473,12,,,0,10,,1622475,12,,,0,9,,1622490,12,,,0,10,,1622471,12,,,0,10,,1622459,12,,,0,50,,1622458,12,,,0,9,,1622463,12,,,0,10,,1622462,12,,,0,10,,1622491,12,,,0,9,,1622451,12,,,0,9,,1622454,12,,,0,11,,1622452,12,,,0,50,,1622466,12,,,0,10,,1622465,12,,,0,10,,1622492,12,,,0,10,,1622467,12,,,0,11,,1622450,12,,,0,10,,1622456,12,,,0,50,,1622472,12,,,0,10,,1622461,12,,,0,10,,1622493,12,,,0,10,,1622453,12,,,0,10,,1622457,12,,,0,10,,1622455,12,,,0,50,,1622469,12,,,0,10,,1622464,12,,,0,10,,1622494,12,,,0,10,,1622468,12,,,0,10,,1622470,12,,,0,10,,1622460,12,,,0,50,,1622443,12,,,0,10,,1622440,12,,,0,10,,1622495,12,,,0,10,,1622434,12,,,0,10,,1622442,12,,,0,10,,1622446,12,,,0,49,,1622439,12,,,0,10,,1622437,12,,,0,8,,1622496,12,,,0,10,,1622445,12,,,0,10,,1622435,12,,,0,10,,1622441,12,,,0,49,,1622438,12,,,0,10,,1622448,12,,,0,10,,1622449,12,,,0,10,,1622433,12,,,0,9,,1622436,12,,,0,9,,1622432,12,,,0,50,,1622444,12,,,0,10,,1622447,12,,,0,10,,1622425,12,,,0,10,,1622420,12,,,0,10,,1622424,12,,,0,10,,1622429,12,,,0,50,,1622419,12,,,0,10,,1622422,12,,,0,10,,1622418,12,,,0,10,,1622417,12,,,0,12,,1622416,12,,,0,10,,1622485,12,,,0,50,,1622428,12,,,0,11,,1622431,12,,,0,11,,1622430,12,,,0,9,,1622427,12,,,0,9,,1622421,12,,,0,10,,1622426,12,,,0,51,,1622423,12,,,0,10,,1622414,12,,,0,11,,1622481,12,,,0,10,,1622408,12,,,0,10,,1622497,12,,,0,11,,1622406,12,,,0,50,,1622415,12,,,0,10,,1622498,12,,,0,10,,1622405,12,,,0,10,,1622499,12,,,0,11,,1622412,12,,,0,10,,1622413,12,,,0,50,,1622500,12,,,0,11,,1622410,12,,,0,11,,1622407,12,,,0,10,,1622501,12,,,0,11,,1622409,12,,,0,50,,1622411,12,,,0,10,,1622502,12,,,0,10,,1622404,12,,,0,11,,1622403,12,,,0,10,,1622503,12,,,0,11,,1622400,12,,,0,49,,1622398,12,,,0,12,,1622504,12,,,0,10,,1622395,12,,,0,10,,1622484,12,,,0,10,,1622505,12,,,0,10,,1622396,12,,,0,50,,1622394,12,,,0,10,,1622507,12,,,0,10,,1622402,12,,,0,10,,1622397,12,,,0,10,,1622508,12,,,0,10,,1622399,12,,,0,50,,1622401,12,,,0,10,,1622509,12,,,0,11,,1622483,12,,,0,11,,1622482,12,,,0,10,,1622506,12,,,0,10,,1622486,12,,,0,50,,1622510,12,,,0
80502,'20261019',521,,1622640,12,,,0,10,,1622512,12,,,0,8,,1622513,12,,,0,9,,1622515,12,,,0,8,,1622516,12,,,0,49,,1622517,12,,,0,10,,1622643,12,,,0,9,,1622518,12,,,0,10,,1622519,12,,,0,8,,1622520,12,,,0,9,,1622514,12,,,0,49,,1622641,12,,,0,6,,1622642,12,,,0,7,,1622521,12,,,0,6,,1622522,12,,,0,8,,1622523,12,,,0,9,,1622525,12,,,0,7,,1622526,12,,,0,10,,1622527,12,,,0,50,,1622524,12,,,0,11,,1622528,12,,,0,11,,1622529,12,,,0,11,,1622530,12,,,0,11,,1622531,12,,,0,12,,1622619,12,,,0,50,,1622532,12,,,0,9,,1622533,12,,,0,10,,1622620,12,,,0,11,,1622534,12,,,0,10,,1622535,12,,,0,10,,1622621,12,,,0,50,,1622536,12,,,0,10,,1622537,12,,,0,10,,1622622,12,,,0,10,,1622538,12,,,0,10,,1622539,12,,,0,10,,1622623,12,,,0,50,,1622540,12,,,0,9,,1622541,12,,,0,10,,1622624,12,,,0,10,,1622543,12,,,0,10,,1622544,12,,,0,10,,1622545,12,,,0,50,,1622546,12,,,0,10,,1622625,12,,,0,10,,1622547,12,,,0,9,,1622548,12,,,0,10,,1622542,12,,,0,10,,1622549,12,,,0,50,,1622550,12,,,0,10,,1622551,12,,,0,9,,1622553,12,,,0,10,,1622552,12,,,0,9,,1622554,12,,,0,10,,1622555,12,,,0,51,,1622556,12,,,0,11,,1622557,12,,,0,9,,1622558,12,,,0,9,,1622559,12,,,0,5,,1622560,12,,,0,5,,1622561,12,,,0,4,,1622562,12,,,0,6,,1622563,12,,,0,46,,1622618,12,,,0,6,,1622564,12,,,0,7,,1622612,12,,,0,5,,1622565,12,,,0,7,,1622568,12,,,0,7,,1622569,12,,,0,7,,1622570,12,,,0,4,,1622571,12,,,0,5,,1622616,12,,,0,7,,1622567,12,,,0,48,,1622566,12,,,0,7,,1622573,12,,,0,6,,1622574,12,,,0,8,,1622575,12,,,0,8,,1622572,12,,,0,5,,1622576,12,,,0,10,,1622577,12,,,0,10,,1622578,12,,,0,48,,1622579,12,,,0,8,,1622580,12,,,0,6,,1622581,12,,,0,8,,1622582,12,,,0,8,,1622583,12,,,0,8,,1622584,12,,,0,10,,1622626,12,,,0,49,,1622585,12,,,0,11,,1622586,12,,,0,10,,1622587,12,,,0,10,,1622627,12,,,0,10,,1622589,12,,,0,13,,1622590,12,,,0,50,,1622628,12,,,0,11,,1622591,12,,,0,11,,1622629,12,,,0,10,,1622588,12,,,0,10,,1622592,12,,,0,10,,1622631,12,,,0,50,,1622593,12,,,0,10,,1622594,12,,,0,10,,1622595,12,,,0,10,,1622596,12,,,0,10,,1622597,12,,,0,10,,1622632,12,,,0,50,,1622598,12,,,0,10,,1622599,12,,,0,10,,1622633,12,,,0,10,,1622600,12,,,0,10,,1622602,12,,,0,51,,1622630,12,,,0,11,,1622603,12,,,0,12,,1622604,12,,,0,11,,1622634,12,,,0,9,,1622601,12,,,0,11,,1622605,12,,,0,50,,1622635,12,,,0,10,,1622606,12,,,0,10,,1622615,12,,,0,10,,1622636,12,,,0,10,,1622607,12,,,0,10,,1622608,12,,,0,50,,1622637,12,,,0,10,,1622613,12,,,0,10,,1622609,12,,,0,10,,1622638,12,,,0,10,,1622610,12,,,0,10,,1622611,12,,,0,50,,1622639,12,,,0,10,,1622614,12,,,0,9,,1622617,12,,,0
80502,'20261020',521,,1622772,12,,,0,10,,1622644,12,,,0,8,,1622645,12,,,0,9,,1622647,12,,,0,8,,1622648,12,,,0,49,,1622649,12,,,0,10,,1622775,12,,,0,9,,1622650,12,,,0,10,,1622651,12,,,0,8,,1622652,12,,,0,9,,1622646,12,,,0,49,,1622773,12,,,0,6,,1622774,12,,,0,7,,1622653,12,,,0,6,,1622654,12,,,0,8,,1622655,12,,,0,9,,1622657,12,,,0,7,,1622658,12,,,0,10,,1622659,12,,,0,50,,1622656,12,,,0,11,,1622660,12,,,0,11,,1622661,12,,,0,11,,1622662,12,,,0,11,,1622663,12,,,0,12,,1622751,12,,,0,50,,1622664,12,,,0,9,,1622665,12,,,0,10,,1622752,12,,,0,11,,1622666,12,,,0,10,,1622667,12,,,0,10,,1622753,12,,,0,50,,1622668,12,,,0,10,,1622669,12,,,0,10,,1622754,12,,,0,10,,1622670,12,,,0,10,,1622671,12,,,0,10,,1622755,12,,,0,50,,1622672,12,,,0,9,,1622673,12,,,0,10,,1622756,12,,,0,10,,1622675,12,,,0,10,,1622676,12,,,0,10,,1622677,12,,,0,50,,1622678,12,,,0,10,,1622757,12,,,0,10,,1622679,12,,,0,9,,1622680,12,,,0,10,,1622674,12,,,0,10,,1622681,12,,,0,50,,1622682,12,,,0,10,,1622683,12,,,0,9,,1622685,12,,,0,10,,1622684,12,,,0,9,,1622686,12,,,0,10,,1622687,12,,,0,51,,1622688,12,,,0,11,,1622689,12,,,0,9,,1622690,12,,,0,9,,1622691,12,,,0,5,,1622692,12,,,0,5,,1622693,12,,,0,4,,1622694,12,,,0,6,,1622695,12,,,0,46,,1622750,12,,,0,6,,1622696,12,,,0,7,,1622744,12,,,0,5,,1622697,12,,,0,7,,1622700,12,,,0,7,,1622701,12,,,0,7,,1622702,12,,,0,4,,1622703,12,,,0,5,,1622748,12,,,0,7,,1622699,12,,,0,48,,1622698,12,,,0,7,,1622705,12,,,0,6,,1622706,12,,,0,8,,1622707,12,,,0,8,,1622704,12,,,0,5,,1622708,12,,,0,10,,1622709,12,,,0,10,,1622710,12,,,0,48,,1622711,12,,,0,8,,1622712,12,,,0,6,,1622713,12,,,0,8,,1622714,12,,,0,8,,1622715,12,,,0,8,,1622716,12,,,0,10,,1622758,12,,,0,49,,1622717,12,,,0,11,,1622718,12,,,0,10,,1622719,12,,,0,10,,1622759,12,,,0,10,,1622721,12,,,0,13,,1622722,12,,,0,50,,1622760,12,,,0,11,,1622723,12,,,0,11,,1622761,12,,,0,10,,1622720,12,,,0,10,,1622724,12,,,0,10,,1622763,12,,,0,50,,1622725,12,,,0,10,,1622726,12,,,0,10,,1622727,12,,,0,10,,1622728,12,,,0,10,,1622729,12,,,0,10,,1622764,12,,,0,50,,1622730,12,,,0,10,,1622731,12,,,0,10,,1622765,12,,,0,10,,1622732,12,,,0,10,,1622734,12,,,0,51,,1622762,12,,,0,11,,1622735,12,,,0,12,,1622736,12,,,0,11,,1622766,12,,,0,9,,1622733,12,,,0,11,,1622737,12,,,0,50,,1622767,12,,,0,10,,1622738,12,,,0,10,,1622747,12,,,0,10,,1622768,12,,,0,10,,1622739,12,,,0,10,,1622740,12,,,0,50,,1622769,12,,,0,10,,1622745,12,,,0,10,,1622741,12,,,0,10,,1622770,12,,,0,10,,1622742,12,,,0,10,,1622743,12,,,0,50,,1622771,12,,,0,10,,1622746,12,,,0,9,,1622749,12,,,0
80502,'20261021',521,,1644784,12,,,0,10,,1644656,12,,,0,8,,1644657,12,,,0,9,,1644659,12,,,0,8,,1644660,12,,,0,49,,1644661,12,,,0,10,,1644787,12,,,0,9,,1644662,12,,,0,10,,1644663,12,,,0,8,,1644664,12,,,0,9,,1644658,12,,,0,49,,1644785,12,,,0,6,,1644786,12,,,0,7,,1644665,12,,,0,6,,1644666,12,,,0,8,,1644667,12,,,0,9,,1644669,12,,,0,7,,1644670,12,,,0,10,,1644671,12,,,0,50,,1644668,12,,,0,11,,1644672,12,,,0,11,,1644673,12,,,0,11,,1644674,12,,,0,11,,1644675,12,,,0,12,,1644763,12,,,0,50,,1644676,12,,,0,9,,1644677,12,,,0,10,,1644764,12,,,0,11,,1644678,12,,,0,10,,1644679,12,,,0,10,,1644765,12,,,0,50,,1644680,12,,,0,10,,1644681,12,,,0,10,,1644766,12,,,0,10,,1644682,12,,,0,10,,1644683,12,,,0,10,,1644767,12,,,0,50,,1644684,12,,,0,9,,1644685,12,,,0,10,,1644768,12,,,0,10,,1644687,12,,,0,10,,1644688,12,,,0,10,,1644689,12,,,0,50,,1644690,12,,,0,10,,1644769,12,,,0,10,,1644691,12,,,0,9,,1644692,12,,,0,10,,1644686,12,,,0,10,,1644693,12,,,0,50,,1644694,12,,,0,10,,1644695,12,,,0,9,,1644697,12,,,0,10,,1644696,12,,,0,9,,1644698,12,,,0,10,,1644699,12,,,0,51,,1644700,12,,,0,11,,1644701,12,,,0,9,,1644702,12,,,0,9,,1644703,12,,,0,5,,1644704,12,,,0,5,,1644705,12,,,0,4,,1644706,12,,,0,6,,1644707,12,,,0,46,,1644762,12,,,0,6,,1644708,12,,,0,7,,1644756,12,,,0,5,,1644709,12,,,0,7,,1644712,12,,,0,7,,1644713,12,,,0,7,,1644714,12,,,0,4,,1644715,12,,,0,5,,1644760,12,,,0,7,,1644711,12,,,0,48,,1644710,12,,,0,7,,1644717,12,,,0,6,,1644718,12,,,0,8,,1644719,12,,,0,8,,1644716,12,,,0,5,,1644720,12,,,0,10,,1644721,12,,,0,10,,1644722,12,,,0,48,,1644723,12,,,0,8,,1644724,12,,,0,6,,1644725,12,,,0,8,,1644726,12,,,0,8,,1644727,12,,,0,8,,1644728,12,,,0,10,,1644770,12,,,0,49,,1644729,12,,,0,11,,1644730,12,,,0,10,,1644731,12,,,0,10,,1644771,12,,,0,10,,1644733,12,,,0,13,,1644734,12,,,0,50,,1644772,12,,,0,11,,1644735,12,,,0,11,,1644773,12,,,0,10,,1644732,12,,,0,10,,1644736,12,,,0,10,,1644775,12,,,0,50,,1644737,12,,,0,10,,1644738,12,,,0,10,,1644739,12,,,0,10,,1644740,12,,,0,10,,1644741,12,,,0,10,,1644776,12,,,0,50,,1644742,12,,,0,10,,1644743,12,,,0,10,,1644777,12,,,0,10,,1644744,12,,,0,10,,1644746,12,,,0,51,,1644774,12,,,0,11,,1644747,12,,,0,12,,1644748,12,,,0,11,,1644778,12,,,0,9,,1644745,12,,,0,11,,1644749,12,,,0,50,,1644779,12,,,0,10,,1644750,12,,,0,10,,1644759,12,,,0,10,,1644780,12,,,0,10,,1644751,12,,,0,10,,1644752,12,,,0,50,,1644781,12,,,0,10,,1644757,12,,,0,10,,1644753,12,,,0,10,,1644782,12,,,0,10,,1644754,12,,,0,10,,1644755,12,,,0,50,,1644783,12,,,0,10,,1644758,12,,,0,9,,1644761,12,,,0
80502,'20261022',521,,1644916,12,,,0,10,,1644788,12,,,0,8,,1644789,12,,,0,9,,1644791,12,,,0,8,,1644792,12,,,0,49,,1644793,12,,,0,10,,1644919,12,,,0,9,,1644794,12,,,0,10,,1644795,12,,,0,8,,1644796,12,,,0,9,,1644790,12,,,0,49,,1644917,12,,,0,6,,1644918,12,,,0,7,,1644797,12,,,0,6,,1644798,12,,,0,8,,1644799,12,,,0,9,,1644801,12,,,0,7,,1644802,12,,,0,10,,1644803,12,,,0,50,,1644800,12,,,0,11,,1644804,12,,,0,11,,1644805,12,,,0,11,,1644806,12,,,0,11,,1644807,12,,,0,12,,1644895,12,,,0,50,,1644808,12,,,0,9,,1644809,12,,,0,10,,1644896,12,,,0,11,,1644810,12,,,0,10,,1644811,12,,,0,10,,1644897,12,,,0,50,,1644812,12,,,0,10,,1644813,12,,,0,10,,1644898,12,,,0,10,,1644814,12,,,0,10,,1644815,12,,,0,10,,1644899,12,,,0,50,,1644816,12,,,0,9,,1644817,12,,,0,10,,1644900,12,,,0,10,,1644819,12,,,0,10,,1644820,12,,,0,10,,1644821,12,,,0,50,,1644822,12,,,0,10,,1644901,12,,,0,10,,1644823,12,,,0,9,,1644824,12,,,0,10,,1644818,12,,,0,10,,1644825,12,,,0,50,,1644826,12,,,0,10,,1644827,12,,,0,9,,1644829,12,,,0,10,,1644828,12,,,0,9,,1644830,12,,,0,10,,1644831,12,,,0,51,,1644832,12,,,0,11,,1644833,12,,,0,9,,1644834,12,,,0,9,,1644835,12,,,0,5,,1644836,12,,,0,5,,1644837,12,,,0,4,,1644838,12,,,0,6,,1644839,12,,,0,46,,1644894,12,,,0,6,,1644840,12,,,0,7,,1644888,12,,,0,5,,1644841,12,,,0,7,,1644844,12,,,0,7,,1644845,12,,,0,7,,1644846,12,,,0,4,,1644847,12,,,0,5,,1644892,12,,,0,7,,1644843,12,,,0,48,,1644842,12,,,0,7,,1644849,12,,,0,6,,1644850,12,,,0,8,,1644851,12,,,0,8,,1644848,12,,,0,5,,1644852,12,,,0,10,,1644853,12,,,0,10,,1644854,12,,,0,48,,1644855,12,,,0,8,,1644856,12,,,0,6,,1644857,12,,,0,8,,1644858,12,,,0,8,,1644859,12,,,0,8,,1644860,12,,,0,10,,1644902,12,,,0,49,,1644861,12,,,0,11,,1644862,12,,,0,10,,1644863,12,,,0,10,,1644903,12,,,0,10,,1644865,12,,,0,13,,1644866,12,,,0,50,,1644904,12,,,0,11,,1644867,12,,,0,11,,1644905,12,,,0,10,,1644864,12,,,0,10,,1644868,12,,,0,10,,1644907,12,,,0,50,,1644869,12,,,0,10,,1644870,12,,,0,10,,1644871,12,,,0,10,,1644872,12,,,0,10,,1644873,12,,,0,10,,1644908,12,,,0,50,,1644874,12,,,0,10,,1644875,12,,,0,10,,1644909,12,,,0,10,,1644876,12,,,0,10,,1644878,12,,,0,51,,1644906,12,,,0,11,,1644879,12,,,0,12,,1644880,12,,,0,11,,1644910,12,,,0,9,,1644877,12,,,0,11,,1644881,12,,,0,50,,1644911,12,,,0,10,,1644882,12,,,0,10,,1644891,12,,,0,10,,1644912,12,,,0,10,,1644883,12,,,0,10,,1644884,12,,,0,50,,1644913,12,,,0,10,,1644889,12,,,0,10,,1644885,12,,,0,10,,1644914,12,,,0,10,,1644886,12,,,0,10,,1644887,12,,,0,50,,1644915,12,,,0,10,,1644890,12,,,0,9,,1644893,12,,,0
80502,'20261023',521,,1645048,12,,,0,10,,1644920,12,,,0,8,,1644921,12,,,0,9,,1644923,12,,,0,8,,1644924,12,,,0,49,,1644925,12,,,0,10,,1645051,12,,,0,9,,1644926,12,,,0,10,,1644927,12,,,0,8,,1644928,12,,,0,9,,1644922,12,,,0,49,,1645049,12,,,0,6,,1645050,12,,,0,7,,1644929,12,,,0,6,,1644930,12,,,0,8,,1644931,12,,,0,9,,1644933,12,,,0,7,,1644934,12,,,0,10,,1644935,12,,,0,50,,1644932,12,,,0,11,,1644936,12,,,0,11,,1644937,12,,,0,11,,1644938,12,,,0,11,,1644939,12,,,0,12,,1645027,12,,,0,50,,1644940,12,,,0,9,,1644941,12,,,0,10,,1645028,12,,,0,11,,1644942,12,,,0,10,,1644943,12,,,0,10,,1645029,12,,,0,50,,1644944,12,,,0,10,,1644945,12,,,0,10,,1645030,12,,,0,10,,1644946,12,,,0,10,,1644947,12,,,0,10,,1645031,12,,,0,50,,1644948,12,,,0,9,,1644949,12,,,0,10,,1645032,12,,,0,10,,1644951,12,,,0,10,,1644952,12,,,0,10,,1644953,12,,,0,50,,1644954,12,,,0,10,,1645033,12,,,0,10,,1644955,12,,,0,9,,1644956,12,,,0,10,,1644950,12,,,0,10,,1644957,12,,,0,50,,1644958,12,,,0,10,,1644959,12,,,0,9,,1644961,12,,,0,10,,1644960,12,,,0,9,,1644962,12,,,0,10,,1644963,12,,,0,51,,1644964,12,,,0,11,,1644965,12,,,0,9,,1644966,12,,,0,9,,1644967,12,,,0,5,,1644968,12,,,0,5,,1644969,12,,,0,4,,1644970,12,,,0,6,,1644971,12,,,0,46,,1645026,12,,,0,6,,1644972,12,,,0,7,,1645020,12,,,0,5,,1644973,12,,,0,7,,1644976,12,,,0,7,,1644977,12,,,0,7,,1644978,12,,,0,4,,1644979,12,,,0,5,,1645024,12,,,0,7,,1644975,12,,,0,48,,1644974,12,,,0,7,,1644981,12,,,0,6,,1644982,12,,,0,8,,1644983,12,,,0,8,,1644980,12,,,0,5,,1644984,12,,,0,10,,1644985,12,,,0,10,,1644986,12,,,0,48,,1644987,12,,,0,8,,1644988,12,,,0,6,,1644989,12,,,0,8,,1644990,12,,,0,8,,1644991,12,,,0,8,,1644992,12,,,0,10,,1645034,12,,,0,49,,1644993,12,,,0,11,,1644994,12,,,0,10,,1644995,12,,,0,10,,1645035,12,,,0,10,,1644997,12,,,0,13,,1644998,12,,,0,50,,1645036,12,,,0,11,,1644999,12,,,0,11,,1645037,12,,,0,10,,1644996,12,,,0,10,,1645000,12,,,0,10,,1645039,12,,,0,50,,1645001,12,,,0,10,,1645002,12,,,0,10,,1645003,12,,,0,10,,1645004,12,,,0,10,,1645005,12,,,0,10,,1645040,12,,,0,50,,1645006,12,,,0,10,,1645007,12,,,0,10,,1645041,12,,,0,10,,1645008,12,,,0,10,,1645010,12,,,0,51,,1645038,12,,,0,11,,1645011,12,,,0,12,,1645012,12,,,0,11,,1645042,12,,,0,9,,1645009,12,,,0,11,,1645013,12,,,0,50,,1645043,12,,,0,10,,1645014,12,,,0,10,,1645023,12,,,0,10,,1645044,12,,,0,10,,1645015,12,,,0,10,,1645016,12,,,0,50,,1645045,12,,,0,10,,1645021,12,,,0,10,,1645017,12,,,0,10,,1645046,12,,,0,10,,1645018,12,,,0,10,,1645019,12,,,0,50,,1645047,12,,,0,10,,1645022,12,,,0,9,,1645025,12,,,0
90400,'20261009',2532,,1625306,5,,,0
90400,'20261010',2532,,1646867,5,,,0
90400,'20261016',2532,,1593483,5,,,0
90400,'20261017',2532,,1625307,5,,,0
90400,'20261023',2532,,1646868,5,,,0
93100,'20261009',2638,,1625321,5,,,0
93100,'20261010',2638,,1646882,5,,,0
93100,'20261016',2638,,1593507,5,,,0
93100,'20261017',2638,,1625323,5,,,0
93100,'20261023',2638,,1646884,5,,,0
