9003,'20261002',1539,,1577751,3,,,0,69,,1577752,3,,,0,29,,1577753,3,,,0,2,,1577754,3,,,0,70,,1577755,3,,,0,30,,1577756,3,,,0
9003,'20261005',1539,,1577757,3,,,0,69,,1577758,3,,,0,29,,1577759,3,,,0,2,,1577760,3,,,0,70,,1577761,3,,,0,30,,1577762,3,,,0
9003,'20261006',1539,,1524494,3,,,0,69,,1524495,3,,,0,29,,1524499,3,,,0,2,,1524496,3,,,0,70,,1524497,3,,,0,30,,1524498,3,,,0
9003,'20261007',1539,,1524500,3,,,0,69,,1524501,3,,,0,29,,1524505,3,,,0,2,,1524502,3,,,0,70,,1524503,3,,,0,30,,1524504,3,,,0
9003,'20261008',1539,,1524506,3,,,0,69,,1524507,3,,,0,29,,1524511,3,,,0,2,,1524508,3,,,0,70,,1524509,3,,,0,30,,1524510,3,,,0
9003,'20261009',1539,,1524512,3,,,0,69,,1524513,3,,,0,29,,1524517,3,,,0,2,,1524514,3,,,0,70,,1524515,3,,,0,30,,1524516,3,,,0
9003,'20261013',1539,,1577763,3,,,0,69,,1577764,3,,,0,29,,1577768,3,,,0,2,,1577765,3,,,0,70,,1577766,3,,,0,30,,1577767,3,,,0
9003,'20261014',1539,,1577769,3,,,0,69,,1577770,3,,,0,29,,1577774,3,,,0,2,,1577771,3,,,0,70,,1577772,3,,,0,30,,1577773,3,,,0
9003,'20261015',1539,,1577775,3,,,0,69,,1577776,3,,,0,29,,1577780,3,,,0,2,,1577777,3,,,0,70,,1577778,3,,,0,30,,1577779,3,,,0
9003,'20261016',1539,,1577781,3,,,0,69,,1577782,3,,,0,29,,1577786,3,,,0,2,,1577783,3,,,0,70,,1577784,3,,,0,30,,1577785,3,,,0
9600,'20261002',631,,1579251,3,,,0,100,,1579252,3,,,0,102,,1579253,3,,,0,100,,1579254,3,,,0,100,,1579255,3,,,0,99,,1579256,3,,,0,100,,1579257,3,,,0,100,,1579258,3,,,0,99,,1579259,3,,,0,98,,1579260,3,,,0,27,,1579261,3,,,0,78,,1579262,3,,,0,67,,1579263,3,,,0,31,,1579264,3,,,0,100,,1579265,3,,,0,100,,1579266,3,,,0,100,,1579267,3,,,0,101,,1579268,3,,,0,100,,1579269,3,,,0
9600,'20261003',700,,1579270,3,,,0,100,,1579271,3,,,0,100,,1579272,3,,,0,59,,1579273,3,,,0,100,,1579274,3,,,0,96,,1579275,3,,,0,100,,1579276,3,,,0,148,,1579277,3,,,0,56,,1579278,3,,,0,96,,1579279,3,,,0,150,,1579280,3,,,0,95,,1579281,3,,,0,100,,1579282,3,,,0,100,,1579283,3,,,0,100,,1579284,3,,,0,100,,1579285,3,,,0
9600,'20261004',700,,1579286,3,,,0,100,,1579287,3,,,0,100,,1579288,3,,,0,59,,1579289,3,,,0,100,,1579290,3,,,0,96,,1579291,3,,,0,100,,1579292,3,,,0,148,,1579293,3,,,0,56,,1579294,3,,,0,96,,1579295,3,,,0,150,,1579296,3,,,0,95,,1579297,3,,,0,100,,1579298,3,,,0,100,,1579299,3,,,0,100,,1579300,3,,,0,100,,1579301,3,,,0
9600,'20261005',631,,1579302,3,,,0,100,,1579303,3,,,0,102,,1579304,3,,,0,100,,1579305,3,,,0,100,,1579306,3,,,0,99,,1579307,3,,,0,100,,1579308,3,,,0,100,,1579309,3,,,0,99,,1579310,3,,,0,98,,1579311,3,,,0,27,,1579312,3,,,0,78,,1579313,3,,,0,67,,1579314,3,,,0,31,,1579315,3,,,0,100,,1579316,3,,,0,100,,1579317,3,,,0,100,,1579318,3,,,0,101,,1579319,3,,,0,100,,1579320,3,,,0
9600,'20261006',631,,1526049,3,,,0,100,,1526050,3,,,0,102,,1526051,3,,,0,100,,1526052,3,,,0,100,,1526053,3,,,0,99,,1526054,3,,,0,100,,1526055,3,,,0,100,,1526056,3,,,0,99,,1526057,3,,,0,98,,1526058,3,,,0,27,,1526059,3,,,0,78,,1526060,3,,,0,67,,1526061,3,,,0,31,,1526067,3,,,0,100,,1526062,3,,,0,100,,1526063,3,,,0,100,,1526064,3,,,0,101,,1526065,3,,,0,100,,1526066,3,,,0
9600,'20261007',631,,1526068,3,,,0,100,,1526069,3,,,0,102,,1526070,3,,,0,100,,1526071,3,,,0,100,,1526072,3,,,0,99,,1526073,3,,,0,100,,1526074,3,,,0,100,,1526075,3,,,0,99,,1526076,3,,,0,98,,1526077,3,,,0,27,,1526078,3,,,0,78,,1526079,3,,,0,67,,1526080,3,,,0,31,,1526086,3,,,0,100,,1526081,3,,,0,100,,1526082,3,,,0,100,,1526083,3,,,0,101,,1526084,3,,,0,100,,1526085,3,,,0
9600,'20261008',631,,1526087,3,,,0,100,,1526088,3,,,0,102,,1526089,3,,,0,100,,1526090,3,,,0,100,,1526091,3,,,0,99,,1526092,3,,,0,100,,1526093,3,,,0,100,,1526094,3,,,0,99,,1526095,3,,,0,98,,1526096,3,,,0,27,,1526097,3,,,0,78,,1526098,3,,,0,67,,1526099,3,,,0,31,,1526105,3,,,0,100,,1526100,3,,,0,100,,1526101,3,,,0,100,,1526102,3,,,0,101,,1526103,3,,,0,100,,1526104,3,,,0
9600,'20261009',631,,1526106,3,,,0,100,,1526107,3,,,0,102,,1526108,3,,,0,100,,1526109,3,,,0,100,,1526110,3,,,0,99,,1526111,3,,,0,100,,1526112,3,,,0,100,,1526113,3,,,0,99,,1526114,3,,,0,98,,1526115,3,,,0,27,,1526116,3,,,0,78,,1526117,3,,,0,67,,1526118,3,,,0,31,,1526124,3,,,0,100,,1526119,3,,,0,100,,1526120,3,,,0,100,,1526121,3,,,0,101,,1526122,3,,,0,100,,1526123,3,,,0
9600,'20261010',700,,1552418,3,,,0,100,,1552403,3,,,0,100,,1552404,3,,,0,59,,1552405,3,,,0,100,,1552406,3,,,0,96,,1552407,3,,,0,100,,1552408,3,,,0,148,,1552409,3,,,0,56,,1552410,3,,,0,96,,1552411,3,,,0,150,,1552412,3,,,0,95,,1552413,3,,,0,100,,1552414,3,,,0,100,,1552415,3,,,0,100,,1552416,3,,,0,100,,1552417,3,,,0
9600,'20261011',700,,1552419,3,,,0,100,,1552420,3,,,0,100,,1552421,3,,,0,59,,1552422,3,,,0,100,,1552423,3,,,0,96,,1552424,3,,,0,100,,1552425,3,,,0,148,,1552426,3,,,0,56,,1552427,3,,,0,96,,1552428,3,,,0,150,,1552429,3,,,0,95,,1552430,3,,,0,100,,1552431,3,,,0,100,,1552432,3,,,0,100,,1552433,3,,,0,100,,1552434,3,,,0
9600,'20261012',700,,1552435,3,,,0,100,,1552436,3,,,0,100,,1552437,3,,,0,59,,1552438,3,,,0,100,,1552439,3,,,0,96,,1552440,3,,,0,100,,1552441,3,,,0,148,,1552442,3,,,0,56,,1552443,3,,,0,96,,1552444,3,,,0,150,,1552445,3,,,0,95,,1552446,3,,,0,100,,1552447,3,,,0,100,,1552448,3,,,0,100,,1552449,3,,,0,100,,1552450,3,,,0
9600,'20261013',631,,1579321,3,,,0,100,,1579322,3,,,0,102,,1579323,3,,,0,100,,1579324,3,,,0,100,,1579325,3,,,0,99,,1579326,3,,,0,100,,1579327,3,,,0,100,,1579328,3,,,0,99,,1579329,3,,,0,98,,1579330,3,,,0,27,,1579331,3,,,0,78,,1579332,3,,,0,67,,1579333,3,,,0,31,,1579339,3,,,0,100,,1579334,3,,,0,100,,1579335,3,,,0,100,,1579336,3,,,0,101,,1579337,3,,,0,100,,1579338,3,,,0
9600,'20261014',631,,1579340,3,,,0,100,,1579341,3,,,0,102,,1579342,3,,,0,100,,1579343,3,,,0,100,,1579344,3,,,0,99,,1579345,3,,,0,100,,1579346,3,,,0,100,,1579347,3,,,0,99,,1579348,3,,,0,98,,1579349,3,,,0,27,,1579350,3,,,0,78,,1579351,3,,,0,67,,1579352,3,,,0,31,,1579358,3,,,0,100,,1579353,3,,,0,100,,1579354,3,,,0,100,,1579355,3,,,0,101,,1579356,3,,,0,100,,1579357,3,,,0
9600,'20261015',631,,1579359,3,,,0,100,,1579360,3,,,0,102,,1579361,3,,,0,100,,1579362,3,,,0,100,,1579363,3,,,0,99,,1579364,3,,,0,100,,1579365,3,,,0,100,,1579366,3,,,0,99,,1579367,3,,,0,98,,1579368,3,,,0,27,,1579369,3,,,0,78,,1579370,3,,,0,67,,1579371,3,,,0,31,,1579377,3,,,0,100,,1579372,3,,,0,100,,1579373,3,,,0,100,,1579374,3,,,0,101,,1579375,3,,,0,100,,1579376,3,,,0
9600,'20261016',631,,1579378,3,,,0,100,,1579379,3,,,0,102,,1579380,3,,,0,100,,1579381,3,,,0,100,,1579382,3,,,0,99,,1579383,3,,,0,100,,1579384,3,,,0,100,,1579385,3,,,0,99,,1579386,3,,,0,98,,1579387,3,,,0,27,,1579388,3,,,0,78,,1579389,3,,,0,67,,1579390,3,,,0,31,,1579396,3,,,0,100,,1579391,3,,,0,100,,1579392,3,,,0,100,,1579393,3,,,0,101,,1579394,3,,,0,100,,1579395,3,,,0
63001,'20261002',738,,1582846,13,4,,0,71,,1582847,13,4,,0,30,,1582848,13,4,,0
63001,'20261005',738,,1582853,13,4,,0,71,,1582854,13,4,,0,30,,1582855,13,4,,0
63001,'20261006',738,,1529584,13,4,,0,71,,1529585,13,4,,0,30,,1529586,13,4,,0
63001,'20261007',738,,1529591,13,4,,0,71,,1529592,13,4,,0,30,,1529593,13,4,,0
63001,'20261008',738,,1529598,13,4,,0,71,,1529599,13,4,,0,30,,1529600,13,4,,0
63001,'20261009',738,,1529605,13,4,,0,71,,1529606,13,4,,0,30,,1529607,13,4,,0
63001,'20261013',738,,1582860,13,4,,0,71,,1582861,13,4,,0,30,,1582862,13,4,,0
63001,'20261014',738,,1582867,13,4,,0,71,,1582868,13,4,,0,30,,1582869,13,4,,0
63001,'20261015',738,,1582874,13,4,,0,71,,1582875,13,4,,0,30,,1582876,13,4,,0
63001,'20261016',738,,1582881,13,4,,0,71,,1582882,13,4,,0,30,,1582883,13,4,,0
65001,'20261002',741,,1582906,11,4,,0,73,,1582907,11,4,,0,30,,1582908,11,4,,0
65001,'20261005',741,,1582909,11,4,,0,73,,1582910,11,4,,0,30,,1582911,11,4,,0
65001,'20261006',741,,1529636,11,4,,0,73,,1529637,11,4,,0,30,,1529638,11,4,,0
65001,'20261007',741,,1529639,11,4,,0,73,,1529640,11,4,,0,30,,1529641,11,4,,0
65001,'20261008',741,,1529642,11,4,,0,73,,1529643,11,4,,0,30,,1529644,11,4,,0
65001,'20261009',741,,1529645,11,4,,0,73,,1529646,11,4,,0,30,,1529647,11,4,,0
65001,'20261013',741,,1582912,11,4,,0,73,,1582913,11,4,,0,30,,1582914,11,4,,0
65001,'20261014',741,,1582915,11,4,,0,73,,1582916,11,4,,0,30,,1582917,11,4,,0
65001,'20261015',741,,1582918,11,4,,0,73,,1582919,11,4,,0,30,,1582920,11,4,,0
65001,'20261016',741,,1582921,11,4,,0,73,,1582922,11,4,,0,30,,1582923,11,4,,0
80502,'20261002',508,,1589922,1,,,0,10,,1589923,1,,,0,8,,1589924,1,,,0,9,,1589925,1,,,0,8,,1589926,1,,,0,9,,1589927,1,,,0,50,,1589928,1,,,0,9,,1589929,1,,,0,9,,1589930,1,,,0,8,,1589931,1,,,0,9,,1589932,1,,,0,8,,1589933,1,,,0,6,,1589934,1,,,0,7,,1589935,1,,,0,46,,1589936,1,,,0,7,,1589937,1,,,0,9,,1589938,1,,,0,6,,1589939,1,,,0,10,,1589940,1,,,0,10,,1589941,1,,,0,11,,1589942,1,,,0,51,,1589943,1,,,0,11,,1589944,1,,,0,11,,1589945,1,,,0,13,,1589946,1,,,0,11,,1589947,1,,,0,49,,1589948,1,,,0,10,,1589949,1,,,0,11,,1589950,1,,,0,10,,1589951,1,,,0,10,,1589952,1,,,0,10,,1589953,1,,,0,50,,1589954,1,,,0,10,,1589955,1,,,0,10,,1589956,1,,,0,10,,1589957,1,,,0,10,,1589958,1,,,0,10,,1589959,1,,,0,49,,1589960,1,,,0,9,,1589961,1,,,0,10,,1589962,1,,,0,10,,1589963,1,,,0,10,,1589964,1,,,0,10,,1589965,1,,,0,50,,1589966,1,,,0,10,,1589967,1,,,0,9,,1589968,1,,,0,10,,1589969,1,,,0,10,,1589970,1,,,0,10,,1589971,1,,,0,50,,1589972,1,,,0,9,,1589973,1,,,0,10,,1589974,1,,,0,9,,1589975,1,,,0,10,,1589976,1,,,0,11,,1589977,1,,,0,51,,1589978,1,,,0,9,,1589979,1,,,0,9,,1589980,1,,,0,5,,1589981,1,,,0,5,,1589982,1,,,0,4,,1589983,1,,,0,6,,1589984,1,,,0,6,,1589985,1,,,0,6,,1589986,1,,,0,7,,1589987,1,,,0,44,,1589988,1,,,0,7,,1589989,1,,,0,7,,1589990,1,,,0,7,,1589991,1,,,0,4,,1589992,1,,,0,5,,1589993,1,,,0,7,,1589994,1,,,0,8,,1589995,1,,,0,7,,1589996,1,,,0,46,,1589997,1,,,0,7,,1589998,1,,,0,8,,1589999,1,,,0,5,,1590000,1,,,0,10,,1590001,1,,,0,10,,1590002,1,,,0,8,,1590003,1,,,0,9,,1590004,1,,,0,46,,1590005,1,,,0,9,,1590006,1,,,0,8,,1590007,1,,,0,8,,1590008,1,,,0,10,,1590009,1,,,0,9,,1590010,1,,,0,12,,1590011,1,,,0,50,,1590012,1,,,0,10,,1590013,1,,,0,10,,1590014,1,,,0,13,,1590015,1,,,0,10,,1590016,1,,,0,51,,1590017,1,,,0,11,,1590018,1,,,0,10,,1590019,1,,,0,10,,1590020,1,,,0,10,,1590021,1,,,0,10,,1590022,1,,,0,50,,1590023,1,,,0,11,,1590024,1,,,0,10,,1590025,1,,,0,10,,1590026,1,,,0,10,,1590027,1,,,0,10,,1590028,1,,,0,50,,1590029,1,,,0,11,,1590030,1,,,0,10,,1590031,1,,,0,10,,1590032,1,,,0,11,,1590033,1,,,0,11,,1590034,1,,,0,52,,1590035,1,,,0,11,,1590036,1,,,0,9,,1590037,1,,,0,11,,1590038,1,,,0,10,,1590039,1,,,0,50,,1590040,1,,,0,10,,1590041,1,,,0,10,,1590042,1,,,0,10,,1590043,1,,,0,10,,1590044,1,,,0,10,,1590045,1,,,0,50,,1590046,1,,,0,10,,1590047,1,,,0,11,,1590048,1,,,0,10,,1590049,1,,,0,10,,1590050,1,,,0,10,,1590051,1,,,0,50,,1590052,1,,,0,9,,1590053,1,,,0
80502,'20261003',524,,1590054,1,,,0,10,,1590055,1,,,0,10,,1590056,1,,,0,9,,1590057,1,,,0,50,,1590058,1,,,0,9,,1590059,1,,,0,10,,1590060,1,,,0,9,,1590061,1,,,0,11,,1590062,1,,,0,9,,1590063,1,,,0,8,,1590064,1,,,0,50,,1590065,1,,,0,8,,1590066,1,,,0,10,,1590067,1,,,0,10,,1590068,1,,,0,10,,1590069,1,,,0,9,,1590070,1,,,0,50,,1590071,1,,,0,10,,1590072,1,,,0,9,,1590073,1,,,0,9,,1590074,1,,,0,11,,1590075,1,,,0,10,,1590076,1,,,0,49,,1590077,1,,,0,10,,1590078,1,,,0,10,,1590079,1,,,0,10,,1590080,1,,,0,10,,1590081,1,,,0,10,,1590082,1,,,0,50,,1590083,1,,,0,10,,1590084,1,,,0,10,,1590085,1,,,0,10,,1590086,1,,,0,10,,1590087,1,,,0,10,,1590088,1,,,0,50,,1590089,1,,,0,10,,1590090,1,,,0,9,,1590091,1,,,0,10,,1590092,1,,,0,10,,1590093,1,,,0,10,,1590094,1,,,0,50,,1590095,1,,,0,10,,1590096,1,,,0,10,,1590097,1,,,0,10,,1590098,1,,,0,10,,1590099,1,,,0,9,,1590100,1,,,0,50,,1590101,1,,,0,8,,1590102,1,,,0,10,,1590103,1,,,0,10,,1590104,1,,,0,10,,1590105,1,,,0,9,,1590106,1,,,0,10,,1590107,1,,,0,50,,1590108,1,,,0,10,,1590109,1,,,0,9,,1590110,1,,,0,9,,1590111,1,,,0,10,,1590112,1,,,0,10,,1590113,1,,,0,50,,1590114,1,,,0,10,,1590115,1,,,0,10,,1590116,1,,,0,10,,1590117,1,,,0,10,,1590118,1,,,0,10,,1590119,1,,,0,50,,1590120,1,,,0,10,,1590121,1,,,0,12,,1590122,1,,,0,10,,1590123,1,,,0,10,,1590124,1,,,0,51,,1590125,1,,,0,11,,1590126,1,,,0,9,,1590127,1,,,0,10,,1590128,1,,,0,10,,1590129,1,,,0,11,,1590130,1,,,0,50,,1590131,1,,,0,11,,1590132,1,,,0,10,,1590133,1,,,0,11,,1590134,1,,,0,11,,1590135,1,,,0,11,,1590136,1,,,0,50,,1590137,1,,,0,10,,1590138,1,,,0,10,,1590139,1,,,0,11,,1590140,1,,,0,10,,1590141,1,,,0,10,,1590142,1,,,0,51,,1590143,1,,,0,11,,1590144,1,,,0,10,,1590145,1,,,0,11,,1590146,1,,,0,10,,1590147,1,,,0,10,,1590148,1,,,0,50,,1590149,1,,,0,11,,1590150,1,,,0,10,,1590151,1,,,0,11,,1590152,1,,,0,9,,1590153,1,,,0,52,,1590154,1,,,0,10,,1590155,1,,,0,10,,1590156,1,,,0,10,,1590157,1,,,0,10,,1590158,1,,,0,10,,1590159,1,,,0,51,,1590160,1,,,0,10,,1590161,1,,,0,10,,1590162,1,,,0,10,,1590163,1,,,0,10,,1590164,1,,,0,10,,1590165,1,,,0,50,,1590166,1,,,0,11,,1590167,1,,,0,11,,1590168,1,,,0,10,,1590169,1,,,0,10,,1590170,1,,,0,10,,1590171,1,,,0
80502,'20261004',524,,1590172,1,,,0,10,,1590173,1,,,0,10,,1590174,1,,,0,9,,1590175,1,,,0,50,,1590176,1,,,0,9,,1590177,1,,,0,10,,1590178,1,,,0,9,,1590179,1,,,0,11,,1590180,1,,,0,9,,1590181,1,,,0,8,,1590182,1,,,0,50,,1590183,1,,,0,8,,1590184,1,,,0,10,,1590185,1,,,0,10,,1590186,1,,,0,10,,1590187,1,,,0,9,,1590188,1,,,0,50,,1590189,1,,,0,10,,1590190,1,,,0,9,,1590191,1,,,0,9,,1590192,1,,,0,11,,1590193,1,,,0,10,,1590194,1,,,0,49,,1590195,1,,,0,10,,1590196,1,,,0,10,,1590197,1,,,0,10,,1590198,1,,,0,10,,1590199,1,,,0,10,,1590200,1,,,0,50,,1590201,1,,,0,10,,1590202,1,,,0,10,,1590203,1,,,0,10,,1590204,1,,,0,10,,1590205,1,,,0,10,,1590206,1,,,0,50,,1590207,1,,,0,10,,1590208,1,,,0,9,,1590209,1,,,0,10,,1590210,1,,,0,10,,1590211,1,,,0,10,,1590212,1,,,0,50,,1590213,1,,,0,10,,1590214,1,,,0,10,,1590215,1,,,0,10,,1590216,1,,,0,10,,1590217,1,,,0,9,,1590218,1,,,0,50,,1590219,1,,,0,8,,1590220,1,,,0,10,,1590221,1,,,0,10,,1590222,1,,,0,10,,1590223,1,,,0,9,,1590224,1,,,0,10,,1590225,1,,,0,50,,1590226,1,,,0,10,,1590227,1,,,0,9,,1590228,1,,,0,9,,1590229,1,,,0,10,,1590230,1,,,0,10,,1590231,1,,,0,50,,1590232,1,,,0,10,,1590233,1,,,0,10,,1590234,1,,,0,10,,1590235,1,,,0,10,,1590236,1,,,0,10,,1590237,1,,,0,50,,1590238,1,,,0,10,,1590239,1,,,0,12,,1590240,1,,,0,10,,1590241,1,,,0,10,,1590242,1,,,0,51,,1590243,1,,,0,11,,1590244,1,,,0,9,,1590245,1,,,0,10,,1590246,1,,,0,10,,1590247,1,,,0,11,,1590248,1,,,0,50,,1590249,1,,,0,11,,1590250,1,,,0,10,,1590251,1,,,0,11,,1590252,1,,,0,11,,1590253,1,,,0,11,,1590254,1,,,0,50,,1590255,1,,,0,10,,1590256,1,,,0,10,,1590257,1,,,0,11,,1590258,1,,,0,10,,1590259,1,,,0,10,,1590260,1,,,0,51,,1590261,1,,,0,11,,1590262,1,,,0,10,,1590263,1,,,0,11,,1590264,1,,,0,10,,1590265,1,,,0,10,,1590266,1,,,0,50,,1590267,1,,,0,11,,1590268,1,,,0,10,,1590269,1,,,0,11,,1590270,1,,,0,9,,1590271,1,,,0,52,,1590272,1,,,0,10,,1590273,1,,,0,10,,1590274,1,,,0,10,,1590275,1,,,0,10,,1590276,1,,,0,10,,1590277,1,,,0,51,,1590278,1,,,0,10,,1590279,1,,,0,10,,1590280,1,,,0,10,,1590281,1,,,0,10,,1590282,1,,,0,10,,1590283,1,,,0,50,,1590284,1,,,0,11,,1590285,1,,,0,11,,1590286,1,,,0,10,,1590287,1,,,0,10,,1590288,1,,,0,10,,1590289,1,,,0
80502,'20261005',508,,1590291,1,,,0,10,,1590292,1,,,0,8,,1590293,1,,,0,9,,1590294,1,,,0,8,,1590295,1,,,0,9,,1590296,1,,,0,50,,1590297,1,,,0,9,,1590298,1,,,0,9,,1590299,1,,,0,8,,1590300,1,,,0,9,,1590301,1,,,0,8,,1590302,1,,,0,6,,1590303,1,,,0,7,,1590304,1,,,0,46,,1590305,1,,,0,7,,1590306,1,,,0,9,,1590307,1,,,0,6,,1590308,1,,,0,10,,1590309,1,,,0,10,,1590310,1,,,0,11,,1590311,1,,,0,51,,1590312,1,,,0,11,,1590313,1,,,0,11,,1590314,1,,,0,13,,1590315,1,,,0,11,,1590316,1,,,0,49,,1590317,1,,,0,10,,1590318,1,,,0,11,,1590319,1,,,0,10,,1590320,1,,,0,10,,1590321,1,,,0,10,,1590322,1,,,0,50,,1590323,1,,,0,10,,1590324,1,,,0,10,,1590325,1,,,0,10,,1590326,1,,,0,10,,1590327,1,,,0,10,,1590328,1,,,0,49,,1590329,1,,,0,9,,1590330,1,,,0,10,,1590331,1,,,0,10,,1590332,1,,,0,10,,1590333,1,,,0,10,,1590334,1,,,0,50,,1590335,1,,,0,10,,1590336,1,,,0,9,,1590337,1,,,0,10,,1590338,1,,,0,10,,1590339,1,,,0,10,,1590340,1,,,0,50,,1590341,1,,,0,9,,1590342,1,,,0,10,,1590343,1,,,0,9,,1590344,1,,,0,10,,1590345,1,,,0,11,,1590346,1,,,0,51,,1590347,1,,,0,9,,1590348,1,,,0,9,,1590349,1,,,0,5,,1590350,1,,,0,5,,1590351,1,,,0,4,,1590352,1,,,0,6,,1590353,1,,,0,6,,1590354,1,,,0,6,,1590355,1,,,0,7,,1590356,1,,,0,44,,1590357,1,,,0,7,,1590358,1,,,0,7,,1590359,1,,,0,7,,1590360,1,,,0,4,,1590361,1,,,0,5,,1590362,1,,,0,7,,1590363,1,,,0,8,,1590364,1,,,0,7,,1590365,1,,,0,46,,1590366,1,,,0,7,,1590367,1,,,0,8,,1590368,1,,,0,5,,1590369,1,,,0,10,,1590370,1,,,0,10,,1590371,1,,,0,8,,1590372,1,,,0,9,,1590373,1,,,0,46,,1590374,1,,,0,9,,1590375,1,,,0,8,,1590376,1,,,0,8,,1590377,1,,,0,10,,1590378,1,,,0,9,,1590379,1,,,0,12,,1590380,1,,,0,50,,1590381,1,,,0,10,,1590382,1,,,0,10,,1590383,1,,,0,13,,1590384,1,,,0,10,,1590385,1,,,0,51,,1590386,1,,,0,11,,1590387,1,,,0,10,,1590388,1,,,0,10,,1590389,1,,,0,10,,1590390,1,,,0,10,,1590391,1,,,0,50,,1590392,1,,,0,11,,1590393,1,,,0,10,,1590394,1,,,0,10,,1590395,1,,,0,10,,1590396,1,,,0,10,,1590397,1,,,0,50,,1590398,1,,,0,11,,1590399,1,,,0,10,,1590400,1,,,0,10,,1590401,1,,,0,11,,1590402,1,,,0,11,,1590403,1,,,0,52,,1590404,1,,,0,11,,1590405,1,,,0,9,,1590406,1,,,0,11,,1590407,1,,,0,10,,1590408,1,,,0,50,,1590409,1,,,0,10,,1590410,1,,,0,10,,1590411,1,,,0,10,,1590412,1,,,0,10,,1590413,1,,,0,10,,1590414,1,,,0,50,,1590415,1,,,0,10,,1590416,1,,,0,11,,1590417,1,,,0,10,,1590418,1,,,0,10,,1590419,1,,,0,10,,1590420,1,,,0,50,,1590421,1,,,0,9,,1590422,1,,,0
80502,'20261006',508,,1537264,1,,,0,10,,1537136,1,,,0,8,,1537137,1,,,0,9,,1537139,1,,,0,8,,1537140,1,,,0,9,,1537141,1,,,0,50,,1537267,1,,,0,9,,1537142,1,,,0,9,,1537143,1,,,0,8,,1537144,1,,,0,9,,1537138,1,,,0,8,,1537265,1,,,0,6,,1537266,1,,,0,7,,1537145,1,,,0,46,,1537146,1,,,0,7,,1537147,1,,,0,9,,1537149,1,,,0,6,,1537150,1,,,0,10,,1537151,1,,,0,10,,1537148,1,,,0,11,,1537152,1,,,0,51,,1537153,1,,,0,11,,1537154,1,,,0,11,,1537155,1,,,0,13,,1537243,1,,,0,11,,1537156,1,,,0,49,,1537157,1,,,0,10,,1537244,1,,,0,11,,1537158,1,,,0,10,,1537159,1,,,0,10,,1537245,1,,,0,10,,1537160,1,,,0,50,,1537161,1,,,0,10,,1537246,1,,,0,10,,1537162,1,,,0,10,,1537163,1,,,0,10,,1537247,1,,,0,10,,1537164,1,,,0,49,,1537165,1,,,0,9,,1537248,1,,,0,10,,1537167,1,,,0,10,,1537168,1,,,0,10,,1537169,1,,,0,10,,1537170,1,,,0,50,,1537249,1,,,0,10,,1537171,1,,,0,9,,1537172,1,,,0,10,,1537166,1,,,0,10,,1537173,1,,,0,10,,1537174,1,,,0,50,,1537175,1,,,0,9,,1537177,1,,,0,10,,1537176,1,,,0,9,,1537178,1,,,0,10,,1537179,1,,,0,11,,1537180,1,,,0,51,,1537181,1,,,0,9,,1537182,1,,,0,9,,1537183,1,,,0,5,,1537184,1,,,0,5,,1537185,1,,,0,4,,1537186,1,,,0,6,,1537187,1,,,0,6,,1537242,1,,,0,6,,1537188,1,,,0,7,,1537236,1,,,0,44,,1537189,1,,,0,7,,1537192,1,,,0,7,,1537193,1,,,0,7,,1537194,1,,,0,4,,1537195,1,,,0,5,,1537240,1,,,0,7,,1537191,1,,,0,8,,1537190,1,,,0,7,,1537197,1,,,0,46,,1537198,1,,,0,7,,1537199,1,,,0,8,,1537196,1,,,0,5,,1537200,1,,,0,10,,1537201,1,,,0,10,,1537202,1,,,0,8,,1537203,1,,,0,9,,1537204,1,,,0,46,,1537205,1,,,0,9,,1537206,1,,,0,8,,1537207,1,,,0,8,,1537208,1,,,0,10,,1537250,1,,,0,9,,1537209,1,,,0,12,,1537210,1,,,0,50,,1537211,1,,,0,10,,1537251,1,,,0,10,,1537213,1,,,0,13,,1537214,1,,,0,10,,1537252,1,,,0,51,,1537215,1,,,0,11,,1537253,1,,,0,10,,1537212,1,,,0,10,,1537216,1,,,0,10,,1537255,1,,,0,10,,1537217,1,,,0,50,,1537218,1,,,0,11,,1537219,1,,,0,10,,1537220,1,,,0,10,,1537221,1,,,0,10,,1537256,1,,,0,10,,1537222,1,,,0,50,,1537223,1,,,0,11,,1537257,1,,,0,10,,1537224,1,,,0,10,,1537226,1,,,0,11,,1537254,1,,,0,11,,1537227,1,,,0,52,,1537228,1,,,0,11,,1537258,1,,,0,9,,1537225,1,,,0,11,,1537229,1,,,0,10,,1537259,1,,,0,50,,1537230,1,,,0,10,,1537239,1,,,0,10,,1537260,1,,,0,10,,1537231,1,,,0,10,,1537232,1,,,0,10,,1537261,1,,,0,50,,1537237,1,,,0,10,,1537233,1,,,0,11,,1537262,1,,,0,10,,1537234,1,,,0,10,,1537235,1,,,0,10,,1537263,1,,,0,50,,1537238,1,,,0,9,,1537241,1,,,0
80502,'20261007',508,,1537396,1,,,0,10,,1537268,1,,,0,8,,1537269,1,,,0,9,,1537271,1,,,0,8,,1537272,1,,,0,9,,1537273,1,,,0,50,,1537399,1,,,0,9,,1537274,1,,,0,9,,1537275,1,,,0,8,,1537276,1,,,0,9,,1537270,1,,,0,8,,1537397,1,,,0,6,,1537398,1,,,0,7,,1537277,1,,,0,46,,1537278,1,,,0,7,,1537279,1,,,0,9,,1537281,1,,,0,6,,1537282,1,,,0,10,,1537283,1,,,0,10,,1537280,1,,,0,11,,1537284,1,,,0,51,,1537285,1,,,0,11,,1537286,1,,,0,11,,1537287,1,,,0,13,,1537375,1,,,0,11,,1537288,1,,,0,49,,1537289,1,,,0,10,,1537376,1,,,0,11,,1537290,1,,,0,10,,1537291,1,,,0,10,,1537377,1,,,0,10,,1537292,1,,,0,50,,1537293,1,,,0,10,,1537378,1,,,0,10,,1537294,1,,,0,10,,1537295,1,,,0,10,,1537379,1,,,0,10,,1537296,1,,,0,49,,1537297,1,,,0,9,,1537380,1,,,0,10,,1537299,1,,,0,10,,1537300,1,,,0,10,,1537301,1,,,0,10,,1537302,1,,,0,50,,1537381,1,,,0,10,,1537303,1,,,0,9,,1537304,1,,,0,10,,1537298,1,,,0,10,,1537305,1,,,0,10,,1537306,1,,,0,50,,1537307,1,,,0,9,,1537309,1,,,0,10,,1537308,1,,,0,9,,1537310,1,,,0,10,,1537311,1,,,0,11,,1537312,1,,,0,51,,1537313,1,,,0,9,,1537314,1,,,0,9,,1537315,1,,,0,5,,1537316,1,,,0,5,,1537317,1,,,0,4,,1537318,1,,,0,6,,1537319,1,,,0,6,,1537374,1,,,0,6,,1537320,1,,,0,7,,1537368,1,,,0,44,,1537321,1,,,0,7,,1537324,1,,,0,7,,1537325,1,,,0,7,,1537326,1,,,0,4,,1537327,1,,,0,5,,1537372,1,,,0,7,,1537323,1,,,0,8,,1537322,1,,,0,7,,1537329,1,,,0,46,,1537330,1,,,0,7,,1537331,1,,,0,8,,1537328,1,,,0,5,,1537332,1,,,0,10,,1537333,1,,,0,10,,1537334,1,,,0,8,,1537335,1,,,0,9,,1537336,1,,,0,46,,1537337,1,,,0,9,,1537338,1,,,0,8,,1537339,1,,,0,8,,1537340,1,,,0,10,,1537382,1,,,0,9,,1537341,1,,,0,12,,1537342,1,,,0,50,,1537343,1,,,0,10,,1537383,1,,,0,10,,1537345,1,,,0,13,,1537346,1,,,0,10,,1537384,1,,,0,51,,1537347,1,,,0,11,,1537385,1,,,0,10,,1537344,1,,,0,10,,1537348,1,,,0,10,,1537387,1,,,0,10,,1537349,1,,,0,50,,1537350,1,,,0,11,,1537351,1,,,0,10,,1537352,1,,,0,10,,1537353,1,,,0,10,,1537388,1,,,0,10,,1537354,1,,,0,50,,1537355,1,,,0,11,,1537389,1,,,0,10,,1537356,1,,,0,10,,1537358,1,,,0,11,,1537386,1,,,0,11,,1537359,1,,,0,52,,1537360,1,,,0,11,,1537390,1,,,0,9,,1537357,1,,,0,11,,1537361,1,,,0,10,,1537391,1,,,0,50,,1537362,1,,,0,10,,1537371,1,,,0,10,,1537392,1,,,0,10,,1537363,1,,,0,10,,1537364,1,,,0,10,,1537393,1,,,0,50,,1537369,1,,,0,10,,1537365,1,,,0,11,,1537394,1,,,0,10,,1537366,1,,,0,10,,1537367,1,,,0,10,,1537395,1,,,0,50,,1537370,1,,,0,9,,1537373,1,,,0
80502,'20261008',508,,1537528,1,,,0,10,,1537400,1,,,0,8,,1537401,1,,,0,9,,1537403,1,,,0,8,,1537404,1,,,0,9,,1537405,1,,,0,50,,1537531,1,,,0,9,,1537406,1,,,0,9,,1537407,1,,,0,8,,1537408,1,,,0,9,,1537402,1,,,0,8,,1537529,1,,,0,6,,1537530,1,,,0,7,,1537409,1,,,0,46,,1537410,1,,,0,7,,1537411,1,,,0,9,,1537413,1,,,0,6,,1537414,1,,,0,10,,1537415,1,,,0,10,,1537412,1,,,0,11,,1537416,1,,,0,51,,1537417,1,,,0,11,,1537418,1,,,0,11,,1537419,1,,,0,13,,1537507,1,,,0,11,,1537420,1,,,0,49,,1537421,1,,,0,10,,1537508,1,,,0,11,,1537422,1,,,0,10,,1537423,1,,,0,10,,1537509,1,,,0,10,,1537424,1,,,0,50,,1537425,1,,,0,10,,1537510,1,,,0,10,,1537426,1,,,0,10,,1537427,1,,,0,10,,1537511,1,,,0,10,,1537428,1,,,0,49,,1537429,1,,,0,9,,1537512,1,,,0,10,,1537431,1,,,0,10,,1537432,1,,,0,10,,1537433,1,,,0,10,,1537434,1,,,0,50,,1537513,1,,,0,10,,1537435,1,,,0,9,,1537436,1,,,0,10,,1537430,1,,,0,10,,1537437,1,,,0,10,,1537438,1,,,0,50,,1537439,1,,,0,9,,1537441,1,,,0,10,,1537440,1,,,0,9,,1537442,1,,,0,10,,1537443,1,,,0,11,,1537444,1,,,0,51,,1537445,1,,,0,9,,1537446,1,,,0,9,,1537447,1,,,0,5,,1537448,1,,,0,5,,1537449,1,,,0,4,,1537450,1,,,0,6,,1537451,1,,,0,6,,1537506,1,,,0,6,,1537452,1,,,0,7,,1537500,1,,,0,44,,1537453,1,,,0,7,,1537456,1,,,0,7,,1537457,1,,,0,7,,1537458,1,,,0,4,,1537459,1,,,0,5,,1537504,1,,,0,7,,1537455,1,,,0,8,,1537454,1,,,0,7,,1537461,1,,,0,46,,1537462,1,,,0,7,,1537463,1,,,0,8,,1537460,1,,,0,5,,1537464,1,,,0,10,,1537465,1,,,0,10,,1537466,1,,,0,8,,1537467,1,,,0,9,,1537468,1,,,0,46,,1537469,1,,,0,9,,1537470,1,,,0,8,,1537471,1,,,0,8,,1537472,1,,,0,10,,1537514,1,,,0,9,,1537473,1,,,0,12,,1537474,1,,,0,50,,1537475,1,,,0,10,,1537515,1,,,0,10,,1537477,1,,,0,13,,1537478,1,,,0,10,,1537516,1,,,0,51,,1537479,1,,,0,11,,1537517,1,,,0,10,,1537476,1,,,0,10,,1537480,1,,,0,10,,1537519,1,,,0,10,,1537481,1,,,0,50,,1537482,1,,,0,11,,1537483,1,,,0,10,,1537484,1,,,0,10,,1537485,1,,,0,10,,1537520,1,,,0,10,,1537486,1,,,0,50,,1537487,1,,,0,11,,1537521,1,,,0,10,,1537488,1,,,0,10,,1537490,1,,,0,11,,1537518,1,,,0,11,,1537491,1,,,0,52,,1537492,1,,,0,11,,1537522,1,,,0,9,,1537489,1,,,0,11,,1537493,1,,,0,10,,1537523,1,,,0,50,,1537494,1,,,0,10,,1537503,1,,,0,10,,1537524,1,,,0,10,,1537495,1,,,0,10,,1537496,1,,,0,10,,1537525,1,,,0,50,,1537501,1,,,0,10,,1537497,1,,,0,11,,1537526,1,,,0,10,,1537498,1,,,0,10,,1537499,1,,,0,10,,1537527,1,,,0,50,,1537502,1,,,0,9,,1537505,1,,,0
80502,'20261009',508,,1537660,1,,,0,10,,1537532,1,,,0,8,,1537533,1,,,0,9,,1537535,1,,,0,8,,1537536,1,,,0,9,,1537537,1,,,0,50,,1537663,1,,,0,9,,1537538,1,,,0,9,,1537539,1,,,0,8,,1537540,1,,,0,9,,1537534,1,,,0,8,,1537661,1,,,0,6,,1537662,1,,,0,7,,1537541,1,,,0,46,,1537542,1,,,0,7,,1537543,1,,,0,9,,1537545,1,,,0,6,,1537546,1,,,0,10,,1537547,1,,,0,10,,1537544,1,,,0,11,,1537548,1,,,0,51,,1537549,1,,,0,11,,1537550,1,,,0,11,,1537551,1,,,0,13,,1537639,1,,,0,11,,1537552,1,,,0,49,,1537553,1,,,0,10,,1537640,1,,,0,11,,1537554,1,,,0,10,,1537555,1,,,0,10,,1537641,1,,,0,10,,1537556,1,,,0,50,,1537557,1,,,0,10,,1537642,1,,,0,10,,1537558,1,,,0,10,,1537559,1,,,0,10,,1537643,1,,,0,10,,1537560,1,,,0,49,,1537561,1,,,0,9,,1537644,1,,,0,10,,1537563,1,,,0,10,,1537564,1,,,0,10,,1537565,1,,,0,10,,1537566,1,,,0,50,,1537645,1,,,0,10,,1537567,1,,,0,9,,1537568,1,,,0,10,,1537562,1,,,0,10,,1537569,1,,,0,10,,1537570,1,,,0,50,,1537571,1,,,0,9,,1537573,1,,,0,10,,1537572,1,,,0,9,,1537574,1,,,0,10,,1537575,1,,,0,11,,1537576,1,,,0,51,,1537577,1,,,0,9,,1537578,1,,,0,9,,1537579,1,,,0,5,,1537580,1,,,0,5,,1537581,1,,,0,4,,1537582,1,,,0,6,,1537583,1,,,0,6,,1537638,1,,,0,6,,1537584,1,,,0,7,,1537632,1,,,0,44,,1537585,1,,,0,7,,1537588,1,,,0,7,,1537589,1,,,0,7,,1537590,1,,,0,4,,1537591,1,,,0,5,,1537636,1,,,0,7,,1537587,1,,,0,8,,1537586,1,,,0,7,,1537593,1,,,0,46,,1537594,1,,,0,7,,1537595,1,,,0,8,,1537592,1,,,0,5,,1537596,1,,,0,10,,1537597,1,,,0,10,,1537598,1,,,0,8,,1537599,1,,,0,9,,1537600,1,,,0,46,,1537601,1,,,0,9,,1537602,1,,,0,8,,1537603,1,,,0,8,,1537604,1,,,0,10,,1537646,1,,,0,9,,1537605,1,,,0,12,,1537606,1,,,0,50,,1537607,1,,,0,10,,1537647,1,,,0,10,,1537609,1,,,0,13,,1537610,1,,,0,10,,1537648,1,,,0,51,,1537611,1,,,0,11,,1537649,1,,,0,10,,1537608,1,,,0,10,,1537612,1,,,0,10,,1537651,1,,,0,10,,1537613,1,,,0,50,,1537614,1,,,0,11,,1537615,1,,,0,10,,1537616,1,,,0,10,,1537617,1,,,0,10,,1537652,1,,,0,10,,1537618,1,,,0,50,,1537619,1,,,0,11,,1537653,1,,,0,10,,1537620,1,,,0,10,,1537622,1,,,0,11,,1537650,1,,,0,11,,1537623,1,,,0,52,,1537624,1,,,0,11,,1537654,1,,,0,9,,1537621,1,,,0,11,,1537625,1,,,0,10,,1537655,1,,,0,50,,1537626,1,,,0,10,,1537635,1,,,0,10,,1537656,1,,,0,10,,1537627,1,,,0,10,,1537628,1,,,0,10,,1537657,1,,,0,50,,1537633,1,,,0,10,,1537629,1,,,0,11,,1537658,1,,,0,10,,1537630,1,,,0,10,,1537631,1,,,0,10,,1537659,1,,,0,50,,1537634,1,,,0,9,,1537637,1,,,0
80502,'20261010',524,,1559798,1,,,0,10,,1559682,1,,,0,10,,1559775,1,,,0,9,,1559683,1,,,0,50,,1559769,1,,,0,9,,1559776,1,,,0,10,,1559684,1,,,0,9,,1559685,1,,,0,11,,1559777,1,,,0,9,,1559799,1,,,0,8,,1559686,1,,,0,50,,1559770,1,,,0,8,,1559778,1,,,0,10,,1559687,1,,,0,10,,1559688,1,,,0,10,,1559689,1,,,0,9,,1559690,1,,,0,50,,1559771,1,,,0,10,,1559779,1,,,0,9,,1559691,1,,,0,9,,1559692,1,,,0,11,,1559693,1,,,0,10,,1559694,1,,,0,49,,1559695,1,,,0,10,,1559780,1,,,0,10,,1559696,1,,,0,10,,1559697,1,,,0,10,,1559698,1,,,0,10,,1559699,1,,,0,50,,1559700,1,,,0,10,,1559781,1,,,0,10,,1559701,1,,,0,10,,1559702,1,,,0,10,,1559703,1,,,0,10,,1559704,1,,,0,50,,1559705,1,,,0,10,,1559782,1,,,0,9,,1559706,1,,,0,10,,1559707,1,,,0,10,,1559708,1,,,0,10,,1559710,1,,,0,50,,1559711,1,,,0,10,,1559783,1,,,0,10,,1559712,1,,,0,10,,1559709,1,,,0,10,,1559713,1,,,0,9,,1559714,1,,,0,50,,1559715,1,,,0,8,,1559784,1,,,0,10,,1559716,1,,,0,10,,1559717,1,,,0,10,,1559718,1,,,0,9,,1559719,1,,,0,10,,1559720,1,,,0,50,,1559721,1,,,0,10,,1559722,1,,,0,9,,1559723,1,,,0,9,,1559724,1,,,0,10,,1559725,1,,,0,10,,1559726,1,,,0,50,,1559727,1,,,0,10,,1559728,1,,,0,10,,1559729,1,,,0,10,,1559730,1,,,0,10,,1559731,1,,,0,10,,1559732,1,,,0,50,,1559733,1,,,0,10,,1559734,1,,,0,12,,1559774,1,,,0,10,,1559735,1,,,0,10,,1559736,1,,,0,51,,1559737,1,,,0,11,,1559738,1,,,0,9,,1559740,1,,,0,10,,1559741,1,,,0,10,,1559742,1,,,0,11,,1559773,1,,,0,50,,1559743,1,,,0,11,,1559744,1,,,0,10,,1559745,1,,,0,11,,1559785,1,,,0,11,,1559739,1,,,0,11,,1559746,1,,,0,50,,1559786,1,,,0,10,,1559747,1,,,0,10,,1559748,1,,,0,11,,1559787,1,,,0,10,,1559749,1,,,0,10,,1559750,1,,,0,51,,1559788,1,,,0,11,,1559751,1,,,0,10,,1559752,1,,,0,11,,1559789,1,,,0,10,,1559753,1,,,0,10,,1559754,1,,,0,50,,1559790,1,,,0,11,,1559755,1,,,0,10,,1559772,1,,,0,11,,1559791,1,,,0,9,,1559756,1,,,0,52,,1559757,1,,,0,10,,1559792,1,,,0,10,,1559758,1,,,0,10,,1559759,1,,,0,10,,1559793,1,,,0,10,,1559760,1,,,0,51,,1559761,1,,,0,10,,1559794,1,,,0,10,,1559762,1,,,0,10,,1559763,1,,,0,10,,1559795,1,,,0,10,,1559764,1,,,0,50,,1559765,1,,,0,11,,1559796,1,,,0,11,,1559768,1,,,0,10,,1559766,1,,,0,10,,1559797,1,,,0,10,,1559767,1,,,0
80502,'20261011',524,,1559917,1,,,0,10,,1559885,1,,,0,10,,1559893,1,,,0,9,,1559884,1,,,0,50,,1559886,1,,,0,9,,1559894,1,,,0,10,,1559883,1,,,0,9,,1559882,1,,,0,11,,1559895,1,,,0,9,,1559880,1,,,0,8,,1559879,1,,,0,50,,1559881,1,,,0,8,,1559896,1,,,0,10,,1559877,1,,,0,10,,1559865,1,,,0,10,,1559864,1,,,0,9,,1559869,1,,,0,50,,1559868,1,,,0,10,,1559897,1,,,0,9,,1559857,1,,,0,9,,1559860,1,,,0,11,,1559858,1,,,0,10,,1559872,1,,,0,49,,1559871,1,,,0,10,,1559898,1,,,0,10,,1559873,1,,,0,10,,1559856,1,,,0,10,,1559862,1,,,0,10,,1559878,1,,,0,50,,1559867,1,,,0,10,,1559899,1,,,0,10,,1559859,1,,,0,10,,1559863,1,,,0,10,,1559861,1,,,0,10,,1559875,1,,,0,50,,1559870,1,,,0,10,,1559900,1,,,0,9,,1559874,1,,,0,10,,1559876,1,,,0,10,,1559866,1,,,0,10,,1559849,1,,,0,50,,1559846,1,,,0,10,,1559901,1,,,0,10,,1559840,1,,,0,10,,1559848,1,,,0,10,,1559852,1,,,0,9,,1559845,1,,,0,50,,1559843,1,,,0,8,,1559902,1,,,0,10,,1559851,1,,,0,10,,1559841,1,,,0,10,,1559847,1,,,0,9,,1559844,1,,,0,10,,1559854,1,,,0,50,,1559855,1,,,0,10,,1559839,1,,,0,9,,1559842,1,,,0,9,,1559838,1,,,0,10,,1559850,1,,,0,10,,1559853,1,,,0,50,,1559831,1,,,0,10,,1559826,1,,,0,10,,1559830,1,,,0,10,,1559835,1,,,0,10,,1559825,1,,,0,10,,1559828,1,,,0,50,,1559824,1,,,0,10,,1559823,1,,,0,12,,1559822,1,,,0,10,,1559891,1,,,0,10,,1559834,1,,,0,51,,1559837,1,,,0,11,,1559836,1,,,0,9,,1559833,1,,,0,10,,1559827,1,,,0,10,,1559832,1,,,0,11,,1559829,1,,,0,50,,1559820,1,,,0,11,,1559887,1,,,0,10,,1559814,1,,,0,11,,1559903,1,,,0,11,,1559812,1,,,0,11,,1559821,1,,,0,50,,1559904,1,,,0,10,,1559811,1,,,0,10,,1559905,1,,,0,11,,1559818,1,,,0,10,,1559819,1,,,0,10,,1559906,1,,,0,51,,1559816,1,,,0,11,,1559813,1,,,0,10,,1559907,1,,,0,11,,1559815,1,,,0,10,,1559817,1,,,0,10,,1559908,1,,,0,50,,1559810,1,,,0,11,,1559809,1,,,0,10,,1559909,1,,,0,11,,1559806,1,,,0,9,,1559804,1,,,0,52,,1559910,1,,,0,10,,1559801,1,,,0,10,,1559890,1,,,0,10,,1559911,1,,,0,10,,1559802,1,,,0,10,,1559800,1,,,0,51,,1559913,1,,,0,10,,1559808,1,,,0,10,,1559803,1,,,0,10,,1559914,1,,,0,10,,1559805,1,,,0,10,,1559807,1,,,0,50,,1559915,1,,,0,11,,1559889,1,,,0,11,,1559888,1,,,0,10,,1559912,1,,,0,10,,1559892,1,,,0,10,,1559916,1,,,0
80502,'20261012',524,,1560035,1,,,0,10,,1560003,1,,,0,10,,1560011,1,,,0,9,,1560002,1,,,0,50,,1560004,1,,,0,9,,1560012,1,,,0,10,,1560001,1,,,0,9,,1560000,1,,,0,11,,1560013,1,,,0,9,,1559998,1,,,0,8,,1559997,1,,,0,50,,1559999,1,,,0,8,,1560014,1,,,0,10,,1559995,1,,,0,10,,1559983,1,,,0,10,,1559982,1,,,0,9,,1559987,1,,,0,50,,1559986,1,,,0,10,,1560015,1,,,0,9,,1559975,1,,,0,9,,1559978,1,,,0,11,,1559976,1,,,0,10,,1559990,1,,,0,49,,1559989,1,,,0,10,,1560016,1,,,0,10,,1559991,1,,,0,10,,1559974,1,,,0,10,,1559980,1,,,0,10,,1559996,1,,,0,50,,1559985,1,,,0,10,,1560017,1,,,0,10,,1559977,1,,,0,10,,1559981,1,,,0,10,,1559979,1,,,0,10,,1559993,1,,,0,50,,1559988,1,,,0,10,,1560018,1,,,0,9,,1559992,1,,,0,10,,1559994,1,,,0,10,,1559984,1,,,0,10,,1559967,1,,,0,50,,1559964,1,,,0,10,,1560019,1,,,0,10,,1559958,1,,,0,10,,1559966,1,,,0,10,,1559970,1,,,0,9,,1559963,1,,,0,50,,1559961,1,,,0,8,,1560020,1,,,0,10,,1559969,1,,,0,10,,1559959,1,,,0,10,,1559965,1,,,0,9,,1559962,1,,,0,10,,1559972,1,,,0,50,,1559973,1,,,0,10,,1559957,1,,,0,9,,1559960,1,,,0,9,,1559956,1,,,0,10,,1559968,1,,,0,10,,1559971,1,,,0,50,,1559949,1,,,0,10,,1559944,1,,,0,10,,1559948,1,,,0,10,,1559953,1,,,0,10,,1559943,1,,,0,10,,1559946,1,,,0,50,,1559942,1,,,0,10,,1559941,1,,,0,12,,1559940,1,,,0,10,,1560009,1,,,0,10,,1559952,1,,,0,51,,1559955,1,,,0,11,,1559954,1,,,0,9,,1559951,1,,,0,10,,1559945,1,,,0,10,,1559950,1,,,0,11,,1559947,1,,,0,50,,1559938,1,,,0,11,,1560005,1,,,0,10,,1559932,1,,,0,11,,1560021,1,,,0,11,,1559930,1,,,0,11,,1559939,1,,,0,50,,1560022,1,,,0,10,,1559929,1,,,0,10,,1560023,1,,,0,11,,1559936,1,,,0,10,,1559937,1,,,0,10,,1560024,1,,,0,51,,1559934,1,,,0,11,,1559931,1,,,0,10,,1560025,1,,,0,11,,1559933,1,,,0,10,,1559935,1,,,0,10,,1560026,1,,,0,50,,1559928,1,,,0,11,,1559927,1,,,0,10,,1560027,1,,,0,11,,1559924,1,,,0,9,,1559922,1,,,0,52,,1560028,1,,,0,10,,1559919,1,,,0,10,,1560008,1,,,0,10,,1560029,1,,,0,10,,1559920,1,,,0,10,,1559918,1,,,0,51,,1560031,1,,,0,10,,1559926,1,,,0,10,,1559921,1,,,0,10,,1560032,1,,,0,10,,1559923,1,,,0,10,,1559925,1,,,0,50,,1560033,1,,,0,11,,1560007,1,,,0,11,,1560006,1,,,0,10,,1560030,1,,,0,10,,1560010,1,,,0,10,,1560034,1,,,0
80502,'20261013',508,,1590551,1,,,0,10,,1590423,1,,,0,8,,1590424,1,,,0,9,,1590426,1,,,0,8,,1590427,1,,,0,9,,1590428,1,,,0,50,,1590554,1,,,0,9,,1590429,1,,,0,9,,1590430,1,,,0,8,,1590431,1,,,0,9,,1590425,1,,,0,8,,1590552,1,,,0,6,,1590553,1,,,0,7,,1590432,1,,,0,46,,1590433,1,,,0,7,,1590434,1,,,0,9,,1590436,1,,,0,6,,1590437,1,,,0,10,,1590438,1,,,0,10,,1590435,1,,,0,11,,1590439,1,,,0,51,,1590440,1,,,0,11,,1590441,1,,,0,11,,1590442,1,,,0,13,,1590530,1,,,0,11,,1590443,1,,,0,49,,1590444,1,,,0,10,,1590531,1,,,0,11,,1590445,1,,,0,10,,1590446,1,,,0,10,,1590532,1,,,0,10,,1590447,1,,,0,50,,1590448,1,,,0,10,,1590533,1,,,0,10,,1590449,1,,,0,10,,1590450,1,,,0,10,,1590534,1,,,0,10,,1590451,1,,,0,49,,1590452,1,,,0,9,,1590535,1,,,0,10,,1590454,1,,,0,10,,1590455,1,,,0,10,,1590456,1,,,0,10,,1590457,1,,,0,50,,1590536,1,,,0,10,,1590458,1,,,0,9,,1590459,1,,,0,10,,1590453,1,,,0,10,,1590460,1,,,0,10,,1590461,1,,,0,50,,1590462,1,,,0,9,,1590464,1,,,0,10,,1590463,1,,,0,9,,1590465,1,,,0,10,,1590466,1,,,0,11,,1590467,1,,,0,51,,1590468,1,,,0,9,,1590469,1,,,0,9,,1590470,1,,,0,5,,1590471,1,,,0,5,,1590472,1,,,0,4,,1590473,1,,,0,6,,1590474,1,,,0,6,,1590529,1,,,0,6,,1590475,1,,,0,7,,1590523,1,,,0,44,,1590476,1,,,0,7,,1590479,1,,,0,7,,1590480,1,,,0,7,,1590481,1,,,0,4,,1590482,1,,,0,5,,1590527,1,,,0,7,,1590478,1,,,0,8,,1590477,1,,,0,7,,1590484,1,,,0,46,,1590485,1,,,0,7,,1590486,1,,,0,8,,1590483,1,,,0,5,,1590487,1,,,0,10,,1590488,1,,,0,10,,1590489,1,,,0,8,,1590490,1,,,0,9,,1590491,1,,,0,46,,1590492,1,,,0,9,,1590493,1,,,0,8,,1590494,1,,,0,8,,1590495,1,,,0,10,,1590537,1,,,0,9,,1590496,1,,,0,12,,1590497,1,,,0,50,,1590498,1,,,0,10,,1590538,1,,,0,10,,1590500,1,,,0,13,,1590501,1,,,0,10,,1590539,1,,,0,51,,1590502,1,,,0,11,,1590540,1,,,0,10,,1590499,1,,,0,10,,1590503,1,,,0,10,,1590542,1,,,0,10,,1590504,1,,,0,50,,1590505,1,,,0,11,,1590506,1,,,0,10,,1590507,1,,,0,10,,1590508,1,,,0,10,,1590543,1,,,0,10,,1590509,1,,,0,50,,1590510,1,,,0,11,,1590544,1,,,0,10,,1590511,1,,,0,10,,1590513,1,,,0,11,,1590541,1,,,0,11,,1590514,1,,,0,52,,1590515,1,,,0,11,,1590545,1,,,0,9,,1590512,1,,,0,11,,1590516,1,,,0,10,,1590546,1,,,0,50,,1590517,1,,,0,10,,1590526,1,,,0,10,,1590547,1,,,0,10,,1590518,1,,,0,10,,1590519,1,,,0,10,,1590548,1,,,0,50,,1590524,1,,,0,10,,1590520,1,,,0,11,,1590549,1,,,0,10,,1590521,1,,,0,10,,1590522,1,,,0,10,,1590550,1,,,0,50,,1590525,1,,,0,9,,1590528,1,,,0
80502,'20261014',508,,1590683,1,,,0,10,,1590555,1,,,0,8,,1590556,1,,,0,9,,1590558,1,,,0,8,,1590559,1,,,0,9,,1590560,1,,,0,50,,1590686,1,,,0,9,,1590561,1,,,0,9,,1590562,1,,,0,8,,1590563,1,,,0,9,,1590557,1,,,0,8,,1590684,1,,,0,6,,1590685,1,,,0,7,,1590564,1,,,0,46,,1590565,1,,,0,7,,1590566,1,,,0,9,,1590568,1,,,0,6,,1590569,1,,,0,10,,1590570,1,,,0,10,,1590567,1,,,0,11,,1590571,1,,,0,51,,1590572,1,,,0,11,,1590573,1,,,0,11,,1590574,1,,,0,13,,1590662,1,,,0,11,,1590575,1,,,0,49,,1590576,1,,,0,10,,1590663,1,,,0,11,,1590577,1,,,0,10,,1590578,1,,,0,10,,1590664,1,,,0,10,,1590579,1,,,0,50,,1590580,1,,,0,10,,1590665,1,,,0,10,,1590581,1,,,0,10,,1590582,1,,,0,10,,1590666,1,,,0,10,,1590583,1,,,0,49,,1590584,1,,,0,9,,1590667,1,,,0,10,,1590586,1,,,0,10,,1590587,1,,,0,10,,1590588,1,,,0,10,,1590589,1,,,0,50,,1590668,1,,,0,10,,1590590,1,,,0,9,,1590591,1,,,0,10,,1590585,1,,,0,10,,1590592,1,,,0,10,,1590593,1,,,0,50,,1590594,1,,,0,9,,1590596,1,,,0,10,,1590595,1,,,0,9,,1590597,1,,,0,10,,1590598,1,,,0,11,,1590599,1,,,0,51,,1590600,1,,,0,9,,1590601,1,,,0,9,,1590602,1,,,0,5,,1590603,1,,,0,5,,1590604,1,,,0,4,,1590605,1,,,0,6,,1590606,1,,,0,6,,1590661,1,,,0,6,,1590607,1,,,0,7,,1590655,1,,,0,44,,1590608,1,,,0,7,,1590611,1,,,0,7,,1590612,1,,,0,7,,1590613,1,,,0,4,,1590614,1,,,0,5,,1590659,1,,,0,7,,1590610,1,,,0,8,,1590609,1,,,0,7,,1590616,1,,,0,46,,1590617,1,,,0,7,,1590618,1,,,0,8,,1590615,1,,,0,5,,1590619,1,,,0,10,,1590620,1,,,0,10,,1590621,1,,,0,8,,1590622,1,,,0,9,,1590623,1,,,0,46,,1590624,1,,,0,9,,1590625,1,,,0,8,,1590626,1,,,0,8,,1590627,1,,,0,10,,1590669,1,,,0,9,,1590628,1,,,0,12,,1590629,1,,,0,50,,1590630,1,,,0,10,,1590670,1,,,0,10,,1590632,1,,,0,13,,1590633,1,,,0,10,,1590671,1,,,0,51,,1590634,1,,,0,11,,1590672,1,,,0,10,,1590631,1,,,0,10,,1590635,1,,,0,10,,1590674,1,,,0,10,,1590636,1,,,0,50,,1590637,1,,,0,11,,1590638,1,,,0,10,,1590639,1,,,0,10,,1590640,1,,,0,10,,1590675,1,,,0,10,,1590641,1,,,0,50,,1590642,1,,,0,11,,1590676,1,,,0,10,,1590643,1,,,0,10,,1590645,1,,,0,11,,1590673,1,,,0,11,,1590646,1,,,0,52,,1590647,1,,,0,11,,1590677,1,,,0,9,,1590644,1,,,0,11,,1590648,1,,,0,10,,1590678,1,,,0,50,,1590649,1,,,0,10,,1590658,1,,,0,10,,1590679,1,,,0,10,,1590650,1,,,0,10,,1590651,1,,,0,10,,1590680,1,,,0,50,,1590656,1,,,0,10,,1590652,1,,,0,11,,1590681,1,,,0,10,,1590653,1,,,0,10,,1590654,1,,,0,10,,1590682,1,,,0,50,,1590657,1,,,0,9,,1590660,1,,,0
80502,'20261015',508,,1590815,1,,,0,10,,1590687,1,,,0,8,,1590688,1,,,0,9,,1590690,1,,,0,8,,1590691,1,,,0,9,,1590692,1,,,0,50,,1590818,1,,,0,9,,1590693,1,,,0,9,,1590694,1,,,0,8,,1590695,1,,,0,9,,1590689,1,,,0,8,,1590816,1,,,0,6,,1590817,1,,,0,7,,1590696,1,,,0,46,,1590697,1,,,0,7,,1590698,1,,,0,9,,1590700,1,,,0,6,,1590701,1,,,0,10,,1590702,1,,,0,10,,1590699,1,,,0,11,,1590703,1,,,0,51,,1590704,1,,,0,11,,1590705,1,,,0,11,,1590706,1,,,0,13,,1590794,1,,,0,11,,1590707,1,,,0,49,,1590708,1,,,0,10,,1590795,1,,,0,11,,1590709,1,,,0,10,,1590710,1,,,0,10,,1590796,1,,,0,10,,1590711,1,,,0,50,,1590712,1,,,0,10,,1590797,1,,,0,10,,1590713,1,,,0,10,,1590714,1,,,0,10,,1590798,1,,,0,10,,1590715,1,,,0,49,,1590716,1,,,0,9,,1590799,1,,,0,10,,1590718,1,,,0,10,,1590719,1,,,0,10,,1590720,1,,,0,10,,1590721,1,,,0,50,,1590800,1,,,0,10,,1590722,1,,,0,9,,1590723,1,,,0,10,,1590717,1,,,0,10,,1590724,1,,,0,10,,1590725,1,,,0,50,,1590726,1,,,0,9,,1590728,1,,,0,10,,1590727,1,,,0,9,,1590729,1,,,0,10,,1590730,1,,,0,11,,1590731,1,,,0,51,,1590732,1,,,0,9,,1590733,1,,,0,9,,1590734,1,,,0,5,,1590735,1,,,0,5,,1590736,1,,,0,4,,1590737,1,,,0,6,,1590738,1,,,0,6,,1590793,1,,,0,6,,1590739,1,,,0,7,,1590787,1,,,0,44,,1590740,1,,,0,7,,1590743,1,,,0,7,,1590744,1,,,0,7,,1590745,1,,,0,4,,1590746,1,,,0,5,,1590791,1,,,0,7,,1590742,1,,,0,8,,1590741,1,,,0,7,,1590748,1,,,0,46,,1590749,1,,,0,7,,1590750,1,,,0,8,,1590747,1,,,0,5,,1590751,1,,,0,10,,1590752,1,,,0,10,,1590753,1,,,0,8,,1590754,1,,,0,9,,1590755,1,,,0,46,,1590756,1,,,0,9,,1590757,1,,,0,8,,1590758,1,,,0,8,,1590759,1,,,0,10,,1590801,1,,,0,9,,1590760,1,,,0,12,,1590761,1,,,0,50,,1590762,1,,,0,10,,1590802,1,,,0,10,,1590764,1,,,0,13,,1590765,1,,,0,10,,1590803,1,,,0,51,,1590766,1,,,0,11,,1590804,1,,,0,10,,1590763,1,,,0,10,,1590767,1,,,0,10,,1590806,1,,,0,10,,1590768,1,,,0,50,,1590769,1,,,0,11,,1590770,1,,,0,10,,1590771,1,,,0,10,,1590772,1,,,0,10,,1590807,1,,,0,10,,1590773,1,,,0,50,,1590774,1,,,0,11,,1590808,1,,,0,10,,1590775,1,,,0,10,,1590777,1,,,0,11,,1590805,1,,,0,11,,1590778,1,,,0,52,,1590779,1,,,0,11,,1590809,1,,,0,9,,1590776,1,,,0,11,,1590780,1,,,0,10,,1590810,1,,,0,50,,1590781,1,,,0,10,,1590790,1,,,0,10,,1590811,1,,,0,10,,1590782,1,,,0,10,,1590783,1,,,0,10,,1590812,1,,,0,50,,1590788,1,,,0,10,,1590784,1,,,0,11,,1590813,1,,,0,10,,1590785,1,,,0,10,,1590786,1,,,0,10,,1590814,1,,,0,50,,1590789,1,,,0,9,,1590792,1,,,0
80502,'20261016',508,,1590947,1,,,0,10,,1590819,1,,,0,8,,1590820,1,,,0,9,,1590822,1,,,0,8,,1590823,1,,,0,9,,1590824,1,,,0,50,,1590950,1,,,0,9,,1590825,1,,,0,9,,1590826,1,,,0,8,,1590827,1,,,0,9,,1590821,1,,,0,8,,1590948,1,,,0,6,,1590949,1,,,0,7,,1590828,1,,,0,46,,1590829,1,,,0,7,,1590830,1,,,0,9,,1590832,1,,,0,6,,1590833,1,,,0,10,,1590834,1,,,0,10,,1590831,1,,,0,11,,1590835,1,,,0,51,,1590836,1,,,0,11,,1590837,1,,,0,11,,1590838,1,,,0,13,,1590926,1,,,0,11,,1590839,1,,,0,49,,1590840,1,,,0,10,,1590927,1,,,0,11,,1590841,1,,,0,10,,1590842,1,,,0,10,,1590928,1,,,0,10,,1590843,1,,,0,50,,1590844,1,,,0,10,,1590929,1,,,0,10,,1590845,1,,,0,10,,1590846,1,,,0,10,,1590930,1,,,0,10,,1590847,1,,,0,49,,1590848,1,,,0,9,,1590931,1,,,0,10,,1590850,1,,,0,10,,1590851,1,,,0,10,,1590852,1,,,0,10,,1590853,1,,,0,50,,1590932,1,,,0,10,,1590854,1,,,0,9,,1590855,1,,,0,10,,1590849,1,,,0,10,,1590856,1,,,0,10,,1590857,1,,,0,50,,1590858,1,,,0,9,,1590860,1,,,0,10,,1590859,1,,,0,9,,1590861,1,,,0,10,,1590862,1,,,0,11,,1590863,1,,,0,51,,1590864,1,,,0,9,,1590865,1,,,0,9,,1590866,1,,,0,5,,1590867,1,,,0,5,,1590868,1,,,0,4,,1590869,1,,,0,6,,1590870,1,,,0,6,,1590925,1,,,0,6,,1590871,1,,,0,7,,1590919,1,,,0,44,,1590872,1,,,0,7,,1590875,1,,,0,7,,1590876,1,,,0,7,,1590877,1,,,0,4,,1590878,1,,,0,5,,1590923,1,,,0,7,,1590874,1,,,0,8,,1590873,1,,,0,7,,1590880,1,,,0,46,,1590881,1,,,0,7,,1590882,1,,,0,8,,1590879,1,,,0,5,,1590883,1,,,0,10,,1590884,1,,,0,10,,1590885,1,,,0,8,,1590886,1,,,0,9,,1590887,1,,,0,46,,1590888,1,,,0,9,,1590889,1,,,0,8,,1590890,1,,,0,8,,1590891,1,,,0,10,,1590933,1,,,0,9,,1590892,1,,,0,12,,1590893,1,,,0,50,,1590894,1,,,0,10,,1590934,1,,,0,10,,1590896,1,,,0,13,,1590897,1,,,0,10,,1590935,1,,,0,51,,1590898,1,,,0,11,,1590936,1,,,0,10,,1590895,1,,,0,10,,1590899,1,,,0,10,,1590938,1,,,0,10,,1590900,1,,,0,50,,1590901,1,,,0,11,,1590902,1,,,0,10,,1590903,1,,,0,10,,1590904,1,,,0,10,,1590939,1,,,0,10,,1590905,1,,,0,50,,1590906,1,,,0,11,,1590940,1,,,0,10,,1590907,1,,,0,10,,1590909,1,,,0,11,,1590937,1,,,0,11,,1590910,1,,,0,52,,1590911,1,,,0,11,,1590941,1,,,0,9,,1590908,1,,,0,11,,1590912,1,,,0,10,,1590942,1,,,0,50,,1590913,1,,,0,10,,1590922,1,,,0,10,,1590943,1,,,0,10,,1590914,1,,,0,10,,1590915,1,,,0,10,,1590944,1,,,0,50,,1590920,1,,,0,10,,1590916,1,,,0,11,,1590945,1,,,0,10,,1590917,1,,,0,10,,1590918,1,,,0,10,,1590946,1,,,0,50,,1590921,1,,,0,9,,1590924,1,,,0
80503,'20261002',553,,1590951,34,4,,0,51,,1590952,34,4,,0,11,,1590953,34,4,,0,10,,1590954,34,4,,0,10,,1590955,34,4,,0,10,,1590956,34,4,,0,11,,1590957,34,4,,0,51,,1590958,34,4,,0,12,,1590959,34,4,,0,7,,1590960,34,4,,0,8,,1590961,34,4,,0,9,,1590962,34,4,,0,5,,1590963,34,4,,0,8,,1590964,34,4,,0,45,,1590965,34,4,,0,5,,1590966,34,4,,0,5,,1590967,34,4,,0,5,,1590968,34,4,,0,5,,1590969,34,4,,0,5,,1590970,34,4,,0,5,,1590971,34,4,,0,4,,1590972,34,4,,0,7,,1590973,34,4,,0,5,,1590974,34,4,,0,8,,1590975,34,4,,0,48,,1590976,34,4,,0,7,,1590977,34,4,,0,7,,1590978,34,4,,0,8,,1590979,34,4,,0,7,,1590980,34,4,,0,7,,1590981,34,4,,0,9,,1590982,34,4,,0,10,,1590983,34,4,,0,51,,1590984,34,4,,0,7,,1590985,34,4,,0,10,,1590986,34,4,,0,11,,1590987,34,4,,0,10,,1590988,34,4,,0,10,,1590989,34,4,,0,50,,1590990,34,4,,0,8,,1590991,34,4,,0,10,,1590992,34,4,,0,10,,1590993,34,4,,0,10,,1590994,34,4,,0,10,,1590995,34,4,,0,50,,1590996,34,4,,0,11,,1590997,34,4,,0,10,,1590998,34,4,,0,10,,1590999,34,4,,0,10,,1591000,34,4,,0,10,,1591001,34,4,,0,50,,1591002,34,4,,0,10,,1591003,34,4,,0,10,,1591004,34,4,,0,10,,1591005,34,4,,0,10,,1591006,34,4,,0,10,,1591007,34,4,,0,50,,1591008,34,4,,0,11,,1591009,34,4,,0,10,,1591010,34,4,,0,10,,1591011,34,4,,0,11,,1591012,34,4,,0,10,,1591013,34,4,,0,51,,1591014,34,4,,0,6,,1591015,34,4,,0,7,,1591016,34,4,,0,7,,1591017,34,4,,0,6,,1591018,34,4,,0,5,,1591019,34,4,,0,7,,1591020,34,4,,0,6,,1591021,34,4,,0,47,,1591022,34,4,,0,6,,1591023,34,4,,0,8,,1591024,34,4,,0,8,,1591025,34,4,,0,5,,1591026,34,4,,0,7,,1591027,34,4,,0,5,,1591028,34,4,,0,7,,1591029,34,4,,0,9,,1591030,34,4,,0,47,,1591031,34,4,,0,8,,1591032,34,4,,0,8,,1591033,34,4,,0,7,,1591034,34,4,,0,7,,1591035,34,4,,0,7,,1591036,34,4,,0,10,,1591037,34,4,,0,6,,1591038,34,4,,0,47,,1591039,34,4,,0,7,,1591040,34,4,,0,9,,1591041,34,4,,0,10,,1591042,34,4,,0,10,,1591043,34,4,,0,9,,1591044,34,4,,0,9,,1591045,34,4,,0,49,,1591046,34,4,,0,9,,1591047,34,4,,0,9,,1591048,34,4,,0,10,,1591049,34,4,,0,9,,1591050,34,4,,0,10,,1591051,34,4,,0,49,,1591052,34,4,,0,10,,1591053,34,4,,0,9,,1591054,34,4,,0,11,,1591055,34,4,,0,10,,1591056,34,4,,0,10,,1591057,34,4,,0,50,,1591058,34,4,,0,10,,1591059,34,4,,0,10,,1591060,34,4,,0,10,,1591061,34,4,,0,8,,1591062,34,4,,0,10,,1591063,34,4,,0,10,,1591064,34,4,,0,49,,1591065,34,4,,0,9,,1591066,34,4,,0,10,,1591067,34,4,,0,10,,1591068,34,4,,0,10,,1591069,34,4,,0,10,,1591070,34,4,,0,50,,1591071,34,4,,0,9,,1591072,34,4,,0,10,,1591073,34,4,,0,10,,1591074,34,4,,0,10,,1591075,34,4,,0,10,,1591076,34,4,,0,50,,1591077,34,4,,0,10,,1591078,34,4,,0,10,,1591079,34,4,,0,10,,1591080,34,4,,0,10,,1591081,34,4,,0,10,,1591082,34,4,,0,50,,1591083,34,4,,0,10,,1591084,34,4,,0,10,,1591085,34,4,,0,10,,1591086,34,4,,0,10,,1591087,34,4,,0,10,,1591088,34,4,,0,50,,1591089,34,4,,0
80503,'20261003',610,,1591090,34,4,,0,10,,1591091,34,4,,0,10,,1591092,34,4,,0,10,,1591093,34,4,,0,10,,1591094,34,4,,0,50,,1591095,34,4,,0,10,,1591096,34,4,,0,10,,1591097,34,4,,0,10,,1591098,34,4,,0,10,,1591099,34,4,,0,11,,1591100,34,4,,0,51,,1591101,34,4,,0,11,,1591102,34,4,,0,11,,1591103,34,4,,0,10,,1591104,34,4,,0,10,,1591105,34,4,,0,10,,1591106,34,4,,0,51,,1591107,34,4,,0,10,,1591108,34,4,,0,10,,1591109,34,4,,0,9,,1591110,34,4,,0,10,,1591111,34,4,,0,11,,1591112,34,4,,0,50,,1591113,34,4,,0,10,,1591114,34,4,,0,11,,1591115,34,4,,0,10,,1591116,34,4,,0,11,,1591117,34,4,,0,11,,1591118,34,4,,0,51,,1591119,34,4,,0,11,,1591120,34,4,,0,10,,1591121,34,4,,0,10,,1591122,34,4,,0,10,,1591123,34,4,,0,51,,1591124,34,4,,0,11,,1591125,34,4,,0,10,,1591126,34,4,,0,11,,1591127,34,4,,0,10,,1591128,34,4,,0,10,,1591129,34,4,,0,50,,1591130,34,4,,0,10,,1591131,34,4,,0,10,,1591132,34,4,,0,10,,1591133,34,4,,0,10,,1591134,34,4,,0,10,,1591135,34,4,,0,50,,1591136,34,4,,0,10,,1591137,34,4,,0,10,,1591138,34,4,,0,10,,1591139,34,4,,0,11,,1591140,34,4,,0,11,,1591141,34,4,,0,48,,1591142,34,4,,0,10,,1591143,34,4,,0,10,,1591144,34,4,,0,10,,1591145,34,4,,0,9,,1591146,34,4,,0,10,,1591147,34,4,,0,50,,1591148,34,4,,0,10,,1591149,34,4,,0,9,,1591150,34,4,,0,9,,1591151,34,4,,0,10,,1591152,34,4,,0,10,,1591153,34,4,,0,50,,1591154,34,4,,0,10,,1591155,34,4,,0,10,,1591156,34,4,,0,10,,1591157,34,4,,0,9,,1591158,34,4,,0,9,,1591159,34,4,,0,9,,1591160,34,4,,0,50,,1591161,34,4,,0,10,,1591162,34,4,,0,9,,1591163,34,4,,0,9,,1591164,34,4,,0,11,,1591165,34,4,,0,10,,1591166,34,4,,0,49,,1591167,34,4,,0,9,,1591168,34,4,,0,10,,1591169,34,4,,0,10,,1591170,34,4,,0,10,,1591171,34,4,,0,9,,1591172,34,4,,0,49,,1591173,34,4,,0,10,,1591174,34,4,,0,10,,1591175,34,4,,0,10,,1591176,34,4,,0,10,,1591177,34,4,,0,10,,1591178,34,4,,0,50,,1591179,34,4,,0,10,,1591180,34,4,,0,10,,1591181,34,4,,0,10,,1591182,34,4,,0,10,,1591183,34,4,,0,10,,1591184,34,4,,0,50,,1591185,34,4,,0,10,,1591186,34,4,,0,10,,1591187,34,4,,0,10,,1591188,34,4,,0,10,,1591189,34,4,,0,10,,1591190,34,4,,0,50,,1591191,34,4,,0,9,,1591192,34,4,,0,9,,1591193,34,4,,0,10,,1591194,34,4,,0,10,,1591195,34,4,,0,10,,1591196,34,4,,0,50,,1591197,34,4,,0,10,,1591198,34,4,,0,10,,1591199,34,4,,0,10,,1591200,34,4,,0,10,,1591201,34,4,,0,10,,1591202,34,4,,0,50,,1591203,34,4,,0,10,,1591204,34,4,,0,10,,1591205,34,4,,0,10,,1591206,34,4,,0,11,,1591207,34,4,,0,12,,1591208,34,4,,0
80503,'20261004',610,,1591209,34,4,,0,10,,1591210,34,4,,0,10,,1591211,34,4,,0,10,,1591212,34,4,,0,10,,1591213,34,4,,0,50,,1591214,34,4,,0,10,,1591215,34,4,,0,10,,1591216,34,4,,0,10,,1591217,34,4,,0,10,,1591218,34,4,,0,11,,1591219,34,4,,0,51,,1591220,34,4,,0,11,,1591221,34,4,,0,11,,1591222,34,4,,0,10,,1591223,34,4,,0,10,,1591224,34,4,,0,10,,1591225,34,4,,0,51,,1591226,34,4,,0,10,,1591227,34,4,,0,10,,1591228,34,4,,0,9,,1591229,34,4,,0,10,,1591230,34,4,,0,11,,1591231,34,4,,0,50,,1591232,34,4,,0,10,,1591233,34,4,,0,11,,1591234,34,4,,0,10,,1591235,34,4,,0,11,,1591236,34,4,,0,11,,1591237,34,4,,0,51,,1591238,34,4,,0,11,,1591239,34,4,,0,10,,1591240,34,4,,0,10,,1591241,34,4,,0,10,,1591242,34,4,,0,51,,1591243,34,4,,0,11,,1591244,34,4,,0,10,,1591245,34,4,,0,11,,1591246,34,4,,0,10,,1591247,34,4,,0,10,,1591248,34,4,,0,50,,1591249,34,4,,0,10,,1591250,34,4,,0,10,,1591251,34,4,,0,10,,1591252,34,4,,0,10,,1591253,34,4,,0,10,,1591254,34,4,,0,50,,1591255,34,4,,0,10,,1591256,34,4,,0,10,,1591257,34,4,,0,10,,1591258,34,4,,0,11,,1591259,34,4,,0,11,,1591260,34,4,,0,48,,1591261,34,4,,0,10,,1591262,34,4,,0,10,,1591263,34,4,,0,10,,1591264,34,4,,0,9,,1591265,34,4,,0,10,,1591266,34,4,,0,50,,1591267,34,4,,0,10,,1591268,34,4,,0,9,,1591269,34,4,,0,9,,1591270,34,4,,0,10,,1591271,34,4,,0,10,,1591272,34,4,,0,50,,1591273,34,4,,0,10,,1591274,34,4,,0,10,,1591275,34,4,,0,10,,1591276,34,4,,0,9,,1591277,34,4,,0,9,,1591278,34,4,,0,9,,1591279,34,4,,0,50,,1591280,34,4,,0,10,,1591281,34,4,,0,9,,1591282,34,4,,0,9,,1591283,34,4,,0,11,,1591284,34,4,,0,10,,1591285,34,4,,0,49,,1591286,34,4,,0,9,,1591287,34,4,,0,10,,1591288,34,4,,0,10,,1591289,34,4,,0,10,,1591290,34,4,,0,9,,1591291,34,4,,0,49,,1591292,34,4,,0,10,,1591293,34,4,,0,10,,1591294,34,4,,0,10,,1591295,34,4,,0,10,,1591296,34,4,,0,10,,1591297,34,4,,0,50,,1591298,34,4,,0,10,,1591299,34,4,,0,10,,1591300,34,4,,0,10,,1591301,34,4,,0,10,,1591302,34,4,,0,10,,1591303,34,4,,0,50,,1591304,34,4,,0,10,,1591305,34,4,,0,10,,1591306,34,4,,0,10,,1591307,34,4,,0,10,,1591308,34,4,,0,10,,1591309,34,4,,0,50,,1591310,34,4,,0,9,,1591311,34,4,,0,9,,1591312,34,4,,0,10,,1591313,34,4,,0,10,,1591314,34,4,,0,10,,1591315,34,4,,0,50,,1591316,34,4,,0,10,,1591317,34,4,,0,10,,1591318,34,4,,0,10,,1591319,34,4,,0,10,,1591320,34,4,,0,10,,1591321,34,4,,0,50,,1591322,34,4,,0,10,,1591323,34,4,,0,10,,1591324,34,4,,0,10,,1591325,34,4,,0,11,,1591326,34,4,,0,12,,1591327,34,4,,0
80503,'20261005',553,,1591328,34,4,,0,51,,1591329,34,4,,0,11,,1591330,34,4,,0,10,,1591331,34,4,,0,10,,1591332,34,4,,0,10,,1591333,34,4,,0,11,,1591334,34,4,,0,51,,1591335,34,4,,0,12,,1591336,34,4,,0,7,,1591337,34,4,,0,8,,1591338,34,4,,0,9,,1591339,34,4,,0,5,,1591340,34,4,,0,8,,1591341,34,4,,0,45,,1591342,34,4,,0,5,,1591343,34,4,,0,5,,1591344,34,4,,0,5,,1591345,34,4,,0,5,,1591346,34,4,,0,5,,1591347,34,4,,0,5,,1591348,34,4,,0,4,,1591349,34,4,,0,7,,1591350,34,4,,0,5,,1591351,34,4,,0,8,,1591352,34,4,,0,48,,1591353,34,4,,0,7,,1591354,34,4,,0,7,,1591355,34,4,,0,8,,1591356,34,4,,0,7,,1591357,34,4,,0,7,,1591358,34,4,,0,9,,1591359,34,4,,0,10,,1591360,34,4,,0,51,,1591361,34,4,,0,7,,1591362,34,4,,0,10,,1591363,34,4,,0,11,,1591364,34,4,,0,10,,1591365,34,4,,0,10,,1591366,34,4,,0,50,,1591367,34,4,,0,8,,1591368,34,4,,0,10,,1591369,34,4,,0,10,,1591370,34,4,,0,10,,1591371,34,4,,0,10,,1591372,34,4,,0,50,,1591373,34,4,,0,11,,1591374,34,4,,0,10,,1591375,34,4,,0,10,,1591376,34,4,,0,10,,1591377,34,4,,0,10,,1591378,34,4,,0,50,,1591379,34,4,,0,10,,1591380,34,4,,0,10,,1591381,34,4,,0,10,,1591382,34,4,,0,10,,1591383,34,4,,0,10,,1591384,34,4,,0,50,,1591385,34,4,,0,11,,1591386,34,4,,0,10,,1591387,34,4,,0,10,,1591388,34,4,,0,11,,1591389,34,4,,0,10,,1591390,34,4,,0,51,,1591391,34,4,,0,6,,1591392,34,4,,0,7,,1591393,34,4,,0,7,,1591394,34,4,,0,6,,1591395,34,4,,0,5,,1591396,34,4,,0,7,,1591397,34,4,,0,6,,1591398,34,4,,0,47,,1591399,34,4,,0,6,,1591400,34,4,,0,8,,1591401,34,4,,0,8,,1591402,34,4,,0,5,,1591403,34,4,,0,7,,1591404,34,4,,0,5,,1591405,34,4,,0,7,,1591406,34,4,,0,9,,1591407,34,4,,0,47,,1591408,34,4,,0,8,,1591409,34,4,,0,8,,1591410,34,4,,0,7,,1591411,34,4,,0,7,,1591412,34,4,,0,7,,1591413,34,4,,0,10,,1591414,34,4,,0,6,,1591415,34,4,,0,47,,1591416,34,4,,0,7,,1591417,34,4,,0,9,,1591418,34,4,,0,10,,1591419,34,4,,0,10,,1591420,34,4,,0,9,,1591421,34,4,,0,9,,1591422,34,4,,0,49,,1591423,34,4,,0,9,,1591424,34,4,,0,9,,1591425,34,4,,0,10,,1591426,34,4,,0,9,,1591427,34,4,,0,10,,1591428,34,4,,0,49,,1591429,34,4,,0,10,,1591430,34,4,,0,9,,1591431,34,4,,0,11,,1591432,34,4,,0,10,,1591433,34,4,,0,10,,1591434,34,4,,0,50,,1591435,34,4,,0,10,,1591436,34,4,,0,10,,1591437,34,4,,0,10,,1591438,34,4,,0,8,,1591439,34,4,,0,10,,1591440,34,4,,0,10,,1591441,34,4,,0,49,,1591442,34,4,,0,9,,1591443,34,4,,0,10,,1591444,34,4,,0,10,,1591445,34,4,,0,10,,1591446,34,4,,0,10,,1591447,34,4,,0,50,,1591448,34,4,,0,9,,1591449,34,4,,0,10,,1591450,34,4,,0,10,,1591451,34,4,,0,10,,1591452,34,4,,0,10,,1591453,34,4,,0,50,,1591454,34,4,,0,10,,1591455,34,4,,0,10,,1591456,34,4,,0,10,,1591457,34,4,,0,10,,1591458,34,4,,0,10,,1591459,34,4,,0,50,,1591460,34,4,,0,10,,1591461,34,4,,0,10,,1591462,34,4,,0,10,,1591463,34,4,,0,10,,1591464,34,4,,0,10,,1591465,34,4,,0,50,,1591466,34,4,,0
80503,'20261006',553,,1538303,34,4,,0,51,,1538302,34,4,,0,11,,1538180,34,4,,0,10,,1538181,34,4,,0,10,,1538182,34,4,,0,10,,1538283,34,4,,0,11,,1538183,34,4,,0,51,,1538276,34,4,,0,12,,1538184,34,4,,0,7,,1538275,34,4,,0,8,,1538185,34,4,,0,9,,1538186,34,4,,0,5,,1538187,34,4,,0,8,,1538307,34,4,,0,45,,1538312,34,4,,0,5,,1538188,34,4,,0,5,,1538313,34,4,,0,5,,1538316,34,4,,0,5,,1538273,34,4,,0,5,,1538314,34,4,,0,5,,1538274,34,4,,0,4,,1538315,34,4,,0,7,,1538189,34,4,,0,5,,1538318,34,4,,0,8,,1538190,34,4,,0,48,,1538191,34,4,,0,7,,1538192,34,4,,0,7,,1538193,34,4,,0,8,,1538272,34,4,,0,7,,1538194,34,4,,0,7,,1538195,34,4,,0,9,,1538196,34,4,,0,10,,1538198,34,4,,0,51,,1538199,34,4,,0,7,,1538197,34,4,,0,10,,1538200,34,4,,0,11,,1538281,34,4,,0,10,,1538201,34,4,,0,10,,1538202,34,4,,0,50,,1538203,34,4,,0,8,,1538204,34,4,,0,10,,1538306,34,4,,0,10,,1538285,34,4,,0,10,,1538205,34,4,,0,10,,1538207,34,4,,0,50,,1538208,34,4,,0,11,,1538286,34,4,,0,10,,1538209,34,4,,0,10,,1538206,34,4,,0,10,,1538210,34,4,,0,10,,1538211,34,4,,0,50,,1538212,34,4,,0,10,,1538213,34,4,,0,10,,1538215,34,4,,0,10,,1538216,34,4,,0,10,,1538217,34,4,,0,10,,1538287,34,4,,0,50,,1538214,34,4,,0,11,,1538288,34,4,,0,10,,1538218,34,4,,0,10,,1538219,34,4,,0,11,,1538220,34,4,,0,10,,1538221,34,4,,0,51,,1538222,34,4,,0,6,,1538277,34,4,,0,7,,1538317,34,4,,0,7,,1538223,34,4,,0,6,,1538225,34,4,,0,5,,1538308,34,4,,0,7,,1538309,34,4,,0,6,,1538226,34,4,,0,47,,1538227,34,4,,0,6,,1538224,34,4,,0,8,,1538284,34,4,,0,8,,1538311,34,4,,0,5,,1538228,34,4,,0,7,,1538279,34,4,,0,5,,1538282,34,4,,0,7,,1538229,34,4,,0,9,,1538230,34,4,,0,47,,1538231,34,4,,0,8,,1538232,34,4,,0,8,,1538233,34,4,,0,7,,1538234,34,4,,0,7,,1538235,34,4,,0,7,,1538236,34,4,,0,10,,1538237,34,4,,0,6,,1538238,34,4,,0,47,,1538239,34,4,,0,7,,1538241,34,4,,0,9,,1538242,34,4,,0,10,,1538243,34,4,,0,10,,1538240,34,4,,0,9,,1538245,34,4,,0,9,,1538246,34,4,,0,49,,1538247,34,4,,0,9,,1538244,34,4,,0,9,,1538248,34,4,,0,10,,1538289,34,4,,0,9,,1538249,34,4,,0,10,,1538250,34,4,,0,49,,1538290,34,4,,0,10,,1538251,34,4,,0,9,,1538252,34,4,,0,11,,1538291,34,4,,0,10,,1538253,34,4,,0,10,,1538254,34,4,,0,50,,1538292,34,4,,0,10,,1538255,34,4,,0,10,,1538256,34,4,,0,10,,1538293,34,4,,0,8,,1538257,34,4,,0,10,,1538258,34,4,,0,10,,1538294,34,4,,0,49,,1538259,34,4,,0,9,,1538260,34,4,,0,10,,1538295,34,4,,0,10,,1538261,34,4,,0,10,,1538262,34,4,,0,10,,1538296,34,4,,0,50,,1538263,34,4,,0,9,,1538264,34,4,,0,10,,1538297,34,4,,0,10,,1538266,34,4,,0,10,,1538267,34,4,,0,10,,1538298,34,4,,0,50,,1538268,34,4,,0,10,,1538265,34,4,,0,10,,1538299,34,4,,0,10,,1538269,34,4,,0,10,,1538270,34,4,,0,10,,1538300,34,4,,0,50,,1538271,34,4,,0,10,,1538278,34,4,,0,10,,1538301,34,4,,0,10,,1538280,34,4,,0,10,,1538304,34,4,,0,10,,1538305,34,4,,0,50,,1538310,34,4,,0
80503,'20261007',553,,1538442,34,4,,0,51,,1538441,34,4,,0,11,,1538319,34,4,,0,10,,1538320,34,4,,0,10,,1538321,34,4,,0,10,,1538422,34,4,,0,11,,1538322,34,4,,0,51,,1538415,34,4,,0,12,,1538323,34,4,,0,7,,1538414,34,4,,0,8,,1538324,34,4,,0,9,,1538325,34,4,,0,5,,1538326,34,4,,0,8,,1538446,34,4,,0,45,,1538451,34,4,,0,5,,1538327,34,4,,0,5,,1538452,34,4,,0,5,,1538455,34,4,,0,5,,1538412,34,4,,0,5,,1538453,34,4,,0,5,,1538413,34,4,,0,4,,1538454,34,4,,0,7,,1538328,34,4,,0,5,,1538457,34,4,,0,8,,1538329,34,4,,0,48,,1538330,34,4,,0,7,,1538331,34,4,,0,7,,1538332,34,4,,0,8,,1538411,34,4,,0,7,,1538333,34,4,,0,7,,1538334,34,4,,0,9,,1538335,34,4,,0,10,,1538337,34,4,,0,51,,1538338,34,4,,0,7,,1538336,34,4,,0,10,,1538339,34,4,,0,11,,1538420,34,4,,0,10,,1538340,34,4,,0,10,,1538341,34,4,,0,50,,1538342,34,4,,0,8,,1538343,34,4,,0,10,,1538445,34,4,,0,10,,1538424,34,4,,0,10,,1538344,34,4,,0,10,,1538346,34,4,,0,50,,1538347,34,4,,0,11,,1538425,34,4,,0,10,,1538348,34,4,,0,10,,1538345,34,4,,0,10,,1538349,34,4,,0,10,,1538350,34,4,,0,50,,1538351,34,4,,0,10,,1538352,34,4,,0,10,,1538354,34,4,,0,10,,1538355,34,4,,0,10,,1538356,34,4,,0,10,,1538426,34,4,,0,50,,1538353,34,4,,0,11,,1538427,34,4,,0,10,,1538357,34,4,,0,10,,1538358,34,4,,0,11,,1538359,34,4,,0,10,,1538360,34,4,,0,51,,1538361,34,4,,0,6,,1538416,34,4,,0,7,,1538456,34,4,,0,7,,1538362,34,4,,0,6,,1538364,34,4,,0,5,,1538447,34,4,,0,7,,1538448,34,4,,0,6,,1538365,34,4,,0,47,,1538366,34,4,,0,6,,1538363,34,4,,0,8,,1538423,34,4,,0,8,,1538450,34,4,,0,5,,1538367,34,4,,0,7,,1538418,34,4,,0,5,,1538421,34,4,,0,7,,1538368,34,4,,0,9,,1538369,34,4,,0,47,,1538370,34,4,,0,8,,1538371,34,4,,0,8,,1538372,34,4,,0,7,,1538373,34,4,,0,7,,1538374,34,4,,0,7,,1538375,34,4,,0,10,,1538376,34,4,,0,6,,1538377,34,4,,0,47,,1538378,34,4,,0,7,,1538380,34,4,,0,9,,1538381,34,4,,0,10,,1538382,34,4,,0,10,,1538379,34,4,,0,9,,1538384,34,4,,0,9,,1538385,34,4,,0,49,,1538386,34,4,,0,9,,1538383,34,4,,0,9,,1538387,34,4,,0,10,,1538428,34,4,,0,9,,1538388,34,4,,0,10,,1538389,34,4,,0,49,,1538429,34,4,,0,10,,1538390,34,4,,0,9,,1538391,34,4,,0,11,,1538430,34,4,,0,10,,1538392,34,4,,0,10,,1538393,34,4,,0,50,,1538431,34,4,,0,10,,1538394,34,4,,0,10,,1538395,34,4,,0,10,,1538432,34,4,,0,8,,1538396,34,4,,0,10,,1538397,34,4,,0,10,,1538433,34,4,,0,49,,1538398,34,4,,0,9,,1538399,34,4,,0,10,,1538434,34,4,,0,10,,1538400,34,4,,0,10,,1538401,34,4,,0,10,,1538435,34,4,,0,50,,1538402,34,4,,0,9,,1538403,34,4,,0,10,,1538436,34,4,,0,10,,1538405,34,4,,0,10,,1538406,34,4,,0,10,,1538437,34,4,,0,50,,1538407,34,4,,0,10,,1538404,34,4,,0,10,,1538438,34,4,,0,10,,1538408,34,4,,0,10,,1538409,34,4,,0,10,,1538439,34,4,,0,50,,1538410,34,4,,0,10,,1538417,34,4,,0,10,,1538440,34,4,,0,10,,1538419,34,4,,0,10,,1538443,34,4,,0,10,,1538444,34,4,,0,50,,1538449,34,4,,0
80503,'20261008',553,,1538581,34,4,,0,51,,1538580,34,4,,0,11,,1538458,34,4,,0,10,,1538459,34,4,,0,10,,1538460,34,4,,0,10,,1538561,34,4,,0,11,,1538461,34,4,,0,51,,1538554,34,4,,0,12,,1538462,34,4,,0,7,,1538553,34,4,,0,8,,1538463,34,4,,0,9,,1538464,34,4,,0,5,,1538465,34,4,,0,8,,1538585,34,4,,0,45,,1538590,34,4,,0,5,,1538466,34,4,,0,5,,1538591,34,4,,0,5,,1538594,34,4,,0,5,,1538551,34,4,,0,5,,1538592,34,4,,0,5,,1538552,34,4,,0,4,,1538593,34,4,,0,7,,1538467,34,4,,0,5,,1538596,34,4,,0,8,,1538468,34,4,,0,48,,1538469,34,4,,0,7,,1538470,34,4,,0,7,,1538471,34,4,,0,8,,1538550,34,4,,0,7,,1538472,34,4,,0,7,,1538473,34,4,,0,9,,1538474,34,4,,0,10,,1538476,34,4,,0,51,,1538477,34,4,,0,7,,1538475,34,4,,0,10,,1538478,34,4,,0,11,,1538559,34,4,,0,10,,1538479,34,4,,0,10,,1538480,34,4,,0,50,,1538481,34,4,,0,8,,1538482,34,4,,0,10,,1538584,34,4,,0,10,,1538563,34,4,,0,10,,1538483,34,4,,0,10,,1538485,34,4,,0,50,,1538486,34,4,,0,11,,1538564,34,4,,0,10,,1538487,34,4,,0,10,,1538484,34,4,,0,10,,1538488,34,4,,0,10,,1538489,34,4,,0,50,,1538490,34,4,,0,10,,1538491,34,4,,0,10,,1538493,34,4,,0,10,,1538494,34,4,,0,10,,1538495,34,4,,0,10,,1538565,34,4,,0,50,,1538492,34,4,,0,11,,1538566,34,4,,0,10,,1538496,34,4,,0,10,,1538497,34,4,,0,11,,1538498,34,4,,0,10,,1538499,34,4,,0,51,,1538500,34,4,,0,6,,1538555,34,4,,0,7,,1538595,34,4,,0,7,,1538501,34,4,,0,6,,1538503,34,4,,0,5,,1538586,34,4,,0,7,,1538587,34,4,,0,6,,1538504,34,4,,0,47,,1538505,34,4,,0,6,,1538502,34,4,,0,8,,1538562,34,4,,0,8,,1538589,34,4,,0,5,,1538506,34,4,,0,7,,1538557,34,4,,0,5,,1538560,34,4,,0,7,,1538507,34,4,,0,9,,1538508,34,4,,0,47,,1538509,34,4,,0,8,,1538510,34,4,,0,8,,1538511,34,4,,0,7,,1538512,34,4,,0,7,,1538513,34,4,,0,7,,1538514,34,4,,0,10,,1538515,34,4,,0,6,,1538516,34,4,,0,47,,1538517,34,4,,0,7,,1538519,34,4,,0,9,,1538520,34,4,,0,10,,1538521,34,4,,0,10,,1538518,34,4,,0,9,,1538523,34,4,,0,9,,1538524,34,4,,0,49,,1538525,34,4,,0,9,,1538522,34,4,,0,9,,1538526,34,4,,0,10,,1538567,34,4,,0,9,,1538527,34,4,,0,10,,1538528,34,4,,0,49,,1538568,34,4,,0,10,,1538529,34,4,,0,9,,1538530,34,4,,0,11,,1538569,34,4,,0,10,,1538531,34,4,,0,10,,1538532,34,4,,0,50,,1538570,34,4,,0,10,,1538533,34,4,,0,10,,1538534,34,4,,0,10,,1538571,34,4,,0,8,,1538535,34,4,,0,10,,1538536,34,4,,0,10,,1538572,34,4,,0,49,,1538537,34,4,,0,9,,1538538,34,4,,0,10,,1538573,34,4,,0,10,,1538539,34,4,,0,10,,1538540,34,4,,0,10,,1538574,34,4,,0,50,,1538541,34,4,,0,9,,1538542,34,4,,0,10,,1538575,34,4,,0,10,,1538544,34,4,,0,10,,1538545,34,4,,0,10,,1538576,34,4,,0,50,,1538546,34,4,,0,10,,1538543,34,4,,0,10,,1538577,34,4,,0,10,,1538547,34,4,,0,10,,1538548,34,4,,0,10,,1538578,34,4,,0,50,,1538549,34,4,,0,10,,1538556,34,4,,0,10,,1538579,34,4,,0,10,,1538558,34,4,,0,10,,1538582,34,4,,0,10,,1538583,34,4,,0,50,,1538588,34,4,,0
80503,'20261009',553,,1538720,34,4,,0,51,,1538719,34,4,,0,11,,1538597,34,4,,0,10,,1538598,34,4,,0,10,,1538599,34,4,,0,10,,1538700,34,4,,0,11,,1538600,34,4,,0,51,,1538693,34,4,,0,12,,1538601,34,4,,0,7,,1538692,34,4,,0,8,,1538602,34,4,,0,9,,1538603,34,4,,0,5,,1538604,34,4,,0,8,,1538724,34,4,,0,45,,1538729,34,4,,0,5,,1538605,34,4,,0,5,,1538730,34,4,,0,5,,1538733,34,4,,0,5,,1538690,34,4,,0,5,,1538731,34,4,,0,5,,1538691,34,4,,0,4,,1538732,34,4,,0,7,,1538606,34,4,,0,5,,1538735,34,4,,0,8,,1538607,34,4,,0,48,,1538608,34,4,,0,7,,1538609,34,4,,0,7,,1538610,34,4,,0,8,,1538689,34,4,,0,7,,1538611,34,4,,0,7,,1538612,34,4,,0,9,,1538613,34,4,,0,10,,1538615,34,4,,0,51,,1538616,34,4,,0,7,,1538614,34,4,,0,10,,1538617,34,4,,0,11,,1538698,34,4,,0,10,,1538618,34,4,,0,10,,1538619,34,4,,0,50,,1538620,34,4,,0,8,,1538621,34,4,,0,10,,1538723,34,4,,0,10,,1538702,34,4,,0,10,,1538622,34,4,,0,10,,1538624,34,4,,0,50,,1538625,34,4,,0,11,,1538703,34,4,,0,10,,1538626,34,4,,0,10,,1538623,34,4,,0,10,,1538627,34,4,,0,10,,1538628,34,4,,0,50,,1538629,34,4,,0,10,,1538630,34,4,,0,10,,1538632,34,4,,0,10,,1538633,34,4,,0,10,,1538634,34,4,,0,10,,1538704,34,4,,0,50,,1538631,34,4,,0,11,,1538705,34,4,,0,10,,1538635,34,4,,0,10,,1538636,34,4,,0,11,,1538637,34,4,,0,10,,1538638,34,4,,0,51,,1538639,34,4,,0,6,,1538694,34,4,,0,7,,1538734,34,4,,0,7,,1538640,34,4,,0,6,,1538642,34,4,,0,5,,1538725,34,4,,0,7,,1538726,34,4,,0,6,,1538643,34,4,,0,47,,1538644,34,4,,0,6,,1538641,34,4,,0,8,,1538701,34,4,,0,8,,1538728,34,4,,0,5,,1538645,34,4,,0,7,,1538696,34,4,,0,5,,1538699,34,4,,0,7,,1538646,34,4,,0,9,,1538647,34,4,,0,47,,1538648,34,4,,0,8,,1538649,34,4,,0,8,,1538650,34,4,,0,7,,1538651,34,4,,0,7,,1538652,34,4,,0,7,,1538653,34,4,,0,10,,1538654,34,4,,0,6,,1538655,34,4,,0,47,,1538656,34,4,,0,7,,1538658,34,4,,0,9,,1538659,34,4,,0,10,,1538660,34,4,,0,10,,1538657,34,4,,0,9,,1538662,34,4,,0,9,,1538663,34,4,,0,49,,1538664,34,4,,0,9,,1538661,34,4,,0,9,,1538665,34,4,,0,10,,1538706,34,4,,0,9,,1538666,34,4,,0,10,,1538667,34,4,,0,49,,1538707,34,4,,0,10,,1538668,34,4,,0,9,,1538669,34,4,,0,11,,1538708,34,4,,0,10,,1538670,34,4,,0,10,,1538671,34,4,,0,50,,1538709,34,4,,0,10,,1538672,34,4,,0,10,,1538673,34,4,,0,10,,1538710,34,4,,0,8,,1538674,34,4,,0,10,,1538675,34,4,,0,10,,1538711,34,4,,0,49,,1538676,34,4,,0,9,,1538677,34,4,,0,10,,1538712,34,4,,0,10,,1538678,34,4,,0,10,,1538679,34,4,,0,10,,1538713,34,4,,0,50,,1538680,34,4,,0,9,,1538681,34,4,,0,10,,1538714,34,4,,0,10,,1538683,34,4,,0,10,,1538684,34,4,,0,10,,1538715,34,4,,0,50,,1538685,34,4,,0,10,,1538682,34,4,,0,10,,1538716,34,4,,0,10,,1538686,34,4,,0,10,,1538687,34,4,,0,10,,1538717,34,4,,0,50,,1538688,34,4,,0,10,,1538695,34,4,,0,10,,1538718,34,4,,0,10,,1538697,34,4,,0,10,,1538721,34,4,,0,10,,1538722,34,4,,0,50,,1538727,34,4,,0
80503,'20261010',610,,1560453,34,4,,0,10,,1560543,34,4,,0,10,,1560538,34,4,,0,10,,1560455,34,4,,0,10,,1560544,34,4,,0,50,,1560456,34,4,,0,10,,1560457,34,4,,0,10,,1560537,34,4,,0,10,,1560545,34,4,,0,10,,1560458,34,4,,0,11,,1560459,34,4,,0,51,,1560460,34,4,,0,11,,1560539,34,4,,0,11,,1560542,34,4,,0,10,,1560546,34,4,,0,10,,1560454,34,4,,0,10,,1560536,34,4,,0,51,,1560461,34,4,,0,10,,1560462,34,4,,0,10,,1560463,34,4,,0,9,,1560547,34,4,,0,10,,1560464,34,4,,0,11,,1560465,34,4,,0,50,,1560466,34,4,,0,10,,1560467,34,4,,0,11,,1560468,34,4,,0,10,,1560548,34,4,,0,11,,1560469,34,4,,0,11,,1560541,34,4,,0,51,,1560470,34,4,,0,11,,1560471,34,4,,0,10,,1560472,34,4,,0,10,,1560549,34,4,,0,10,,1560473,34,4,,0,51,,1560571,34,4,,0,11,,1560474,34,4,,0,10,,1560475,34,4,,0,11,,1560476,34,4,,0,10,,1560477,34,4,,0,10,,1560550,34,4,,0,50,,1560478,34,4,,0,10,,1560479,34,4,,0,10,,1560480,34,4,,0,10,,1560481,34,4,,0,10,,1560482,34,4,,0,10,,1560551,34,4,,0,50,,1560535,34,4,,0,10,,1560483,34,4,,0,10,,1560485,34,4,,0,10,,1560486,34,4,,0,11,,1560487,34,4,,0,11,,1560552,34,4,,0,48,,1560484,34,4,,0,10,,1560489,34,4,,0,10,,1560490,34,4,,0,10,,1560491,34,4,,0,9,,1560488,34,4,,0,10,,1560553,34,4,,0,50,,1560492,34,4,,0,10,,1560493,34,4,,0,9,,1560494,34,4,,0,9,,1560495,34,4,,0,10,,1560496,34,4,,0,10,,1560554,34,4,,0,50,,1560497,34,4,,0,10,,1560498,34,4,,0,10,,1560499,34,4,,0,10,,1560500,34,4,,0,9,,1560501,34,4,,0,9,,1560555,34,4,,0,9,,1560502,34,4,,0,50,,1560503,34,4,,0,10,,1560504,34,4,,0,9,,1560505,34,4,,0,9,,1560556,34,4,,0,11,,1560506,34,4,,0,10,,1560507,34,4,,0,49,,1560508,34,4,,0,9,,1560557,34,4,,0,10,,1560509,34,4,,0,10,,1560510,34,4,,0,10,,1560558,34,4,,0,9,,1560511,34,4,,0,49,,1560512,34,4,,0,10,,1560559,34,4,,0,10,,1560513,34,4,,0,10,,1560515,34,4,,0,10,,1560560,34,4,,0,10,,1560516,34,4,,0,50,,1560517,34,4,,0,10,,1560561,34,4,,0,10,,1560514,34,4,,0,10,,1560519,34,4,,0,10,,1560562,34,4,,0,10,,1560520,34,4,,0,50,,1560521,34,4,,0,10,,1560563,34,4,,0,10,,1560518,34,4,,0,10,,1560522,34,4,,0,10,,1560564,34,4,,0,10,,1560523,34,4,,0,50,,1560524,34,4,,0,9,,1560565,34,4,,0,9,,1560525,34,4,,0,10,,1560526,34,4,,0,10,,1560566,34,4,,0,10,,1560527,34,4,,0,50,,1560528,34,4,,0,10,,1560568,34,4,,0,10,,1560534,34,4,,0,10,,1560529,34,4,,0,10,,1560569,34,4,,0,10,,1560530,34,4,,0,50,,1560531,34,4,,0,10,,1560570,34,4,,0,10,,1560540,34,4,,0,10,,1560532,34,4,,0,11,,1560567,34,4,,0,12,,1560533,34,4,,0
80503,'20261011',610,,1560662,34,4,,0,10,,1560656,34,4,,0,10,,1560663,34,4,,0,10,,1560654,34,4,,0,10,,1560652,34,4,,0,50,,1560665,34,4,,0,10,,1560657,34,4,,0,10,,1560655,34,4,,0,10,,1560653,34,4,,0,10,,1560658,34,4,,0,11,,1560651,34,4,,0,51,,1560666,34,4,,0,11,,1560636,34,4,,0,11,,1560641,34,4,,0,10,,1560629,34,4,,0,10,,1560650,34,4,,0,10,,1560643,34,4,,0,51,,1560667,34,4,,0,10,,1560631,34,4,,0,10,,1560649,34,4,,0,9,,1560642,34,4,,0,10,,1560634,34,4,,0,11,,1560646,34,4,,0,50,,1560664,34,4,,0,10,,1560647,34,4,,0,11,,1560645,34,4,,0,10,,1560632,34,4,,0,11,,1560630,34,4,,0,11,,1560644,34,4,,0,51,,1560668,34,4,,0,11,,1560648,34,4,,0,10,,1560639,34,4,,0,10,,1560640,34,4,,0,10,,1560633,34,4,,0,51,,1560635,34,4,,0,11,,1560669,34,4,,0,10,,1560638,34,4,,0,11,,1560637,34,4,,0,10,,1560613,34,4,,0,10,,1560619,34,4,,0,50,,1560610,34,4,,0,10,,1560670,34,4,,0,10,,1560620,34,4,,0,10,,1560611,34,4,,0,10,,1560617,34,4,,0,10,,1560618,34,4,,0,50,,1560628,34,4,,0,10,,1560671,34,4,,0,10,,1560612,34,4,,0,10,,1560616,34,4,,0,11,,1560624,34,4,,0,11,,1560627,34,4,,0,48,,1560625,34,4,,0,10,,1560672,34,4,,0,10,,1560626,34,4,,0,10,,1560623,34,4,,0,9,,1560622,34,4,,0,10,,1560621,34,4,,0,50,,1560615,34,4,,0,10,,1560673,34,4,,0,9,,1560614,34,4,,0,9,,1560595,34,4,,0,10,,1560593,34,4,,0,10,,1560603,34,4,,0,50,,1560592,34,4,,0,10,,1560674,34,4,,0,10,,1560596,34,4,,0,10,,1560591,34,4,,0,9,,1560604,34,4,,0,9,,1560594,34,4,,0,9,,1560608,34,4,,0,50,,1560675,34,4,,0,10,,1560607,34,4,,0,9,,1560602,34,4,,0,9,,1560600,34,4,,0,11,,1560676,34,4,,0,10,,1560605,34,4,,0,49,,1560598,34,4,,0,9,,1560677,34,4,,0,10,,1560609,34,4,,0,10,,1560590,34,4,,0,10,,1560678,34,4,,0,9,,1560597,34,4,,0,49,,1560589,34,4,,0,10,,1560679,34,4,,0,10,,1560601,34,4,,0,10,,1560588,34,4,,0,10,,1560680,34,4,,0,10,,1560599,34,4,,0,50,,1560606,34,4,,0,10,,1560681,34,4,,0,10,,1560583,34,4,,0,10,,1560587,34,4,,0,10,,1560682,34,4,,0,10,,1560577,34,4,,0,50,,1560586,34,4,,0,10,,1560683,34,4,,0,10,,1560585,34,4,,0,10,,1560576,34,4,,0,10,,1560684,34,4,,0,10,,1560584,34,4,,0,50,,1560659,34,4,,0,9,,1560685,34,4,,0,9,,1560581,34,4,,0,10,,1560582,34,4,,0,10,,1560686,34,4,,0,10,,1560580,34,4,,0,50,,1560579,34,4,,0,10,,1560687,34,4,,0,10,,1560578,34,4,,0,10,,1560574,34,4,,0,10,,1560688,34,4,,0,10,,1560572,34,4,,0,50,,1560573,34,4,,0,10,,1560689,34,4,,0,10,,1560575,34,4,,0,10,,1560660,34,4,,0,11,,1560661,34,4,,0,12,,1560690,34,4,,0
80503,'20261012',610,,1560781,34,4,,0,10,,1560775,34,4,,0,10,,1560782,34,4,,0,10,,1560773,34,4,,0,10,,1560771,34,4,,0,50,,1560784,34,4,,0,10,,1560776,34,4,,0,10,,1560774,34,4,,0,10,,1560772,34,4,,0,10,,1560777,34,4,,0,11,,1560770,34,4,,0,51,,1560785,34,4,,0,11,,1560755,34,4,,0,11,,1560760,34,4,,0,10,,1560748,34,4,,0,10,,1560769,34,4,,0,10,,1560762,34,4,,0,51,,1560786,34,4,,0,10,,1560750,34,4,,0,10,,1560768,34,4,,0,9,,1560761,34,4,,0,10,,1560753,34,4,,0,11,,1560765,34,4,,0,50,,1560783,34,4,,0,10,,1560766,34,4,,0,11,,1560764,34,4,,0,10,,1560751,34,4,,0,11,,1560749,34,4,,0,11,,1560763,34,4,,0,51,,1560787,34,4,,0,11,,1560767,34,4,,0,10,,1560758,34,4,,0,10,,1560759,34,4,,0,10,,1560752,34,4,,0,51,,1560754,34,4,,0,11,,1560788,34,4,,0,10,,1560757,34,4,,0,11,,1560756,34,4,,0,10,,1560732,34,4,,0,10,,1560738,34,4,,0,50,,1560729,34,4,,0,10,,1560789,34,4,,0,10,,1560739,34,4,,0,10,,1560730,34,4,,0,10,,1560736,34,4,,0,10,,1560737,34,4,,0,50,,1560747,34,4,,0,10,,1560790,34,4,,0,10,,1560731,34,4,,0,10,,1560735,34,4,,0,11,,1560743,34,4,,0,11,,1560746,34,4,,0,48,,1560744,34,4,,0,10,,1560791,34,4,,0,10,,1560745,34,4,,0,10,,1560742,34,4,,0,9,,1560741,34,4,,0,10,,1560740,34,4,,0,50,,1560734,34,4,,0,10,,1560792,34,4,,0,9,,1560733,34,4,,0,9,,1560714,34,4,,0,10,,1560712,34,4,,0,10,,1560722,34,4,,0,50,,1560711,34,4,,0,10,,1560793,34,4,,0,10,,1560715,34,4,,0,10,,1560710,34,4,,0,9,,1560723,34,4,,0,9,,1560713,34,4,,0,9,,1560727,34,4,,0,50,,1560794,34,4,,0,10,,1560726,34,4,,0,9,,1560721,34,4,,0,9,,1560719,34,4,,0,11,,1560795,34,4,,0,10,,1560724,34,4,,0,49,,1560717,34,4,,0,9,,1560796,34,4,,0,10,,1560728,34,4,,0,10,,1560709,34,4,,0,10,,1560797,34,4,,0,9,,1560716,34,4,,0,49,,1560708,34,4,,0,10,,1560798,34,4,,0,10,,1560720,34,4,,0,10,,1560707,34,4,,0,10,,1560799,34,4,,0,10,,1560718,34,4,,0,50,,1560725,34,4,,0,10,,1560800,34,4,,0,10,,1560702,34,4,,0,10,,1560706,34,4,,0,10,,1560801,34,4,,0,10,,1560696,34,4,,0,50,,1560705,34,4,,0,10,,1560802,34,4,,0,10,,1560704,34,4,,0,10,,1560695,34,4,,0,10,,1560803,34,4,,0,10,,1560703,34,4,,0,50,,1560778,34,4,,0,9,,1560804,34,4,,0,9,,1560700,34,4,,0,10,,1560701,34,4,,0,10,,1560805,34,4,,0,10,,1560699,34,4,,0,50,,1560698,34,4,,0,10,,1560806,34,4,,0,10,,1560697,34,4,,0,10,,1560693,34,4,,0,10,,1560807,34,4,,0,10,,1560691,34,4,,0,50,,1560692,34,4,,0,10,,1560808,34,4,,0,10,,1560694,34,4,,0,10,,1560779,34,4,,0,11,,1560780,34,4,,0,12,,1560809,34,4,,0
80503,'20261013',553,,1591590,34,4,,0,51,,1591589,34,4,,0,11,,1591467,34,4,,0,10,,1591468,34,4,,0,10,,1591469,34,4,,0,10,,1591570,34,4,,0,11,,1591470,34,4,,0,51,,1591563,34,4,,0,12,,1591471,34,4,,0,7,,1591562,34,4,,0,8,,1591472,34,4,,0,9,,1591473,34,4,,0,5,,1591474,34,4,,0,8,,1591594,34,4,,0,45,,1591599,34,4,,0,5,,1591475,34,4,,0,5,,1591600,34,4,,0,5,,1591603,34,4,,0,5,,1591560,34,4,,0,5,,1591601,34,4,,0,5,,1591561,34,4,,0,4,,1591602,34,4,,0,7,,1591476,34,4,,0,5,,1591605,34,4,,0,8,,1591477,34,4,,0,48,,1591478,34,4,,0,7,,1591479,34,4,,0,7,,1591480,34,4,,0,8,,1591559,34,4,,0,7,,1591481,34,4,,0,7,,1591482,34,4,,0,9,,1591483,34,4,,0,10,,1591485,34,4,,0,51,,1591486,34,4,,0,7,,1591484,34,4,,0,10,,1591487,34,4,,0,11,,1591568,34,4,,0,10,,1591488,34,4,,0,10,,1591489,34,4,,0,50,,1591490,34,4,,0,8,,1591491,34,4,,0,10,,1591593,34,4,,0,10,,1591572,34,4,,0,10,,1591492,34,4,,0,10,,1591494,34,4,,0,50,,1591495,34,4,,0,11,,1591573,34,4,,0,10,,1591496,34,4,,0,10,,1591493,34,4,,0,10,,1591497,34,4,,0,10,,1591498,34,4,,0,50,,1591499,34,4,,0,10,,1591500,34,4,,0,10,,1591502,34,4,,0,10,,1591503,34,4,,0,10,,1591504,34,4,,0,10,,1591574,34,4,,0,50,,1591501,34,4,,0,11,,1591575,34,4,,0,10,,1591505,34,4,,0,10,,1591506,34,4,,0,11,,1591507,34,4,,0,10,,1591508,34,4,,0,51,,1591509,34,4,,0,6,,1591564,34,4,,0,7,,1591604,34,4,,0,7,,1591510,34,4,,0,6,,1591512,34,4,,0,5,,1591595,34,4,,0,7,,1591596,34,4,,0,6,,1591513,34,4,,0,47,,1591514,34,4,,0,6,,1591511,34,4,,0,8,,1591571,34,4,,0,8,,1591598,34,4,,0,5,,1591515,34,4,,0,7,,1591566,34,4,,0,5,,1591569,34,4,,0,7,,1591516,34,4,,0,9,,1591517,34,4,,0,47,,1591518,34,4,,0,8,,1591519,34,4,,0,8,,1591520,34,4,,0,7,,1591521,34,4,,0,7,,1591522,34,4,,0,7,,1591523,34,4,,0,10,,1591524,34,4,,0,6,,1591525,34,4,,0,47,,1591526,34,4,,0,7,,1591528,34,4,,0,9,,1591529,34,4,,0,10,,1591530,34,4,,0,10,,1591527,34,4,,0,9,,1591532,34,4,,0,9,,1591533,34,4,,0,49,,1591534,34,4,,0,9,,1591531,34,4,,0,9,,1591535,34,4,,0,10,,1591576,34,4,,0,9,,1591536,34,4,,0,10,,1591537,34,4,,0,49,,1591577,34,4,,0,10,,1591538,34,4,,0,9,,1591539,34,4,,0,11,,1591578,34,4,,0,10,,1591540,34,4,,0,10,,1591541,34,4,,0,50,,1591579,34,4,,0,10,,1591542,34,4,,0,10,,1591543,34,4,,0,10,,1591580,34,4,,0,8,,1591544,34,4,,0,10,,1591545,34,4,,0,10,,1591581,34,4,,0,49,,1591546,34,4,,0,9,,1591547,34,4,,0,10,,1591582,34,4,,0,10,,1591548,34,4,,0,10,,1591549,34,4,,0,10,,1591583,34,4,,0,50,,1591550,34,4,,0,9,,1591551,34,4,,0,10,,1591584,34,4,,0,10,,1591553,34,4,,0,10,,1591554,34,4,,0,10,,1591585,34,4,,0,50,,1591555,34,4,,0,10,,1591552,34,4,,0,10,,1591586,34,4,,0,10,,1591556,34,4,,0,10,,1591557,34,4,,0,10,,1591587,34,4,,0,50,,1591558,34,4,,0,10,,1591565,34,4,,0,10,,1591588,34,4,,0,10,,1591567,34,4,,0,10,,1591591,34,4,,0,10,,1591592,34,4,,0,50,,1591597,34,4,,0
80503,'20261014',553,,1591729,34,4,,0,51,,1591728,34,4,,0,11,,1591606,34,4,,0,10,,1591607,34,4,,0,10,,1591608,34,4,,0,10,,1591709,34,4,,0,11,,1591609,34,4,,0,51,,1591702,34,4,,0,12,,1591610,34,4,,0,7,,1591701,34,4,,0,8,,1591611,34,4,,0,9,,1591612,34,4,,0,5,,1591613,34,4,,0,8,,1591733,34,4,,0,45,,1591738,34,4,,0,5,,1591614,34,4,,0,5,,1591739,34,4,,0,5,,1591742,34,4,,0,5,,1591699,34,4,,0,5,,1591740,34,4,,0,5,,1591700,34,4,,0,4,,1591741,34,4,,0,7,,1591615,34,4,,0,5,,1591744,34,4,,0,8,,1591616,34,4,,0,48,,1591617,34,4,,0,7,,1591618,34,4,,0,7,,1591619,34,4,,0,8,,1591698,34,4,,0,7,,1591620,34,4,,0,7,,1591621,34,4,,0,9,,1591622,34,4,,0,10,,1591624,34,4,,0,51,,1591625,34,4,,0,7,,1591623,34,4,,0,10,,1591626,34,4,,0,11,,1591707,34,4,,0,10,,1591627,34,4,,0,10,,1591628,34,4,,0,50,,1591629,34,4,,0,8,,1591630,34,4,,0,10,,1591732,34,4,,0,10,,1591711,34,4,,0,10,,1591631,34,4,,0,10,,1591633,34,4,,0,50,,1591634,34,4,,0,11,,1591712,34,4,,0,10,,1591635,34,4,,0,10,,1591632,34,4,,0,10,,1591636,34,4,,0,10,,1591637,34,4,,0,50,,1591638,34,4,,0,10,,1591639,34,4,,0,10,,1591641,34,4,,0,10,,1591642,34,4,,0,10,,1591643,34,4,,0,10,,1591713,34,4,,0,50,,1591640,34,4,,0,11,,1591714,34,4,,0,10,,1591644,34,4,,0,10,,1591645,34,4,,0,11,,1591646,34,4,,0,10,,1591647,34,4,,0,51,,1591648,34,4,,0,6,,1591703,34,4,,0,7,,1591743,34,4,,0,7,,1591649,34,4,,0,6,,1591651,34,4,,0,5,,1591734,34,4,,0,7,,1591735,34,4,,0,6,,1591652,34,4,,0,47,,1591653,34,4,,0,6,,1591650,34,4,,0,8,,1591710,34,4,,0,8,,1591737,34,4,,0,5,,1591654,34,4,,0,7,,1591705,34,4,,0,5,,1591708,34,4,,0,7,,1591655,34,4,,0,9,,1591656,34,4,,0,47,,1591657,34,4,,0,8,,1591658,34,4,,0,8,,1591659,34,4,,0,7,,1591660,34,4,,0,7,,1591661,34,4,,0,7,,1591662,34,4,,0,10,,1591663,34,4,,0,6,,1591664,34,4,,0,47,,1591665,34,4,,0,7,,1591667,34,4,,0,9,,1591668,34,4,,0,10,,1591669,34,4,,0,10,,1591666,34,4,,0,9,,1591671,34,4,,0,9,,1591672,34,4,,0,49,,1591673,34,4,,0,9,,1591670,34,4,,0,9,,1591674,34,4,,0,10,,1591715,34,4,,0,9,,1591675,34,4,,0,10,,1591676,34,4,,0,49,,1591716,34,4,,0,10,,1591677,34,4,,0,9,,1591678,34,4,,0,11,,1591717,34,4,,0,10,,1591679,34,4,,0,10,,1591680,34,4,,0,50,,1591718,34,4,,0,10,,1591681,34,4,,0,10,,1591682,34,4,,0,10,,1591719,34,4,,0,8,,1591683,34,4,,0,10,,1591684,34,4,,0,10,,1591720,34,4,,0,49,,1591685,34,4,,0,9,,1591686,34,4,,0,10,,1591721,34,4,,0,10,,1591687,34,4,,0,10,,1591688,34,4,,0,10,,1591722,34,4,,0,50,,1591689,34,4,,0,9,,1591690,34,4,,0,10,,1591723,34,4,,0,10,,1591692,34,4,,0,10,,1591693,34,4,,0,10,,1591724,34,4,,0,50,,1591694,34,4,,0,10,,1591691,34,4,,0,10,,1591725,34,4,,0,10,,1591695,34,4,,0,10,,1591696,34,4,,0,10,,1591726,34,4,,0,50,,1591697,34,4,,0,10,,1591704,34,4,,0,10,,1591727,34,4,,0,10,,1591706,34,4,,0,10,,1591730,34,4,,0,10,,1591731,34,4,,0,50,,1591736,34,4,,0
80503,'20261015',553,,1591868,34,4,,0,51,,1591867,34,4,,0,11,,1591745,34,4,,0,10,,1591746,34,4,,0,10,,1591747,34,4,,0,10,,1591848,34,4,,0,11,,1591748,34,4,,0,51,,1591841,34,4,,0,12,,1591749,34,4,,0,7,,1591840,34,4,,0,8,,1591750,34,4,,0,9,,1591751,34,4,,0,5,,1591752,34,4,,0,8,,1591872,34,4,,0,45,,1591877,34,4,,0,5,,1591753,34,4,,0,5,,1591878,34,4,,0,5,,1591881,34,4,,0,5,,1591838,34,4,,0,5,,1591879,34,4,,0,5,,1591839,34,4,,0,4,,1591880,34,4,,0,7,,1591754,34,4,,0,5,,1591883,34,4,,0,8,,1591755,34,4,,0,48,,1591756,34,4,,0,7,,1591757,34,4,,0,7,,1591758,34,4,,0,8,,1591837,34,4,,0,7,,1591759,34,4,,0,7,,1591760,34,4,,0,9,,1591761,34,4,,0,10,,1591763,34,4,,0,51,,1591764,34,4,,0,7,,1591762,34,4,,0,10,,1591765,34,4,,0,11,,1591846,34,4,,0,10,,1591766,34,4,,0,10,,1591767,34,4,,0,50,,1591768,34,4,,0,8,,1591769,34,4,,0,10,,1591871,34,4,,0,10,,1591850,34,4,,0,10,,1591770,34,4,,0,10,,1591772,34,4,,0,50,,1591773,34,4,,0,11,,1591851,34,4,,0,10,,1591774,34,4,,0,10,,1591771,34,4,,0,10,,1591775,34,4,,0,10,,1591776,34,4,,0,50,,1591777,34,4,,0,10,,1591778,34,4,,0,10,,1591780,34,4,,0,10,,1591781,34,4,,0,10,,1591782,34,4,,0,10,,1591852,34,4,,0,50,,1591779,34,4,,0,11,,1591853,34,4,,0,10,,1591783,34,4,,0,10,,1591784,34,4,,0,11,,1591785,34,4,,0,10,,1591786,34,4,,0,51,,1591787,34,4,,0,6,,1591842,34,4,,0,7,,1591882,34,4,,0,7,,1591788,34,4,,0,6,,1591790,34,4,,0,5,,1591873,34,4,,0,7,,1591874,34,4,,0,6,,1591791,34,4,,0,47,,1591792,34,4,,0,6,,1591789,34,4,,0,8,,1591849,34,4,,0,8,,1591876,34,4,,0,5,,1591793,34,4,,0,7,,1591844,34,4,,0,5,,1591847,34,4,,0,7,,1591794,34,4,,0,9,,1591795,34,4,,0,47,,1591796,34,4,,0,8,,1591797,34,4,,0,8,,1591798,34,4,,0,7,,1591799,34,4,,0,7,,1591800,34,4,,0,7,,1591801,34,4,,0,10,,1591802,34,4,,0,6,,1591803,34,4,,0,47,,1591804,34,4,,0,7,,1591806,34,4,,0,9,,1591807,34,4,,0,10,,1591808,34,4,,0,10,,1591805,34,4,,0,9,,1591810,34,4,,0,9,,1591811,34,4,,0,49,,1591812,34,4,,0,9,,1591809,34,4,,0,9,,1591813,34,4,,0,10,,1591854,34,4,,0,9,,1591814,34,4,,0,10,,1591815,34,4,,0,49,,1591855,34,4,,0,10,,1591816,34,4,,0,9,,1591817,34,4,,0,11,,1591856,34,4,,0,10,,1591818,34,4,,0,10,,1591819,34,4,,0,50,,1591857,34,4,,0,10,,1591820,34,4,,0,10,,1591821,34,4,,0,10,,1591858,34,4,,0,8,,1591822,34,4,,0,10,,1591823,34,4,,0,10,,1591859,34,4,,0,49,,1591824,34,4,,0,9,,1591825,34,4,,0,10,,1591860,34,4,,0,10,,1591826,34,4,,0,10,,1591827,34,4,,0,10,,1591861,34,4,,0,50,,1591828,34,4,,0,9,,1591829,34,4,,0,10,,1591862,34,4,,0,10,,1591831,34,4,,0,10,,1591832,34,4,,0,10,,1591863,34,4,,0,50,,1591833,34,4,,0,10,,1591830,34,4,,0,10,,1591864,34,4,,0,10,,1591834,34,4,,0,10,,1591835,34,4,,0,10,,1591865,34,4,,0,50,,1591836,34,4,,0,10,,1591843,34,4,,0,10,,1591866,34,4,,0,10,,1591845,34,4,,0,10,,1591869,34,4,,0,10,,1591870,34,4,,0,50,,1591875,34,4,,0
80503,'20261016',553,,1592007,34,4,,0,51,,1592006,34,4,,0,11,,1591884,34,4,,0,10,,1591885,34,4,,0,10,,1591886,34,4,,0,10,,1591987,34,4,,0,11,,1591887,34,4,,0,51,,1591980,34,4,,0,12,,1591888,34,4,,0,7,,1591979,34,4,,0,8,,1591889,34,4,,0,9,,1591890,34,4,,0,5,,1591891,34,4,,0,8,,1592011,34,4,,0,45,,1592016,34,4,,0,5,,1591892,34,4,,0,5,,1592017,34,4,,0,5,,1592020,34,4,,0,5,,1591977,34,4,,0,5,,1592018,34,4,,0,5,,1591978,34,4,,0,4,,1592019,34,4,,0,7,,1591893,34,4,,0,5,,1592022,34,4,,0,8,,1591894,34,4,,0,48,,1591895,34,4,,0,7,,1591896,34,4,,0,7,,1591897,34,4,,0,8,,1591976,34,4,,0,7,,1591898,34,4,,0,7,,1591899,34,4,,0,9,,1591900,34,4,,0,10,,1591902,34,4,,0,51,,1591903,34,4,,0,7,,1591901,34,4,,0,10,,1591904,34,4,,0,11,,1591985,34,4,,0,10,,1591905,34,4,,0,10,,1591906,34,4,,0,50,,1591907,34,4,,0,8,,1591908,34,4,,0,10,,1592010,34,4,,0,10,,1591989,34,4,,0,10,,1591909,34,4,,0,10,,1591911,34,4,,0,50,,1591912,34,4,,0,11,,1591990,34,4,,0,10,,1591913,34,4,,0,10,,1591910,34,4,,0,10,,1591914,34,4,,0,10,,1591915,34,4,,0,50,,1591916,34,4,,0,10,,1591917,34,4,,0,10,,1591919,34,4,,0,10,,1591920,34,4,,0,10,,1591921,34,4,,0,10,,1591991,34,4,,0,50,,1591918,34,4,,0,11,,1591992,34,4,,0,10,,1591922,34,4,,0,10,,1591923,34,4,,0,11,,1591924,34,4,,0,10,,1591925,34,4,,0,51,,1591926,34,4,,0,6,,1591981,34,4,,0,7,,1592021,34,4,,0,7,,1591927,34,4,,0,6,,1591929,34,4,,0,5,,1592012,34,4,,0,7,,1592013,34,4,,0,6,,1591930,34,4,,0,47,,1591931,34,4,,0,6,,1591928,34,4,,0,8,,1591988,34,4,,0,8,,1592015,34,4,,0,5,,1591932,34,4,,0,7,,1591983,34,4,,0,5,,1591986,34,4,,0,7,,1591933,34,4,,0,9,,1591934,34,4,,0,47,,1591935,34,4,,0,8,,1591936,34,4,,0,8,,1591937,34,4,,0,7,,1591938,34,4,,0,7,,1591939,34,4,,0,7,,1591940,34,4,,0,10,,1591941,34,4,,0,6,,1591942,34,4,,0,47,,1591943,34,4,,0,7,,1591945,34,4,,0,9,,1591946,34,4,,0,10,,1591947,34,4,,0,10,,1591944,34,4,,0,9,,1591949,34,4,,0,9,,1591950,34,4,,0,49,,1591951,34,4,,0,9,,1591948,34,4,,0,9,,1591952,34,4,,0,10,,1591993,34,4,,0,9,,1591953,34,4,,0,10,,1591954,34,4,,0,49,,1591994,34,4,,0,10,,1591955,34,4,,0,9,,1591956,34,4,,0,11,,1591995,34,4,,0,10,,1591957,34,4,,0,10,,1591958,34,4,,0,50,,1591996,34,4,,0,10,,1591959,34,4,,0,10,,1591960,34,4,,0,10,,1591997,34,4,,0,8,,1591961,34,4,,0,10,,1591962,34,4,,0,10,,1591998,34,4,,0,49,,1591963,34,4,,0,9,,1591964,34,4,,0,10,,1591999,34,4,,0,10,,1591965,34,4,,0,10,,1591966,34,4,,0,10,,1592000,34,4,,0,50,,1591967,34,4,,0,9,,1591968,34,4,,0,10,,1592001,34,4,,0,10,,1591970,34,4,,0,10,,1591971,34,4,,0,10,,1592002,34,4,,0,50,,1591972,34,4,,0,10,,1591969,34,4,,0,10,,1592003,34,4,,0,10,,1591973,34,4,,0,10,,1591974,34,4,,0,10,,1592004,34,4,,0,50,,1591975,34,4,,0,10,,1591982,34,4,,0,10,,1592005,34,4,,0,10,,1591984,34,4,,0,10,,1592008,34,4,,0,10,,1592009,34,4,,0,50,,1592014,34,4,,0
80702,'20261002',510,,1592023,1,,,1,15,,1592024,1,,,1,14,,1592025,1,,,1,14,,1592026,1,,,1,54,,1592027,1,,,1,15,,1592028,1,,,1,13,,1592029,1,,,1,6,,1592030,1,,,1,6,,1592031,1,,,1,7,,1592032,1,,,1,47,,1592033,1,,,1,4,,1592034,1,,,1,5,,1592035,1,,,1,3,,1592036,1,,,1,5,,1592037,1,,,1,8,,1592038,1,,,1,4,,1592039,1,,,1,6,,1592040,1,,,1,10,,1592041,1,,,1,11,,1592042,1,,,1,53,,1592043,1,,,1,10,,1592044,1,,,1,12,,1592045,1,,,1,11,,1592046,1,,,1,14,,1592047,1,,,1,54,,1592048,1,,,1,15,,1592049,1,,,1,16,,1592050,1,,,1,15,,1592051,1,,,1,55,,1592052,1,,,1,15,,1592053,1,,,1,14,,1592054,1,,,1,14,,1592055,1,,,1,54,,1592056,1,,,1,13,,1592057,1,,,1,15,,1592058,1,,,1,16,,1592059,1,,,1,52,,1592060,1,,,1,13,,1592061,1,,,1,12,,1592062,1,,,1,12,,1592063,1,,,1,12,,1592064,1,,,1,52,,1592065,1,,,1,12,,1592066,1,,,1,12,,1592067,1,,,1,12,,1592068,1,,,1,11,,1592069,1,,,1,51,,1592070,1,,,1,12,,1592071,1,,,1,13,,1592072,1,,,1,10,,1592073,1,,,1,9,,1592074,1,,,1,9,,1592075,1,,,1,48,,1592076,1,,,1,9,,1592077,1,,,1,9,,1592078,1,,,1,11,,1592079,1,,,1,10,,1592080,1,,,1,11,,1592081,1,,,1,50,,1592082,1,,,1,9,,1592083,1,,,1,9,,1592084,1,,,1,12,,1592085,1,,,1,14,,1592086,1,,,1,52,,1592087,1,,,1,14,,1592088,1,,,1,12,,1592089,1,,,1,13,,1592090,1,,,1,16,,1592091,1,,,1,55,,1592092,1,,,1,17,,1592093,1,,,1,16,,1592094,1,,,1,56,,1592095,1,,,1,17,,1592096,1,,,1,16,,1592097,1,,,1,15,,1592098,1,,,1,56,,1592099,1,,,1,15,,1592100,1,,,1,15,,1592101,1,,,1,15,,1592102,1,,,1,54,,1592103,1,,,1,15,,1592104,1,,,1,15,,1592105,1,,,1,15,,1592106,1,,,1,55,,1592107,1,,,1,16,,1592108,1,,,1,15,,1592109,1,,,1,15,,1592110,1,,,1,55,,1592111,1,,,1,17,,1592112,1,,,1,16,,1592113,1,,,1,16,,1592114,1,,,1,55,,1592115,1,,,1,15,,1592116,1,,,1,15,,1592117,1,,,1,15,,1592118,1,,,1
80702,'20261003',531,,1592119,1,,,1,15,,1592120,1,,,1,54,,1592121,1,,,1,15,,1592122,1,,,1,14,,1592123,1,,,1,15,,1592124,1,,,1,15,,1592125,1,,,1,55,,1592126,1,,,1,15,,1592127,1,,,1,14,,1592128,1,,,1,14,,1592129,1,,,1,54,,1592130,1,,,1,14,,1592131,1,,,1,15,,1592132,1,,,1,15,,1592133,1,,,1,53,,1592134,1,,,1,14,,1592135,1,,,1,15,,1592136,1,,,1,14,,1592137,1,,,1,55,,1592138,1,,,1,15,,1592139,1,,,1,15,,1592140,1,,,1,15,,1592141,1,,,1,55,,1592142,1,,,1,14,,1592143,1,,,1,15,,1592144,1,,,1,16,,1592145,1,,,1,54,,1592146,1,,,1,14,,1592147,1,,,1,15,,1592148,1,,,1,15,,1592149,1,,,1,54,,1592150,1,,,1,15,,1592151,1,,,1,15,,1592152,1,,,1,15,,1592153,1,,,1,55,,1592154,1,,,1,14,,1592155,1,,,1,15,,1592156,1,,,1,15,,1592157,1,,,1,55,,1592158,1,,,1,15,,1592159,1,,,1,15,,1592160,1,,,1,15,,1592161,1,,,1,55,,1592162,1,,,1,15,,1592163,1,,,1,16,,1592164,1,,,1,16,,1592165,1,,,1,55,,1592166,1,,,1,15,,1592167,1,,,1,15,,1592168,1,,,1,16,,1592169,1,,,1,56,,1592170,1,,,1,16,,1592171,1,,,1,15,,1592172,1,,,1,15,,1592173,1,,,1,56,,1592174,1,,,1,15,,1592175,1,,,1,17,,1592176,1,,,1,15,,1592177,1,,,1,56,,1592178,1,,,1,15,,1592179,1,,,1,15,,1592180,1,,,1,15,,1592181,1,,,1,55,,1592182,1,,,1,16,,1592183,1,,,1,15,,1592184,1,,,1,15,,1592185,1,,,1,55,,1592186,1,,,1,15,,1592187,1,,,1,15,,1592188,1,,,1,16,,1592189,1,,,1,57,,1592190,1,,,1,15,,1592191,1,,,1,15,,1592192,1,,,1,56,,1592193,1,,,1,15,,1592194,1,,,1,15,,1592195,1,,,1,15,,1592196,1,,,1
80702,'20261004',531,,1592197,1,,,1,15,,1592198,1,,,1,54,,1592199,1,,,1,15,,1592200,1,,,1,14,,1592201,1,,,1,15,,1592202,1,,,1,15,,1592203,1,,,1,55,,1592204,1,,,1,15,,1592205,1,,,1,14,,1592206,1,,,1,14,,1592207,1,,,1,54,,1592208,1,,,1,14,,1592209,1,,,1,15,,1592210,1,,,1,15,,1592211,1,,,1,53,,1592212,1,,,1,14,,1592213,1,,,1,15,,1592214,1,,,1,14,,1592215,1,,,1,55,,1592216,1,,,1,15,,1592217,1,,,1,15,,1592218,1,,,1,15,,1592219,1,,,1,55,,1592220,1,,,1,14,,1592221,1,,,1,15,,1592222,1,,,1,16,,1592223,1,,,1,54,,1592224,1,,,1,14,,1592225,1,,,1,15,,1592226,1,,,1,15,,1592227,1,,,1,54,,1592228,1,,,1,15,,1592229,1,,,1,15,,1592230,1,,,1,15,,1592231,1,,,1,55,,1592232,1,,,1,14,,1592233,1,,,1,15,,1592234,1,,,1,15,,1592235,1,,,1,55,,1592236,1,,,1,15,,1592237,1,,,1,15,,1592238,1,,,1,15,,1592239,1,,,1,55,,1592240,1,,,1,15,,1592241,1,,,1,16,,1592242,1,,,1,16,,1592243,1,,,1,55,,1592244,1,,,1,15,,1592245,1,,,1,15,,1592246,1,,,1,16,,1592247,1,,,1,56,,1592248,1,,,1,16,,1592249,1,,,1,15,,1592250,1,,,1,15,,1592251,1,,,1,56,,1592252,1,,,1,15,,1592253,1,,,1,17,,1592254,1,,,1,15,,1592255,1,,,1,56,,1592256,1,,,1,15,,1592257,1,,,1,15,,1592258,1,,,1,15,,1592259,1,,,1,55,,1592260,1,,,1,16,,1592261,1,,,1,15,,1592262,1,,,1,15,,1592263,1,,,1,55,,1592264,1,,,1,15,,1592265,1,,,1,15,,1592266,1,,,1,16,,1592267,1,,,1,57,,1592268,1,,,1,15,,1592269,1,,,1,15,,1592270,1,,,1,56,,1592271,1,,,1,15,,1592272,1,,,1,15,,1592273,1,,,1,15,,1592274,1,,,1
80702,'20261005',510,,1592275,1,,,1,15,,1592276,1,,,1,14,,1592277,1,,,1,14,,1592278,1,,,1,54,,1592279,1,,,1,15,,1592280,1,,,1,13,,1592281,1,,,1,6,,1592282,1,,,1,6,,1592283,1,,,1,7,,1592284,1,,,1,47,,1592285,1,,,1,4,,1592286,1,,,1,5,,1592287,1,,,1,3,,1592288,1,,,1,5,,1592289,1,,,1,8,,1592290,1,,,1,4,,1592291,1,,,1,6,,1592292,1,,,1,10,,1592293,1,,,1,11,,1592294,1,,,1,53,,1592295,1,,,1,10,,1592296,1,,,1,12,,1592297,1,,,1,11,,1592298,1,,,1,14,,1592299,1,,,1,54,,1592300,1,,,1,15,,1592301,1,,,1,16,,1592302,1,,,1,15,,1592303,1,,,1,55,,1592304,1,,,1,15,,1592305,1,,,1,14,,1592306,1,,,1,14,,1592307,1,,,1,54,,1592308,1,,,1,13,,1592309,1,,,1,15,,1592310,1,,,1,16,,1592311,1,,,1,52,,1592312,1,,,1,13,,1592313,1,,,1,12,,1592314,1,,,1,12,,1592315,1,,,1,12,,1592316,1,,,1,52,,1592317,1,,,1,12,,1592318,1,,,1,12,,1592319,1,,,1,12,,1592320,1,,,1,11,,1592321,1,,,1,51,,1592322,1,,,1,12,,1592323,1,,,1,13,,1592324,1,,,1,10,,1592325,1,,,1,9,,1592326,1,,,1,9,,1592327,1,,,1,48,,1592328,1,,,1,9,,1592329,1,,,1,9,,1592330,1,,,1,11,,1592331,1,,,1,10,,1592332,1,,,1,11,,1592333,1,,,1,50,,1592334,1,,,1,9,,1592335,1,,,1,9,,1592336,1,,,1,12,,1592337,1,,,1,14,,1592338,1,,,1,52,,1592339,1,,,1,14,,1592340,1,,,1,12,,1592341,1,,,1,13,,1592342,1,,,1,16,,1592343,1,,,1,55,,1592344,1,,,1,17,,1592345,1,,,1,16,,1592346,1,,,1,56,,1592347,1,,,1,17,,1592348,1,,,1,16,,1592349,1,,,1,15,,1592350,1,,,1,56,,1592351,1,,,1,15,,1592352,1,,,1,15,,1592353,1,,,1,15,,1592354,1,,,1,54,,1592355,1,,,1,15,,1592356,1,,,1,15,,1592357,1,,,1,15,,1592358,1,,,1,55,,1592359,1,,,1,16,,1592360,1,,,1,15,,1592361,1,,,1,15,,1592362,1,,,1,55,,1592363,1,,,1,17,,1592364,1,,,1,16,,1592365,1,,,1,16,,1592366,1,,,1,55,,1592367,1,,,1,15,,1592368,1,,,1,15,,1592369,1,,,1,15,,1592370,1,,,1
80702,'20261006',510,,1539176,1,,,1,15,,1539136,1,,,1,14,,1539137,1,,,1,14,,1539138,1,,,1,54,,1539139,1,,,1,15,,1539140,1,,,1,13,,1539141,1,,,1,6,,1539085,1,,,1,6,,1539167,1,,,1,7,,1539168,1,,,1,47,,1539174,1,,,1,4,,1539177,1,,,1,5,,1539169,1,,,1,3,,1539178,1,,,1,5,,1539170,1,,,1,8,,1539171,1,,,1,4,,1539179,1,,,1,6,,1539172,1,,,1,10,,1539173,1,,,1,11,,1539166,1,,,1,53,,1539086,1,,,1,10,,1539087,1,,,1,12,,1539088,1,,,1,11,,1539089,1,,,1,14,,1539090,1,,,1,54,,1539091,1,,,1,15,,1539092,1,,,1,16,,1539093,1,,,1,15,,1539094,1,,,1,55,,1539095,1,,,1,15,,1539096,1,,,1,14,,1539097,1,,,1,14,,1539098,1,,,1,54,,1539099,1,,,1,13,,1539100,1,,,1,15,,1539101,1,,,1,16,,1539102,1,,,1,52,,1539103,1,,,1,13,,1539104,1,,,1,12,,1539105,1,,,1,12,,1539106,1,,,1,12,,1539107,1,,,1,52,,1539108,1,,,1,12,,1539109,1,,,1,12,,1539110,1,,,1,12,,1539111,1,,,1,11,,1539112,1,,,1,51,,1539113,1,,,1,12,,1539114,1,,,1,13,,1539115,1,,,1,10,,1539116,1,,,1,9,,1539117,1,,,1,9,,1539118,1,,,1,48,,1539119,1,,,1,9,,1539120,1,,,1,9,,1539121,1,,,1,11,,1539122,1,,,1,10,,1539123,1,,,1,11,,1539124,1,,,1,50,,1539125,1,,,1,9,,1539126,1,,,1,9,,1539127,1,,,1,12,,1539128,1,,,1,14,,1539129,1,,,1,52,,1539130,1,,,1,14,,1539131,1,,,1,12,,1539132,1,,,1,13,,1539133,1,,,1,16,,1539134,1,,,1,55,,1539135,1,,,1,17,,1539142,1,,,1,16,,1539143,1,,,1,56,,1539144,1,,,1,17,,1539145,1,,,1,16,,1539146,1,,,1,15,,1539147,1,,,1,56,,1539148,1,,,1,15,,1539149,1,,,1,15,,1539150,1,,,1,15,,1539151,1,,,1,54,,1539152,1,,,1,15,,1539153,1,,,1,15,,1539154,1,,,1,15,,1539155,1,,,1,55,,1539156,1,,,1,16,,1539157,1,,,1,15,,1539158,1,,,1,15,,1539159,1,,,1,55,,1539160,1,,,1,17,,1539161,1,,,1,16,,1539162,1,,,1,16,,1539163,1,,,1,55,,1539164,1,,,1,15,,1539165,1,,,1,15,,1539084,1,,,1,15,,1539175,1,,,1
80702,'20261007',510,,1539272,1,,,1,15,,1539232,1,,,1,14,,1539233,1,,,1,14,,1539234,1,,,1,54,,1539235,1,,,1,15,,1539236,1,,,1,13,,1539237,1,,,1,6,,1539181,1,,,1,6,,1539263,1,,,1,7,,1539264,1,,,1,47,,1539270,1,,,1,4,,1539273,1,,,1,5,,1539265,1,,,1,3,,1539274,1,,,1,5,,1539266,1,,,1,8,,1539267,1,,,1,4,,1539275,1,,,1,6,,1539268,1,,,1,10,,1539269,1,,,1,11,,1539262,1,,,1,53,,1539182,1,,,1,10,,1539183,1,,,1,12,,1539184,1,,,1,11,,1539185,1,,,1,14,,1539186,1,,,1,54,,1539187,1,,,1,15,,1539188,1,,,1,16,,1539189,1,,,1,15,,1539190,1,,,1,55,,1539191,1,,,1,15,,1539192,1,,,1,14,,1539193,1,,,1,14,,1539194,1,,,1,54,,1539195,1,,,1,13,,1539196,1,,,1,15,,1539197,1,,,1,16,,1539198,1,,,1,52,,1539199,1,,,1,13,,1539200,1,,,1,12,,1539201,1,,,1,12,,1539202,1,,,1,12,,1539203,1,,,1,52,,1539204,1,,,1,12,,1539205,1,,,1,12,,1539206,1,,,1,12,,1539207,1,,,1,11,,1539208,1,,,1,51,,1539209,1,,,1,12,,1539210,1,,,1,13,,1539211,1,,,1,10,,1539212,1,,,1,9,,1539213,1,,,1,9,,1539214,1,,,1,48,,1539215,1,,,1,9,,1539216,1,,,1,9,,1539217,1,,,1,11,,1539218,1,,,1,10,,1539219,1,,,1,11,,1539220,1,,,1,50,,1539221,1,,,1,9,,1539222,1,,,1,9,,1539223,1,,,1,12,,1539224,1,,,1,14,,1539225,1,,,1,52,,1539226,1,,,1,14,,1539227,1,,,1,12,,1539228,1,,,1,13,,1539229,1,,,1,16,,1539230,1,,,1,55,,1539231,1,,,1,17,,1539238,1,,,1,16,,1539239,1,,,1,56,,1539240,1,,,1,17,,1539241,1,,,1,16,,1539242,1,,,1,15,,1539243,1,,,1,56,,1539244,1,,,1,15,,1539245,1,,,1,15,,1539246,1,,,1,15,,1539247,1,,,1,54,,1539248,1,,,1,15,,1539249,1,,,1,15,,1539250,1,,,1,15,,1539251,1,,,1,55,,1539252,1,,,1,16,,1539253,1,,,1,15,,1539254,1,,,1,15,,1539255,1,,,1,55,,1539256,1,,,1,17,,1539257,1,,,1,16,,1539258,1,,,1,16,,1539259,1,,,1,55,,1539260,1,,,1,15,,1539261,1,,,1,15,,1539180,1,,,1,15,,1539271,1,,,1
80702,'20261008',510,,1539368,1,,,1,15,,1539328,1,,,1,14,,1539329,1,,,1,14,,1539330,1,,,1,54,,1539331,1,,,1,15,,1539332,1,,,1,13,,1539333,1,,,1,6,,1539277,1,,,1,6,,1539359,1,,,1,7,,1539360,1,,,1,47,,1539366,1,,,1,4,,1539369,1,,,1,5,,1539361,1,,,1,3,,1539370,1,,,1,5,,1539362,1,,,1,8,,1539363,1,,,1,4,,1539371,1,,,1,6,,1539364,1,,,1,10,,1539365,1,,,1,11,,1539358,1,,,1,53,,1539278,1,,,1,10,,1539279,1,,,1,12,,1539280,1,,,1,11,,1539281,1,,,1,14,,1539282,1,,,1,54,,1539283,1,,,1,15,,1539284,1,,,1,16,,1539285,1,,,1,15,,1539286,1,,,1,55,,1539287,1,,,1,15,,1539288,1,,,1,14,,1539289,1,,,1,14,,1539290,1,,,1,54,,1539291,1,,,1,13,,1539292,1,,,1,15,,1539293,1,,,1,16,,1539294,1,,,1,52,,1539295,1,,,1,13,,1539296,1,,,1,12,,1539297,1,,,1,12,,1539298,1,,,1,12,,1539299,1,,,1,52,,1539300,1,,,1,12,,1539301,1,,,1,12,,1539302,1,,,1,12,,1539303,1,,,1,11,,1539304,1,,,1,51,,1539305,1,,,1,12,,1539306,1,,,1,13,,1539307,1,,,1,10,,1539308,1,,,1,9,,1539309,1,,,1,9,,1539310,1,,,1,48,,1539311,1,,,1,9,,1539312,1,,,1,9,,1539313,1,,,1,11,,1539314,1,,,1,10,,1539315,1,,,1,11,,1539316,1,,,1,50,,1539317,1,,,1,9,,1539318,1,,,1,9,,1539319,1,,,1,12,,1539320,1,,,1,14,,1539321,1,,,1,52,,1539322,1,,,1,14,,1539323,1,,,1,12,,1539324,1,,,1,13,,1539325,1,,,1,16,,1539326,1,,,1,55,,1539327,1,,,1,17,,1539334,1,,,1,16,,1539335,1,,,1,56,,1539336,1,,,1,17,,1539337,1,,,1,16,,1539338,1,,,1,15,,1539339,1,,,1,56,,1539340,1,,,1,15,,1539341,1,,,1,15,,1539342,1,,,1,15,,1539343,1,,,1,54,,1539344,1,,,1,15,,1539345,1,,,1,15,,1539346,1,,,1,15,,1539347,1,,,1,55,,1539348,1,,,1,16,,1539349,1,,,1,15,,1539350,1,,,1,15,,1539351,1,,,1,55,,1539352,1,,,1,17,,1539353,1,,,1,16,,1539354,1,,,1,16,,1539355,1,,,1,55,,1539356,1,,,1,15,,1539357,1,,,1,15,,1539276,1,,,1,15,,1539367,1,,,1
80702,'20261009',510,,1539464,1,,,1,15,,1539424,1,,,1,14,,1539425,1,,,1,14,,1539426,1,,,1,54,,1539427,1,,,1,15,,1539428,1,,,1,13,,1539429,1,,,1,6,,1539373,1,,,1,6,,1539455,1,,,1,7,,1539456,1,,,1,47,,1539462,1,,,1,4,,1539465,1,,,1,5,,1539457,1,,,1,3,,1539466,1,,,1,5,,1539458,1,,,1,8,,1539459,1,,,1,4,,1539467,1,,,1,6,,1539460,1,,,1,10,,1539461,1,,,1,11,,1539454,1,,,1,53,,1539374,1,,,1,10,,1539375,1,,,1,12,,1539376,1,,,1,11,,1539377,1,,,1,14,,1539378,1,,,1,54,,1539379,1,,,1,15,,1539380,1,,,1,16,,1539381,1,,,1,15,,1539382,1,,,1,55,,1539383,1,,,1,15,,1539384,1,,,1,14,,1539385,1,,,1,14,,1539386,1,,,1,54,,1539387,1,,,1,13,,1539388,1,,,1,15,,1539389,1,,,1,16,,1539390,1,,,1,52,,1539391,1,,,1,13,,1539392,1,,,1,12,,1539393,1,,,1,12,,1539394,1,,,1,12,,1539395,1,,,1,52,,1539396,1,,,1,12,,1539397,1,,,1,12,,1539398,1,,,1,12,,1539399,1,,,1,11,,1539400,1,,,1,51,,1539401,1,,,1,12,,1539402,1,,,1,13,,1539403,1,,,1,10,,1539404,1,,,1,9,,1539405,1,,,1,9,,1539406,1,,,1,48,,1539407,1,,,1,9,,1539408,1,,,1,9,,1539409,1,,,1,11,,1539410,1,,,1,10,,1539411,1,,,1,11,,1539412,1,,,1,50,,1539413,1,,,1,9,,1539414,1,,,1,9,,1539415,1,,,1,12,,1539416,1,,,1,14,,1539417,1,,,1,52,,1539418,1,,,1,14,,1539419,1,,,1,12,,1539420,1,,,1,13,,1539421,1,,,1,16,,1539422,1,,,1,55,,1539423,1,,,1,17,,1539430,1,,,1,16,,1539431,1,,,1,56,,1539432,1,,,1,17,,1539433,1,,,1,16,,1539434,1,,,1,15,,1539435,1,,,1,56,,1539436,1,,,1,15,,1539437,1,,,1,15,,1539438,1,,,1,15,,1539439,1,,,1,54,,1539440,1,,,1,15,,1539441,1,,,1,15,,1539442,1,,,1,15,,1539443,1,,,1,55,,1539444,1,,,1,16,,1539445,1,,,1,15,,1539446,1,,,1,15,,1539447,1,,,1,55,,1539448,1,,,1,17,,1539449,1,,,1,16,,1539450,1,,,1,16,,1539451,1,,,1,55,,1539452,1,,,1,15,,1539453,1,,,1,15,,1539372,1,,,1,15,,1539463,1,,,1
80702,'20261010',531,,1561098,1,,,1,15,,1561099,1,,,1,54,,1561100,1,,,1,15,,1561174,1,,,1,14,,1561101,1,,,1,15,,1561102,1,,,1,15,,1561175,1,,,1,55,,1561103,1,,,1,15,,1561104,1,,,1,14,,1561105,1,,,1,14,,1561106,1,,,1,54,,1561107,1,,,1,14,,1561108,1,,,1,15,,1561109,1,,,1,15,,1561110,1,,,1,53,,1561111,1,,,1,14,,1561112,1,,,1,15,,1561113,1,,,1,14,,1561114,1,,,1,55,,1561115,1,,,1,15,,1561116,1,,,1,15,,1561117,1,,,1,15,,1561118,1,,,1,55,,1561119,1,,,1,14,,1561120,1,,,1,15,,1561121,1,,,1,16,,1561122,1,,,1,54,,1561123,1,,,1,14,,1561124,1,,,1,15,,1561125,1,,,1,15,,1561126,1,,,1,54,,1561127,1,,,1,15,,1561128,1,,,1,15,,1561129,1,,,1,15,,1561130,1,,,1,55,,1561131,1,,,1,14,,1561132,1,,,1,15,,1561133,1,,,1,15,,1561134,1,,,1,55,,1561135,1,,,1,15,,1561136,1,,,1,15,,1561137,1,,,1,15,,1561138,1,,,1,55,,1561139,1,,,1,15,,1561140,1,,,1,16,,1561141,1,,,1,16,,1561142,1,,,1,55,,1561143,1,,,1,15,,1561144,1,,,1,15,,1561145,1,,,1,16,,1561146,1,,,1,56,,1561147,1,,,1,16,,1561148,1,,,1,15,,1561149,1,,,1,15,,1561150,1,,,1,56,,1561151,1,,,1,15,,1561152,1,,,1,17,,1561153,1,,,1,15,,1561154,1,,,1,56,,1561155,1,,,1,15,,1561156,1,,,1,15,,1561157,1,,,1,15,,1561158,1,,,1,55,,1561159,1,,,1,16,,1561160,1,,,1,15,,1561161,1,,,1,15,,1561162,1,,,1,55,,1561163,1,,,1,15,,1561164,1,,,1,15,,1561165,1,,,1,16,,1561166,1,,,1,57,,1561167,1,,,1,15,,1561168,1,,,1,15,,1561169,1,,,1,56,,1561170,1,,,1,15,,1561171,1,,,1,15,,1561172,1,,,1,15,,1561173,1,,,1
80702,'20261011',531,,1561176,1,,,1,15,,1561177,1,,,1,54,,1561178,1,,,1,15,,1561252,1,,,1,14,,1561179,1,,,1,15,,1561180,1,,,1,15,,1561253,1,,,1,55,,1561181,1,,,1,15,,1561182,1,,,1,14,,1561183,1,,,1,14,,1561184,1,,,1,54,,1561185,1,,,1,14,,1561186,1,,,1,15,,1561187,1,,,1,15,,1561188,1,,,1,53,,1561189,1,,,1,14,,1561190,1,,,1,15,,1561191,1,,,1,14,,1561192,1,,,1,55,,1561193,1,,,1,15,,1561194,1,,,1,15,,1561195,1,,,1,15,,1561196,1,,,1,55,,1561197,1,,,1,14,,1561198,1,,,1,15,,1561199,1,,,1,16,,1561200,1,,,1,54,,1561201,1,,,1,14,,1561202,1,,,1,15,,1561203,1,,,1,15,,1561204,1,,,1,54,,1561205,1,,,1,15,,1561206,1,,,1,15,,1561207,1,,,1,15,,1561208,1,,,1,55,,1561209,1,,,1,14,,1561210,1,,,1,15,,1561211,1,,,1,15,,1561212,1,,,1,55,,1561213,1,,,1,15,,1561214,1,,,1,15,,1561215,1,,,1,15,,1561216,1,,,1,55,,1561217,1,,,1,15,,1561218,1,,,1,16,,1561219,1,,,1,16,,1561220,1,,,1,55,,1561221,1,,,1,15,,1561222,1,,,1,15,,1561223,1,,,1,16,,1561224,1,,,1,56,,1561225,1,,,1,16,,1561226,1,,,1,15,,1561227,1,,,1,15,,1561228,1,,,1,56,,1561229,1,,,1,15,,1561230,1,,,1,17,,1561231,1,,,1,15,,1561232,1,,,1,56,,1561233,1,,,1,15,,1561234,1,,,1,15,,1561235,1,,,1,15,,1561237,1,,,1,55,,1561238,1,,,1,16,,1561239,1,,,1,15,,1561236,1,,,1,15,,1561240,1,,,1,55,,1561241,1,,,1,15,,1561242,1,,,1,15,,1561243,1,,,1,16,,1561244,1,,,1,57,,1561245,1,,,1,15,,1561246,1,,,1,15,,1561247,1,,,1,56,,1561248,1,,,1,15,,1561249,1,,,1,15,,1561250,1,,,1,15,,1561251,1,,,1
80702,'20261012',531,,1561254,1,,,1,15,,1561255,1,,,1,54,,1561256,1,,,1,15,,1561330,1,,,1,14,,1561257,1,,,1,15,,1561258,1,,,1,15,,1561331,1,,,1,55,,1561259,1,,,1,15,,1561260,1,,,1,14,,1561261,1,,,1,14,,1561262,1,,,1,54,,1561263,1,,,1,14,,1561264,1,,,1,15,,1561265,1,,,1,15,,1561266,1,,,1,53,,1561267,1,,,1,14,,1561268,1,,,1,15,,1561269,1,,,1,14,,1561270,1,,,1,55,,1561271,1,,,1,15,,1561272,1,,,1,15,,1561273,1,,,1,15,,1561274,1,,,1,55,,1561275,1,,,1,14,,1561276,1,,,1,15,,1561277,1,,,1,16,,1561278,1,,,1,54,,1561279,1,,,1,14,,1561280,1,,,1,15,,1561281,1,,,1,15,,1561282,1,,,1,54,,1561283,1,,,1,15,,1561284,1,,,1,15,,1561285,1,,,1,15,,1561286,1,,,1,55,,1561287,1,,,1,14,,1561288,1,,,1,15,,1561289,1,,,1,15,,1561290,1,,,1,55,,1561291,1,,,1,15,,1561292,1,,,1,15,,1561293,1,,,1,15,,1561294,1,,,1,55,,1561295,1,,,1,15,,1561296,1,,,1,16,,1561297,1,,,1,16,,1561298,1,,,1,55,,1561299,1,,,1,15,,1561300,1,,,1,15,,1561301,1,,,1,16,,1561302,1,,,1,56,,1561303,1,,,1,16,,1561304,1,,,1,15,,1561305,1,,,1,15,,1561306,1,,,1,56,,1561307,1,,,1,15,,1561308,1,,,1,17,,1561309,1,,,1,15,,1561310,1,,,1,56,,1561311,1,,,1,15,,1561312,1,,,1,15,,1561313,1,,,1,15,,1561315,1,,,1,55,,1561316,1,,,1,16,,1561317,1,,,1,15,,1561314,1,,,1,15,,1561318,1,,,1,55,,1561319,1,,,1,15,,1561320,1,,,1,15,,1561321,1,,,1,16,,1561322,1,,,1,57,,1561323,1,,,1,15,,1561324,1,,,1,15,,1561325,1,,,1,56,,1561326,1,,,1,15,,1561327,1,,,1,15,,1561328,1,,,1,15,,1561329,1,,,1
80702,'20261013',510,,1592463,1,,,1,15,,1592423,1,,,1,14,,1592424,1,,,1,14,,1592425,1,,,1,54,,1592426,1,,,1,15,,1592427,1,,,1,13,,1592428,1,,,1,6,,1592372,1,,,1,6,,1592454,1,,,1,7,,1592455,1,,,1,47,,1592461,1,,,1,4,,1592464,1,,,1,5,,1592456,1,,,1,3,,1592465,1,,,1,5,,1592457,1,,,1,8,,1592458,1,,,1,4,,1592466,1,,,1,6,,1592459,1,,,1,10,,1592460,1,,,1,11,,1592453,1,,,1,53,,1592373,1,,,1,10,,1592374,1,,,1,12,,1592375,1,,,1,11,,1592376,1,,,1,14,,1592377,1,,,1,54,,1592378,1,,,1,15,,1592379,1,,,1,16,,1592380,1,,,1,15,,1592381,1,,,1,55,,1592382,1,,,1,15,,1592383,1,,,1,14,,1592384,1,,,1,14,,1592385,1,,,1,54,,1592386,1,,,1,13,,1592387,1,,,1,15,,1592388,1,,,1,16,,1592389,1,,,1,52,,1592390,1,,,1,13,,1592391,1,,,1,12,,1592392,1,,,1,12,,1592393,1,,,1,12,,1592394,1,,,1,52,,1592395,1,,,1,12,,1592396,1,,,1,12,,1592397,1,,,1,12,,1592398,1,,,1,11,,1592399,1,,,1,51,,1592400,1,,,1,12,,1592401,1,,,1,13,,1592402,1,,,1,10,,1592403,1,,,1,9,,1592404,1,,,1,9,,1592405,1,,,1,48,,1592406,1,,,1,9,,1592407,1,,,1,9,,1592408,1,,,1,11,,1592409,1,,,1,10,,1592410,1,,,1,11,,1592411,1,,,1,50,,1592412,1,,,1,9,,1592413,1,,,1,9,,1592414,1,,,1,12,,1592415,1,,,1,14,,1592416,1,,,1,52,,1592417,1,,,1,14,,1592418,1,,,1,12,,1592419,1,,,1,13,,1592420,1,,,1,16,,1592421,1,,,1,55,,1592422,1,,,1,17,,1592429,1,,,1,16,,1592430,1,,,1,56,,1592431,1,,,1,17,,1592432,1,,,1,16,,1592433,1,,,1,15,,1592434,1,,,1,56,,1592435,1,,,1,15,,1592436,1,,,1,15,,1592437,1,,,1,15,,1592438,1,,,1,54,,1592439,1,,,1,15,,1592440,1,,,1,15,,1592441,1,,,1,15,,1592442,1,,,1,55,,1592443,1,,,1,16,,1592444,1,,,1,15,,1592445,1,,,1,15,,1592446,1,,,1,55,,1592447,1,,,1,17,,1592448,1,,,1,16,,1592449,1,,,1,16,,1592450,1,,,1,55,,1592451,1,,,1,15,,1592452,1,,,1,15,,1592371,1,,,1,15,,1592462,1,,,1
80702,'20261014',510,,1592559,1,,,1,15,,1592519,1,,,1,14,,1592520,1,,,1,14,,1592521,1,,,1,54,,1592522,1,,,1,15,,1592523,1,,,1,13,,1592524,1,,,1,6,,1592468,1,,,1,6,,1592550,1,,,1,7,,1592551,1,,,1,47,,1592557,1,,,1,4,,1592560,1,,,1,5,,1592552,1,,,1,3,,1592561,1,,,1,5,,1592553,1,,,1,8,,1592554,1,,,1,4,,1592562,1,,,1,6,,1592555,1,,,1,10,,1592556,1,,,1,11,,1592549,1,,,1,53,,1592469,1,,,1,10,,1592470,1,,,1,12,,1592471,1,,,1,11,,1592472,1,,,1,14,,1592473,1,,,1,54,,1592474,1,,,1,15,,1592475,1,,,1,16,,1592476,1,,,1,15,,1592477,1,,,1,55,,1592478,1,,,1,15,,1592479,1,,,1,14,,1592480,1,,,1,14,,1592481,1,,,1,54,,1592482,1,,,1,13,,1592483,1,,,1,15,,1592484,1,,,1,16,,1592485,1,,,1,52,,1592486,1,,,1,13,,1592487,1,,,1,12,,1592488,1,,,1,12,,1592489,1,,,1,12,,1592490,1,,,1,52,,1592491,1,,,1,12,,1592492,1,,,1,12,,1592493,1,,,1,12,,1592494,1,,,1,11,,1592495,1,,,1,51,,1592496,1,,,1,12,,1592497,1,,,1,13,,1592498,1,,,1,10,,1592499,1,,,1,9,,1592500,1,,,1,9,,1592501,1,,,1,48,,1592502,1,,,1,9,,1592503,1,,,1,9,,1592504,1,,,1,11,,1592505,1,,,1,10,,1592506,1,,,1,11,,1592507,1,,,1,50,,1592508,1,,,1,9,,1592509,1,,,1,9,,1592510,1,,,1,12,,1592511,1,,,1,14,,1592512,1,,,1,52,,1592513,1,,,1,14,,1592514,1,,,1,12,,1592515,1,,,1,13,,1592516,1,,,1,16,,1592517,1,,,1,55,,1592518,1,,,1,17,,1592525,1,,,1,16,,1592526,1,,,1,56,,1592527,1,,,1,17,,1592528,1,,,1,16,,1592529,1,,,1,15,,1592530,1,,,1,56,,1592531,1,,,1,15,,1592532,1,,,1,15,,1592533,1,,,1,15,,1592534,1,,,1,54,,1592535,1,,,1,15,,1592536,1,,,1,15,,1592537,1,,,1,15,,1592538,1,,,1,55,,1592539,1,,,1,16,,1592540,1,,,1,15,,1592541,1,,,1,15,,1592542,1,,,1,55,,1592543,1,,,1,17,,1592544,1,,,1,16,,1592545,1,,,1,16,,1592546,1,,,1,55,,1592547,1,,,1,15,,1592548,1,,,1,15,,1592467,1,,,1,15,,1592558,1,,,1
80702,'20261015',510,,1592655,1,,,1,15,,1592615,1,,,1,14,,1592616,1,,,1,14,,1592617,1,,,1,54,,1592618,1,,,1,15,,1592619,1,,,1,13,,1592620,1,,,1,6,,1592564,1,,,1,6,,1592646,1,,,1,7,,1592647,1,,,1,47,,1592653,1,,,1,4,,1592656,1,,,1,5,,1592648,1,,,1,3,,1592657,1,,,1,5,,1592649,1,,,1,8,,1592650,1,,,1,4,,1592658,1,,,1,6,,1592651,1,,,1,10,,1592652,1,,,1,11,,1592645,1,,,1,53,,1592565,1,,,1,10,,1592566,1,,,1,12,,1592567,1,,,1,11,,1592568,1,,,1,14,,1592569,1,,,1,54,,1592570,1,,,1,15,,1592571,1,,,1,16,,1592572,1,,,1,15,,1592573,1,,,1,55,,1592574,1,,,1,15,,1592575,1,,,1,14,,1592576,1,,,1,14,,1592577,1,,,1,54,,1592578,1,,,1,13,,1592579,1,,,1,15,,1592580,1,,,1,16,,1592581,1,,,1,52,,1592582,1,,,1,13,,1592583,1,,,1,12,,1592584,1,,,1,12,,1592585,1,,,1,12,,1592586,1,,,1,52,,1592587,1,,,1,12,,1592588,1,,,1,12,,1592589,1,,,1,12,,1592590,1,,,1,11,,1592591,1,,,1,51,,1592592,1,,,1,12,,1592593,1,,,1,13,,1592594,1,,,1,10,,1592595,1,,,1,9,,1592596,1,,,1,9,,1592597,1,,,1,48,,1592598,1,,,1,9,,1592599,1,,,1,9,,1592600,1,,,1,11,,1592601,1,,,1,10,,1592602,1,,,1,11,,1592603,1,,,1,50,,1592604,1,,,1,9,,1592605,1,,,1,9,,1592606,1,,,1,12,,1592607,1,,,1,14,,1592608,1,,,1,52,,1592609,1,,,1,14,,1592610,1,,,1,12,,1592611,1,,,1,13,,1592612,1,,,1,16,,1592613,1,,,1,55,,1592614,1,,,1,17,,1592621,1,,,1,16,,1592622,1,,,1,56,,1592623,1,,,1,17,,1592624,1,,,1,16,,1592625,1,,,1,15,,1592626,1,,,1,56,,1592627,1,,,1,15,,1592628,1,,,1,15,,1592629,1,,,1,15,,1592630,1,,,1,54,,1592631,1,,,1,15,,1592632,1,,,1,15,,1592633,1,,,1,15,,1592634,1,,,1,55,,1592635,1,,,1,16,,1592636,1,,,1,15,,1592637,1,,,1,15,,1592638,1,,,1,55,,1592639,1,,,1,17,,1592640,1,,,1,16,,1592641,1,,,1,16,,1592642,1,,,1,55,,1592643,1,,,1,15,,1592644,1,,,1,15,,1592563,1,,,1,15,,1592654,1,,,1
80702,'20261016',510,,1592751,1,,,1,15,,1592711,1,,,1,14,,1592712,1,,,1,14,,1592713,1,,,1,54,,1592714,1,,,1,15,,1592715,1,,,1,13,,1592716,1,,,1,6,,1592660,1,,,1,6,,1592742,1,,,1,7,,1592743,1,,,1,47,,1592749,1,,,1,4,,1592752,1,,,1,5,,1592744,1,,,1,3,,1592753,1,,,1,5,,1592745,1,,,1,8,,1592746,1,,,1,4,,1592754,1,,,1,6,,1592747,1,,,1,10,,1592748,1,,,1,11,,1592741,1,,,1,53,,1592661,1,,,1,10,,1592662,1,,,1,12,,1592663,1,,,1,11,,1592664,1,,,1,14,,1592665,1,,,1,54,,1592666,1,,,1,15,,1592667,1,,,1,16,,1592668,1,,,1,15,,1592669,1,,,1,55,,1592670,1,,,1,15,,1592671,1,,,1,14,,1592672,1,,,1,14,,1592673,1,,,1,54,,1592674,1,,,1,13,,1592675,1,,,1,15,,1592676,1,,,1,16,,1592677,1,,,1,52,,1592678,1,,,1,13,,1592679,1,,,1,12,,1592680,1,,,1,12,,1592681,1,,,1,12,,1592682,1,,,1,52,,1592683,1,,,1,12,,1592684,1,,,1,12,,1592685,1,,,1,12,,1592686,1,,,1,11,,1592687,1,,,1,51,,1592688,1,,,1,12,,1592689,1,,,1,13,,1592690,1,,,1,10,,1592691,1,,,1,9,,1592692,1,,,1,9,,1592693,1,,,1,48,,1592694,1,,,1,9,,1592695,1,,,1,9,,1592696,1,,,1,11,,1592697,1,,,1,10,,1592698,1,,,1,11,,1592699,1,,,1,50,,1592700,1,,,1,9,,1592701,1,,,1,9,,1592702,1,,,1,12,,1592703,1,,,1,14,,1592704,1,,,1,52,,1592705,1,,,1,14,,1592706,1,,,1,12,,1592707,1,,,1,13,,1592708,1,,,1,16,,1592709,1,,,1,55,,1592710,1,,,1,17,,1592717,1,,,1,16,,1592718,1,,,1,56,,1592719,1,,,1,17,,1592720,1,,,1,16,,1592721,1,,,1,15,,1592722,1,,,1,56,,1592723,1,,,1,15,,1592724,1,,,1,15,,1592725,1,,,1,15,,1592726,1,,,1,54,,1592727,1,,,1,15,,1592728,1,,,1,15,,1592729,1,,,1,15,,1592730,1,,,1,55,,1592731,1,,,1,16,,1592732,1,,,1,15,,1592733,1,,,1,15,,1592734,1,,,1,55,,1592735,1,,,1,17,,1592736,1,,,1,16,,1592737,1,,,1,16,,1592738,1,,,1,55,,1592739,1,,,1,15,,1592740,1,,,1,15,,1592659,1,,,1,15,,1592750,1,,,1
80703,'20261002',550,,1592755,35,4,,1,55,,1592756,35,4,,1,17,,1592757,35,4,,1,18,,1592758,35,4,,1,19,,1592759,35,4,,1,56,,1592760,35,4,,1,18,,1592761,35,4,,1,11,,1592762,35,4,,1,14,,1592763,35,4,,1,49,,1592764,35,4,,1,6,,1592765,35,4,,1,5,,1592766,35,4,,1,5,,1592767,35,4,,1,6,,1592768,35,4,,1,7,,1592769,35,4,,1,10,,1592770,35,4,,1,10,,1592771,35,4,,1,50,,1592772,35,4,,1,8,,1592773,35,4,,1,8,,1592774,35,4,,1,7,,1592775,35,4,,1,9,,1592776,35,4,,1,15,,1592777,35,4,,1,54,,1592778,35,4,,1,15,,1592779,35,4,,1,14,,1592780,35,4,,1,14,,1592781,35,4,,1,55,,1592782,35,4,,1,15,,1592783,35,4,,1,15,,1592784,35,4,,1,15,,1592785,35,4,,1,56,,1592786,35,4,,1,16,,1592787,35,4,,1,15,,1592788,35,4,,1,13,,1592789,35,4,,1,52,,1592790,35,4,,1,13,,1592791,35,4,,1,11,,1592792,35,4,,1,11,,1592793,35,4,,1,13,,1592794,35,4,,1,52,,1592795,35,4,,1,12,,1592796,35,4,,1,12,,1592797,35,4,,1,12,,1592798,35,4,,1,12,,1592799,35,4,,1,52,,1592800,35,4,,1,14,,1592801,35,4,,1,15,,1592802,35,4,,1,14,,1592803,35,4,,1,8,,1592804,35,4,,1,48,,1592805,35,4,,1,10,,1592806,35,4,,1,13,,1592807,35,4,,1,10,,1592808,35,4,,1,11,,1592809,35,4,,1,11,,1592810,35,4,,1,51,,1592811,35,4,,1,9,,1592812,35,4,,1,9,,1592813,35,4,,1,10,,1592814,35,4,,1,9,,1592815,35,4,,1,8,,1592816,35,4,,1,48,,1592817,35,4,,1,9,,1592818,35,4,,1,8,,1592819,35,4,,1,9,,1592820,35,4,,1,15,,1592821,35,4,,1,12,,1592822,35,4,,1,51,,1592823,35,4,,1,13,,1592824,35,4,,1,15,,1592825,35,4,,1,15,,1592826,35,4,,1,54,,1592827,35,4,,1,15,,1592828,35,4,,1,15,,1592829,35,4,,1,15,,1592830,35,4,,1,54,,1592831,35,4,,1,15,,1592832,35,4,,1,15,,1592833,35,4,,1,15,,1592834,35,4,,1,55,,1592835,35,4,,1,15,,1592836,35,4,,1,15,,1592837,35,4,,1,15,,1592838,35,4,,1,13,,1592839,35,4,,1,53,,1592840,35,4,,1,15,,1592841,35,4,,1,13,,1592842,35,4,,1,13,,1592843,35,4,,1,55,,1592844,35,4,,1,15,,1592845,35,4,,1,14,,1592846,35,4,,1,14,,1592847,35,4,,1,53,,1592848,35,4,,1,15,,1592849,35,4,,1
80703,'20261003',603,,1592850,35,4,,1,15,,1592851,35,4,,1,16,,1592852,35,4,,1,15,,1592853,35,4,,1,55,,1592854,35,4,,1,16,,1592855,35,4,,1,15,,1592856,35,4,,1,15,,1592857,35,4,,1,56,,1592858,35,4,,1,15,,1592859,35,4,,1,15,,1592860,35,4,,1,16,,1592861,35,4,,1,55,,1592862,35,4,,1,15,,1592863,35,4,,1,16,,1592864,35,4,,1,17,,1592865,35,4,,1,56,,1592866,35,4,,1,15,,1592867,35,4,,1,17,,1592868,35,4,,1,15,,1592869,35,4,,1,56,,1592870,35,4,,1,15,,1592871,35,4,,1,16,,1592872,35,4,,1,56,,1592873,35,4,,1,17,,1592874,35,4,,1,15,,1592875,35,4,,1,15,,1592876,35,4,,1,55,,1592877,35,4,,1,15,,1592878,35,4,,1,16,,1592879,35,4,,1,16,,1592880,35,4,,1,55,,1592881,35,4,,1,15,,1592882,35,4,,1,15,,1592883,35,4,,1,15,,1592884,35,4,,1,56,,1592885,35,4,,1,16,,1592886,35,4,,1,15,,1592887,35,4,,1,15,,1592888,35,4,,1,55,,1592889,35,4,,1,15,,1592890,35,4,,1,15,,1592891,35,4,,1,15,,1592892,35,4,,1,55,,1592893,35,4,,1,15,,1592894,35,4,,1,15,,1592895,35,4,,1,14,,1592896,35,4,,1,55,,1592897,35,4,,1,15,,1592898,35,4,,1,13,,1592899,35,4,,1,15,,1592900,35,4,,1,55,,1592901,35,4,,1,14,,1592902,35,4,,1,13,,1592903,35,4,,1,14,,1592904,35,4,,1,55,,1592905,35,4,,1,12,,1592906,35,4,,1,14,,1592907,35,4,,1,14,,1592908,35,4,,1,15,,1592909,35,4,,1,55,,1592910,35,4,,1,14,,1592911,35,4,,1,15,,1592912,35,4,,1,15,,1592913,35,4,,1,55,,1592914,35,4,,1,14,,1592915,35,4,,1,15,,1592916,35,4,,1,15,,1592917,35,4,,1,54,,1592918,35,4,,1,15,,1592919,35,4,,1,14,,1592920,35,4,,1,15,,1592921,35,4,,1,54,,1592922,35,4,,1,15,,1592923,35,4,,1,14,,1592924,35,4,,1,13,,1592925,35,4,,1,54,,1592926,35,4,,1,15,,1592927,35,4,,1
80703,'20261004',603,,1592928,35,4,,1,15,,1592929,35,4,,1,16,,1592930,35,4,,1,15,,1592931,35,4,,1,55,,1592932,35,4,,1,16,,1592933,35,4,,1,15,,1592934,35,4,,1,15,,1592935,35,4,,1,56,,1592936,35,4,,1,15,,1592937,35,4,,1,15,,1592938,35,4,,1,16,,1592939,35,4,,1,55,,1592940,35,4,,1,15,,1592941,35,4,,1,16,,1592942,35,4,,1,17,,1592943,35,4,,1,56,,1592944,35,4,,1,15,,1592945,35,4,,1,17,,1592946,35,4,,1,15,,1592947,35,4,,1,56,,1592948,35,4,,1,15,,1592949,35,4,,1,16,,1592950,35,4,,1,56,,1592951,35,4,,1,17,,1592952,35,4,,1,15,,1592953,35,4,,1,15,,1592954,35,4,,1,55,,1592955,35,4,,1,15,,1592956,35,4,,1,16,,1592957,35,4,,1,16,,1592958,35,4,,1,55,,1592959,35,4,,1,15,,1592960,35,4,,1,15,,1592961,35,4,,1,15,,1592962,35,4,,1,56,,1592963,35,4,,1,16,,1592964,35,4,,1,15,,1592965,35,4,,1,15,,1592966,35,4,,1,55,,1592967,35,4,,1,15,,1592968,35,4,,1,15,,1592969,35,4,,1,15,,1592970,35,4,,1,55,,1592971,35,4,,1,15,,1592972,35,4,,1,15,,1592973,35,4,,1,14,,1592974,35,4,,1,55,,1592975,35,4,,1,15,,1592976,35,4,,1,13,,1592977,35,4,,1,15,,1592978,35,4,,1,55,,1592979,35,4,,1,14,,1592980,35,4,,1,13,,1592981,35,4,,1,14,,1592982,35,4,,1,55,,1592983,35,4,,1,12,,1592984,35,4,,1,14,,1592985,35,4,,1,14,,1592986,35,4,,1,15,,1592987,35,4,,1,55,,1592988,35,4,,1,14,,1592989,35,4,,1,15,,1592990,35,4,,1,15,,1592991,35,4,,1,55,,1592992,35,4,,1,14,,1592993,35,4,,1,15,,1592994,35,4,,1,15,,1592995,35,4,,1,54,,1592996,35,4,,1,15,,1592997,35,4,,1,14,,1592998,35,4,,1,15,,1592999,35,4,,1,54,,1593000,35,4,,1,15,,1593001,35,4,,1,14,,1593002,35,4,,1,13,,1593003,35,4,,1,54,,1593004,35,4,,1,15,,1593005,35,4,,1
80703,'20261005',550,,1593006,35,4,,1,55,,1593007,35,4,,1,17,,1593008,35,4,,1,18,,1593009,35,4,,1,19,,1593010,35,4,,1,56,,1593011,35,4,,1,18,,1593012,35,4,,1,11,,1593013,35,4,,1,14,,1593014,35,4,,1,49,,1593015,35,4,,1,6,,1593016,35,4,,1,5,,1593017,35,4,,1,5,,1593018,35,4,,1,6,,1593019,35,4,,1,7,,1593020,35,4,,1,10,,1593021,35,4,,1,10,,1593022,35,4,,1,50,,1593023,35,4,,1,8,,1593024,35,4,,1,8,,1593025,35,4,,1,7,,1593026,35,4,,1,9,,1593027,35,4,,1,15,,1593028,35,4,,1,54,,1593029,35,4,,1,15,,1593030,35,4,,1,14,,1593031,35,4,,1,14,,1593032,35,4,,1,55,,1593033,35,4,,1,15,,1593034,35,4,,1,15,,1593035,35,4,,1,15,,1593036,35,4,,1,56,,1593037,35,4,,1,16,,1593038,35,4,,1,15,,1593039,35,4,,1,13,,1593040,35,4,,1,52,,1593041,35,4,,1,13,,1593042,35,4,,1,11,,1593043,35,4,,1,11,,1593044,35,4,,1,13,,1593045,35,4,,1,52,,1593046,35,4,,1,12,,1593047,35,4,,1,12,,1593048,35,4,,1,12,,1593049,35,4,,1,12,,1593050,35,4,,1,52,,1593051,35,4,,1,14,,1593052,35,4,,1,15,,1593053,35,4,,1,14,,1593054,35,4,,1,8,,1593055,35,4,,1,48,,1593056,35,4,,1,10,,1593057,35,4,,1,13,,1593058,35,4,,1,10,,1593059,35,4,,1,11,,1593060,35,4,,1,11,,1593061,35,4,,1,51,,1593062,35,4,,1,9,,1593063,35,4,,1,9,,1593064,35,4,,1,10,,1593065,35,4,,1,9,,1593066,35,4,,1,8,,1593067,35,4,,1,48,,1593068,35,4,,1,9,,1593069,35,4,,1,8,,1593070,35,4,,1,9,,1593071,35,4,,1,15,,1593072,35,4,,1,12,,1593073,35,4,,1,51,,1593074,35,4,,1,13,,1593075,35,4,,1,15,,1593076,35,4,,1,15,,1593077,35,4,,1,54,,1593078,35,4,,1,15,,1593079,35,4,,1,15,,1593080,35,4,,1,15,,1593081,35,4,,1,54,,1593082,35,4,,1,15,,1593083,35,4,,1,15,,1593084,35,4,,1,15,,1593085,35,4,,1,55,,1593086,35,4,,1,15,,1593087,35,4,,1,15,,1593088,35,4,,1,15,,1593089,35,4,,1,13,,1593090,35,4,,1,53,,1593091,35,4,,1,15,,1593092,35,4,,1,13,,1593093,35,4,,1,13,,1593094,35,4,,1,55,,1593095,35,4,,1,15,,1593096,35,4,,1,14,,1593097,35,4,,1,14,,1593098,35,4,,1,53,,1593099,35,4,,1,15,,1593100,35,4,,1
80703,'20261006',550,,1539814,35,4,,1,55,,1539837,35,4,,1,17,,1539815,35,4,,1,18,,1539816,35,4,,1,19,,1539817,35,4,,1,56,,1539818,35,4,,1,18,,1539819,35,4,,1,11,,1539899,35,4,,1,14,,1539900,35,4,,1,49,,1539901,35,4,,1,6,,1539907,35,4,,1,5,,1539902,35,4,,1,5,,1539908,35,4,,1,6,,1539903,35,4,,1,7,,1539904,35,4,,1,10,,1539880,35,4,,1,10,,1539881,35,4,,1,50,,1539883,35,4,,1,8,,1539858,35,4,,1,8,,1539857,35,4,,1,7,,1539878,35,4,,1,9,,1539856,35,4,,1,15,,1539879,35,4,,1,54,,1539877,35,4,,1,15,,1539854,35,4,,1,14,,1539853,35,4,,1,14,,1539876,35,4,,1,55,,1539875,35,4,,1,15,,1539852,35,4,,1,15,,1539874,35,4,,1,15,,1539873,35,4,,1,56,,1539851,35,4,,1,16,,1539872,35,4,,1,15,,1539850,35,4,,1,13,,1539871,35,4,,1,52,,1539849,35,4,,1,13,,1539870,35,4,,1,11,,1539860,35,4,,1,11,,1539848,35,4,,1,13,,1539859,35,4,,1,52,,1539869,35,4,,1,12,,1539838,35,4,,1,12,,1539847,35,4,,1,12,,1539846,35,4,,1,12,,1539868,35,4,,1,52,,1539867,35,4,,1,14,,1539845,35,4,,1,15,,1539866,35,4,,1,14,,1539844,35,4,,1,8,,1539865,35,4,,1,48,,1539906,35,4,,1,10,,1539820,35,4,,1,13,,1539864,35,4,,1,10,,1539843,35,4,,1,11,,1539863,35,4,,1,11,,1539842,35,4,,1,51,,1539862,35,4,,1,9,,1539827,35,4,,1,9,,1539828,35,4,,1,10,,1539840,35,4,,1,9,,1539829,35,4,,1,8,,1539839,35,4,,1,48,,1539861,35,4,,1,9,,1539830,35,4,,1,8,,1539841,35,4,,1,9,,1539855,35,4,,1,15,,1539905,35,4,,1,12,,1539882,35,4,,1,51,,1539886,35,4,,1,13,,1539885,35,4,,1,15,,1539821,35,4,,1,15,,1539831,35,4,,1,54,,1539822,35,4,,1,15,,1539832,35,4,,1,15,,1539823,35,4,,1,15,,1539833,35,4,,1,54,,1539824,35,4,,1,15,,1539834,35,4,,1,15,,1539825,35,4,,1,15,,1539835,35,4,,1,55,,1539826,35,4,,1,15,,1539836,35,4,,1,15,,1539887,35,4,,1,15,,1539888,35,4,,1,13,,1539889,35,4,,1,53,,1539890,35,4,,1,15,,1539891,35,4,,1,13,,1539892,35,4,,1,13,,1539893,35,4,,1,55,,1539894,35,4,,1,15,,1539895,35,4,,1,14,,1539896,35,4,,1,14,,1539897,35,4,,1,53,,1539898,35,4,,1,15,,1539884,35,4,,1
80703,'20261007',550,,1539909,35,4,,1,55,,1539932,35,4,,1,17,,1539910,35,4,,1,18,,1539911,35,4,,1,19,,1539912,35,4,,1,56,,1539913,35,4,,1,18,,1539914,35,4,,1,11,,1539994,35,4,,1,14,,1539995,35,4,,1,49,,1539996,35,4,,1,6,,1540002,35,4,,1,5,,1539997,35,4,,1,5,,1540003,35,4,,1,6,,1539998,35,4,,1,7,,1539999,35,4,,1,10,,1539975,35,4,,1,10,,1539976,35,4,,1,50,,1539978,35,4,,1,8,,1539953,35,4,,1,8,,1539952,35,4,,1,7,,1539973,35,4,,1,9,,1539951,35,4,,1,15,,1539974,35,4,,1,54,,1539972,35,4,,1,15,,1539949,35,4,,1,14,,1539948,35,4,,1,14,,1539971,35,4,,1,55,,1539970,35,4,,1,15,,1539947,35,4,,1,15,,1539969,35,4,,1,15,,1539968,35,4,,1,56,,1539946,35,4,,1,16,,1539967,35,4,,1,15,,1539945,35,4,,1,13,,1539966,35,4,,1,52,,1539944,35,4,,1,13,,1539965,35,4,,1,11,,1539955,35,4,,1,11,,1539943,35,4,,1,13,,1539954,35,4,,1,52,,1539964,35,4,,1,12,,1539933,35,4,,1,12,,1539942,35,4,,1,12,,1539941,35,4,,1,12,,1539963,35,4,,1,52,,1539962,35,4,,1,14,,1539940,35,4,,1,15,,1539961,35,4,,1,14,,1539939,35,4,,1,8,,1539960,35,4,,1,48,,1540001,35,4,,1,10,,1539915,35,4,,1,13,,1539959,35,4,,1,10,,1539938,35,4,,1,11,,1539958,35,4,,1,11,,1539937,35,4,,1,51,,1539957,35,4,,1,9,,1539922,35,4,,1,9,,1539923,35,4,,1,10,,1539935,35,4,,1,9,,1539924,35,4,,1,8,,1539934,35,4,,1,48,,1539956,35,4,,1,9,,1539925,35,4,,1,8,,1539936,35,4,,1,9,,1539950,35,4,,1,15,,1540000,35,4,,1,12,,1539977,35,4,,1,51,,1539981,35,4,,1,13,,1539980,35,4,,1,15,,1539916,35,4,,1,15,,1539926,35,4,,1,54,,1539917,35,4,,1,15,,1539927,35,4,,1,15,,1539918,35,4,,1,15,,1539928,35,4,,1,54,,1539919,35,4,,1,15,,1539929,35,4,,1,15,,1539920,35,4,,1,15,,1539930,35,4,,1,55,,1539921,35,4,,1,15,,1539931,35,4,,1,15,,1539982,35,4,,1,15,,1539983,35,4,,1,13,,1539984,35,4,,1,53,,1539985,35,4,,1,15,,1539986,35,4,,1,13,,1539987,35,4,,1,13,,1539988,35,4,,1,55,,1539989,35,4,,1,15,,1539990,35,4,,1,14,,1539991,35,4,,1,14,,1539992,35,4,,1,53,,1539993,35,4,,1,15,,1539979,35,4,,1
80703,'20261008',550,,1540004,35,4,,1,55,,1540027,35,4,,1,17,,1540005,35,4,,1,18,,1540006,35,4,,1,19,,1540007,35,4,,1,56,,1540008,35,4,,1,18,,1540009,35,4,,1,11,,1540089,35,4,,1,14,,1540090,35,4,,1,49,,1540091,35,4,,1,6,,1540097,35,4,,1,5,,1540092,35,4,,1,5,,1540098,35,4,,1,6,,1540093,35,4,,1,7,,1540094,35,4,,1,10,,1540070,35,4,,1,10,,1540071,35,4,,1,50,,1540073,35,4,,1,8,,1540048,35,4,,1,8,,1540047,35,4,,1,7,,1540068,35,4,,1,9,,1540046,35,4,,1,15,,1540069,35,4,,1,54,,1540067,35,4,,1,15,,1540044,35,4,,1,14,,1540043,35,4,,1,14,,1540066,35,4,,1,55,,1540065,35,4,,1,15,,1540042,35,4,,1,15,,1540064,35,4,,1,15,,1540063,35,4,,1,56,,1540041,35,4,,1,16,,1540062,35,4,,1,15,,1540040,35,4,,1,13,,1540061,35,4,,1,52,,1540039,35,4,,1,13,,1540060,35,4,,1,11,,1540050,35,4,,1,11,,1540038,35,4,,1,13,,1540049,35,4,,1,52,,1540059,35,4,,1,12,,1540028,35,4,,1,12,,1540037,35,4,,1,12,,1540036,35,4,,1,12,,1540058,35,4,,1,52,,1540057,35,4,,1,14,,1540035,35,4,,1,15,,1540056,35,4,,1,14,,1540034,35,4,,1,8,,1540055,35,4,,1,48,,1540096,35,4,,1,10,,1540010,35,4,,1,13,,1540054,35,4,,1,10,,1540033,35,4,,1,11,,1540053,35,4,,1,11,,1540032,35,4,,1,51,,1540052,35,4,,1,9,,1540017,35,4,,1,9,,1540018,35,4,,1,10,,1540030,35,4,,1,9,,1540019,35,4,,1,8,,1540029,35,4,,1,48,,1540051,35,4,,1,9,,1540020,35,4,,1,8,,1540031,35,4,,1,9,,1540045,35,4,,1,15,,1540095,35,4,,1,12,,1540072,35,4,,1,51,,1540076,35,4,,1,13,,1540075,35,4,,1,15,,1540011,35,4,,1,15,,1540021,35,4,,1,54,,1540012,35,4,,1,15,,1540022,35,4,,1,15,,1540013,35,4,,1,15,,1540023,35,4,,1,54,,1540014,35,4,,1,15,,1540024,35,4,,1,15,,1540015,35,4,,1,15,,1540025,35,4,,1,55,,1540016,35,4,,1,15,,1540026,35,4,,1,15,,1540077,35,4,,1,15,,1540078,35,4,,1,13,,1540079,35,4,,1,53,,1540080,35,4,,1,15,,1540081,35,4,,1,13,,1540082,35,4,,1,13,,1540083,35,4,,1,55,,1540084,35,4,,1,15,,1540085,35,4,,1,14,,1540086,35,4,,1,14,,1540087,35,4,,1,53,,1540088,35,4,,1,15,,1540074,35,4,,1
80703,'20261009',550,,1540099,35,4,,1,55,,1540122,35,4,,1,17,,1540100,35,4,,1,18,,1540101,35,4,,1,19,,1540102,35,4,,1,56,,1540103,35,4,,1,18,,1540104,35,4,,1,11,,1540184,35,4,,1,14,,1540185,35,4,,1,49,,1540186,35,4,,1,6,,1540192,35,4,,1,5,,1540187,35,4,,1,5,,1540193,35,4,,1,6,,1540188,35,4,,1,7,,1540189,35,4,,1,10,,1540165,35,4,,1,10,,1540166,35,4,,1,50,,1540168,35,4,,1,8,,1540143,35,4,,1,8,,1540142,35,4,,1,7,,1540163,35,4,,1,9,,1540141,35,4,,1,15,,1540164,35,4,,1,54,,1540162,35,4,,1,15,,1540139,35,4,,1,14,,1540138,35,4,,1,14,,1540161,35,4,,1,55,,1540160,35,4,,1,15,,1540137,35,4,,1,15,,1540159,35,4,,1,15,,1540158,35,4,,1,56,,1540136,35,4,,1,16,,1540157,35,4,,1,15,,1540135,35,4,,1,13,,1540156,35,4,,1,52,,1540134,35,4,,1,13,,1540155,35,4,,1,11,,1540145,35,4,,1,11,,1540133,35,4,,1,13,,1540144,35,4,,1,52,,1540154,35,4,,1,12,,1540123,35,4,,1,12,,1540132,35,4,,1,12,,1540131,35,4,,1,12,,1540153,35,4,,1,52,,1540152,35,4,,1,14,,1540130,35,4,,1,15,,1540151,35,4,,1,14,,1540129,35,4,,1,8,,1540150,35,4,,1,48,,1540191,35,4,,1,10,,1540105,35,4,,1,13,,1540149,35,4,,1,10,,1540128,35,4,,1,11,,1540148,35,4,,1,11,,1540127,35,4,,1,51,,1540147,35,4,,1,9,,1540112,35,4,,1,9,,1540113,35,4,,1,10,,1540125,35,4,,1,9,,1540114,35,4,,1,8,,1540124,35,4,,1,48,,1540146,35,4,,1,9,,1540115,35,4,,1,8,,1540126,35,4,,1,9,,1540140,35,4,,1,15,,1540190,35,4,,1,12,,1540167,35,4,,1,51,,1540171,35,4,,1,13,,1540170,35,4,,1,15,,1540106,35,4,,1,15,,1540116,35,4,,1,54,,1540107,35,4,,1,15,,1540117,35,4,,1,15,,1540108,35,4,,1,15,,1540118,35,4,,1,54,,1540109,35,4,,1,15,,1540119,35,4,,1,15,,1540110,35,4,,1,15,,1540120,35,4,,1,55,,1540111,35,4,,1,15,,1540121,35,4,,1,15,,1540172,35,4,,1,15,,1540173,35,4,,1,13,,1540174,35,4,,1,53,,1540175,35,4,,1,15,,1540176,35,4,,1,13,,1540177,35,4,,1,13,,1540178,35,4,,1,55,,1540179,35,4,,1,15,,1540180,35,4,,1,14,,1540181,35,4,,1,14,,1540182,35,4,,1,53,,1540183,35,4,,1,15,,1540169,35,4,,1
80703,'20261010',603,,1561617,35,4,,1,15,,1561618,35,4,,1,16,,1561619,35,4,,1,15,,1561693,35,4,,1,55,,1561620,35,4,,1,16,,1561621,35,4,,1,15,,1561622,35,4,,1,15,,1561694,35,4,,1,56,,1561623,35,4,,1,15,,1561624,35,4,,1,15,,1561625,35,4,,1,16,,1561626,35,4,,1,55,,1561627,35,4,,1,15,,1561628,35,4,,1,16,,1561629,35,4,,1,17,,1561630,35,4,,1,56,,1561631,35,4,,1,15,,1561632,35,4,,1,17,,1561633,35,4,,1,15,,1561634,35,4,,1,56,,1561635,35,4,,1,15,,1561636,35,4,,1,16,,1561637,35,4,,1,56,,1561638,35,4,,1,17,,1561639,35,4,,1,15,,1561640,35,4,,1,15,,1561641,35,4,,1,55,,1561642,35,4,,1,15,,1561643,35,4,,1,16,,1561644,35,4,,1,16,,1561645,35,4,,1,55,,1561646,35,4,,1,15,,1561647,35,4,,1,15,,1561648,35,4,,1,15,,1561649,35,4,,1,56,,1561650,35,4,,1,16,,1561651,35,4,,1,15,,1561652,35,4,,1,15,,1561653,35,4,,1,55,,1561654,35,4,,1,15,,1561655,35,4,,1,15,,1561656,35,4,,1,15,,1561657,35,4,,1,55,,1561658,35,4,,1,15,,1561659,35,4,,1,15,,1561660,35,4,,1,14,,1561661,35,4,,1,55,,1561662,35,4,,1,15,,1561663,35,4,,1,13,,1561664,35,4,,1,15,,1561665,35,4,,1,55,,1561666,35,4,,1,14,,1561667,35,4,,1,13,,1561668,35,4,,1,14,,1561669,35,4,,1,55,,1561670,35,4,,1,12,,1561671,35,4,,1,14,,1561672,35,4,,1,14,,1561673,35,4,,1,15,,1561674,35,4,,1,55,,1561675,35,4,,1,14,,1561676,35,4,,1,15,,1561677,35,4,,1,15,,1561678,35,4,,1,55,,1561679,35,4,,1,14,,1561680,35,4,,1,15,,1561681,35,4,,1,15,,1561682,35,4,,1,54,,1561683,35,4,,1,15,,1561684,35,4,,1,14,,1561685,35,4,,1,15,,1561686,35,4,,1,54,,1561687,35,4,,1,15,,1561688,35,4,,1,14,,1561689,35,4,,1,13,,1561690,35,4,,1,54,,1561691,35,4,,1,15,,1561692,35,4,,1
80703,'20261011',603,,1561695,35,4,,1,15,,1561696,35,4,,1,16,,1561697,35,4,,1,15,,1561698,35,4,,1,55,,1561771,35,4,,1,16,,1561699,35,4,,1,15,,1561700,35,4,,1,15,,1561701,35,4,,1,56,,1561772,35,4,,1,15,,1561702,35,4,,1,15,,1561703,35,4,,1,16,,1561704,35,4,,1,55,,1561705,35,4,,1,15,,1561706,35,4,,1,16,,1561707,35,4,,1,17,,1561708,35,4,,1,56,,1561710,35,4,,1,15,,1561711,35,4,,1,17,,1561712,35,4,,1,15,,1561709,35,4,,1,56,,1561713,35,4,,1,15,,1561714,35,4,,1,16,,1561715,35,4,,1,56,,1561716,35,4,,1,17,,1561717,35,4,,1,15,,1561718,35,4,,1,15,,1561719,35,4,,1,55,,1561720,35,4,,1,15,,1561721,35,4,,1,16,,1561722,35,4,,1,16,,1561723,35,4,,1,55,,1561724,35,4,,1,15,,1561725,35,4,,1,15,,1561726,35,4,,1,15,,1561727,35,4,,1,56,,1561728,35,4,,1,16,,1561729,35,4,,1,15,,1561730,35,4,,1,15,,1561731,35,4,,1,55,,1561732,35,4,,1,15,,1561733,35,4,,1,15,,1561734,35,4,,1,15,,1561735,35,4,,1,55,,1561736,35,4,,1,15,,1561737,35,4,,1,15,,1561738,35,4,,1,14,,1561739,35,4,,1,55,,1561741,35,4,,1,15,,1561742,35,4,,1,13,,1561743,35,4,,1,15,,1561740,35,4,,1,55,,1561744,35,4,,1,14,,1561745,35,4,,1,13,,1561746,35,4,,1,14,,1561747,35,4,,1,55,,1561748,35,4,,1,12,,1561749,35,4,,1,14,,1561750,35,4,,1,14,,1561751,35,4,,1,15,,1561752,35,4,,1,55,,1561753,35,4,,1,14,,1561754,35,4,,1,15,,1561755,35,4,,1,15,,1561756,35,4,,1,55,,1561757,35,4,,1,14,,1561758,35,4,,1,15,,1561759,35,4,,1,15,,1561760,35,4,,1,54,,1561761,35,4,,1,15,,1561762,35,4,,1,14,,1561763,35,4,,1,15,,1561764,35,4,,1,54,,1561765,35,4,,1,15,,1561766,35,4,,1,14,,1561767,35,4,,1,13,,1561768,35,4,,1,54,,1561769,35,4,,1,15,,1561770,35,4,,1
80703,'20261012',603,,1561773,35,4,,1,15,,1561774,35,4,,1,16,,1561775,35,4,,1,15,,1561776,35,4,,1,55,,1561849,35,4,,1,16,,1561777,35,4,,1,15,,1561778,35,4,,1,15,,1561779,35,4,,1,56,,1561850,35,4,,1,15,,1561780,35,4,,1,15,,1561781,35,4,,1,16,,1561782,35,4,,1,55,,1561783,35,4,,1,15,,1561784,35,4,,1,16,,1561785,35,4,,1,17,,1561786,35,4,,1,56,,1561788,35,4,,1,15,,1561789,35,4,,1,17,,1561790,35,4,,1,15,,1561787,35,4,,1,56,,1561791,35,4,,1,15,,1561792,35,4,,1,16,,1561793,35,4,,1,56,,1561794,35,4,,1,17,,1561795,35,4,,1,15,,1561796,35,4,,1,15,,1561797,35,4,,1,55,,1561798,35,4,,1,15,,1561799,35,4,,1,16,,1561800,35,4,,1,16,,1561801,35,4,,1,55,,1561802,35,4,,1,15,,1561803,35,4,,1,15,,1561804,35,4,,1,15,,1561805,35,4,,1,56,,1561806,35,4,,1,16,,1561807,35,4,,1,15,,1561808,35,4,,1,15,,1561809,35,4,,1,55,,1561810,35,4,,1,15,,1561811,35,4,,1,15,,1561812,35,4,,1,15,,1561813,35,4,,1,55,,1561814,35,4,,1,15,,1561815,35,4,,1,15,,1561816,35,4,,1,14,,1561817,35,4,,1,55,,1561819,35,4,,1,15,,1561820,35,4,,1,13,,1561821,35,4,,1,15,,1561818,35,4,,1,55,,1561822,35,4,,1,14,,1561823,35,4,,1,13,,1561824,35,4,,1,14,,1561825,35,4,,1,55,,1561826,35,4,,1,12,,1561827,35,4,,1,14,,1561828,35,4,,1,14,,1561829,35,4,,1,15,,1561830,35,4,,1,55,,1561831,35,4,,1,14,,1561832,35,4,,1,15,,1561833,35,4,,1,15,,1561834,35,4,,1,55,,1561835,35,4,,1,14,,1561836,35,4,,1,15,,1561837,35,4,,1,15,,1561838,35,4,,1,54,,1561839,35,4,,1,15,,1561840,35,4,,1,14,,1561841,35,4,,1,15,,1561842,35,4,,1,54,,1561843,35,4,,1,15,,1561844,35,4,,1,14,,1561845,35,4,,1,13,,1561846,35,4,,1,54,,1561847,35,4,,1,15,,1561848,35,4,,1
80703,'20261013',550,,1593101,35,4,,1,55,,1593124,35,4,,1,17,,1593102,35,4,,1,18,,1593103,35,4,,1,19,,1593104,35,4,,1,56,,1593105,35,4,,1,18,,1593106,35,4,,1,11,,1593186,35,4,,1,14,,1593187,35,4,,1,49,,1593188,35,4,,1,6,,1593194,35,4,,1,5,,1593189,35,4,,1,5,,1593195,35,4,,1,6,,1593190,35,4,,1,7,,1593191,35,4,,1,10,,1593167,35,4,,1,10,,1593168,35,4,,1,50,,1593170,35,4,,1,8,,1593145,35,4,,1,8,,1593144,35,4,,1,7,,1593165,35,4,,1,9,,1593143,35,4,,1,15,,1593166,35,4,,1,54,,1593164,35,4,,1,15,,1593141,35,4,,1,14,,1593140,35,4,,1,14,,1593163,35,4,,1,55,,1593162,35,4,,1,15,,1593139,35,4,,1,15,,1593161,35,4,,1,15,,1593160,35,4,,1,56,,1593138,35,4,,1,16,,1593159,35,4,,1,15,,1593137,35,4,,1,13,,1593158,35,4,,1,52,,1593136,35,4,,1,13,,1593157,35,4,,1,11,,1593147,35,4,,1,11,,1593135,35,4,,1,13,,1593146,35,4,,1,52,,1593156,35,4,,1,12,,1593125,35,4,,1,12,,1593134,35,4,,1,12,,1593133,35,4,,1,12,,1593155,35,4,,1,52,,1593154,35,4,,1,14,,1593132,35,4,,1,15,,1593153,35,4,,1,14,,1593131,35,4,,1,8,,1593152,35,4,,1,48,,1593193,35,4,,1,10,,1593107,35,4,,1,13,,1593151,35,4,,1,10,,1593130,35,4,,1,11,,1593150,35,4,,1,11,,1593129,35,4,,1,51,,1593149,35,4,,1,9,,1593114,35,4,,1,9,,1593115,35,4,,1,10,,1593127,35,4,,1,9,,1593116,35,4,,1,8,,1593126,35,4,,1,48,,1593148,35,4,,1,9,,1593117,35,4,,1,8,,1593128,35,4,,1,9,,1593142,35,4,,1,15,,1593192,35,4,,1,12,,1593169,35,4,,1,51,,1593173,35,4,,1,13,,1593172,35,4,,1,15,,1593108,35,4,,1,15,,1593118,35,4,,1,54,,1593109,35,4,,1,15,,1593119,35,4,,1,15,,1593110,35,4,,1,15,,1593120,35,4,,1,54,,1593111,35,4,,1,15,,1593121,35,4,,1,15,,1593112,35,4,,1,15,,1593122,35,4,,1,55,,1593113,35,4,,1,15,,1593123,35,4,,1,15,,1593174,35,4,,1,15,,1593175,35,4,,1,13,,1593176,35,4,,1,53,,1593177,35,4,,1,15,,1593178,35,4,,1,13,,1593179,35,4,,1,13,,1593180,35,4,,1,55,,1593181,35,4,,1,15,,1593182,35,4,,1,14,,1593183,35,4,,1,14,,1593184,35,4,,1,53,,1593185,35,4,,1,15,,1593171,35,4,,1
80703,'20261014',550,,1593196,35,4,,1,55,,1593219,35,4,,1,17,,1593197,35,4,,1,18,,1593198,35,4,,1,19,,1593199,35,4,,1,56,,1593200,35,4,,1,18,,1593201,35,4,,1,11,,1593281,35,4,,1,14,,1593282,35,4,,1,49,,1593283,35,4,,1,6,,1593289,35,4,,1,5,,1593284,35,4,,1,5,,1593290,35,4,,1,6,,1593285,35,4,,1,7,,1593286,35,4,,1,10,,1593262,35,4,,1,10,,1593263,35,4,,1,50,,1593265,35,4,,1,8,,1593240,35,4,,1,8,,1593239,35,4,,1,7,,1593260,35,4,,1,9,,1593238,35,4,,1,15,,1593261,35,4,,1,54,,1593259,35,4,,1,15,,1593236,35,4,,1,14,,1593235,35,4,,1,14,,1593258,35,4,,1,55,,1593257,35,4,,1,15,,1593234,35,4,,1,15,,1593256,35,4,,1,15,,1593255,35,4,,1,56,,1593233,35,4,,1,16,,1593254,35,4,,1,15,,1593232,35,4,,1,13,,1593253,35,4,,1,52,,1593231,35,4,,1,13,,1593252,35,4,,1,11,,1593242,35,4,,1,11,,1593230,35,4,,1,13,,1593241,35,4,,1,52,,1593251,35,4,,1,12,,1593220,35,4,,1,12,,1593229,35,4,,1,12,,1593228,35,4,,1,12,,1593250,35,4,,1,52,,1593249,35,4,,1,14,,1593227,35,4,,1,15,,1593248,35,4,,1,14,,1593226,35,4,,1,8,,1593247,35,4,,1,48,,1593288,35,4,,1,10,,1593202,35,4,,1,13,,1593246,35,4,,1,10,,1593225,35,4,,1,11,,1593245,35,4,,1,11,,1593224,35,4,,1,51,,1593244,35,4,,1,9,,1593209,35,4,,1,9,,1593210,35,4,,1,10,,1593222,35,4,,1,9,,1593211,35,4,,1,8,,1593221,35,4,,1,48,,1593243,35,4,,1,9,,1593212,35,4,,1,8,,1593223,35,4,,1,9,,1593237,35,4,,1,15,,1593287,35,4,,1,12,,1593264,35,4,,1,51,,1593268,35,4,,1,13,,1593267,35,4,,1,15,,1593203,35,4,,1,15,,1593213,35,4,,1,54,,1593204,35,4,,1,15,,1593214,35,4,,1,15,,1593205,35,4,,1,15,,1593215,35,4,,1,54,,1593206,35,4,,1,15,,1593216,35,4,,1,15,,1593207,35,4,,1,15,,1593217,35,4,,1,55,,1593208,35,4,,1,15,,1593218,35,4,,1,15,,1593269,35,4,,1,15,,1593270,35,4,,1,13,,1593271,35,4,,1,53,,1593272,35,4,,1,15,,1593273,35,4,,1,13,,1593274,35,4,,1,13,,1593275,35,4,,1,55,,1593276,35,4,,1,15,,1593277,35,4,,1,14,,1593278,35,4,,1,14,,1593279,35,4,,1,53,,1593280,35,4,,1,15,,1593266,35,4,,1
80703,'20261015',550,,1593291,35,4,,1,55,,1593314,35,4,,1,17,,1593292,35,4,,1,18,,1593293,35,4,,1,19,,1593294,35,4,,1,56,,1593295,35,4,,1,18,,1593296,35,4,,1,11,,1593376,35,4,,1,14,,1593377,35,4,,1,49,,1593378,35,4,,1,6,,1593384,35,4,,1,5,,1593379,35,4,,1,5,,1593385,35,4,,1,6,,1593380,35,4,,1,7,,1593381,35,4,,1,10,,1593357,35,4,,1,10,,1593358,35,4,,1,50,,1593360,35,4,,1,8,,1593335,35,4,,1,8,,1593334,35,4,,1,7,,1593355,35,4,,1,9,,1593333,35,4,,1,15,,1593356,35,4,,1,54,,1593354,35,4,,1,15,,1593331,35,4,,1,14,,1593330,35,4,,1,14,,1593353,35,4,,1,55,,1593352,35,4,,1,15,,1593329,35,4,,1,15,,1593351,35,4,,1,15,,1593350,35,4,,1,56,,1593328,35,4,,1,16,,1593349,35,4,,1,15,,1593327,35,4,,1,13,,1593348,35,4,,1,52,,1593326,35,4,,1,13,,1593347,35,4,,1,11,,1593337,35,4,,1,11,,1593325,35,4,,1,13,,1593336,35,4,,1,52,,1593346,35,4,,1,12,,1593315,35,4,,1,12,,1593324,35,4,,1,12,,1593323,35,4,,1,12,,1593345,35,4,,1,52,,1593344,35,4,,1,14,,1593322,35,4,,1,15,,1593343,35,4,,1,14,,1593321,35,4,,1,8,,1593342,35,4,,1,48,,1593383,35,4,,1,10,,1593297,35,4,,1,13,,1593341,35,4,,1,10,,1593320,35,4,,1,11,,1593340,35,4,,1,11,,1593319,35,4,,1,51,,1593339,35,4,,1,9,,1593304,35,4,,1,9,,1593305,35,4,,1,10,,1593317,35,4,,1,9,,1593306,35,4,,1,8,,1593316,35,4,,1,48,,1593338,35,4,,1,9,,1593307,35,4,,1,8,,1593318,35,4,,1,9,,1593332,35,4,,1,15,,1593382,35,4,,1,12,,1593359,35,4,,1,51,,1593363,35,4,,1,13,,1593362,35,4,,1,15,,1593298,35,4,,1,15,,1593308,35,4,,1,54,,1593299,35,4,,1,15,,1593309,35,4,,1,15,,1593300,35,4,,1,15,,1593310,35,4,,1,54,,1593301,35,4,,1,15,,1593311,35,4,,1,15,,1593302,35,4,,1,15,,1593312,35,4,,1,55,,1593303,35,4,,1,15,,1593313,35,4,,1,15,,1593364,35,4,,1,15,,1593365,35,4,,1,13,,1593366,35,4,,1,53,,1593367,35,4,,1,15,,1593368,35,4,,1,13,,1593369,35,4,,1,13,,1593370,35,4,,1,55,,1593371,35,4,,1,15,,1593372,35,4,,1,14,,1593373,35,4,,1,14,,1593374,35,4,,1,53,,1593375,35,4,,1,15,,1593361,35,4,,1
80703,'20261016',550,,1593386,35,4,,1,55,,1593409,35,4,,1,17,,1593387,35,4,,1,18,,1593388,35,4,,1,19,,1593389,35,4,,1,56,,1593390,35,4,,1,18,,1593391,35,4,,1,11,,1593471,35,4,,1,14,,1593472,35,4,,1,49,,1593473,35,4,,1,6,,1593479,35,4,,1,5,,1593474,35,4,,1,5,,1593480,35,4,,1,6,,1593475,35,4,,1,7,,1593476,35,4,,1,10,,1593452,35,4,,1,10,,1593453,35,4,,1,50,,1593455,35,4,,1,8,,1593430,35,4,,1,8,,1593429,35,4,,1,7,,1593450,35,4,,1,9,,1593428,35,4,,1,15,,1593451,35,4,,1,54,,1593449,35,4,,1,15,,1593426,35,4,,1,14,,1593425,35,4,,1,14,,1593448,35,4,,1,55,,1593447,35,4,,1,15,,1593424,35,4,,1,15,,1593446,35,4,,1,15,,1593445,35,4,,1,56,,1593423,35,4,,1,16,,1593444,35,4,,1,15,,1593422,35,4,,1,13,,1593443,35,4,,1,52,,1593421,35,4,,1,13,,1593442,35,4,,1,11,,1593432,35,4,,1,11,,1593420,35,4,,1,13,,1593431,35,4,,1,52,,1593441,35,4,,1,12,,1593410,35,4,,1,12,,1593419,35,4,,1,12,,1593418,35,4,,1,12,,1593440,35,4,,1,52,,1593439,35,4,,1,14,,1593417,35,4,,1,15,,1593438,35,4,,1,14,,1593416,35,4,,1,8,,1593437,35,4,,1,48,,1593478,35,4,,1,10,,1593392,35,4,,1,13,,1593436,35,4,,1,10,,1593415,35,4,,1,11,,1593435,35,4,,1,11,,1593414,35,4,,1,51,,1593434,35,4,,1,9,,1593399,35,4,,1,9,,1593400,35,4,,1,10,,1593412,35,4,,1,9,,1593401,35,4,,1,8,,1593411,35,4,,1,48,,1593433,35,4,,1,9,,1593402,35,4,,1,8,,1593413,35,4,,1,9,,1593427,35,4,,1,15,,1593477,35,4,,1,12,,1593454,35,4,,1,51,,1593458,35,4,,1,13,,1593457,35,4,,1,15,,1593393,35,4,,1,15,,1593403,35,4,,1,54,,1593394,35,4,,1,15,,1593404,35,4,,1,15,,1593395,35,4,,1,15,,1593405,35,4,,1,54,,1593396,35,4,,1,15,,1593406,35,4,,1,15,,1593397,35,4,,1,15,,1593407,35,4,,1,55,,1593398,35,4,,1,15,,1593408,35,4,,1,15,,1593459,35,4,,1,15,,1593460,35,4,,1,13,,1593461,35,4,,1,53,,1593462,35,4,,1,15,,1593463,35,4,,1,13,,1593464,35,4,,1,13,,1593465,35,4,,1,55,,1593466,35,4,,1,15,,1593467,35,4,,1,14,,1593468,35,4,,1,14,,1593469,35,4,,1,53,,1593470,35,4,,1,15,,1593456,35,4,,1
90702,'20261002',2530,,1593484,1,,,0,85,,1593485,1,,,0
90702,'20261003',2530,,1593486,1,,,0,85,,1593487,1,,,0
90702,'20261009',2530,,1540201,1,,,0,85,,1540202,1,,,0
90702,'20261010',2530,,1561852,1,,,0,85,,1561853,1,,,0
90702,'20261016',2530,,1593488,1,,,0,85,,1593489,1,,,0
90703,'20261002',2602,,1593490,35,4,,0,130,,1593491,35,4,,0
90703,'20261003',2602,,1593492,35,4,,0,130,,1593493,35,4,,0
90703,'20261009',2602,,1540207,35,4,,0,130,,1540208,35,4,,0
90703,'20261010',2602,,1561854,35,4,,0,130,,1561855,35,4,,0
90703,'20261016',2602,,1593494,35,4,,0,130,,1593495,35,4,,0
99103,'20261002',2605,,1593538,30,,,0,130,,1593539,30,,,0
99103,'20261003',2605,,1593540,30,,,0,130,,1593541,30,,,0
99103,'20261009',2605,,1540255,30,,,0,130,,1540256,30,,,0
99103,'20261010',2605,,1561870,30,,,0,130,,1561871,30,,,0
99103,'20261016',2605,,1593542,30,,,0,130,,1593543,30,,,0
