1203,'20261009',626,,1597172,2,,,0,28,,1597173,2,,,0,77,,1597174,2,,,0,26,,1597175,2,,,0,71,,1597176,2,,,0,31,,1597177,2,,,0,98,,1597178,2,,,0,98,,1597179,2,,,0,97,,1597180,2,,,0,101,,1597181,2,,,0,100,,1597182,2,,,0,98,,1597183,2,,,0,98,,1597184,2,,,0,110,,1597185,2,,,0,97,,1597186,2,,,0,102,,1597187,2,,,0,100,,1597188,2,,,0,100,,1597189,2,,,0,100,,1597190,2,,,0,99,,1597191,2,,,0
1203,'20261010',735,,1627884,2,,,0,100,,1627885,2,,,0,98,,1627886,2,,,0,98,,1627887,2,,,0,101,,1627888,2,,,0,105,,1627889,2,,,0,95,,1627890,2,,,0,105,,1627891,2,,,0,94,,1627892,2,,,0,101,,1627893,2,,,0,102,,1627894,2,,,0,102,,1627895,2,,,0,100,,1627896,2,,,0,100,,1627897,2,,,0,100,,1627898,2,,,0,100,,1627899,2,,,0
1203,'20261011',735,,1627900,2,,,0,100,,1627901,2,,,0,98,,1627902,2,,,0,98,,1627903,2,,,0,101,,1627904,2,,,0,105,,1627905,2,,,0,95,,1627906,2,,,0,105,,1627907,2,,,0,94,,1627908,2,,,0,101,,1627909,2,,,0,102,,1627910,2,,,0,102,,1627911,2,,,0,100,,1627912,2,,,0,100,,1627913,2,,,0,100,,1627914,2,,,0,100,,1627915,2,,,0
1203,'20261012',735,,1627916,2,,,0,100,,1627917,2,,,0,98,,1627918,2,,,0,98,,1627919,2,,,0,101,,1627920,2,,,0,105,,1627921,2,,,0,95,,1627922,2,,,0,105,,1627923,2,,,0,94,,1627924,2,,,0,101,,1627925,2,,,0,102,,1627926,2,,,0,102,,1627927,2,,,0,100,,1627928,2,,,0,100,,1627929,2,,,0,100,,1627930,2,,,0,100,,1627931,2,,,0
1203,'20261013',626,,1565476,2,,,0,28,,1565494,2,,,0,77,,1565477,2,,,0,26,,1565478,2,,,0,71,,1565495,2,,,0,31,,1565479,2,,,0,98,,1565480,2,,,0,98,,1565481,2,,,0,97,,1565482,2,,,0,101,,1565483,2,,,0,100,,1565484,2,,,0,98,,1565485,2,,,0,98,,1565486,2,,,0,110,,1565487,2,,,0,97,,1565488,2,,,0,102,,1565489,2,,,0,100,,1565490,2,,,0,100,,1565491,2,,,0,100,,1565492,2,,,0,99,,1565493,2,,,0
1203,'20261014',626,,1565496,2,,,0,28,,1565514,2,,,0,77,,1565497,2,,,0,26,,1565498,2,,,0,71,,1565515,2,,,0,31,,1565499,2,,,0,98,,1565500,2,,,0,98,,1565501,2,,,0,97,,1565502,2,,,0,101,,1565503,2,,,0,100,,1565504,2,,,0,98,,1565505,2,,,0,98,,1565506,2,,,0,110,,1565507,2,,,0,97,,1565508,2,,,0,102,,1565509,2,,,0,100,,1565510,2,,,0,100,,1565511,2,,,0,100,,1565512,2,,,0,99,,1565513,2,,,0
1203,'20261015',626,,1565516,2,,,0,28,,1565534,2,,,0,77,,1565517,2,,,0,26,,1565518,2,,,0,71,,1565535,2,,,0,31,,1565519,2,,,0,98,,1565520,2,,,0,98,,1565521,2,,,0,97,,1565522,2,,,0,101,,1565523,2,,,0,100,,1565524,2,,,0,98,,1565525,2,,,0,98,,1565526,2,,,0,110,,1565527,2,,,0,97,,1565528,2,,,0,102,,1565529,2,,,0,100,,1565530,2,,,0,100,,1565531,2,,,0,100,,1565532,2,,,0,99,,1565533,2,,,0
1203,'20261016',626,,1565536,2,,,0,28,,1565554,2,,,0,77,,1565537,2,,,0,26,,1565538,2,,,0,71,,1565555,2,,,0,31,,1565539,2,,,0,98,,1565540,2,,,0,98,,1565541,2,,,0,97,,1565542,2,,,0,101,,1565543,2,,,0,100,,1565544,2,,,0,98,,1565545,2,,,0,98,,1565546,2,,,0,110,,1565547,2,,,0,97,,1565548,2,,,0,102,,1565549,2,,,0,100,,1565550,2,,,0,100,,1565551,2,,,0,100,,1565552,2,,,0,99,,1565553,2,,,0
1203,'20261017',735,,1597192,2,,,0,100,,1597193,2,,,0,98,,1597194,2,,,0,98,,1597195,2,,,0,101,,1597196,2,,,0,105,,1597197,2,,,0,95,,1597198,2,,,0,105,,1597199,2,,,0,94,,1597200,2,,,0,101,,1597201,2,,,0,102,,1597202,2,,,0,102,,1597203,2,,,0,100,,1597204,2,,,0,100,,1597205,2,,,0,100,,1597206,2,,,0,100,,1597207,2,,,0
1203,'20261018',735,,1597208,2,,,0,100,,1597209,2,,,0,98,,1597210,2,,,0,98,,1597211,2,,,0,101,,1597212,2,,,0,105,,1597213,2,,,0,95,,1597214,2,,,0,105,,1597215,2,,,0,94,,1597216,2,,,0,101,,1597217,2,,,0,102,,1597218,2,,,0,102,,1597219,2,,,0,100,,1597220,2,,,0,100,,1597221,2,,,0,100,,1597223,2,,,0,100,,1597222,2,,,0
1203,'20261019',626,,1597224,2,,,0,28,,1597242,2,,,0,77,,1597225,2,,,0,26,,1597226,2,,,0,71,,1597243,2,,,0,31,,1597227,2,,,0,98,,1597228,2,,,0,98,,1597229,2,,,0,97,,1597230,2,,,0,101,,1597231,2,,,0,100,,1597232,2,,,0,98,,1597233,2,,,0,98,,1597234,2,,,0,110,,1597235,2,,,0,97,,1597236,2,,,0,102,,1597237,2,,,0,100,,1597238,2,,,0,100,,1597239,2,,,0,100,,1597240,2,,,0,99,,1597241,2,,,0
1203,'20261020',626,,1597244,2,,,0,28,,1597262,2,,,0,77,,1597245,2,,,0,26,,1597246,2,,,0,71,,1597263,2,,,0,31,,1597247,2,,,0,98,,1597248,2,,,0,98,,1597249,2,,,0,97,,1597250,2,,,0,101,,1597251,2,,,0,100,,1597252,2,,,0,98,,1597253,2,,,0,98,,1597254,2,,,0,110,,1597255,2,,,0,97,,1597256,2,,,0,102,,1597257,2,,,0,100,,1597258,2,,,0,100,,1597259,2,,,0,100,,1597260,2,,,0,99,,1597261,2,,,0
1203,'20261021',626,,1627932,2,,,0,28,,1627950,2,,,0,77,,1627933,2,,,0,26,,1627934,2,,,0,71,,1627951,2,,,0,31,,1627935,2,,,0,98,,1627936,2,,,0,98,,1627937,2,,,0,97,,1627938,2,,,0,101,,1627939,2,,,0,100,,1627940,2,,,0,98,,1627941,2,,,0,98,,1627942,2,,,0,110,,1627943,2,,,0,97,,1627944,2,,,0,102,,1627945,2,,,0,100,,1627946,2,,,0,100,,1627947,2,,,0,100,,1627948,2,,,0,99,,1627949,2,,,0
1203,'20261022',626,,1627952,2,,,0,28,,1627970,2,,,0,77,,1627953,2,,,0,26,,1627954,2,,,0,71,,1627971,2,,,0,31,,1627955,2,,,0,98,,1627956,2,,,0,98,,1627957,2,,,0,97,,1627958,2,,,0,101,,1627959,2,,,0,100,,1627960,2,,,0,98,,1627961,2,,,0,98,,1627962,2,,,0,110,,1627963,2,,,0,97,,1627964,2,,,0,102,,1627965,2,,,0,100,,1627966,2,,,0,100,,1627967,2,,,0,100,,1627968,2,,,0,99,,1627969,2,,,0
1203,'20261023',626,,1627972,2,,,0,28,,1627990,2,,,0,77,,1627973,2,,,0,26,,1627974,2,,,0,71,,1627991,2,,,0,31,,1627975,2,,,0,98,,1627976,2,,,0,98,,1627977,2,,,0,97,,1627978,2,,,0,101,,1627979,2,,,0,100,,1627980,2,,,0,98,,1627981,2,,,0,98,,1627982,2,,,0,110,,1627983,2,,,0,97,,1627984,2,,,0,102,,1627985,2,,,0,100,,1627986,2,,,0,100,,1627987,2,,,0,100,,1627988,2,,,0,99,,1627989,2,,,0
7001,'20261009',646,,1604879,80,,,0,61,,1604880,80,,,0,18,,1604881,80,,,0,22,,1604882,80,,,0,60,,1604883,80,,,0,20,,1604884,80,,,0,18,,1604885,80,,,0,58,,1604886,80,,,0,20,,1604887,80,,,0,21,,1604888,80,,,0,57,,1604889,80,,,0,19,,1604890,80,,,0,18,,1604891,80,,,0,19,,1604892,80,,,0,61,,1604893,80,,,0,20,,1604894,80,,,0,20,,1604895,80,,,0,61,,1604896,80,,,0,20,,1604897,80,,,0,20,,1604898,80,,,0,61,,1604899,80,,,0,20,,1604900,80,,,0,19,,1604901,80,,,0,57,,1604902,80,,,0,22,,1604903,80,,,0,20,,1604904,80,,,0,64,,1604905,80,,,0,20,,1604906,80,,,0,65,,1604907,80,,,0,21,,1604908,80,,,0,21,,1604909,80,,,0,62,,1604910,80,,,0,23,,1604911,80,,,0,21,,1604912,80,,,0,61,,1604913,80,,,0,22,,1604914,80,,,0,18,,1604915,80,,,0,59,,1604916,80,,,0,35,,1604917,80,,,0,70,,1604918,80,,,0,30,,1604919,80,,,0,70,,1604920,80,,,0,30,,1604921,80,,,0,70,,1604922,80,,,0,30,,1604923,80,,,0,70,,1604924,80,,,0,30,,1604925,80,,,0
7001,'20261010',648,,1633053,80,,,0,70,,1633054,80,,,0,30,,1633055,80,,,0,71,,1633056,80,,,0,31,,1633057,80,,,0,70,,1633058,80,,,0,29,,1633059,80,,,0,71,,1633060,80,,,0,30,,1633061,80,,,0,71,,1633062,80,,,0,30,,1633063,80,,,0,71,,1633064,80,,,0,30,,1633065,80,,,0,70,,1633066,80,,,0,30,,1633067,80,,,0,70,,1633068,80,,,0,30,,1633069,80,,,0,70,,1633070,80,,,0,30,,1633071,80,,,0,70,,1633072,80,,,0,30,,1633073,80,,,0,71,,1633074,80,,,0,29,,1633075,80,,,0,68,,1633076,80,,,0,29,,1633077,80,,,0,70,,1633078,80,,,0,30,,1633079,80,,,0,70,,1633080,80,,,0,30,,1633081,80,,,0,70,,1633082,80,,,0,29,,1633083,80,,,0,70,,1633084,80,,,0,30,,1633085,80,,,0,70,,1633086,80,,,0
7001,'20261011',648,,1633087,80,,,0,70,,1633088,80,,,0,30,,1633089,80,,,0,71,,1633090,80,,,0,31,,1633091,80,,,0,70,,1633092,80,,,0,29,,1633093,80,,,0,71,,1633094,80,,,0,30,,1633095,80,,,0,71,,1633096,80,,,0,30,,1633097,80,,,0,71,,1633098,80,,,0,30,,1633099,80,,,0,70,,1633100,80,,,0,30,,1633101,80,,,0,70,,1633102,80,,,0,30,,1633103,80,,,0,70,,1633104,80,,,0,30,,1633105,80,,,0,70,,1633106,80,,,0,30,,1633107,80,,,0,71,,1633108,80,,,0,29,,1633109,80,,,0,68,,1633110,80,,,0,29,,1633111,80,,,0,70,,1633112,80,,,0,30,,1633113,80,,,0,70,,1633114,80,,,0,30,,1633115,80,,,0,70,,1633116,80,,,0,29,,1633117,80,,,0,70,,1633118,80,,,0,30,,1633119,80,,,0,70,,1633120,80,,,0
7001,'20261012',648,,1633121,80,,,0,70,,1633122,80,,,0,30,,1633123,80,,,0,71,,1633124,80,,,0,31,,1633125,80,,,0,70,,1633126,80,,,0,29,,1633127,80,,,0,71,,1633128,80,,,0,30,,1633129,80,,,0,71,,1633130,80,,,0,30,,1633131,80,,,0,71,,1633132,80,,,0,30,,1633133,80,,,0,70,,1633134,80,,,0,30,,1633135,80,,,0,70,,1633136,80,,,0,30,,1633137,80,,,0,70,,1633138,80,,,0,30,,1633139,80,,,0,70,,1633140,80,,,0,30,,1633141,80,,,0,71,,1633142,80,,,0,29,,1633143,80,,,0,68,,1633144,80,,,0,29,,1633145,80,,,0,70,,1633146,80,,,0,30,,1633147,80,,,0,70,,1633148,80,,,0,30,,1633149,80,,,0,70,,1633150,80,,,0,29,,1633151,80,,,0,70,,1633152,80,,,0,30,,1633153,80,,,0,70,,1633154,80,,,0
7001,'20261013',646,,1573177,80,,,0,61,,1573194,80,,,0,18,,1573195,80,,,0,22,,1573178,80,,,0,60,,1573196,80,,,0,20,,1573197,80,,,0,18,,1573179,80,,,0,58,,1573198,80,,,0,20,,1573199,80,,,0,21,,1573180,80,,,0,57,,1573200,80,,,0,19,,1573201,80,,,0,18,,1573181,80,,,0,19,,1573202,80,,,0,61,,1573203,80,,,0,20,,1573182,80,,,0,20,,1573204,80,,,0,61,,1573205,80,,,0,20,,1573183,80,,,0,20,,1573206,80,,,0,61,,1573207,80,,,0,20,,1573184,80,,,0,19,,1573208,80,,,0,57,,1573209,80,,,0,22,,1573185,80,,,0,20,,1573210,80,,,0,64,,1573211,80,,,0,20,,1573186,80,,,0,65,,1573212,80,,,0,21,,1573213,80,,,0,21,,1573187,80,,,0,62,,1573214,80,,,0,23,,1573215,80,,,0,21,,1573188,80,,,0,61,,1573216,80,,,0,22,,1573217,80,,,0,18,,1573189,80,,,0,59,,1573218,80,,,0,35,,1573190,80,,,0,70,,1573219,80,,,0,30,,1573191,80,,,0,70,,1573220,80,,,0,30,,1573192,80,,,0,70,,1573221,80,,,0,30,,1573193,80,,,0,70,,1573222,80,,,0,30,,1573223,80,,,0
7001,'20261014',646,,1573224,80,,,0,61,,1573241,80,,,0,18,,1573242,80,,,0,22,,1573225,80,,,0,60,,1573243,80,,,0,20,,1573244,80,,,0,18,,1573226,80,,,0,58,,1573245,80,,,0,20,,1573246,80,,,0,21,,1573227,80,,,0,57,,1573247,80,,,0,19,,1573248,80,,,0,18,,1573228,80,,,0,19,,1573249,80,,,0,61,,1573250,80,,,0,20,,1573229,80,,,0,20,,1573251,80,,,0,61,,1573252,80,,,0,20,,1573230,80,,,0,20,,1573253,80,,,0,61,,1573254,80,,,0,20,,1573231,80,,,0,19,,1573255,80,,,0,57,,1573256,80,,,0,22,,1573232,80,,,0,20,,1573257,80,,,0,64,,1573258,80,,,0,20,,1573233,80,,,0,65,,1573259,80,,,0,21,,1573260,80,,,0,21,,1573234,80,,,0,62,,1573261,80,,,0,23,,1573262,80,,,0,21,,1573235,80,,,0,61,,1573263,80,,,0,22,,1573264,80,,,0,18,,1573236,80,,,0,59,,1573265,80,,,0,35,,1573237,80,,,0,70,,1573266,80,,,0,30,,1573238,80,,,0,70,,1573267,80,,,0,30,,1573239,80,,,0,70,,1573268,80,,,0,30,,1573240,80,,,0,70,,1573269,80,,,0,30,,1573270,80,,,0
7001,'20261015',646,,1573271,80,,,0,61,,1573288,80,,,0,18,,1573289,80,,,0,22,,1573272,80,,,0,60,,1573290,80,,,0,20,,1573291,80,,,0,18,,1573273,80,,,0,58,,1573292,80,,,0,20,,1573293,80,,,0,21,,1573274,80,,,0,57,,1573294,80,,,0,19,,1573295,80,,,0,18,,1573275,80,,,0,19,,1573296,80,,,0,61,,1573297,80,,,0,20,,1573276,80,,,0,20,,1573298,80,,,0,61,,1573299,80,,,0,20,,1573277,80,,,0,20,,1573300,80,,,0,61,,1573301,80,,,0,20,,1573278,80,,,0,19,,1573302,80,,,0,57,,1573303,80,,,0,22,,1573279,80,,,0,20,,1573304,80,,,0,64,,1573305,80,,,0,20,,1573280,80,,,0,65,,1573306,80,,,0,21,,1573307,80,,,0,21,,1573281,80,,,0,62,,1573308,80,,,0,23,,1573309,80,,,0,21,,1573282,80,,,0,61,,1573310,80,,,0,22,,1573311,80,,,0,18,,1573283,80,,,0,59,,1573312,80,,,0,35,,1573284,80,,,0,70,,1573313,80,,,0,30,,1573285,80,,,0,70,,1573314,80,,,0,30,,1573286,80,,,0,70,,1573315,80,,,0,30,,1573287,80,,,0,70,,1573316,80,,,0,30,,1573317,80,,,0
7001,'20261016',646,,1573318,80,,,0,61,,1573335,80,,,0,18,,1573336,80,,,0,22,,1573319,80,,,0,60,,1573337,80,,,0,20,,1573338,80,,,0,18,,1573320,80,,,0,58,,1573339,80,,,0,20,,1573340,80,,,0,21,,1573321,80,,,0,57,,1573341,80,,,0,19,,1573342,80,,,0,18,,1573322,80,,,0,19,,1573343,80,,,0,61,,1573344,80,,,0,20,,1573323,80,,,0,20,,1573345,80,,,0,61,,1573346,80,,,0,20,,1573324,80,,,0,20,,1573347,80,,,0,61,,1573348,80,,,0,20,,1573325,80,,,0,19,,1573349,80,,,0,57,,1573350,80,,,0,22,,1573326,80,,,0,20,,1573351,80,,,0,64,,1573352,80,,,0,20,,1573327,80,,,0,65,,1573353,80,,,0,21,,1573354,80,,,0,21,,1573328,80,,,0,62,,1573355,80,,,0,23,,1573356,80,,,0,21,,1573329,80,,,0,61,,1573357,80,,,0,22,,1573358,80,,,0,18,,1573330,80,,,0,59,,1573359,80,,,0,35,,1573331,80,,,0,70,,1573360,80,,,0,30,,1573332,80,,,0,70,,1573361,80,,,0,30,,1573333,80,,,0,70,,1573362,80,,,0,30,,1573334,80,,,0,70,,1573363,80,,,0,30,,1573364,80,,,0
7001,'20261017',648,,1604926,80,,,0,70,,1604942,80,,,0,30,,1604927,80,,,0,71,,1604943,80,,,0,31,,1604928,80,,,0,70,,1604944,80,,,0,29,,1604929,80,,,0,71,,1604945,80,,,0,30,,1604930,80,,,0,71,,1604946,80,,,0,30,,1604931,80,,,0,71,,1604947,80,,,0,30,,1604932,80,,,0,70,,1604948,80,,,0,30,,1604933,80,,,0,70,,1604949,80,,,0,30,,1604950,80,,,0,70,,1604951,80,,,0,30,,1604952,80,,,0,70,,1604953,80,,,0,30,,1604934,80,,,0,71,,1604954,80,,,0,29,,1604935,80,,,0,68,,1604955,80,,,0,29,,1604936,80,,,0,70,,1604956,80,,,0,30,,1604957,80,,,0,70,,1604937,80,,,0,30,,1604958,80,,,0,70,,1604938,80,,,0,29,,1604941,80,,,0,70,,1604939,80,,,0,30,,1604959,80,,,0,70,,1604940,80,,,0
7001,'20261018',648,,1604960,80,,,0,70,,1604977,80,,,0,30,,1604961,80,,,0,71,,1604978,80,,,0,31,,1604962,80,,,0,70,,1604976,80,,,0,29,,1604963,80,,,0,71,,1604979,80,,,0,30,,1604964,80,,,0,71,,1604980,80,,,0,30,,1604965,80,,,0,71,,1604981,80,,,0,30,,1604966,80,,,0,70,,1604982,80,,,0,30,,1604967,80,,,0,70,,1604983,80,,,0,30,,1604984,80,,,0,70,,1604985,80,,,0,30,,1604986,80,,,0,70,,1604987,80,,,0,30,,1604968,80,,,0,71,,1604988,80,,,0,29,,1604969,80,,,0,68,,1604989,80,,,0,29,,1604970,80,,,0,70,,1604990,80,,,0,30,,1604991,80,,,0,70,,1604971,80,,,0,30,,1604992,80,,,0,70,,1604972,80,,,0,29,,1604975,80,,,0,70,,1604973,80,,,0,30,,1604993,80,,,0,70,,1604974,80,,,0
7001,'20261019',646,,1604994,80,,,0,61,,1605011,80,,,0,18,,1605012,80,,,0,22,,1604995,80,,,0,60,,1605013,80,,,0,20,,1605014,80,,,0,18,,1604996,80,,,0,58,,1605015,80,,,0,20,,1605016,80,,,0,21,,1604997,80,,,0,57,,1605017,80,,,0,19,,1605018,80,,,0,18,,1604998,80,,,0,19,,1605019,80,,,0,61,,1605020,80,,,0,20,,1604999,80,,,0,20,,1605021,80,,,0,61,,1605022,80,,,0,20,,1605000,80,,,0,20,,1605023,80,,,0,61,,1605024,80,,,0,20,,1605001,80,,,0,19,,1605025,80,,,0,57,,1605026,80,,,0,22,,1605002,80,,,0,20,,1605027,80,,,0,64,,1605028,80,,,0,20,,1605003,80,,,0,65,,1605029,80,,,0,21,,1605030,80,,,0,21,,1605004,80,,,0,62,,1605031,80,,,0,23,,1605032,80,,,0,21,,1605005,80,,,0,61,,1605033,80,,,0,22,,1605034,80,,,0,18,,1605006,80,,,0,59,,1605035,80,,,0,35,,1605007,80,,,0,70,,1605036,80,,,0,30,,1605008,80,,,0,70,,1605037,80,,,0,30,,1605009,80,,,0,70,,1605038,80,,,0,30,,1605010,80,,,0,70,,1605039,80,,,0,30,,1605040,80,,,0
7001,'20261020',646,,1605041,80,,,0,61,,1605058,80,,,0,18,,1605059,80,,,0,22,,1605042,80,,,0,60,,1605060,80,,,0,20,,1605061,80,,,0,18,,1605043,80,,,0,58,,1605062,80,,,0,20,,1605063,80,,,0,21,,1605044,80,,,0,57,,1605064,80,,,0,19,,1605065,80,,,0,18,,1605045,80,,,0,19,,1605066,80,,,0,61,,1605067,80,,,0,20,,1605046,80,,,0,20,,1605068,80,,,0,61,,1605069,80,,,0,20,,1605047,80,,,0,20,,1605070,80,,,0,61,,1605071,80,,,0,20,,1605048,80,,,0,19,,1605072,80,,,0,57,,1605073,80,,,0,22,,1605049,80,,,0,20,,1605074,80,,,0,64,,1605075,80,,,0,20,,1605050,80,,,0,65,,1605076,80,,,0,21,,1605077,80,,,0,21,,1605051,80,,,0,62,,1605078,80,,,0,23,,1605079,80,,,0,21,,1605052,80,,,0,61,,1605080,80,,,0,22,,1605081,80,,,0,18,,1605053,80,,,0,59,,1605082,80,,,0,35,,1605054,80,,,0,70,,1605083,80,,,0,30,,1605055,80,,,0,70,,1605084,80,,,0,30,,1605056,80,,,0,70,,1605085,80,,,0,30,,1605057,80,,,0,70,,1605086,80,,,0,30,,1605087,80,,,0
7001,'20261021',646,,1633155,80,,,0,61,,1633172,80,,,0,18,,1633173,80,,,0,22,,1633156,80,,,0,60,,1633174,80,,,0,20,,1633175,80,,,0,18,,1633157,80,,,0,58,,1633176,80,,,0,20,,1633177,80,,,0,21,,1633158,80,,,0,57,,1633178,80,,,0,19,,1633179,80,,,0,18,,1633159,80,,,0,19,,1633180,80,,,0,61,,1633181,80,,,0,20,,1633160,80,,,0,20,,1633182,80,,,0,61,,1633183,80,,,0,20,,1633161,80,,,0,20,,1633184,80,,,0,61,,1633185,80,,,0,20,,1633162,80,,,0,19,,1633186,80,,,0,57,,1633187,80,,,0,22,,1633163,80,,,0,20,,1633188,80,,,0,64,,1633189,80,,,0,20,,1633164,80,,,0,65,,1633190,80,,,0,21,,1633191,80,,,0,21,,1633165,80,,,0,62,,1633192,80,,,0,23,,1633193,80,,,0,21,,1633166,80,,,0,61,,1633194,80,,,0,22,,1633195,80,,,0,18,,1633167,80,,,0,59,,1633196,80,,,0,35,,1633168,80,,,0,70,,1633197,80,,,0,30,,1633169,80,,,0,70,,1633198,80,,,0,30,,1633170,80,,,0,70,,1633199,80,,,0,30,,1633171,80,,,0,70,,1633200,80,,,0,30,,1633201,80,,,0
7001,'20261022',646,,1633202,80,,,0,61,,1633219,80,,,0,18,,1633220,80,,,0,22,,1633203,80,,,0,60,,1633221,80,,,0,20,,1633222,80,,,0,18,,1633204,80,,,0,58,,1633223,80,,,0,20,,1633224,80,,,0,21,,1633205,80,,,0,57,,1633225,80,,,0,19,,1633226,80,,,0,18,,1633206,80,,,0,19,,1633227,80,,,0,61,,1633228,80,,,0,20,,1633207,80,,,0,20,,1633229,80,,,0,61,,1633230,80,,,0,20,,1633208,80,,,0,20,,1633231,80,,,0,61,,1633232,80,,,0,20,,1633209,80,,,0,19,,1633233,80,,,0,57,,1633234,80,,,0,22,,1633210,80,,,0,20,,1633235,80,,,0,64,,1633236,80,,,0,20,,1633211,80,,,0,65,,1633237,80,,,0,21,,1633238,80,,,0,21,,1633212,80,,,0,62,,1633239,80,,,0,23,,1633240,80,,,0,21,,1633213,80,,,0,61,,1633241,80,,,0,22,,1633242,80,,,0,18,,1633214,80,,,0,59,,1633243,80,,,0,35,,1633215,80,,,0,70,,1633244,80,,,0,30,,1633216,80,,,0,70,,1633245,80,,,0,30,,1633217,80,,,0,70,,1633246,80,,,0,30,,1633218,80,,,0,70,,1633247,80,,,0,30,,1633248,80,,,0
7001,'20261023',646,,1633249,80,,,0,61,,1633266,80,,,0,18,,1633267,80,,,0,22,,1633250,80,,,0,60,,1633268,80,,,0,20,,1633269,80,,,0,18,,1633251,80,,,0,58,,1633270,80,,,0,20,,1633271,80,,,0,21,,1633252,80,,,0,57,,1633272,80,,,0,19,,1633273,80,,,0,18,,1633253,80,,,0,19,,1633274,80,,,0,61,,1633275,80,,,0,20,,1633254,80,,,0,20,,1633276,80,,,0,61,,1633277,80,,,0,20,,1633255,80,,,0,20,,1633278,80,,,0,61,,1633279,80,,,0,20,,1633256,80,,,0,19,,1633280,80,,,0,57,,1633281,80,,,0,22,,1633257,80,,,0,20,,1633282,80,,,0,64,,1633283,80,,,0,20,,1633258,80,,,0,65,,1633284,80,,,0,21,,1633285,80,,,0,21,,1633259,80,,,0,62,,1633286,80,,,0,23,,1633287,80,,,0,21,,1633260,80,,,0,61,,1633288,80,,,0,22,,1633289,80,,,0,18,,1633261,80,,,0,59,,1633290,80,,,0,35,,1633262,80,,,0,70,,1633291,80,,,0,30,,1633263,80,,,0,70,,1633292,80,,,0,30,,1633264,80,,,0,70,,1633293,80,,,0,30,,1633265,80,,,0,70,,1633294,80,,,0,30,,1633295,80,,,0
9103,'20261009',608,,1609751,9,,,0,97,,1609752,9,,,0,100,,1609753,9,,,0,101,,1609754,9,,,0,100,,1609755,9,,,0,100,,1609756,9,,,0,99,,1609757,9,,,0,100,,1609758,9,,,0,99,,1609759,9,,,0,98,,1609760,9,,,0,29,,1609761,9,,,0,70,,1609762,9,,,0,32,,1609763,9,,,0,76,,1609764,9,,,0,31,,1609765,9,,,0,63,,1609750,9,,,0,2,,1609766,9,,,0,100,,1609767,9,,,0,101,,1609768,9,,,0,100,,1609769,9,,,0,100,,1609770,9,,,0,100,,1609771,9,,,0
9103,'20261010',604,,1636494,9,,,0,100,,1636495,9,,,0,100,,1636496,9,,,0,99,,1636497,9,,,0,99,,1636498,9,,,0,100,,1636499,9,,,0,100,,1636500,9,,,0,99,,1636501,9,,,0,99,,1636502,9,,,0,100,,1636503,9,,,0,59,,1636504,9,,,0,100,,1636505,9,,,0,142,,1636506,9,,,0,101,,1636507,9,,,0,101,,1636508,9,,,0,100,,1636509,9,,,0,101,,1636510,9,,,0,100,,1636511,9,,,0
9103,'20261011',604,,1636512,9,,,0,100,,1636513,9,,,0,100,,1636514,9,,,0,99,,1636515,9,,,0,99,,1636516,9,,,0,100,,1636517,9,,,0,100,,1636518,9,,,0,99,,1636519,9,,,0,99,,1636520,9,,,0,100,,1636521,9,,,0,59,,1636522,9,,,0,100,,1636523,9,,,0,142,,1636524,9,,,0,101,,1636525,9,,,0,101,,1636526,9,,,0,100,,1636527,9,,,0,101,,1636528,9,,,0,100,,1636529,9,,,0
9103,'20261012',604,,1636530,9,,,0,100,,1636531,9,,,0,100,,1636532,9,,,0,99,,1636533,9,,,0,99,,1636534,9,,,0,100,,1636535,9,,,0,100,,1636536,9,,,0,99,,1636537,9,,,0,99,,1636538,9,,,0,100,,1636539,9,,,0,59,,1636540,9,,,0,100,,1636541,9,,,0,142,,1636542,9,,,0,101,,1636543,9,,,0,101,,1636544,9,,,0,100,,1636545,9,,,0,101,,1636546,9,,,0,100,,1636547,9,,,0
9103,'20261013',608,,1578029,9,,,0,97,,1578030,9,,,0,100,,1578031,9,,,0,101,,1578032,9,,,0,100,,1578033,9,,,0,100,,1578034,9,,,0,99,,1578035,9,,,0,100,,1578036,9,,,0,99,,1578037,9,,,0,98,,1578038,9,,,0,29,,1578039,9,,,0,70,,1578040,9,,,0,32,,1578041,9,,,0,76,,1578042,9,,,0,31,,1578043,9,,,0,65,,1578044,9,,,0,100,,1578045,9,,,0,101,,1578046,9,,,0,100,,1578047,9,,,0,100,,1578048,9,,,0,100,,1578049,9,,,0
9103,'20261014',608,,1578050,9,,,0,97,,1578051,9,,,0,100,,1578052,9,,,0,101,,1578053,9,,,0,100,,1578054,9,,,0,100,,1578055,9,,,0,99,,1578056,9,,,0,100,,1578057,9,,,0,99,,1578058,9,,,0,98,,1578059,9,,,0,29,,1578060,9,,,0,70,,1578061,9,,,0,32,,1578062,9,,,0,76,,1578063,9,,,0,31,,1578064,9,,,0,65,,1578065,9,,,0,100,,1578066,9,,,0,101,,1578067,9,,,0,100,,1578068,9,,,0,100,,1578069,9,,,0,100,,1578070,9,,,0
9103,'20261015',608,,1578071,9,,,0,97,,1578072,9,,,0,100,,1578073,9,,,0,101,,1578074,9,,,0,100,,1578075,9,,,0,100,,1578076,9,,,0,99,,1578077,9,,,0,100,,1578078,9,,,0,99,,1578079,9,,,0,98,,1578080,9,,,0,29,,1578081,9,,,0,70,,1578082,9,,,0,32,,1578083,9,,,0,76,,1578084,9,,,0,31,,1578085,9,,,0,65,,1578086,9,,,0,100,,1578087,9,,,0,101,,1578088,9,,,0,100,,1578089,9,,,0,100,,1578090,9,,,0,100,,1578091,9,,,0
9103,'20261016',608,,1578092,9,,,0,97,,1578093,9,,,0,100,,1578094,9,,,0,101,,1578095,9,,,0,100,,1578096,9,,,0,100,,1578097,9,,,0,99,,1578098,9,,,0,100,,1578099,9,,,0,99,,1578100,9,,,0,98,,1578101,9,,,0,29,,1578102,9,,,0,70,,1578103,9,,,0,32,,1578104,9,,,0,76,,1578105,9,,,0,31,,1578106,9,,,0,65,,1578107,9,,,0,100,,1578108,9,,,0,101,,1578109,9,,,0,100,,1578110,9,,,0,100,,1578111,9,,,0,100,,1578112,9,,,0
9103,'20261017',604,,1609772,9,,,0,100,,1609773,9,,,0,100,,1609774,9,,,0,99,,1609775,9,,,0,99,,1609776,9,,,0,100,,1609777,9,,,0,100,,1609778,9,,,0,99,,1609779,9,,,0,99,,1609780,9,,,0,100,,1609781,9,,,0,59,,1609782,9,,,0,100,,1609783,9,,,0,142,,1609784,9,,,0,101,,1609785,9,,,0,101,,1609786,9,,,0,100,,1609787,9,,,0,101,,1609788,9,,,0,100,,1609789,9,,,0
9103,'20261018',604,,1609790,9,,,0,100,,1609791,9,,,0,100,,1609792,9,,,0,99,,1609793,9,,,0,99,,1609794,9,,,0,100,,1609795,9,,,0,100,,1609796,9,,,0,99,,1609797,9,,,0,99,,1609798,9,,,0,100,,1609799,9,,,0,59,,1609800,9,,,0,100,,1609801,9,,,0,142,,1609802,9,,,0,101,,1609803,9,,,0,101,,1609804,9,,,0,100,,1609805,9,,,0,101,,1609806,9,,,0,100,,1609807,9,,,0
9103,'20261019',608,,1609808,9,,,0,97,,1609809,9,,,0,100,,1609810,9,,,0,101,,1609811,9,,,0,100,,1609812,9,,,0,100,,1609813,9,,,0,99,,1609814,9,,,0,100,,1609815,9,,,0,99,,1609816,9,,,0,98,,1609817,9,,,0,29,,1609818,9,,,0,70,,1609819,9,,,0,32,,1609820,9,,,0,76,,1609821,9,,,0,31,,1609822,9,,,0,65,,1609823,9,,,0,100,,1609824,9,,,0,101,,1609825,9,,,0,100,,1609826,9,,,0,100,,1609827,9,,,0,100,,1609828,9,,,0
9103,'20261020',608,,1609829,9,,,0,97,,1609830,9,,,0,100,,1609831,9,,,0,101,,1609832,9,,,0,100,,1609833,9,,,0,100,,1609834,9,,,0,99,,1609835,9,,,0,100,,1609836,9,,,0,99,,1609837,9,,,0,98,,1609838,9,,,0,29,,1609839,9,,,0,70,,1609840,9,,,0,32,,1609841,9,,,0,76,,1609842,9,,,0,31,,1609843,9,,,0,65,,1609844,9,,,0,100,,1609845,9,,,0,101,,1609846,9,,,0,100,,1609847,9,,,0,100,,1609848,9,,,0,100,,1609849,9,,,0
9103,'20261021',608,,1636548,9,,,0,97,,1636549,9,,,0,100,,1636550,9,,,0,101,,1636551,9,,,0,100,,1636552,9,,,0,100,,1636553,9,,,0,99,,1636554,9,,,0,100,,1636555,9,,,0,99,,1636556,9,,,0,98,,1636557,9,,,0,29,,1636558,9,,,0,70,,1636559,9,,,0,32,,1636560,9,,,0,76,,1636561,9,,,0,31,,1636562,9,,,0,65,,1636563,9,,,0,100,,1636564,9,,,0,101,,1636565,9,,,0,100,,1636566,9,,,0,100,,1636567,9,,,0,100,,1636568,9,,,0
9103,'20261022',608,,1636569,9,,,0,97,,1636570,9,,,0,100,,1636571,9,,,0,101,,1636572,9,,,0,100,,1636573,9,,,0,100,,1636574,9,,,0,99,,1636575,9,,,0,100,,1636576,9,,,0,99,,1636577,9,,,0,98,,1636578,9,,,0,29,,1636579,9,,,0,70,,1636580,9,,,0,32,,1636581,9,,,0,76,,1636582,9,,,0,31,,1636583,9,,,0,65,,1636584,9,,,0,100,,1636585,9,,,0,101,,1636586,9,,,0,100,,1636587,9,,,0,100,,1636588,9,,,0,100,,1636589,9,,,0
9103,'20261023',608,,1636590,9,,,0,97,,1636591,9,,,0,100,,1636592,9,,,0,101,,1636593,9,,,0,100,,1636594,9,,,0,100,,1636595,9,,,0,99,,1636596,9,,,0,100,,1636597,9,,,0,99,,1636598,9,,,0,98,,1636599,9,,,0,29,,1636600,9,,,0,70,,1636601,9,,,0,32,,1636602,9,,,0,76,,1636603,9,,,0,31,,1636604,9,,,0,65,,1636605,9,,,0,100,,1636606,9,,,0,101,,1636607,9,,,0,100,,1636608,9,,,0,100,,1636609,9,,,0,100,,1636610,9,,,0
9203,'20261009',543,,1610067,9,,,0,102,,1610068,9,,,0,102,,1610069,9,,,0,96,,1610070,9,,,0,101,,1610071,9,,,0,100,,1610072,9,,,0,101,,1610073,9,,,0,100,,1610074,9,,,0,100,,1610075,9,,,0,98,,1610076,9,,,0,71,,1610077,9,,,0,29,,1610078,9,,,0,70,,1610079,9,,,0,30,,1610080,9,,,0,76,,1610081,9,,,0,31,,1610082,9,,,0,95,,1610083,9,,,0,101,,1610084,9,,,0,100,,1610085,9,,,0,100,,1610086,9,,,0,100,,1610087,9,,,0
9203,'20261010',703,,1636722,9,,,0,99,,1636723,9,,,0,100,,1636724,9,,,0,100,,1636725,9,,,0,57,,1636726,9,,,0,100,,1636727,9,,,0,141,,1636728,9,,,0,102,,1636729,9,,,0,101,,1636730,9,,,0,103,,1636731,9,,,0,100,,1636732,9,,,0,102,,1636733,9,,,0,95,,1636734,9,,,0,100,,1636735,9,,,0,100,,1636736,9,,,0,100,,1636737,9,,,0,100,,1636738,9,,,0
9203,'20261011',703,,1636739,9,,,0,99,,1636740,9,,,0,100,,1636741,9,,,0,100,,1636742,9,,,0,57,,1636743,9,,,0,100,,1636744,9,,,0,141,,1636745,9,,,0,102,,1636746,9,,,0,101,,1636747,9,,,0,103,,1636748,9,,,0,100,,1636749,9,,,0,102,,1636750,9,,,0,95,,1636751,9,,,0,100,,1636752,9,,,0,100,,1636753,9,,,0,100,,1636754,9,,,0,100,,1636755,9,,,0
9203,'20261012',703,,1636756,9,,,0,99,,1636757,9,,,0,100,,1636758,9,,,0,100,,1636759,9,,,0,57,,1636760,9,,,0,100,,1636761,9,,,0,141,,1636762,9,,,0,102,,1636763,9,,,0,101,,1636764,9,,,0,103,,1636765,9,,,0,100,,1636766,9,,,0,102,,1636767,9,,,0,95,,1636768,9,,,0,100,,1636769,9,,,0,100,,1636770,9,,,0,100,,1636771,9,,,0,100,,1636772,9,,,0
9203,'20261013',543,,1578359,9,,,0,102,,1578343,9,,,0,102,,1578344,9,,,0,96,,1578345,9,,,0,101,,1578346,9,,,0,100,,1578347,9,,,0,101,,1578348,9,,,0,100,,1578349,9,,,0,100,,1578352,9,,,0,98,,1578362,9,,,0,71,,1578354,9,,,0,29,,1578360,9,,,0,70,,1578355,9,,,0,30,,1578363,9,,,0,76,,1578361,9,,,0,31,,1578356,9,,,0,95,,1578353,9,,,0,101,,1578357,9,,,0,100,,1578350,9,,,0,100,,1578351,9,,,0,100,,1578358,9,,,0
9203,'20261014',543,,1578380,9,,,0,102,,1578364,9,,,0,102,,1578365,9,,,0,96,,1578366,9,,,0,101,,1578367,9,,,0,100,,1578368,9,,,0,101,,1578369,9,,,0,100,,1578370,9,,,0,100,,1578373,9,,,0,98,,1578383,9,,,0,71,,1578375,9,,,0,29,,1578381,9,,,0,70,,1578376,9,,,0,30,,1578384,9,,,0,76,,1578382,9,,,0,31,,1578377,9,,,0,95,,1578374,9,,,0,101,,1578378,9,,,0,100,,1578371,9,,,0,100,,1578372,9,,,0,100,,1578379,9,,,0
9203,'20261015',543,,1578401,9,,,0,102,,1578385,9,,,0,102,,1578386,9,,,0,96,,1578387,9,,,0,101,,1578388,9,,,0,100,,1578389,9,,,0,101,,1578390,9,,,0,100,,1578391,9,,,0,100,,1578394,9,,,0,98,,1578404,9,,,0,71,,1578396,9,,,0,29,,1578402,9,,,0,70,,1578397,9,,,0,30,,1578405,9,,,0,76,,1578403,9,,,0,31,,1578398,9,,,0,95,,1578395,9,,,0,101,,1578399,9,,,0,100,,1578392,9,,,0,100,,1578393,9,,,0,100,,1578400,9,,,0
9203,'20261016',543,,1578422,9,,,0,102,,1578406,9,,,0,102,,1578407,9,,,0,96,,1578408,9,,,0,101,,1578409,9,,,0,100,,1578410,9,,,0,101,,1578411,9,,,0,100,,1578412,9,,,0,100,,1578415,9,,,0,98,,1578425,9,,,0,71,,1578417,9,,,0,29,,1578423,9,,,0,70,,1578418,9,,,0,30,,1578426,9,,,0,76,,1578424,9,,,0,31,,1578419,9,,,0,95,,1578416,9,,,0,101,,1578420,9,,,0,100,,1578413,9,,,0,100,,1578414,9,,,0,100,,1578421,9,,,0
9203,'20261017',703,,1610104,9,,,0,99,,1610098,9,,,0,100,,1610088,9,,,0,100,,1610097,9,,,0,57,,1610099,9,,,0,100,,1610089,9,,,0,141,,1610090,9,,,0,102,,1610091,9,,,0,101,,1610092,9,,,0,103,,1610100,9,,,0,100,,1610093,9,,,0,102,,1610094,9,,,0,95,,1610095,9,,,0,100,,1610096,9,,,0,100,,1610101,9,,,0,100,,1610103,9,,,0,100,,1610102,9,,,0
9203,'20261018',703,,1610121,9,,,0,99,,1610116,9,,,0,100,,1610105,9,,,0,100,,1610115,9,,,0,57,,1610117,9,,,0,100,,1610106,9,,,0,141,,1610107,9,,,0,102,,1610118,9,,,0,101,,1610108,9,,,0,103,,1610109,9,,,0,100,,1610119,9,,,0,102,,1610110,9,,,0,95,,1610111,9,,,0,100,,1610112,9,,,0,100,,1610120,9,,,0,100,,1610113,9,,,0,100,,1610114,9,,,0
9203,'20261019',543,,1610138,9,,,0,102,,1610122,9,,,0,102,,1610123,9,,,0,96,,1610124,9,,,0,101,,1610125,9,,,0,100,,1610126,9,,,0,101,,1610127,9,,,0,100,,1610128,9,,,0,100,,1610131,9,,,0,98,,1610141,9,,,0,71,,1610133,9,,,0,29,,1610139,9,,,0,70,,1610134,9,,,0,30,,1610142,9,,,0,76,,1610140,9,,,0,31,,1610135,9,,,0,95,,1610132,9,,,0,101,,1610136,9,,,0,100,,1610129,9,,,0,100,,1610130,9,,,0,100,,1610137,9,,,0
9203,'20261020',543,,1610159,9,,,0,102,,1610143,9,,,0,102,,1610144,9,,,0,96,,1610145,9,,,0,101,,1610146,9,,,0,100,,1610147,9,,,0,101,,1610148,9,,,0,100,,1610149,9,,,0,100,,1610152,9,,,0,98,,1610162,9,,,0,71,,1610154,9,,,0,29,,1610160,9,,,0,70,,1610155,9,,,0,30,,1610163,9,,,0,76,,1610161,9,,,0,31,,1610156,9,,,0,95,,1610153,9,,,0,101,,1610157,9,,,0,100,,1610150,9,,,0,100,,1610151,9,,,0,100,,1610158,9,,,0
9203,'20261021',543,,1636789,9,,,0,102,,1636773,9,,,0,102,,1636774,9,,,0,96,,1636775,9,,,0,101,,1636776,9,,,0,100,,1636777,9,,,0,101,,1636778,9,,,0,100,,1636779,9,,,0,100,,1636782,9,,,0,98,,1636792,9,,,0,71,,1636784,9,,,0,29,,1636790,9,,,0,70,,1636785,9,,,0,30,,1636793,9,,,0,76,,1636791,9,,,0,31,,1636786,9,,,0,95,,1636783,9,,,0,101,,1636787,9,,,0,100,,1636780,9,,,0,100,,1636781,9,,,0,100,,1636788,9,,,0
9203,'20261022',543,,1636810,9,,,0,102,,1636794,9,,,0,102,,1636795,9,,,0,96,,1636796,9,,,0,101,,1636797,9,,,0,100,,1636798,9,,,0,101,,1636799,9,,,0,100,,1636800,9,,,0,100,,1636803,9,,,0,98,,1636813,9,,,0,71,,1636805,9,,,0,29,,1636811,9,,,0,70,,1636806,9,,,0,30,,1636814,9,,,0,76,,1636812,9,,,0,31,,1636807,9,,,0,95,,1636804,9,,,0,101,,1636808,9,,,0,100,,1636801,9,,,0,100,,1636802,9,,,0,100,,1636809,9,,,0
9203,'20261023',543,,1636831,9,,,0,102,,1636815,9,,,0,102,,1636816,9,,,0,96,,1636817,9,,,0,101,,1636818,9,,,0,100,,1636819,9,,,0,101,,1636820,9,,,0,100,,1636821,9,,,0,100,,1636824,9,,,0,98,,1636834,9,,,0,71,,1636826,9,,,0,29,,1636832,9,,,0,70,,1636827,9,,,0,30,,1636835,9,,,0,76,,1636833,9,,,0,31,,1636828,9,,,0,95,,1636825,9,,,0,101,,1636829,9,,,0,100,,1636822,9,,,0,100,,1636823,9,,,0,100,,1636830,9,,,0
9300,'20261009',631,,1610277,9,,,0,98,,1610278,9,,,0,3,,1610266,9,,,0,96,,1610279,9,,,0,73,,1610267,9,,,0,30,,1610280,9,,,0,100,,1610268,9,,,0,1,,1610281,9,,,0,100,,1610282,9,,,0,71,,1610269,9,,,0,29,,1610283,9,,,0,99,,1610284,9,,,0,1,,1610270,9,,,0,92,,1610285,9,,,0,28,,1610286,9,,,0,51,,1610271,9,,,0,16,,1610287,9,,,0,29,,1610288,9,,,0,71,,1610276,5,,,0,2,,1610289,9,,,0,13,,1610272,9,,,0,14,,1610290,9,,,0,73,,1610291,9,,,0,34,,1610292,9,,,0,49,,1610273,9,,,0,17,,1610293,9,,,0,30,,1610294,9,,,0,79,,1610274,9,,,0,7,,1610295,9,,,0,100,,1610296,9,,,0,63,,1610275,9,,,0,36,,1610297,9,,,0,100,,1610298,9,,,0,100,,1610299,9,,,0
9300,'20261010',631,,1636846,9,,,0,96,,1636836,9,,,0,4,,1636847,9,,,0,100,,1636848,9,,,0,27,,1636837,9,,,0,73,,1636849,9,,,0,98,,1636838,9,,,0,2,,1636850,9,,,0,99,,1636851,9,,,0,70,,1636839,9,,,0,30,,1636852,9,,,0,100,,1636853,9,,,0,100,,1636854,9,,,0,70,,1636841,9,,,0,30,,1636855,9,,,0,99,,1636856,9,,,0,1,,1636842,9,,,0,100,,1636857,9,,,0,70,,1636843,9,,,0,31,,1636858,9,,,0,97,,1636844,9,,,0,3,,1636859,9,,,0,126,,1636845,9,,,0,74,,1636860,9,,,0,200,,1636861,9,,,0
9300,'20261011',631,,1636872,9,,,0,96,,1636862,9,,,0,4,,1636873,9,,,0,100,,1636874,9,,,0,27,,1636863,9,,,0,73,,1636875,9,,,0,98,,1636864,9,,,0,2,,1636876,9,,,0,99,,1636877,9,,,0,70,,1636865,9,,,0,30,,1636878,9,,,0,100,,1636879,9,,,0,100,,1636880,9,,,0,70,,1636867,9,,,0,30,,1636881,9,,,0,99,,1636882,9,,,0,1,,1636868,9,,,0,100,,1636883,9,,,0,70,,1636869,9,,,0,31,,1636884,9,,,0,97,,1636870,9,,,0,3,,1636885,9,,,0,126,,1636871,9,,,0,74,,1636886,9,,,0,200,,1636887,9,,,0
9300,'20261012',631,,1636898,9,,,0,96,,1636888,9,,,0,4,,1636899,9,,,0,100,,1636900,9,,,0,27,,1636889,9,,,0,73,,1636901,9,,,0,98,,1636890,9,,,0,2,,1636902,9,,,0,99,,1636903,9,,,0,70,,1636891,9,,,0,30,,1636904,9,,,0,100,,1636905,9,,,0,100,,1636906,9,,,0,70,,1636893,9,,,0,30,,1636907,9,,,0,99,,1636908,9,,,0,1,,1636894,9,,,0,100,,1636909,9,,,0,70,,1636895,9,,,0,31,,1636910,9,,,0,97,,1636896,9,,,0,3,,1636911,9,,,0,126,,1636897,9,,,0,74,,1636912,9,,,0,200,,1636913,9,,,0
9300,'20261013',631,,1578567,9,,,0,98,,1578547,9,,,0,3,,1578570,9,,,0,96,,1578559,9,,,0,73,,1578571,9,,,0,30,,1578563,9,,,0,100,,1578572,9,,,0,1,,1578564,9,,,0,100,,1578565,9,,,0,71,,1578573,9,,,0,29,,1578548,9,,,0,99,,1578549,9,,,0,1,,1578574,9,,,0,92,,1578566,9,,,0,28,,1578556,9,,,0,51,,1578575,9,,,0,16,,1578568,9,,,0,29,,1578560,9,,,0,73,,1578550,9,,,0,13,,1578576,9,,,0,14,,1578551,9,,,0,73,,1578552,9,,,0,34,,1578553,9,,,0,49,,1578577,9,,,0,17,,1578554,9,,,0,30,,1578561,9,,,0,79,,1578578,9,,,0,7,,1578555,9,,,0,100,,1578557,9,,,0,63,,1578579,9,,,0,36,,1578562,9,,,0,100,,1578558,9,,,0,100,,1578569,9,,,0
9300,'20261014',631,,1578600,9,,,0,98,,1578580,9,,,0,3,,1578603,9,,,0,96,,1578592,9,,,0,73,,1578604,9,,,0,30,,1578596,9,,,0,100,,1578605,9,,,0,1,,1578597,9,,,0,100,,1578598,9,,,0,71,,1578606,9,,,0,29,,1578581,9,,,0,99,,1578582,9,,,0,1,,1578607,9,,,0,92,,1578599,9,,,0,28,,1578589,9,,,0,51,,1578608,9,,,0,16,,1578601,9,,,0,29,,1578593,9,,,0,73,,1578583,9,,,0,13,,1578609,9,,,0,14,,1578584,9,,,0,73,,1578585,9,,,0,34,,1578586,9,,,0,49,,1578610,9,,,0,17,,1578587,9,,,0,30,,1578594,9,,,0,79,,1578611,9,,,0,7,,1578588,9,,,0,100,,1578590,9,,,0,63,,1578612,9,,,0,36,,1578595,9,,,0,100,,1578591,9,,,0,100,,1578602,9,,,0
9300,'20261015',631,,1578633,9,,,0,98,,1578613,9,,,0,3,,1578636,9,,,0,96,,1578625,9,,,0,73,,1578637,9,,,0,30,,1578629,9,,,0,100,,1578638,9,,,0,1,,1578630,9,,,0,100,,1578631,9,,,0,71,,1578639,9,,,0,29,,1578614,9,,,0,99,,1578615,9,,,0,1,,1578640,9,,,0,92,,1578632,9,,,0,28,,1578622,9,,,0,51,,1578641,9,,,0,16,,1578634,9,,,0,29,,1578626,9,,,0,73,,1578616,9,,,0,13,,1578642,9,,,0,14,,1578617,9,,,0,73,,1578618,9,,,0,34,,1578619,9,,,0,49,,1578643,9,,,0,17,,1578620,9,,,0,30,,1578627,9,,,0,79,,1578644,9,,,0,7,,1578621,9,,,0,100,,1578623,9,,,0,63,,1578645,9,,,0,36,,1578628,9,,,0,100,,1578624,9,,,0,100,,1578635,9,,,0
9300,'20261016',631,,1578666,9,,,0,98,,1578646,9,,,0,3,,1578669,9,,,0,96,,1578658,9,,,0,73,,1578670,9,,,0,30,,1578662,9,,,0,100,,1578671,9,,,0,1,,1578663,9,,,0,100,,1578664,9,,,0,71,,1578672,9,,,0,29,,1578647,9,,,0,99,,1578648,9,,,0,1,,1578673,9,,,0,92,,1578665,9,,,0,28,,1578655,9,,,0,51,,1578674,9,,,0,16,,1578667,9,,,0,29,,1578659,9,,,0,73,,1578649,9,,,0,13,,1578675,9,,,0,14,,1578650,9,,,0,73,,1578651,9,,,0,34,,1578652,9,,,0,49,,1578676,9,,,0,17,,1578653,9,,,0,30,,1578660,9,,,0,79,,1578677,9,,,0,7,,1578654,9,,,0,100,,1578656,9,,,0,63,,1578678,9,,,0,36,,1578661,9,,,0,100,,1578657,9,,,0,100,,1578668,9,,,0
9300,'20261017',631,,1610315,9,,,0,96,,1610316,9,,,0,4,,1610306,9,,,0,100,,1610307,9,,,0,27,,1610317,9,,,0,73,,1610314,9,,,0,98,,1610318,9,,,0,2,,1610300,9,,,0,99,,1610311,9,,,0,70,,1610319,9,,,0,30,,1610308,9,,,0,100,,1610309,9,,,0,100,,1610301,9,,,0,70,,1610321,9,,,0,30,,1610310,9,,,0,99,,1610312,9,,,0,1,,1610322,9,,,0,100,,1610302,9,,,0,70,,1610323,9,,,0,31,,1610313,9,,,0,97,,1610324,9,,,0,3,,1610305,9,,,0,126,,1610325,9,,,0,74,,1610303,9,,,0,200,,1610304,9,,,0
9300,'20261018',631,,1610341,9,,,0,96,,1610342,9,,,0,4,,1610331,9,,,0,100,,1610339,9,,,0,27,,1610343,9,,,0,73,,1610340,9,,,0,98,,1610344,9,,,0,2,,1610332,9,,,0,99,,1610336,9,,,0,70,,1610345,9,,,0,30,,1610326,9,,,0,100,,1610334,9,,,0,100,,1610333,9,,,0,70,,1610347,9,,,0,30,,1610335,9,,,0,99,,1610337,9,,,0,1,,1610348,9,,,0,100,,1610327,9,,,0,70,,1610349,9,,,0,31,,1610338,9,,,0,97,,1610350,9,,,0,3,,1610330,9,,,0,126,,1610351,9,,,0,74,,1610328,9,,,0,200,,1610329,9,,,0
9300,'20261019',631,,1610372,9,,,0,98,,1610352,9,,,0,3,,1610375,9,,,0,96,,1610364,9,,,0,73,,1610376,9,,,0,30,,1610368,9,,,0,100,,1610377,9,,,0,1,,1610369,9,,,0,100,,1610370,9,,,0,71,,1610378,9,,,0,29,,1610353,9,,,0,99,,1610354,9,,,0,1,,1610379,9,,,0,92,,1610371,9,,,0,28,,1610361,9,,,0,51,,1610380,9,,,0,16,,1610373,9,,,0,29,,1610365,9,,,0,73,,1610355,9,,,0,13,,1610381,9,,,0,14,,1610356,9,,,0,73,,1610357,9,,,0,34,,1610358,9,,,0,49,,1610382,9,,,0,17,,1610359,9,,,0,30,,1610366,9,,,0,79,,1610383,9,,,0,7,,1610360,9,,,0,100,,1610362,9,,,0,63,,1610384,9,,,0,36,,1610367,9,,,0,100,,1610363,9,,,0,100,,1610374,9,,,0
9300,'20261020',631,,1610405,9,,,0,98,,1610385,9,,,0,3,,1610408,9,,,0,96,,1610397,9,,,0,73,,1610409,9,,,0,30,,1610401,9,,,0,100,,1610410,9,,,0,1,,1610402,9,,,0,100,,1610403,9,,,0,71,,1610411,9,,,0,29,,1610386,9,,,0,99,,1610387,9,,,0,1,,1610412,9,,,0,92,,1610404,9,,,0,28,,1610394,9,,,0,51,,1610413,9,,,0,16,,1610406,9,,,0,29,,1610398,9,,,0,73,,1610388,9,,,0,13,,1610414,9,,,0,14,,1610389,9,,,0,73,,1610390,9,,,0,34,,1610391,9,,,0,49,,1610415,9,,,0,17,,1610392,9,,,0,30,,1610399,9,,,0,79,,1610416,9,,,0,7,,1610393,9,,,0,100,,1610395,9,,,0,63,,1610417,9,,,0,36,,1610400,9,,,0,100,,1610396,9,,,0,100,,1610407,9,,,0
9300,'20261021',631,,1636934,9,,,0,98,,1636914,9,,,0,3,,1636937,9,,,0,96,,1636926,9,,,0,73,,1636938,9,,,0,30,,1636930,9,,,0,100,,1636939,9,,,0,1,,1636931,9,,,0,100,,1636932,9,,,0,71,,1636940,9,,,0,29,,1636915,9,,,0,99,,1636916,9,,,0,1,,1636941,9,,,0,92,,1636933,9,,,0,28,,1636923,9,,,0,51,,1636942,9,,,0,16,,1636935,9,,,0,29,,1636927,9,,,0,73,,1636917,9,,,0,13,,1636943,9,,,0,14,,1636918,9,,,0,73,,1636919,9,,,0,34,,1636920,9,,,0,49,,1636944,9,,,0,17,,1636921,9,,,0,30,,1636928,9,,,0,79,,1636945,9,,,0,7,,1636922,9,,,0,100,,1636924,9,,,0,63,,1636946,9,,,0,36,,1636929,9,,,0,100,,1636925,9,,,0,100,,1636936,9,,,0
9300,'20261022',631,,1636967,9,,,0,98,,1636947,9,,,0,3,,1636970,9,,,0,96,,1636959,9,,,0,73,,1636971,9,,,0,30,,1636963,9,,,0,100,,1636972,9,,,0,1,,1636964,9,,,0,100,,1636965,9,,,0,71,,1636973,9,,,0,29,,1636948,9,,,0,99,,1636949,9,,,0,1,,1636974,9,,,0,92,,1636966,9,,,0,28,,1636956,9,,,0,51,,1636975,9,,,0,16,,1636968,9,,,0,29,,1636960,9,,,0,73,,1636950,9,,,0,13,,1636976,9,,,0,14,,1636951,9,,,0,73,,1636952,9,,,0,34,,1636953,9,,,0,49,,1636977,9,,,0,17,,1636954,9,,,0,30,,1636961,9,,,0,79,,1636978,9,,,0,7,,1636955,9,,,0,100,,1636957,9,,,0,63,,1636979,9,,,0,36,,1636962,9,,,0,100,,1636958,9,,,0,100,,1636969,9,,,0
9300,'20261023',631,,1637000,9,,,0,98,,1636980,9,,,0,3,,1637003,9,,,0,96,,1636992,9,,,0,73,,1637004,9,,,0,30,,1636996,9,,,0,100,,1637005,9,,,0,1,,1636997,9,,,0,100,,1636998,9,,,0,71,,1637006,9,,,0,29,,1636981,9,,,0,99,,1636982,9,,,0,1,,1637007,9,,,0,92,,1636999,9,,,0,28,,1636989,9,,,0,51,,1637008,9,,,0,16,,1637001,9,,,0,29,,1636993,9,,,0,73,,1636983,9,,,0,13,,1637009,9,,,0,14,,1636984,9,,,0,73,,1636985,9,,,0,34,,1636986,9,,,0,49,,1637010,9,,,0,17,,1636987,9,,,0,30,,1636994,9,,,0,79,,1637011,9,,,0,7,,1636988,9,,,0,100,,1636990,9,,,0,63,,1637012,9,,,0,36,,1636995,9,,,0,100,,1636991,9,,,0,100,,1637002,9,,,0
9403,'20261009',654,,1610900,9,,,0,99,,1610901,9,,,0,100,,1610902,9,,,0,100,,1610903,9,,,0,100,,1610904,9,,,0,100,,1610905,9,,,0,100,,1610906,9,,,0,99,,1610907,9,,,0,99,,1610908,9,,,0,68,,1610909,9,,,0,27,,1610910,9,,,0,68,,1610911,9,,,0,37,,1610912,9,,,0,70,,1610913,9,,,0,32,,1610914,9,,,0,100,,1610915,9,,,0,101,,1610916,9,,,0,101,,1610917,9,,,0,101,,1610918,9,,,0,99,,1610919,9,,,0
9403,'20261010',657,,1637310,9,,,0,100,,1637311,9,,,0,100,,1637312,9,,,0,100,,1637313,9,,,0,100,,1637314,9,,,0,100,,1637315,9,,,0,100,,1637316,9,,,0,100,,1637317,9,,,0,100,,1637318,9,,,0,99,,1637319,9,,,0,99,,1637320,9,,,0,102,,1637321,9,,,0,100,,1637322,9,,,0,100,,1637323,9,,,0,100,,1637324,9,,,0,100,,1637325,9,,,0,100,,1637326,9,,,0
9403,'20261011',657,,1637327,9,,,0,100,,1637328,9,,,0,100,,1637329,9,,,0,100,,1637330,9,,,0,100,,1637331,9,,,0,100,,1637332,9,,,0,100,,1637333,9,,,0,100,,1637334,9,,,0,100,,1637335,9,,,0,99,,1637336,9,,,0,99,,1637337,9,,,0,102,,1637338,9,,,0,100,,1637339,9,,,0,100,,1637340,9,,,0,100,,1637341,9,,,0,100,,1637342,9,,,0,100,,1637343,9,,,0
9403,'20261012',657,,1637344,9,,,0,100,,1637345,9,,,0,100,,1637346,9,,,0,100,,1637347,9,,,0,100,,1637348,9,,,0,100,,1637349,9,,,0,100,,1637350,9,,,0,100,,1637351,9,,,0,100,,1637352,9,,,0,99,,1637353,9,,,0,99,,1637354,9,,,0,102,,1637355,9,,,0,100,,1637356,9,,,0,100,,1637357,9,,,0,100,,1637358,9,,,0,100,,1637359,9,,,0,100,,1637360,9,,,0
9403,'20261013',654,,1579175,9,,,0,99,,1579176,9,,,0,100,,1579177,9,,,0,100,,1579178,9,,,0,100,,1579179,9,,,0,100,,1579180,9,,,0,100,,1579181,9,,,0,99,,1579182,9,,,0,99,,1579183,9,,,0,68,,1579184,9,,,0,27,,1579185,9,,,0,68,,1579171,9,,,0,37,,1579172,9,,,0,70,,1579190,9,,,0,32,,1579189,9,,,0,100,,1579173,9,,,0,101,,1579174,9,,,0,101,,1579186,9,,,0,101,,1579187,9,,,0,99,,1579188,9,,,0
9403,'20261014',654,,1579195,9,,,0,99,,1579196,9,,,0,100,,1579197,9,,,0,100,,1579198,9,,,0,100,,1579199,9,,,0,100,,1579200,9,,,0,100,,1579201,9,,,0,99,,1579202,9,,,0,99,,1579203,9,,,0,68,,1579204,9,,,0,27,,1579205,9,,,0,68,,1579191,9,,,0,37,,1579192,9,,,0,70,,1579210,9,,,0,32,,1579209,9,,,0,100,,1579193,9,,,0,101,,1579194,9,,,0,101,,1579206,9,,,0,101,,1579207,9,,,0,99,,1579208,9,,,0
9403,'20261015',654,,1579215,9,,,0,99,,1579216,9,,,0,100,,1579217,9,,,0,100,,1579218,9,,,0,100,,1579219,9,,,0,100,,1579220,9,,,0,100,,1579221,9,,,0,99,,1579222,9,,,0,99,,1579223,9,,,0,68,,1579224,9,,,0,27,,1579225,9,,,0,68,,1579211,9,,,0,37,,1579212,9,,,0,70,,1579230,9,,,0,32,,1579229,9,,,0,100,,1579213,9,,,0,101,,1579214,9,,,0,101,,1579226,9,,,0,101,,1579227,9,,,0,99,,1579228,9,,,0
9403,'20261016',654,,1579235,9,,,0,99,,1579236,9,,,0,100,,1579237,9,,,0,100,,1579238,9,,,0,100,,1579239,9,,,0,100,,1579240,9,,,0,100,,1579241,9,,,0,99,,1579242,9,,,0,99,,1579243,9,,,0,68,,1579244,9,,,0,27,,1579245,9,,,0,68,,1579231,9,,,0,37,,1579232,9,,,0,70,,1579250,9,,,0,32,,1579249,9,,,0,100,,1579233,9,,,0,101,,1579234,9,,,0,101,,1579246,9,,,0,101,,1579247,9,,,0,99,,1579248,9,,,0
9403,'20261017',657,,1610920,9,,,0,100,,1610921,9,,,0,100,,1610922,9,,,0,100,,1610923,9,,,0,100,,1610924,9,,,0,100,,1610925,9,,,0,100,,1610926,9,,,0,100,,1610927,9,,,0,100,,1610928,9,,,0,99,,1610929,9,,,0,99,,1610930,9,,,0,102,,1610931,9,,,0,100,,1610932,9,,,0,100,,1610933,9,,,0,100,,1610934,9,,,0,100,,1610935,9,,,0,100,,1610936,9,,,0
9403,'20261018',657,,1610937,9,,,0,100,,1610938,9,,,0,100,,1610939,9,,,0,100,,1610940,9,,,0,100,,1610941,9,,,0,100,,1610942,9,,,0,100,,1610943,9,,,0,100,,1610944,9,,,0,100,,1610945,9,,,0,99,,1610946,9,,,0,99,,1610947,9,,,0,102,,1610948,9,,,0,100,,1610949,9,,,0,100,,1610950,9,,,0,100,,1610951,9,,,0,100,,1610952,9,,,0,100,,1610953,9,,,0
9403,'20261019',654,,1610958,9,,,0,99,,1610959,9,,,0,100,,1610960,9,,,0,100,,1610961,9,,,0,100,,1610962,9,,,0,100,,1610963,9,,,0,100,,1610964,9,,,0,99,,1610965,9,,,0,99,,1610966,9,,,0,68,,1610967,9,,,0,27,,1610968,9,,,0,68,,1610954,9,,,0,37,,1610955,9,,,0,70,,1610973,9,,,0,32,,1610972,9,,,0,100,,1610956,9,,,0,101,,1610957,9,,,0,101,,1610969,9,,,0,101,,1610970,9,,,0,99,,1610971,9,,,0
9403,'20261020',654,,1610978,9,,,0,99,,1610979,9,,,0,100,,1610980,9,,,0,100,,1610981,9,,,0,100,,1610982,9,,,0,100,,1610983,9,,,0,100,,1610984,9,,,0,99,,1610985,9,,,0,99,,1610986,9,,,0,68,,1610987,9,,,0,27,,1610988,9,,,0,68,,1610974,9,,,0,37,,1610975,9,,,0,70,,1610993,9,,,0,32,,1610992,9,,,0,100,,1610976,9,,,0,101,,1610977,9,,,0,101,,1610989,9,,,0,101,,1610990,9,,,0,99,,1610991,9,,,0
9403,'20261021',654,,1637365,9,,,0,99,,1637366,9,,,0,100,,1637367,9,,,0,100,,1637368,9,,,0,100,,1637369,9,,,0,100,,1637370,9,,,0,100,,1637371,9,,,0,99,,1637372,9,,,0,99,,1637373,9,,,0,68,,1637374,9,,,0,27,,1637375,9,,,0,68,,1637361,9,,,0,37,,1637362,9,,,0,70,,1637380,9,,,0,32,,1637379,9,,,0,100,,1637363,9,,,0,101,,1637364,9,,,0,101,,1637376,9,,,0,101,,1637377,9,,,0,99,,1637378,9,,,0
9403,'20261022',654,,1637385,9,,,0,99,,1637386,9,,,0,100,,1637387,9,,,0,100,,1637388,9,,,0,100,,1637389,9,,,0,100,,1637390,9,,,0,100,,1637391,9,,,0,99,,1637392,9,,,0,99,,1637393,9,,,0,68,,1637394,9,,,0,27,,1637395,9,,,0,68,,1637381,9,,,0,37,,1637382,9,,,0,70,,1637400,9,,,0,32,,1637399,9,,,0,100,,1637383,9,,,0,101,,1637384,9,,,0,101,,1637396,9,,,0,101,,1637397,9,,,0,99,,1637398,9,,,0
9403,'20261023',654,,1637405,9,,,0,99,,1637406,9,,,0,100,,1637407,9,,,0,100,,1637408,9,,,0,100,,1637409,9,,,0,100,,1637410,9,,,0,100,,1637411,9,,,0,99,,1637412,9,,,0,99,,1637413,9,,,0,68,,1637414,9,,,0,27,,1637415,9,,,0,68,,1637401,9,,,0,37,,1637402,9,,,0,70,,1637420,9,,,0,32,,1637419,9,,,0,100,,1637403,9,,,0,101,,1637404,9,,,0,101,,1637416,9,,,0,101,,1637417,9,,,0,99,,1637418,9,,,0
53001,'20261009',659,,1613941,24,4,,0,64,,1613942,24,4,,0,23,,1613943,24,4,,0,57,,1613944,24,4,,0,23,,1613945,24,4,,0,89,,1613946,24,4,,0,200,,1613947,24,4,,0
53001,'20261013',659,,1582176,24,4,,0,64,,1582177,24,4,,0,23,,1582180,24,4,,0,57,,1582178,24,4,,0,23,,1582179,24,4,,0,89,,1582181,24,4,,0,200,,1582182,24,4,,0
53001,'20261014',659,,1582183,24,4,,0,64,,1582184,24,4,,0,23,,1582187,24,4,,0,57,,1582185,24,4,,0,23,,1582186,24,4,,0,89,,1582188,24,4,,0,200,,1582189,24,4,,0
53001,'20261015',659,,1582190,24,4,,0,64,,1582191,24,4,,0,23,,1582194,24,4,,0,57,,1582192,24,4,,0,23,,1582193,24,4,,0,89,,1582195,24,4,,0,200,,1582196,24,4,,0
53001,'20261016',659,,1582197,24,4,,0,64,,1582198,24,4,,0,23,,1582201,24,4,,0,57,,1582199,24,4,,0,23,,1582200,24,4,,0,89,,1582202,24,4,,0,200,,1582203,24,4,,0
53001,'20261019',659,,1613948,24,4,,0,64,,1613949,24,4,,0,23,,1613952,24,4,,0,57,,1613950,24,4,,0,23,,1613951,24,4,,0,89,,1613953,24,4,,0,200,,1613954,24,4,,0
53001,'20261020',659,,1613955,24,4,,0,64,,1613956,24,4,,0,23,,1613959,24,4,,0,57,,1613957,24,4,,0,23,,1613958,24,4,,0,89,,1613960,24,4,,0,200,,1613961,24,4,,0
53001,'20261021',659,,1638938,24,4,,0,64,,1638939,24,4,,0,23,,1638942,24,4,,0,57,,1638940,24,4,,0,23,,1638941,24,4,,0,89,,1638943,24,4,,0,200,,1638944,24,4,,0
53001,'20261022',659,,1638945,24,4,,0,64,,1638946,24,4,,0,23,,1638949,24,4,,0,57,,1638947,24,4,,0,23,,1638948,24,4,,0,89,,1638950,24,4,,0,200,,1638951,24,4,,0
53001,'20261023',659,,1638952,24,4,,0,64,,1638953,24,4,,0,23,,1638956,24,4,,0,57,,1638954,24,4,,0,23,,1638955,24,4,,0,89,,1638957,24,4,,0,200,,1638958,24,4,,0
53101,'20261009',707,,1613989,3,4,,0,30,,1613990,3,4,,0,76,,1613991,3,4,,0
53101,'20261013',707,,1582228,3,4,,0,30,,1582229,3,4,,0,76,,1582230,3,4,,0
53101,'20261014',707,,1582231,3,4,,0,30,,1582232,3,4,,0,76,,1582233,3,4,,0
53101,'20261015',707,,1582234,3,4,,0,30,,1582235,3,4,,0,76,,1582236,3,4,,0
53101,'20261016',707,,1582237,3,4,,0,30,,1582238,3,4,,0,76,,1582239,3,4,,0
53101,'20261019',707,,1613992,3,4,,0,30,,1613993,3,4,,0,76,,1613994,3,4,,0
53101,'20261020',707,,1613995,3,4,,0,30,,1613996,3,4,,0,76,,1613997,3,4,,0
53101,'20261021',707,,1638968,3,4,,0,30,,1638969,3,4,,0,76,,1638970,3,4,,0
53101,'20261022',707,,1638971,3,4,,0,30,,1638972,3,4,,0,76,,1638973,3,4,,0
53101,'20261023',707,,1638974,3,4,,0,30,,1638975,3,4,,0,76,,1638976,3,4,,0
53601,'20261009',724,,1614022,48,4,,0,33,,1614023,48,4,,0
53601,'20261013',724,,1582262,48,4,,0,33,,1582263,48,4,,0
53601,'20261014',724,,1582264,48,4,,0,33,,1582265,48,4,,0
53601,'20261015',724,,1582266,48,4,,0,33,,1582267,48,4,,0
53601,'20261016',724,,1582268,48,4,,0,33,,1582269,48,4,,0
53601,'20261019',724,,1614024,48,4,,0,33,,1614025,48,4,,0
53601,'20261020',724,,1614026,48,4,,0,33,,1614027,48,4,,0
53601,'20261021',724,,1638986,48,4,,0,33,,1638987,48,4,,0
53601,'20261022',724,,1638988,48,4,,0,33,,1638989,48,4,,0
53601,'20261023',724,,1638990,48,4,,0,33,,1638991,48,4,,0
53701,'20261009',726,,1614058,26,4,,0,77,,1614059,26,4,,0
53701,'20261013',726,,1582298,26,4,,0,77,,1582299,26,4,,0
53701,'20261014',726,,1582300,26,4,,0,77,,1582301,26,4,,0
53701,'20261015',726,,1582302,26,4,,0,77,,1582303,26,4,,0
53701,'20261016',726,,1582304,26,4,,0,77,,1582305,26,4,,0
53701,'20261019',726,,1614060,26,4,,0,77,,1614061,26,4,,0
53701,'20261020',726,,1614062,26,4,,0,77,,1614063,26,4,,0
53701,'20261021',726,,1639004,26,4,,0,77,,1639005,26,4,,0
53701,'20261022',726,,1639006,26,4,,0,77,,1639007,26,4,,0
53701,'20261023',726,,1639008,26,4,,0,77,,1639009,26,4,,0
53801,'20261009',655,,1614091,34,4,,0,78,,1614092,34,4,,0,77,,1614093,34,4,,0
53801,'20261013',655,,1582330,34,4,,0,78,,1582331,34,4,,0,77,,1582332,34,4,,0
53801,'20261014',655,,1582333,34,4,,0,78,,1582334,34,4,,0,77,,1582335,34,4,,0
53801,'20261015',655,,1582336,34,4,,0,78,,1582337,34,4,,0,77,,1582338,34,4,,0
53801,'20261016',655,,1582339,34,4,,0,78,,1582340,34,4,,0,77,,1582341,34,4,,0
53801,'20261019',655,,1614094,34,4,,0,78,,1614095,34,4,,0,77,,1614096,34,4,,0
53801,'20261020',655,,1614097,34,4,,0,78,,1614098,34,4,,0,77,,1614099,34,4,,0
53801,'20261021',655,,1639019,34,4,,0,78,,1639020,34,4,,0,77,,1639021,34,4,,0
53801,'20261022',655,,1639022,34,4,,0,78,,1639023,34,4,,0,77,,1639024,34,4,,0
53801,'20261023',655,,1639025,34,4,,0,78,,1639026,34,4,,0,77,,1639027,34,4,,0
55001,'20261009',651,,1614142,43,4,,0,68,,1614143,43,4,,0,32,,1614144,43,4,,0,106,,1614145,43,4,,0
55001,'20261013',651,,1582381,43,4,,0,68,,1582380,43,4,,0,32,,1582382,43,4,,0,106,,1582383,43,4,,0
55001,'20261014',651,,1582385,43,4,,0,68,,1582384,43,4,,0,32,,1582386,43,4,,0,106,,1582387,43,4,,0
55001,'20261015',651,,1582389,43,4,,0,68,,1582388,43,4,,0,32,,1582390,43,4,,0,106,,1582391,43,4,,0
55001,'20261016',651,,1582393,43,4,,0,68,,1582392,43,4,,0,32,,1582394,43,4,,0,106,,1582395,43,4,,0
55001,'20261019',651,,1614147,43,4,,0,68,,1614146,43,4,,0,32,,1614148,43,4,,0,106,,1614149,43,4,,0
55001,'20261020',651,,1614151,43,4,,0,68,,1614150,43,4,,0,32,,1614152,43,4,,0,106,,1614153,43,4,,0
55001,'20261021',651,,1639044,43,4,,0,68,,1639043,43,4,,0,32,,1639045,43,4,,0,106,,1639046,43,4,,0
55001,'20261022',651,,1639048,43,4,,0,68,,1639047,43,4,,0,32,,1639049,43,4,,0,106,,1639050,43,4,,0
55001,'20261023',651,,1639052,43,4,,0,68,,1639051,43,4,,0,32,,1639053,43,4,,0,106,,1639054,43,4,,0
55401,'20261009',732,,1614184,30,4,,0,83,,1614185,30,4,,0
55401,'20261013',732,,1582425,30,4,,0,83,,1582424,30,4,,0
55401,'20261014',732,,1582427,30,4,,0,83,,1582426,30,4,,0
55401,'20261015',732,,1582429,30,4,,0,83,,1582428,30,4,,0
55401,'20261016',732,,1582431,30,4,,0,83,,1582430,30,4,,0
55401,'20261019',732,,1614187,30,4,,0,83,,1614186,30,4,,0
55401,'20261020',732,,1614189,30,4,,0,83,,1614188,30,4,,0
55401,'20261021',732,,1639068,30,4,,0,83,,1639067,30,4,,0
55401,'20261022',732,,1639070,30,4,,0,83,,1639069,30,4,,0
55401,'20261023',732,,1639072,30,4,,0,83,,1639071,30,4,,0
55501,'20261009',728,,1614214,32,4,,0,90,,1614215,32,4,,0
55501,'20261013',728,,1582455,32,4,,0,90,,1582454,32,4,,0
55501,'20261014',728,,1582457,32,4,,0,90,,1582456,32,4,,0
55501,'20261015',728,,1582459,32,4,,0,90,,1582458,32,4,,0
55501,'20261016',728,,1582461,32,4,,0,90,,1582460,32,4,,0
55501,'20261019',728,,1614217,32,4,,0,90,,1614216,32,4,,0
55501,'20261020',728,,1614219,32,4,,0,90,,1614218,32,4,,0
55501,'20261021',728,,1639083,32,4,,0,90,,1639082,32,4,,0
55501,'20261022',728,,1639085,32,4,,0,90,,1639084,32,4,,0
55501,'20261023',728,,1639087,32,4,,0,90,,1639086,32,4,,0
55801,'20261009',726,,1614244,38,4,,0,92,,1614245,38,4,,0
55801,'20261013',726,,1582484,38,4,,0,92,,1582485,38,4,,0
55801,'20261014',726,,1582486,38,4,,0,92,,1582487,38,4,,0
55801,'20261015',726,,1582488,38,4,,0,92,,1582489,38,4,,0
55801,'20261016',726,,1582490,38,4,,0,92,,1582491,38,4,,0
55801,'20261019',726,,1614246,38,4,,0,92,,1614247,38,4,,0
55801,'20261020',726,,1614248,38,4,,0,92,,1614249,38,4,,0
55801,'20261021',726,,1639097,38,4,,0,92,,1639098,38,4,,0
55801,'20261022',726,,1639099,38,4,,0,92,,1639100,38,4,,0
55801,'20261023',726,,1639101,38,4,,0,92,,1639102,38,4,,0
57001,'20261009',658,,1614289,42,4,,0,72,,1614290,42,4,,0,70,,1614291,42,4,,0
57001,'20261013',658,,1582528,42,4,,0,72,,1582529,42,4,,0,70,,1582530,42,4,,0
57001,'20261014',658,,1582531,42,4,,0,72,,1582532,42,4,,0,70,,1582533,42,4,,0
57001,'20261015',658,,1582534,42,4,,0,72,,1582535,42,4,,0,70,,1582536,42,4,,0
57001,'20261016',658,,1582537,42,4,,0,72,,1582538,42,4,,0,70,,1582539,42,4,,0
57001,'20261019',658,,1614292,42,4,,0,72,,1614293,42,4,,0,70,,1614294,42,4,,0
57001,'20261020',658,,1614295,42,4,,0,72,,1614296,42,4,,0,70,,1614297,42,4,,0
57001,'20261021',658,,1639118,42,4,,0,72,,1639119,42,4,,0,70,,1639120,42,4,,0
57001,'20261022',658,,1639121,42,4,,0,72,,1639122,42,4,,0,70,,1639123,42,4,,0
57001,'20261023',658,,1639124,42,4,,0,72,,1639125,42,4,,0,70,,1639126,42,4,,0
57201,'20261009',704,,1614331,69,4,,0,19,,1614332,69,4,,0,79,,1614333,69,4,,0
57201,'20261013',704,,1582570,69,4,,0,19,,1582571,69,4,,0,79,,1582572,69,4,,0
57201,'20261014',704,,1582573,69,4,,0,19,,1582574,69,4,,0,79,,1582575,69,4,,0
57201,'20261015',704,,1582576,69,4,,0,19,,1582577,69,4,,0,79,,1582578,69,4,,0
57201,'20261016',704,,1582579,69,4,,0,19,,1582580,69,4,,0,79,,1582581,69,4,,0
57201,'20261019',704,,1614334,69,4,,0,19,,1614335,69,4,,0,79,,1614336,69,4,,0
57201,'20261020',704,,1614337,69,4,,0,19,,1614338,69,4,,0,79,,1614339,69,4,,0
57201,'20261021',704,,1639139,69,4,,0,19,,1639140,69,4,,0,79,,1639141,69,4,,0
57201,'20261022',704,,1639142,69,4,,0,19,,1639143,69,4,,0,79,,1639144,69,4,,0
57201,'20261023',704,,1639145,69,4,,0,19,,1639146,69,4,,0,79,,1639147,69,4,,0
57401,'20261009',658,,1614373,38,4,,0,66,,1614374,38,4,,0,80,,1614375,38,4,,0
57401,'20261013',658,,1582613,38,4,,0,66,,1582614,38,4,,0,80,,1582612,38,4,,0
57401,'20261014',658,,1582616,38,4,,0,66,,1582617,38,4,,0,80,,1582615,38,4,,0
57401,'20261015',658,,1582619,38,4,,0,66,,1582620,38,4,,0,80,,1582618,38,4,,0
57401,'20261016',658,,1582622,38,4,,0,66,,1582623,38,4,,0,80,,1582621,38,4,,0
57401,'20261019',658,,1614377,38,4,,0,66,,1614378,38,4,,0,80,,1614376,38,4,,0
57401,'20261020',658,,1614380,38,4,,0,66,,1614381,38,4,,0,80,,1614379,38,4,,0
57401,'20261021',658,,1639161,38,4,,0,66,,1639162,38,4,,0,80,,1639160,38,4,,0
57401,'20261022',658,,1639164,38,4,,0,66,,1639165,38,4,,0,80,,1639163,38,4,,0
57401,'20261023',658,,1639167,38,4,,0,66,,1639168,38,4,,0,80,,1639166,38,4,,0
58001,'20261009',735,,1614415,53,4,,0,68,,1614416,53,4,,0,34,,1614417,53,4,,0
58001,'20261013',735,,1582655,53,4,,0,68,,1582654,53,4,,0,34,,1582656,53,4,,0
58001,'20261014',735,,1582658,53,4,,0,68,,1582657,53,4,,0,34,,1582659,53,4,,0
58001,'20261015',735,,1582661,53,4,,0,68,,1582660,53,4,,0,34,,1582662,53,4,,0
58001,'20261016',735,,1582664,53,4,,0,68,,1582663,53,4,,0,34,,1582665,53,4,,0
58001,'20261019',735,,1614419,53,4,,0,68,,1614418,53,4,,0,34,,1614420,53,4,,0
58001,'20261020',735,,1614422,53,4,,0,68,,1614421,53,4,,0,34,,1614423,53,4,,0
58001,'20261021',735,,1639182,53,4,,0,68,,1639181,53,4,,0,34,,1639183,53,4,,0
58001,'20261022',735,,1639185,53,4,,0,68,,1639184,53,4,,0,34,,1639186,53,4,,0
58001,'20261023',735,,1639188,53,4,,0,68,,1639187,53,4,,0,34,,1639189,53,4,,0
58101,'20261009',659,,1614451,37,4,,0,76,,1614452,37,4,,0,68,,1614453,37,4,,0
58101,'20261013',659,,1582690,37,4,,0,76,,1582691,37,4,,0,68,,1582692,37,4,,0
58101,'20261014',659,,1582693,37,4,,0,76,,1582694,37,4,,0,68,,1582695,37,4,,0
58101,'20261015',659,,1582696,37,4,,0,76,,1582697,37,4,,0,68,,1582698,37,4,,0
58101,'20261016',659,,1582699,37,4,,0,76,,1582700,37,4,,0,68,,1582701,37,4,,0
58101,'20261019',659,,1614454,37,4,,0,76,,1614455,37,4,,0,68,,1614456,37,4,,0
58101,'20261020',659,,1614457,37,4,,0,76,,1614458,37,4,,0,68,,1614459,37,4,,0
58101,'20261021',659,,1639199,37,4,,0,76,,1639200,37,4,,0,68,,1639201,37,4,,0
58101,'20261022',659,,1639202,37,4,,0,76,,1639203,37,4,,0,68,,1639204,37,4,,0
58101,'20261023',659,,1639205,37,4,,0,76,,1639206,37,4,,0,68,,1639207,37,4,,0
58201,'20261009',701,,1614505,54,4,,0,12,,1614506,54,4,,0,24,,1614507,54,4,,0,16,,1614508,54,4,,0,55,,1614509,54,4,,0
58201,'20261013',701,,1582744,54,4,,0,12,,1582742,54,4,,0,24,,1582745,54,4,,0,16,,1582743,54,4,,0,55,,1582746,54,4,,0
58201,'20261014',701,,1582749,54,4,,0,12,,1582747,54,4,,0,24,,1582750,54,4,,0,16,,1582748,54,4,,0,55,,1582751,54,4,,0
58201,'20261015',701,,1582754,54,4,,0,12,,1582752,54,4,,0,24,,1582755,54,4,,0,16,,1582753,54,4,,0,55,,1582756,54,4,,0
58201,'20261016',701,,1582759,54,4,,0,12,,1582757,54,4,,0,24,,1582760,54,4,,0,16,,1582758,54,4,,0,55,,1582761,54,4,,0
58201,'20261019',701,,1614512,54,4,,0,12,,1614510,54,4,,0,24,,1614513,54,4,,0,16,,1614511,54,4,,0,55,,1614514,54,4,,0
58201,'20261020',701,,1614517,54,4,,0,12,,1614515,54,4,,0,24,,1614518,54,4,,0,16,,1614516,54,4,,0,55,,1614519,54,4,,0
58201,'20261021',701,,1639225,54,4,,0,12,,1639223,54,4,,0,24,,1639226,54,4,,0,16,,1639224,54,4,,0,55,,1639227,54,4,,0
58201,'20261022',701,,1639230,54,4,,0,12,,1639228,54,4,,0,24,,1639231,54,4,,0,16,,1639229,54,4,,0,55,,1639232,54,4,,0
58201,'20261023',701,,1639235,54,4,,0,12,,1639233,54,4,,0,24,,1639236,54,4,,0,16,,1639234,54,4,,0,55,,1639237,54,4,,0
58401,'20261009',701,,1614553,61,4,,0,33,,1614554,61,4,,0,69,,1614555,61,4,,0
58401,'20261013',701,,1582793,61,4,,0,33,,1582792,61,4,,0,69,,1582794,61,4,,0
58401,'20261014',701,,1582796,61,4,,0,33,,1582795,61,4,,0,69,,1582797,61,4,,0
58401,'20261015',701,,1582799,61,4,,0,33,,1582798,61,4,,0,69,,1582800,61,4,,0
58401,'20261016',701,,1582802,61,4,,0,33,,1582801,61,4,,0,69,,1582803,61,4,,0
58401,'20261019',701,,1614557,61,4,,0,33,,1614556,61,4,,0,69,,1614558,61,4,,0
58401,'20261020',701,,1614560,61,4,,0,33,,1614559,61,4,,0,69,,1614561,61,4,,0
58401,'20261021',701,,1639251,61,4,,0,33,,1639250,61,4,,0,69,,1639252,61,4,,0
58401,'20261022',701,,1639254,61,4,,0,33,,1639253,61,4,,0,69,,1639255,61,4,,0
58401,'20261023',701,,1639257,61,4,,0,33,,1639256,61,4,,0,69,,1639258,61,4,,0
80401,'20261009',601,,1621380,54,,,1,15,,1621381,54,,,1,15,,1621382,54,,,1,15,,1621383,54,,,1,56,,1621384,54,,,1,17,,1621385,54,,,1,13,,1621386,54,,,1,13,,1621387,54,,,1,10,,1621388,54,,,1,52,,1621389,54,,,1,10,,1621390,54,,,1,10,,1621391,54,,,1,10,,1621392,54,,,1,9,,1621393,54,,,1,7,,1621394,54,,,1,50,,1621395,54,,,1,12,,1621396,54,,,1,14,,1621397,54,,,1,15,,1621398,54,,,1,15,,1621399,54,,,1,54,,1621400,54,,,1,14,,1621401,54,,,1,15,,1621402,54,,,1,15,,1621403,54,,,1,54,,1621404,54,,,1,16,,1621405,54,,,1,14,,1621406,54,,,1,16,,1621407,54,,,1,54,,1621408,54,,,1,17,,1621409,54,,,1,15,,1621410,54,,,1,15,,1621411,54,,,1,55,,1621412,54,,,1,15,,1621413,54,,,1,15,,1621414,54,,,1,15,,1621415,54,,,1,55,,1621416,54,,,1,15,,1621417,54,,,1,14,,1621418,54,,,1,17,,1621419,54,,,1,55,,1621420,54,,,1,16,,1621421,54,,,1,16,,1621422,54,,,1,54,,1621423,54,,,1,17,,1621424,54,,,1,14,,1621425,54,,,1,17,,1621426,54,,,1,56,,1621427,54,,,1,11,,1621428,54,,,1,11,,1621429,54,,,1,9,,1621430,54,,,1,12,,1621431,54,,,1,54,,1621432,22,,,1,14,,1621433,54,,,1,15,,1621434,54,,,1,15,,1621435,54,,,1,58,,1621436,54,,,1,16,,1621437,54,,,1,17,,1621438,54,,,1,18,,1621439,54,,,1,58,,1621440,54,,,1,18,,1621441,54,,,1,17,,1621442,54,,,1,58,,1621443,54,,,1,18,,1621444,54,,,1,18,,1621445,54,,,1,18,,1621446,54,,,1,56,,1621447,54,,,1,18,,1621448,54,,,1,16,,1621449,54,,,1,57,,1621450,54,,,1,17,,1621451,54,,,1,18,,1621452,54,,,1,17,,1621453,54,,,1,58,,1621454,54,,,1,16,,1621455,54,,,1,17,,1621456,54,,,1,58,,1621457,54,,,1
80401,'20261010',710,,1643873,54,,,1,17,,1643874,54,,,1,18,,1643875,54,,,1,58,,1643876,54,,,1,18,,1643877,54,,,1,18,,1643878,54,,,1,17,,1643879,54,,,1,57,,1643880,54,,,1,15,,1643881,54,,,1,17,,1643882,54,,,1,55,,1643883,54,,,1,16,,1643884,54,,,1,15,,1643885,54,,,1,16,,1643886,54,,,1,56,,1643887,54,,,1,15,,1643888,54,,,1,15,,1643889,54,,,1,14,,1643890,54,,,1,54,,1643891,54,,,1,15,,1643892,54,,,1,14,,1643893,54,,,1,15,,1643894,54,,,1,55,,1643895,54,,,1,14,,1643896,54,,,1,15,,1643897,54,,,1,14,,1643898,54,,,1,15,,1643899,54,,,1,55,,1643900,54,,,1,15,,1643901,54,,,1,15,,1643902,54,,,1,15,,1643903,54,,,1,55,,1643904,54,,,1,15,,1643905,54,,,1,15,,1643906,54,,,1,15,,1643907,54,,,1,54,,1643908,54,,,1,15,,1643909,54,,,1,14,,1643910,54,,,1,15,,1643911,54,,,1,54,,1643912,54,,,1,16,,1643913,54,,,1,16,,1643914,54,,,1,59,,1643915,54,,,1,18,,1643916,54,,,1,17,,1643917,54,,,1,18,,1643918,54,,,1,59,,1643919,54,,,1,18,,1643920,54,,,1,18,,1643921,54,,,1,58,,1643922,54,,,1,18,,1643923,54,,,1,18,,1643924,54,,,1,58,,1643925,54,,,1,17,,1643926,54,,,1,18,,1643927,54,,,1,18,,1643928,54,,,1,58,,1643929,54,,,1,18,,1643930,54,,,1,18,,1643931,54,,,1,58,,1643932,54,,,1,18,,1643933,54,,,1,18,,1643934,54,,,1,58,,1643935,54,,,1,18,,1643936,54,,,1,18,,1643937,54,,,1
80401,'20261011',710,,1643938,54,,,1,17,,1643939,54,,,1,18,,1643940,54,,,1,58,,1643941,54,,,1,18,,1643942,54,,,1,18,,1643943,54,,,1,17,,1643944,54,,,1,57,,1643945,54,,,1,15,,1643946,54,,,1,17,,1643947,54,,,1,55,,1643948,54,,,1,16,,1643949,54,,,1,15,,1643950,54,,,1,16,,1643951,54,,,1,56,,1643952,54,,,1,15,,1643953,54,,,1,15,,1643954,54,,,1,14,,1643955,54,,,1,54,,1643956,54,,,1,15,,1643957,54,,,1,14,,1643958,54,,,1,15,,1643959,54,,,1,55,,1643960,54,,,1,14,,1643961,54,,,1,15,,1643962,54,,,1,14,,1643963,54,,,1,15,,1643964,54,,,1,55,,1643965,54,,,1,15,,1643966,54,,,1,15,,1643967,54,,,1,15,,1643968,54,,,1,55,,1643969,54,,,1,15,,1643970,54,,,1,15,,1643971,54,,,1,15,,1643972,54,,,1,54,,1643973,54,,,1,15,,1643974,54,,,1,14,,1643975,54,,,1,15,,1643976,54,,,1,54,,1643977,54,,,1,16,,1643978,54,,,1,16,,1643979,54,,,1,59,,1643980,54,,,1,18,,1643981,54,,,1,17,,1643982,54,,,1,18,,1643983,54,,,1,59,,1643984,54,,,1,18,,1643985,54,,,1,18,,1643986,54,,,1,58,,1643987,54,,,1,18,,1643988,54,,,1,18,,1643989,54,,,1,58,,1643990,54,,,1,17,,1643991,54,,,1,18,,1643992,54,,,1,18,,1643993,54,,,1,58,,1643994,54,,,1,18,,1643995,54,,,1,18,,1643996,54,,,1,58,,1643997,54,,,1,18,,1643998,54,,,1,18,,1643999,54,,,1,58,,1644000,54,,,1,18,,1644001,54,,,1,18,,1644002,54,,,1
80401,'20261012',710,,1644003,54,,,1,17,,1644004,54,,,1,18,,1644005,54,,,1,58,,1644006,54,,,1,18,,1644007,54,,,1,18,,1644008,54,,,1,17,,1644009,54,,,1,57,,1644010,54,,,1,15,,1644011,54,,,1,17,,1644012,54,,,1,55,,1644013,54,,,1,16,,1644014,54,,,1,15,,1644015,54,,,1,16,,1644016,54,,,1,56,,1644017,54,,,1,15,,1644018,54,,,1,15,,1644019,54,,,1,14,,1644020,54,,,1,54,,1644021,54,,,1,15,,1644022,54,,,1,14,,1644023,54,,,1,15,,1644024,54,,,1,55,,1644025,54,,,1,14,,1644026,54,,,1,15,,1644027,54,,,1,14,,1644028,54,,,1,15,,1644029,54,,,1,55,,1644030,54,,,1,15,,1644031,54,,,1,15,,1644032,54,,,1,15,,1644033,54,,,1,55,,1644034,54,,,1,15,,1644035,54,,,1,15,,1644036,54,,,1,15,,1644037,54,,,1,54,,1644038,54,,,1,15,,1644039,54,,,1,14,,1644040,54,,,1,15,,1644041,54,,,1,54,,1644042,54,,,1,16,,1644043,54,,,1,16,,1644044,54,,,1,59,,1644045,54,,,1,18,,1644046,54,,,1,17,,1644047,54,,,1,18,,1644048,54,,,1,59,,1644049,54,,,1,18,,1644050,54,,,1,18,,1644051,54,,,1,58,,1644052,54,,,1,18,,1644053,54,,,1,18,,1644054,54,,,1,58,,1644055,54,,,1,17,,1644056,54,,,1,18,,1644057,54,,,1,18,,1644058,54,,,1,58,,1644059,54,,,1,18,,1644060,54,,,1,18,,1644061,54,,,1,58,,1644062,54,,,1,18,,1644063,54,,,1,18,,1644064,54,,,1,58,,1644065,54,,,1,18,,1644066,54,,,1,18,,1644067,54,,,1
80401,'20261013',601,,1589685,54,,,1,15,,1589673,54,,,1,15,,1589609,54,,,1,15,,1589674,54,,,1,56,,1589656,54,,,1,17,,1589610,54,,,1,13,,1589611,54,,,1,13,,1589612,54,,,1,10,,1589613,54,,,1,52,,1589669,54,,,1,10,,1589663,54,,,1,10,,1589614,54,,,1,10,,1589615,54,,,1,9,,1589616,54,,,1,7,,1589617,54,,,1,50,,1589630,54,,,1,12,,1589631,54,,,1,14,,1589632,54,,,1,15,,1589670,54,,,1,15,,1589618,54,,,1,54,,1589619,54,,,1,14,,1589620,54,,,1,15,,1589621,54,,,1,15,,1589622,54,,,1,54,,1589671,54,,,1,16,,1589664,54,,,1,14,,1589623,54,,,1,16,,1589624,54,,,1,54,,1589625,54,,,1,17,,1589626,54,,,1,15,,1589627,54,,,1,15,,1589668,54,,,1,55,,1589628,54,,,1,15,,1589633,54,,,1,15,,1589634,54,,,1,15,,1589665,54,,,1,55,,1589629,54,,,1,15,,1589635,54,,,1,14,,1589636,54,,,1,17,,1589637,54,,,1,55,,1589638,54,,,1,16,,1589639,54,,,1,16,,1589667,54,,,1,54,,1589640,54,,,1,17,,1589641,54,,,1,14,,1589643,54,,,1,17,,1589672,54,,,1,56,,1589644,54,,,1,11,,1589645,54,,,1,11,,1589642,54,,,1,9,,1589646,54,,,1,12,,1589655,54,,,1,54,,1589680,54,,,1,14,,1589657,54,,,1,15,,1589647,54,,,1,15,,1589683,54,,,1,58,,1589666,54,,,1,16,,1589658,54,,,1,17,,1589659,54,,,1,18,,1589648,54,,,1,58,,1589649,54,,,1,18,,1589677,54,,,1,17,,1589660,54,,,1,58,,1589678,54,,,1,18,,1589679,54,,,1,18,,1589676,54,,,1,18,,1589675,54,,,1,56,,1589662,54,,,1,18,,1589661,54,,,1,16,,1589650,54,,,1,57,,1589651,54,,,1,17,,1589682,54,,,1,18,,1589652,54,,,1,17,,1589681,54,,,1,58,,1589653,54,,,1,16,,1589654,54,,,1,17,,1589684,54,,,1,58,,1589686,54,,,1
80401,'20261014',601,,1589763,54,,,1,15,,1589751,54,,,1,15,,1589687,54,,,1,15,,1589752,54,,,1,56,,1589734,54,,,1,17,,1589688,54,,,1,13,,1589689,54,,,1,13,,1589690,54,,,1,10,,1589691,54,,,1,52,,1589747,54,,,1,10,,1589741,54,,,1,10,,1589692,54,,,1,10,,1589693,54,,,1,9,,1589694,54,,,1,7,,1589695,54,,,1,50,,1589708,54,,,1,12,,1589709,54,,,1,14,,1589710,54,,,1,15,,1589748,54,,,1,15,,1589696,54,,,1,54,,1589697,54,,,1,14,,1589698,54,,,1,15,,1589699,54,,,1,15,,1589700,54,,,1,54,,1589749,54,,,1,16,,1589742,54,,,1,14,,1589701,54,,,1,16,,1589702,54,,,1,54,,1589703,54,,,1,17,,1589704,54,,,1,15,,1589705,54,,,1,15,,1589746,54,,,1,55,,1589706,54,,,1,15,,1589711,54,,,1,15,,1589712,54,,,1,15,,1589743,54,,,1,55,,1589707,54,,,1,15,,1589713,54,,,1,14,,1589714,54,,,1,17,,1589715,54,,,1,55,,1589716,54,,,1,16,,1589717,54,,,1,16,,1589745,54,,,1,54,,1589718,54,,,1,17,,1589719,54,,,1,14,,1589721,54,,,1,17,,1589750,54,,,1,56,,1589722,54,,,1,11,,1589723,54,,,1,11,,1589720,54,,,1,9,,1589724,54,,,1,12,,1589733,54,,,1,54,,1589758,54,,,1,14,,1589735,54,,,1,15,,1589725,54,,,1,15,,1589761,54,,,1,58,,1589744,54,,,1,16,,1589736,54,,,1,17,,1589737,54,,,1,18,,1589726,54,,,1,58,,1589727,54,,,1,18,,1589755,54,,,1,17,,1589738,54,,,1,58,,1589756,54,,,1,18,,1589757,54,,,1,18,,1589754,54,,,1,18,,1589753,54,,,1,56,,1589740,54,,,1,18,,1589739,54,,,1,16,,1589728,54,,,1,57,,1589729,54,,,1,17,,1589760,54,,,1,18,,1589730,54,,,1,17,,1589759,54,,,1,58,,1589731,54,,,1,16,,1589732,54,,,1,17,,1589762,54,,,1,58,,1589764,54,,,1
80401,'20261015',601,,1589841,54,,,1,15,,1589829,54,,,1,15,,1589765,54,,,1,15,,1589830,54,,,1,56,,1589812,54,,,1,17,,1589766,54,,,1,13,,1589767,54,,,1,13,,1589768,54,,,1,10,,1589769,54,,,1,52,,1589825,54,,,1,10,,1589819,54,,,1,10,,1589770,54,,,1,10,,1589771,54,,,1,9,,1589772,54,,,1,7,,1589773,54,,,1,50,,1589786,54,,,1,12,,1589787,54,,,1,14,,1589788,54,,,1,15,,1589826,54,,,1,15,,1589774,54,,,1,54,,1589775,54,,,1,14,,1589776,54,,,1,15,,1589777,54,,,1,15,,1589778,54,,,1,54,,1589827,54,,,1,16,,1589820,54,,,1,14,,1589779,54,,,1,16,,1589780,54,,,1,54,,1589781,54,,,1,17,,1589782,54,,,1,15,,1589783,54,,,1,15,,1589824,54,,,1,55,,1589784,54,,,1,15,,1589789,54,,,1,15,,1589790,54,,,1,15,,1589821,54,,,1,55,,1589785,54,,,1,15,,1589791,54,,,1,14,,1589792,54,,,1,17,,1589793,54,,,1,55,,1589794,54,,,1,16,,1589795,54,,,1,16,,1589823,54,,,1,54,,1589796,54,,,1,17,,1589797,54,,,1,14,,1589799,54,,,1,17,,1589828,54,,,1,56,,1589800,54,,,1,11,,1589801,54,,,1,11,,1589798,54,,,1,9,,1589802,54,,,1,12,,1589811,54,,,1,54,,1589836,54,,,1,14,,1589813,54,,,1,15,,1589803,54,,,1,15,,1589839,54,,,1,58,,1589822,54,,,1,16,,1589814,54,,,1,17,,1589815,54,,,1,18,,1589804,54,,,1,58,,1589805,54,,,1,18,,1589833,54,,,1,17,,1589816,54,,,1,58,,1589834,54,,,1,18,,1589835,54,,,1,18,,1589832,54,,,1,18,,1589831,54,,,1,56,,1589818,54,,,1,18,,1589817,54,,,1,16,,1589806,54,,,1,57,,1589807,54,,,1,17,,1589838,54,,,1,18,,1589808,54,,,1,17,,1589837,54,,,1,58,,1589809,54,,,1,16,,1589810,54,,,1,17,,1589840,54,,,1,58,,1589842,54,,,1
80401,'20261016',601,,1589919,54,,,1,15,,1589907,54,,,1,15,,1589843,54,,,1,15,,1589908,54,,,1,56,,1589890,54,,,1,17,,1589844,54,,,1,13,,1589845,54,,,1,13,,1589846,54,,,1,10,,1589847,54,,,1,52,,1589903,54,,,1,10,,1589897,54,,,1,10,,1589848,54,,,1,10,,1589849,54,,,1,9,,1589850,54,,,1,7,,1589851,54,,,1,50,,1589864,54,,,1,12,,1589865,54,,,1,14,,1589866,54,,,1,15,,1589904,54,,,1,15,,1589852,54,,,1,54,,1589853,54,,,1,14,,1589854,54,,,1,15,,1589855,54,,,1,15,,1589856,54,,,1,54,,1589905,54,,,1,16,,1589898,54,,,1,14,,1589857,54,,,1,16,,1589858,54,,,1,54,,1589859,54,,,1,17,,1589860,54,,,1,15,,1589861,54,,,1,15,,1589902,54,,,1,55,,1589862,54,,,1,15,,1589867,54,,,1,15,,1589868,54,,,1,15,,1589899,54,,,1,55,,1589863,54,,,1,15,,1589869,54,,,1,14,,1589870,54,,,1,17,,1589871,54,,,1,55,,1589872,54,,,1,16,,1589873,54,,,1,16,,1589901,54,,,1,54,,1589874,54,,,1,17,,1589875,54,,,1,14,,1589877,54,,,1,17,,1589906,54,,,1,56,,1589878,54,,,1,11,,1589879,54,,,1,11,,1589876,54,,,1,9,,1589880,54,,,1,12,,1589889,54,,,1,54,,1589914,54,,,1,14,,1589891,54,,,1,15,,1589881,54,,,1,15,,1589917,54,,,1,58,,1589900,54,,,1,16,,1589892,54,,,1,17,,1589893,54,,,1,18,,1589882,54,,,1,58,,1589883,54,,,1,18,,1589911,54,,,1,17,,1589894,54,,,1,58,,1589912,54,,,1,18,,1589913,54,,,1,18,,1589910,54,,,1,18,,1589909,54,,,1,56,,1589896,54,,,1,18,,1589895,54,,,1,16,,1589884,54,,,1,57,,1589885,54,,,1,17,,1589916,54,,,1,18,,1589886,54,,,1,17,,1589915,54,,,1,58,,1589887,54,,,1,16,,1589888,54,,,1,17,,1589918,54,,,1,58,,1589920,54,,,1
80401,'20261017',710,,1621458,54,,,1,17,,1621510,54,,,1,18,,1621509,54,,,1,58,,1621459,54,,,1,18,,1621460,54,,,1,18,,1621511,54,,,1,17,,1621498,54,,,1,57,,1621499,54,,,1,15,,1621500,54,,,1,17,,1621512,54,,,1,55,,1621461,54,,,1,16,,1621501,54,,,1,15,,1621502,54,,,1,16,,1621513,54,,,1,56,,1621462,54,,,1,15,,1621503,54,,,1,15,,1621504,54,,,1,14,,1621514,54,,,1,54,,1621463,54,,,1,15,,1621505,54,,,1,14,,1621506,54,,,1,15,,1621464,54,,,1,55,,1621507,54,,,1,14,,1621465,54,,,1,15,,1621466,54,,,1,14,,1621467,54,,,1,15,,1621468,54,,,1,55,,1621469,54,,,1,15,,1621470,54,,,1,15,,1621471,54,,,1,15,,1621472,54,,,1,55,,1621473,54,,,1,15,,1621474,54,,,1,15,,1621475,54,,,1,15,,1621476,54,,,1,54,,1621477,54,,,1,15,,1621478,54,,,1,14,,1621479,54,,,1,15,,1621480,54,,,1,54,,1621481,54,,,1,16,,1621482,54,,,1,16,,1621483,54,,,1,59,,1621484,54,,,1,18,,1621485,54,,,1,17,,1621508,54,,,1,18,,1621519,54,,,1,59,,1621486,54,,,1,18,,1621487,54,,,1,18,,1621520,54,,,1,58,,1621488,54,,,1,18,,1621521,54,,,1,18,,1621489,54,,,1,58,,1621490,54,,,1,17,,1621522,54,,,1,18,,1621491,54,,,1,18,,1621517,54,,,1,58,,1621492,54,,,1,18,,1621493,54,,,1,18,,1621516,54,,,1,58,,1621494,54,,,1,18,,1621515,54,,,1,18,,1621495,54,,,1,58,,1621496,54,,,1,18,,1621518,54,,,1,18,,1621497,54,,,1
80401,'20261018',710,,1621523,54,,,1,17,,1621524,54,,,1,18,,1621575,54,,,1,58,,1621574,54,,,1,18,,1621525,54,,,1,18,,1621576,54,,,1,17,,1621563,54,,,1,57,,1621564,54,,,1,15,,1621565,54,,,1,17,,1621577,54,,,1,55,,1621527,54,,,1,16,,1621566,54,,,1,15,,1621567,54,,,1,16,,1621578,54,,,1,56,,1621526,54,,,1,15,,1621568,54,,,1,15,,1621569,54,,,1,14,,1621579,54,,,1,54,,1621528,54,,,1,15,,1621570,54,,,1,14,,1621571,54,,,1,15,,1621529,54,,,1,55,,1621572,54,,,1,14,,1621530,54,,,1,15,,1621531,54,,,1,14,,1621532,54,,,1,15,,1621533,54,,,1,55,,1621534,54,,,1,15,,1621535,54,,,1,15,,1621536,54,,,1,15,,1621537,54,,,1,55,,1621538,54,,,1,15,,1621539,54,,,1,15,,1621540,54,,,1,15,,1621541,54,,,1,54,,1621542,54,,,1,15,,1621543,54,,,1,14,,1621544,54,,,1,15,,1621545,54,,,1,54,,1621546,54,,,1,16,,1621547,54,,,1,16,,1621548,54,,,1,59,,1621549,54,,,1,18,,1621550,54,,,1,17,,1621551,54,,,1,18,,1621573,54,,,1,59,,1621580,54,,,1,18,,1621552,54,,,1,18,,1621553,54,,,1,58,,1621581,54,,,1,18,,1621554,54,,,1,18,,1621582,54,,,1,58,,1621555,54,,,1,17,,1621556,54,,,1,18,,1621583,54,,,1,18,,1621557,54,,,1,58,,1621584,54,,,1,18,,1621558,54,,,1,18,,1621559,54,,,1,58,,1621585,54,,,1,18,,1621560,54,,,1,18,,1621586,54,,,1,58,,1621561,54,,,1,18,,1621587,54,,,1,18,,1621562,54,,,1
80401,'20261019',601,,1621664,54,,,1,15,,1621652,54,,,1,15,,1621588,54,,,1,15,,1621653,54,,,1,56,,1621635,54,,,1,17,,1621589,54,,,1,13,,1621590,54,,,1,13,,1621591,54,,,1,10,,1621592,54,,,1,52,,1621648,54,,,1,10,,1621642,54,,,1,10,,1621593,54,,,1,10,,1621594,54,,,1,9,,1621595,54,,,1,7,,1621596,54,,,1,50,,1621609,54,,,1,12,,1621610,54,,,1,14,,1621611,54,,,1,15,,1621649,54,,,1,15,,1621597,54,,,1,54,,1621598,54,,,1,14,,1621599,54,,,1,15,,1621600,54,,,1,15,,1621601,54,,,1,54,,1621650,54,,,1,16,,1621643,54,,,1,14,,1621602,54,,,1,16,,1621603,54,,,1,54,,1621604,54,,,1,17,,1621605,54,,,1,15,,1621606,54,,,1,15,,1621647,54,,,1,55,,1621607,54,,,1,15,,1621612,54,,,1,15,,1621613,54,,,1,15,,1621644,54,,,1,55,,1621608,54,,,1,15,,1621614,54,,,1,14,,1621615,54,,,1,17,,1621616,54,,,1,55,,1621617,54,,,1,16,,1621618,54,,,1,16,,1621646,54,,,1,54,,1621619,54,,,1,17,,1621620,54,,,1,14,,1621622,54,,,1,17,,1621651,54,,,1,56,,1621623,54,,,1,11,,1621624,54,,,1,11,,1621621,54,,,1,9,,1621625,54,,,1,12,,1621634,54,,,1,54,,1621659,54,,,1,14,,1621636,54,,,1,15,,1621626,54,,,1,15,,1621662,54,,,1,58,,1621645,54,,,1,16,,1621637,54,,,1,17,,1621638,54,,,1,18,,1621627,54,,,1,58,,1621628,54,,,1,18,,1621656,54,,,1,17,,1621639,54,,,1,58,,1621657,54,,,1,18,,1621658,54,,,1,18,,1621655,54,,,1,18,,1621654,54,,,1,56,,1621641,54,,,1,18,,1621640,54,,,1,16,,1621629,54,,,1,57,,1621630,54,,,1,17,,1621661,54,,,1,18,,1621631,54,,,1,17,,1621660,54,,,1,58,,1621632,54,,,1,16,,1621633,54,,,1,17,,1621663,54,,,1,58,,1621665,54,,,1
80401,'20261020',601,,1621742,54,,,1,15,,1621730,54,,,1,15,,1621666,54,,,1,15,,1621731,54,,,1,56,,1621713,54,,,1,17,,1621667,54,,,1,13,,1621668,54,,,1,13,,1621669,54,,,1,10,,1621670,54,,,1,52,,1621726,54,,,1,10,,1621720,54,,,1,10,,1621671,54,,,1,10,,1621672,54,,,1,9,,1621673,54,,,1,7,,1621674,54,,,1,50,,1621687,54,,,1,12,,1621688,54,,,1,14,,1621689,54,,,1,15,,1621727,54,,,1,15,,1621675,54,,,1,54,,1621676,54,,,1,14,,1621677,54,,,1,15,,1621678,54,,,1,15,,1621679,54,,,1,54,,1621728,54,,,1,16,,1621721,54,,,1,14,,1621680,54,,,1,16,,1621681,54,,,1,54,,1621682,54,,,1,17,,1621683,54,,,1,15,,1621684,54,,,1,15,,1621725,54,,,1,55,,1621685,54,,,1,15,,1621690,54,,,1,15,,1621691,54,,,1,15,,1621722,54,,,1,55,,1621686,54,,,1,15,,1621692,54,,,1,14,,1621693,54,,,1,17,,1621694,54,,,1,55,,1621695,54,,,1,16,,1621696,54,,,1,16,,1621724,54,,,1,54,,1621697,54,,,1,17,,1621698,54,,,1,14,,1621700,54,,,1,17,,1621729,54,,,1,56,,1621701,54,,,1,11,,1621702,54,,,1,11,,1621699,54,,,1,9,,1621703,54,,,1,12,,1621712,54,,,1,54,,1621737,54,,,1,14,,1621714,54,,,1,15,,1621704,54,,,1,15,,1621740,54,,,1,58,,1621723,54,,,1,16,,1621715,54,,,1,17,,1621716,54,,,1,18,,1621705,54,,,1,58,,1621706,54,,,1,18,,1621734,54,,,1,17,,1621717,54,,,1,58,,1621735,54,,,1,18,,1621736,54,,,1,18,,1621733,54,,,1,18,,1621732,54,,,1,56,,1621719,54,,,1,18,,1621718,54,,,1,16,,1621707,54,,,1,57,,1621708,54,,,1,17,,1621739,54,,,1,18,,1621709,54,,,1,17,,1621738,54,,,1,58,,1621710,54,,,1,16,,1621711,54,,,1,17,,1621741,54,,,1,58,,1621743,54,,,1
80401,'20261021',601,,1644144,54,,,1,15,,1644132,54,,,1,15,,1644068,54,,,1,15,,1644133,54,,,1,56,,1644115,54,,,1,17,,1644069,54,,,1,13,,1644070,54,,,1,13,,1644071,54,,,1,10,,1644072,54,,,1,52,,1644128,54,,,1,10,,1644122,54,,,1,10,,1644073,54,,,1,10,,1644074,54,,,1,9,,1644075,54,,,1,7,,1644076,54,,,1,50,,1644089,54,,,1,12,,1644090,54,,,1,14,,1644091,54,,,1,15,,1644129,54,,,1,15,,1644077,54,,,1,54,,1644078,54,,,1,14,,1644079,54,,,1,15,,1644080,54,,,1,15,,1644081,54,,,1,54,,1644130,54,,,1,16,,1644123,54,,,1,14,,1644082,54,,,1,16,,1644083,54,,,1,54,,1644084,54,,,1,17,,1644085,54,,,1,15,,1644086,54,,,1,15,,1644127,54,,,1,55,,1644087,54,,,1,15,,1644092,54,,,1,15,,1644093,54,,,1,15,,1644124,54,,,1,55,,1644088,54,,,1,15,,1644094,54,,,1,14,,1644095,54,,,1,17,,1644096,54,,,1,55,,1644097,54,,,1,16,,1644098,54,,,1,16,,1644126,54,,,1,54,,1644099,54,,,1,17,,1644100,54,,,1,14,,1644102,54,,,1,17,,1644131,54,,,1,56,,1644103,54,,,1,11,,1644104,54,,,1,11,,1644101,54,,,1,9,,1644105,54,,,1,12,,1644114,54,,,1,54,,1644139,54,,,1,14,,1644116,54,,,1,15,,1644106,54,,,1,15,,1644142,54,,,1,58,,1644125,54,,,1,16,,1644117,54,,,1,17,,1644118,54,,,1,18,,1644107,54,,,1,58,,1644108,54,,,1,18,,1644136,54,,,1,17,,1644119,54,,,1,58,,1644137,54,,,1,18,,1644138,54,,,1,18,,1644135,54,,,1,18,,1644134,54,,,1,56,,1644121,54,,,1,18,,1644120,54,,,1,16,,1644109,54,,,1,57,,1644110,54,,,1,17,,1644141,54,,,1,18,,1644111,54,,,1,17,,1644140,54,,,1,58,,1644112,54,,,1,16,,1644113,54,,,1,17,,1644143,54,,,1,58,,1644145,54,,,1
80401,'20261022',601,,1644222,54,,,1,15,,1644210,54,,,1,15,,1644146,54,,,1,15,,1644211,54,,,1,56,,1644193,54,,,1,17,,1644147,54,,,1,13,,1644148,54,,,1,13,,1644149,54,,,1,10,,1644150,54,,,1,52,,1644206,54,,,1,10,,1644200,54,,,1,10,,1644151,54,,,1,10,,1644152,54,,,1,9,,1644153,54,,,1,7,,1644154,54,,,1,50,,1644167,54,,,1,12,,1644168,54,,,1,14,,1644169,54,,,1,15,,1644207,54,,,1,15,,1644155,54,,,1,54,,1644156,54,,,1,14,,1644157,54,,,1,15,,1644158,54,,,1,15,,1644159,54,,,1,54,,1644208,54,,,1,16,,1644201,54,,,1,14,,1644160,54,,,1,16,,1644161,54,,,1,54,,1644162,54,,,1,17,,1644163,54,,,1,15,,1644164,54,,,1,15,,1644205,54,,,1,55,,1644165,54,,,1,15,,1644170,54,,,1,15,,1644171,54,,,1,15,,1644202,54,,,1,55,,1644166,54,,,1,15,,1644172,54,,,1,14,,1644173,54,,,1,17,,1644174,54,,,1,55,,1644175,54,,,1,16,,1644176,54,,,1,16,,1644204,54,,,1,54,,1644177,54,,,1,17,,1644178,54,,,1,14,,1644180,54,,,1,17,,1644209,54,,,1,56,,1644181,54,,,1,11,,1644182,54,,,1,11,,1644179,54,,,1,9,,1644183,54,,,1,12,,1644192,54,,,1,54,,1644217,54,,,1,14,,1644194,54,,,1,15,,1644184,54,,,1,15,,1644220,54,,,1,58,,1644203,54,,,1,16,,1644195,54,,,1,17,,1644196,54,,,1,18,,1644185,54,,,1,58,,1644186,54,,,1,18,,1644214,54,,,1,17,,1644197,54,,,1,58,,1644215,54,,,1,18,,1644216,54,,,1,18,,1644213,54,,,1,18,,1644212,54,,,1,56,,1644199,54,,,1,18,,1644198,54,,,1,16,,1644187,54,,,1,57,,1644188,54,,,1,17,,1644219,54,,,1,18,,1644189,54,,,1,17,,1644218,54,,,1,58,,1644190,54,,,1,16,,1644191,54,,,1,17,,1644221,54,,,1,58,,1644223,54,,,1
80401,'20261023',601,,1644300,54,,,1,15,,1644288,54,,,1,15,,1644224,54,,,1,15,,1644289,54,,,1,56,,1644271,54,,,1,17,,1644225,54,,,1,13,,1644226,54,,,1,13,,1644227,54,,,1,10,,1644228,54,,,1,52,,1644284,54,,,1,10,,1644278,54,,,1,10,,1644229,54,,,1,10,,1644230,54,,,1,9,,1644231,54,,,1,7,,1644232,54,,,1,50,,1644245,54,,,1,12,,1644246,54,,,1,14,,1644247,54,,,1,15,,1644285,54,,,1,15,,1644233,54,,,1,54,,1644234,54,,,1,14,,1644235,54,,,1,15,,1644236,54,,,1,15,,1644237,54,,,1,54,,1644286,54,,,1,16,,1644279,54,,,1,14,,1644238,54,,,1,16,,1644239,54,,,1,54,,1644240,54,,,1,17,,1644241,54,,,1,15,,1644242,54,,,1,15,,1644283,54,,,1,55,,1644243,54,,,1,15,,1644248,54,,,1,15,,1644249,54,,,1,15,,1644280,54,,,1,55,,1644244,54,,,1,15,,1644250,54,,,1,14,,1644251,54,,,1,17,,1644252,54,,,1,55,,1644253,54,,,1,16,,1644254,54,,,1,16,,1644282,54,,,1,54,,1644255,54,,,1,17,,1644256,54,,,1,14,,1644258,54,,,1,17,,1644287,54,,,1,56,,1644259,54,,,1,11,,1644260,54,,,1,11,,1644257,54,,,1,9,,1644261,54,,,1,12,,1644270,54,,,1,54,,1644295,54,,,1,14,,1644272,54,,,1,15,,1644262,54,,,1,15,,1644298,54,,,1,58,,1644281,54,,,1,16,,1644273,54,,,1,17,,1644274,54,,,1,18,,1644263,54,,,1,58,,1644264,54,,,1,18,,1644292,54,,,1,17,,1644275,54,,,1,58,,1644293,54,,,1,18,,1644294,54,,,1,18,,1644291,54,,,1,18,,1644290,54,,,1,56,,1644277,54,,,1,18,,1644276,54,,,1,16,,1644265,54,,,1,57,,1644266,54,,,1,17,,1644297,54,,,1,18,,1644267,54,,,1,17,,1644296,54,,,1,58,,1644268,54,,,1,16,,1644269,54,,,1,17,,1644299,54,,,1,58,,1644301,54,,,1
80503,'20261009',536,,1623193,22,,,0,9,,1623194,22,,,0,11,,1623195,22,,,0,50,,1623196,22,,,0,10,,1623197,22,,,0,10,,1623198,22,,,0,10,,1623199,22,,,0,10,,1623200,22,,,0,12,,1623201,22,,,0,46,,1623202,22,,,0,8,,1623203,22,,,0,9,,1623204,22,,,0,5,,1623205,22,,,0,8,,1623206,22,,,0,5,,1623207,22,,,0,5,,1623208,22,,,0,5,,1623209,22,,,0,5,,1623210,22,,,0,5,,1623211,22,,,0,45,,1623212,22,,,0,5,,1623213,22,,,0,4,,1623214,22,,,0,7,,1623215,22,,,0,5,,1623216,22,,,0,8,,1623217,22,,,0,8,,1623218,22,,,0,7,,1623219,22,,,0,8,,1623220,22,,,0,48,,1623221,22,,,0,7,,1623222,22,,,0,7,,1623223,22,,,0,9,,1623224,22,,,0,10,,1623225,22,,,0,11,,1623226,22,,,0,8,,1623227,22,,,0,50,,1623228,22,,,0,11,,1623229,22,,,0,10,,1623230,22,,,0,10,,1623231,22,,,0,10,,1623232,22,,,0,8,,1623233,22,,,0,50,,1623234,22,,,0,10,,1623235,22,,,0,10,,1623236,22,,,0,10,,1623237,22,,,0,10,,1623238,22,,,0,11,,1623239,22,,,0,50,,1623240,22,,,0,10,,1623241,22,,,0,10,,1623242,22,,,0,10,,1623243,22,,,0,10,,1623244,22,,,0,10,,1623245,22,,,0,50,,1623246,22,,,0,10,,1623247,22,,,0,10,,1623248,22,,,0,10,,1623249,22,,,0,10,,1623250,22,,,0,10,,1623251,22,,,0,50,,1623252,22,,,0,10,,1623253,22,,,0,10,,1623254,22,,,0,10,,1623255,22,,,0,11,,1623256,22,,,0,6,,1623257,22,,,0,47,,1623258,22,,,0,7,,1623259,22,,,0,6,,1623260,22,,,0,5,,1623261,22,,,0,7,,1623262,22,,,0,6,,1623263,22,,,0,7,,1623264,22,,,0,6,,1623265,22,,,0,7,,1623266,22,,,0,8,,1623267,22,,,0,45,,1623268,22,,,0,7,,1623269,22,,,0,5,,1623270,22,,,0,7,,1623271,22,,,0,9,,1623272,22,,,0,7,,1623273,22,,,0,8,,1623274,22,,,0,8,,1623275,22,,,0,47,,1623276,22,,,0,7,,1623277,22,,,0,7,,1623278,22,,,0,10,,1623279,22,,,0,7,,1623280,22,,,0,8,,1623281,22,,,0,7,,1623282,22,,,0,9,,1623283,22,,,0,50,,1623284,22,,,0,10,,1623285,22,,,0,10,,1623286,22,,,0,9,,1623287,22,,,0,9,,1623288,22,,,0,9,,1623289,22,,,0,49,,1623290,22,,,0,10,,1623291,22,,,0,9,,1623292,22,,,0,10,,1623293,22,,,0,9,,1623294,22,,,0,10,,1623295,22,,,0,49,,1623296,22,,,0,11,,1623297,22,,,0,10,,1623298,22,,,0,10,,1623299,22,,,0,10,,1623300,22,,,0,10,,1623301,22,,,0,50,,1623302,22,,,0,10,,1623303,22,,,0,10,,1623304,22,,,0,10,,1623305,22,,,0,10,,1623306,22,,,0,9,,1623307,22,,,0,50,,1623308,22,,,0,10,,1623309,22,,,0,10,,1623310,22,,,0,10,,1623311,22,,,0,10,,1623312,22,,,0,10,,1623313,22,,,0,50,,1623314,22,,,0,10,,1623315,22,,,0,10,,1623316,22,,,0,10,,1623317,22,,,0,10,,1623318,22,,,0,10,,1623319,22,,,0,50,,1623320,22,,,0,10,,1623321,22,,,0,10,,1623322,22,,,0,10,,1623323,22,,,0,10,,1623324,22,,,0,10,,1623325,22,,,0,50,,1623326,22,,,0,10,,1623327,22,,,0,10,,1623328,22,,,0,10,,1623329,22,,,0,10,,1623330,22,,,0,10,,1623331,22,,,0
80503,'20261010',554,,1645052,22,,,0,50,,1645053,22,,,0,10,,1645054,22,,,0,10,,1645055,22,,,0,10,,1645056,22,,,0,10,,1645057,22,,,0,10,,1645058,22,,,0,50,,1645059,22,,,0,10,,1645060,22,,,0,10,,1645061,22,,,0,11,,1645062,22,,,0,11,,1645063,22,,,0,10,,1645064,22,,,0,51,,1645065,22,,,0,9,,1645066,22,,,0,10,,1645067,22,,,0,10,,1645068,22,,,0,11,,1645069,22,,,0,10,,1645070,22,,,0,50,,1645071,22,,,0,9,,1645072,22,,,0,10,,1645073,22,,,0,11,,1645074,22,,,0,10,,1645075,22,,,0,10,,1645076,22,,,0,51,,1645077,22,,,0,10,,1645078,22,,,0,10,,1645079,22,,,0,10,,1645080,22,,,0,11,,1645081,22,,,0,51,,1645082,22,,,0,10,,1645083,22,,,0,10,,1645084,22,,,0,10,,1645085,22,,,0,11,,1645086,22,,,0,10,,1645087,22,,,0,50,,1645088,22,,,0,11,,1645089,22,,,0,10,,1645090,22,,,0,10,,1645091,22,,,0,10,,1645092,22,,,0,10,,1645093,22,,,0,50,,1645094,22,,,0,10,,1645095,22,,,0,10,,1645096,22,,,0,10,,1645097,22,,,0,10,,1645098,22,,,0,10,,1645099,22,,,0,50,,1645100,22,,,0,10,,1645101,22,,,0,11,,1645102,22,,,0,11,,1645103,22,,,0,8,,1645104,22,,,0,10,,1645105,22,,,0,50,,1645106,22,,,0,10,,1645107,22,,,0,9,,1645108,22,,,0,10,,1645109,22,,,0,10,,1645110,22,,,0,10,,1645111,22,,,0,49,,1645112,22,,,0,9,,1645113,22,,,0,10,,1645114,22,,,0,10,,1645115,22,,,0,10,,1645116,22,,,0,10,,1645117,22,,,0,10,,1645118,22,,,0,50,,1645119,22,,,0,9,,1645120,22,,,0,10,,1645121,22,,,0,10,,1645122,22,,,0,10,,1645123,22,,,0,10,,1645124,22,,,0,50,,1645125,22,,,0,10,,1645126,22,,,0,11,,1645127,22,,,0,10,,1645128,22,,,0,9,,1645129,22,,,0,9,,1645130,22,,,0,50,,1645131,22,,,0,10,,1645132,22,,,0,10,,1645133,22,,,0,9,,1645134,22,,,0,9,,1645135,22,,,0,10,,1645136,22,,,0,50,,1645137,22,,,0,10,,1645138,22,,,0,10,,1645139,22,,,0,10,,1645140,22,,,0,10,,1645141,22,,,0,11,,1645142,22,,,0,50,,1645143,22,,,0,10,,1645144,22,,,0,10,,1645145,22,,,0,10,,1645146,22,,,0,10,,1645147,22,,,0,10,,1645148,22,,,0,50,,1645149,22,,,0,10,,1645150,22,,,0,10,,1645151,22,,,0,10,,1645152,22,,,0,10,,1645153,22,,,0,9,,1645154,22,,,0,49,,1645155,22,,,0,10,,1645156,22,,,0,10,,1645157,22,,,0,10,,1645158,22,,,0,10,,1645159,22,,,0,10,,1645160,22,,,0,50,,1645161,22,,,0,10,,1645162,22,,,0,10,,1645163,22,,,0,10,,1645164,22,,,0,10,,1645165,22,,,0,10,,1645166,22,,,0,50,,1645167,22,,,0,10,,1645168,22,,,0,11,,1645169,22,,,0,12,,1645170,22,,,0
80503,'20261011',554,,1645171,22,,,0,50,,1645172,22,,,0,10,,1645173,22,,,0,10,,1645174,22,,,0,10,,1645175,22,,,0,10,,1645176,22,,,0,10,,1645177,22,,,0,50,,1645178,22,,,0,10,,1645179,22,,,0,10,,1645180,22,,,0,11,,1645181,22,,,0,11,,1645182,22,,,0,10,,1645183,22,,,0,51,,1645184,22,,,0,9,,1645185,22,,,0,10,,1645186,22,,,0,10,,1645187,22,,,0,11,,1645188,22,,,0,10,,1645189,22,,,0,50,,1645190,22,,,0,9,,1645191,22,,,0,10,,1645192,22,,,0,11,,1645193,22,,,0,10,,1645194,22,,,0,10,,1645195,22,,,0,51,,1645196,22,,,0,10,,1645197,22,,,0,10,,1645198,22,,,0,10,,1645199,22,,,0,11,,1645200,22,,,0,51,,1645201,22,,,0,10,,1645202,22,,,0,10,,1645203,22,,,0,10,,1645204,22,,,0,11,,1645205,22,,,0,10,,1645206,22,,,0,50,,1645207,22,,,0,11,,1645208,22,,,0,10,,1645209,22,,,0,10,,1645210,22,,,0,10,,1645211,22,,,0,10,,1645212,22,,,0,50,,1645213,22,,,0,10,,1645214,22,,,0,10,,1645215,22,,,0,10,,1645216,22,,,0,10,,1645217,22,,,0,10,,1645218,22,,,0,50,,1645219,22,,,0,10,,1645220,22,,,0,11,,1645221,22,,,0,11,,1645222,22,,,0,8,,1645223,22,,,0,10,,1645224,22,,,0,50,,1645225,22,,,0,10,,1645226,22,,,0,9,,1645227,22,,,0,10,,1645228,22,,,0,10,,1645229,22,,,0,10,,1645230,22,,,0,49,,1645231,22,,,0,9,,1645232,22,,,0,10,,1645233,22,,,0,10,,1645234,22,,,0,10,,1645235,22,,,0,10,,1645236,22,,,0,10,,1645237,22,,,0,50,,1645238,22,,,0,9,,1645239,22,,,0,10,,1645240,22,,,0,10,,1645241,22,,,0,10,,1645242,22,,,0,10,,1645243,22,,,0,50,,1645244,22,,,0,10,,1645245,22,,,0,11,,1645246,22,,,0,10,,1645247,22,,,0,9,,1645248,22,,,0,9,,1645249,22,,,0,50,,1645250,22,,,0,10,,1645251,22,,,0,10,,1645252,22,,,0,9,,1645253,22,,,0,9,,1645254,22,,,0,10,,1645255,22,,,0,50,,1645256,22,,,0,10,,1645257,22,,,0,10,,1645258,22,,,0,10,,1645259,22,,,0,10,,1645260,22,,,0,11,,1645261,22,,,0,50,,1645262,22,,,0,10,,1645263,22,,,0,10,,1645264,22,,,0,10,,1645265,22,,,0,10,,1645266,22,,,0,10,,1645267,22,,,0,50,,1645268,22,,,0,10,,1645269,22,,,0,10,,1645270,22,,,0,10,,1645271,22,,,0,10,,1645272,22,,,0,9,,1645273,22,,,0,49,,1645274,22,,,0,10,,1645275,22,,,0,10,,1645276,22,,,0,10,,1645277,22,,,0,10,,1645278,22,,,0,10,,1645279,22,,,0,50,,1645280,22,,,0,10,,1645281,22,,,0,10,,1645282,22,,,0,10,,1645283,22,,,0,10,,1645284,22,,,0,10,,1645285,22,,,0,50,,1645286,22,,,0,10,,1645287,22,,,0,11,,1645288,22,,,0,12,,1645289,22,,,0
80503,'20261012',554,,1645290,22,,,0,50,,1645291,22,,,0,10,,1645292,22,,,0,10,,1645293,22,,,0,10,,1645294,22,,,0,10,,1645295,22,,,0,10,,1645296,22,,,0,50,,1645297,22,,,0,10,,1645298,22,,,0,10,,1645299,22,,,0,11,,1645300,22,,,0,11,,1645301,22,,,0,10,,1645302,22,,,0,51,,1645303,22,,,0,9,,1645304,22,,,0,10,,1645305,22,,,0,10,,1645306,22,,,0,11,,1645307,22,,,0,10,,1645308,22,,,0,50,,1645309,22,,,0,9,,1645310,22,,,0,10,,1645311,22,,,0,11,,1645312,22,,,0,10,,1645313,22,,,0,10,,1645314,22,,,0,51,,1645315,22,,,0,10,,1645316,22,,,0,10,,1645317,22,,,0,10,,1645318,22,,,0,11,,1645319,22,,,0,51,,1645320,22,,,0,10,,1645321,22,,,0,10,,1645322,22,,,0,10,,1645323,22,,,0,11,,1645324,22,,,0,10,,1645325,22,,,0,50,,1645326,22,,,0,11,,1645327,22,,,0,10,,1645328,22,,,0,10,,1645329,22,,,0,10,,1645330,22,,,0,10,,1645331,22,,,0,50,,1645332,22,,,0,10,,1645333,22,,,0,10,,1645334,22,,,0,10,,1645335,22,,,0,10,,1645336,22,,,0,10,,1645337,22,,,0,50,,1645338,22,,,0,10,,1645339,22,,,0,11,,1645340,22,,,0,11,,1645341,22,,,0,8,,1645342,22,,,0,10,,1645343,22,,,0,50,,1645344,22,,,0,10,,1645345,22,,,0,9,,1645346,22,,,0,10,,1645347,22,,,0,10,,1645348,22,,,0,10,,1645349,22,,,0,49,,1645350,22,,,0,9,,1645351,22,,,0,10,,1645352,22,,,0,10,,1645353,22,,,0,10,,1645354,22,,,0,10,,1645355,22,,,0,10,,1645356,22,,,0,50,,1645357,22,,,0,9,,1645358,22,,,0,10,,1645359,22,,,0,10,,1645360,22,,,0,10,,1645361,22,,,0,10,,1645362,22,,,0,50,,1645363,22,,,0,10,,1645364,22,,,0,11,,1645365,22,,,0,10,,1645366,22,,,0,9,,1645367,22,,,0,9,,1645368,22,,,0,50,,1645369,22,,,0,10,,1645370,22,,,0,10,,1645371,22,,,0,9,,1645372,22,,,0,9,,1645373,22,,,0,10,,1645374,22,,,0,50,,1645375,22,,,0,10,,1645376,22,,,0,10,,1645377,22,,,0,10,,1645378,22,,,0,10,,1645379,22,,,0,11,,1645380,22,,,0,50,,1645381,22,,,0,10,,1645382,22,,,0,10,,1645383,22,,,0,10,,1645384,22,,,0,10,,1645385,22,,,0,10,,1645386,22,,,0,50,,1645387,22,,,0,10,,1645388,22,,,0,10,,1645389,22,,,0,10,,1645390,22,,,0,10,,1645391,22,,,0,9,,1645392,22,,,0,49,,1645393,22,,,0,10,,1645394,22,,,0,10,,1645395,22,,,0,10,,1645396,22,,,0,10,,1645397,22,,,0,10,,1645398,22,,,0,50,,1645399,22,,,0,10,,1645400,22,,,0,10,,1645401,22,,,0,10,,1645402,22,,,0,10,,1645403,22,,,0,10,,1645404,22,,,0,50,,1645405,22,,,0,10,,1645406,22,,,0,11,,1645407,22,,,0,12,,1645408,22,,,0
80503,'20261013',536,,1591590,22,,,0,9,,1591589,22,,,0,11,,1591467,22,,,0,50,,1591468,22,,,0,10,,1591469,22,,,0,10,,1591570,22,,,0,10,,1591470,22,,,0,10,,1591563,22,,,0,12,,1591471,22,,,0,46,,1591562,22,,,0,8,,1591472,22,,,0,9,,1591473,22,,,0,5,,1591474,22,,,0,8,,1591594,22,,,0,5,,1591599,22,,,0,5,,1591475,22,,,0,5,,1591600,22,,,0,5,,1591603,22,,,0,5,,1591560,22,,,0,45,,1591601,22,,,0,5,,1591561,22,,,0,4,,1591602,22,,,0,7,,1591476,22,,,0,5,,1591605,22,,,0,8,,1591477,22,,,0,8,,1591478,22,,,0,7,,1591479,22,,,0,8,,1591480,22,,,0,48,,1591559,22,,,0,7,,1591481,22,,,0,7,,1591482,22,,,0,9,,1591483,22,,,0,10,,1591485,22,,,0,11,,1591486,22,,,0,8,,1591484,22,,,0,50,,1591487,22,,,0,11,,1591568,22,,,0,10,,1591488,22,,,0,10,,1591489,22,,,0,10,,1591490,22,,,0,8,,1591491,22,,,0,50,,1591593,22,,,0,10,,1591572,22,,,0,10,,1591492,22,,,0,10,,1591494,22,,,0,10,,1591495,22,,,0,11,,1591573,22,,,0,50,,1591496,22,,,0,10,,1591493,22,,,0,10,,1591497,22,,,0,10,,1591498,22,,,0,10,,1591499,22,,,0,10,,1591500,22,,,0,50,,1591502,22,,,0,10,,1591503,22,,,0,10,,1591504,22,,,0,10,,1591574,22,,,0,10,,1591501,22,,,0,10,,1591575,22,,,0,50,,1591505,22,,,0,10,,1591506,22,,,0,10,,1591507,22,,,0,10,,1591508,22,,,0,11,,1591509,22,,,0,6,,1591564,22,,,0,47,,1591604,22,,,0,7,,1591510,22,,,0,6,,1591512,22,,,0,5,,1591595,22,,,0,7,,1591596,22,,,0,6,,1591513,22,,,0,7,,1591514,22,,,0,6,,1591511,22,,,0,7,,1591571,22,,,0,8,,1591598,22,,,0,45,,1591515,22,,,0,7,,1591566,22,,,0,5,,1591569,22,,,0,7,,1591516,22,,,0,9,,1591517,22,,,0,7,,1591518,22,,,0,8,,1591519,22,,,0,8,,1591520,22,,,0,47,,1591521,22,,,0,7,,1591522,22,,,0,7,,1591523,22,,,0,10,,1591524,22,,,0,7,,1591525,22,,,0,8,,1591526,22,,,0,7,,1591528,22,,,0,9,,1591529,22,,,0,50,,1591530,22,,,0,10,,1591527,22,,,0,10,,1591532,22,,,0,9,,1591533,22,,,0,9,,1591534,22,,,0,9,,1591531,22,,,0,49,,1591535,22,,,0,10,,1591576,22,,,0,9,,1591536,22,,,0,10,,1591537,22,,,0,9,,1591577,22,,,0,10,,1591538,22,,,0,49,,1591539,22,,,0,11,,1591578,22,,,0,10,,1591540,22,,,0,10,,1591541,22,,,0,10,,1591579,22,,,0,10,,1591542,22,,,0,50,,1591543,22,,,0,10,,1591580,22,,,0,10,,1591544,22,,,0,10,,1591545,22,,,0,10,,1591581,22,,,0,9,,1591546,22,,,0,50,,1591547,22,,,0,10,,1591582,22,,,0,10,,1591548,22,,,0,10,,1591549,22,,,0,10,,1591583,22,,,0,10,,1591550,22,,,0,50,,1591551,22,,,0,10,,1591584,22,,,0,10,,1591553,22,,,0,10,,1591554,22,,,0,10,,1591585,22,,,0,10,,1591555,22,,,0,50,,1591552,22,,,0,10,,1591586,22,,,0,10,,1591556,22,,,0,10,,1591557,22,,,0,10,,1591587,22,,,0,10,,1591558,22,,,0,50,,1591565,22,,,0,10,,1591588,22,,,0,10,,1591567,22,,,0,10,,1591591,22,,,0,10,,1591592,22,,,0,10,,1591597,22,,,0
80503,'20261014',536,,1591729,22,,,0,9,,1591728,22,,,0,11,,1591606,22,,,0,50,,1591607,22,,,0,10,,1591608,22,,,0,10,,1591709,22,,,0,10,,1591609,22,,,0,10,,1591702,22,,,0,12,,1591610,22,,,0,46,,1591701,22,,,0,8,,1591611,22,,,0,9,,1591612,22,,,0,5,,1591613,22,,,0,8,,1591733,22,,,0,5,,1591738,22,,,0,5,,1591614,22,,,0,5,,1591739,22,,,0,5,,1591742,22,,,0,5,,1591699,22,,,0,45,,1591740,22,,,0,5,,1591700,22,,,0,4,,1591741,22,,,0,7,,1591615,22,,,0,5,,1591744,22,,,0,8,,1591616,22,,,0,8,,1591617,22,,,0,7,,1591618,22,,,0,8,,1591619,22,,,0,48,,1591698,22,,,0,7,,1591620,22,,,0,7,,1591621,22,,,0,9,,1591622,22,,,0,10,,1591624,22,,,0,11,,1591625,22,,,0,8,,1591623,22,,,0,50,,1591626,22,,,0,11,,1591707,22,,,0,10,,1591627,22,,,0,10,,1591628,22,,,0,10,,1591629,22,,,0,8,,1591630,22,,,0,50,,1591732,22,,,0,10,,1591711,22,,,0,10,,1591631,22,,,0,10,,1591633,22,,,0,10,,1591634,22,,,0,11,,1591712,22,,,0,50,,1591635,22,,,0,10,,1591632,22,,,0,10,,1591636,22,,,0,10,,1591637,22,,,0,10,,1591638,22,,,0,10,,1591639,22,,,0,50,,1591641,22,,,0,10,,1591642,22,,,0,10,,1591643,22,,,0,10,,1591713,22,,,0,10,,1591640,22,,,0,10,,1591714,22,,,0,50,,1591644,22,,,0,10,,1591645,22,,,0,10,,1591646,22,,,0,10,,1591647,22,,,0,11,,1591648,22,,,0,6,,1591703,22,,,0,47,,1591743,22,,,0,7,,1591649,22,,,0,6,,1591651,22,,,0,5,,1591734,22,,,0,7,,1591735,22,,,0,6,,1591652,22,,,0,7,,1591653,22,,,0,6,,1591650,22,,,0,7,,1591710,22,,,0,8,,1591737,22,,,0,45,,1591654,22,,,0,7,,1591705,22,,,0,5,,1591708,22,,,0,7,,1591655,22,,,0,9,,1591656,22,,,0,7,,1591657,22,,,0,8,,1591658,22,,,0,8,,1591659,22,,,0,47,,1591660,22,,,0,7,,1591661,22,,,0,7,,1591662,22,,,0,10,,1591663,22,,,0,7,,1591664,22,,,0,8,,1591665,22,,,0,7,,1591667,22,,,0,9,,1591668,22,,,0,50,,1591669,22,,,0,10,,1591666,22,,,0,10,,1591671,22,,,0,9,,1591672,22,,,0,9,,1591673,22,,,0,9,,1591670,22,,,0,49,,1591674,22,,,0,10,,1591715,22,,,0,9,,1591675,22,,,0,10,,1591676,22,,,0,9,,1591716,22,,,0,10,,1591677,22,,,0,49,,1591678,22,,,0,11,,1591717,22,,,0,10,,1591679,22,,,0,10,,1591680,22,,,0,10,,1591718,22,,,0,10,,1591681,22,,,0,50,,1591682,22,,,0,10,,1591719,22,,,0,10,,1591683,22,,,0,10,,1591684,22,,,0,10,,1591720,22,,,0,9,,1591685,22,,,0,50,,1591686,22,,,0,10,,1591721,22,,,0,10,,1591687,22,,,0,10,,1591688,22,,,0,10,,1591722,22,,,0,10,,1591689,22,,,0,50,,1591690,22,,,0,10,,1591723,22,,,0,10,,1591692,22,,,0,10,,1591693,22,,,0,10,,1591724,22,,,0,10,,1591694,22,,,0,50,,1591691,22,,,0,10,,1591725,22,,,0,10,,1591695,22,,,0,10,,1591696,22,,,0,10,,1591726,22,,,0,10,,1591697,22,,,0,50,,1591704,22,,,0,10,,1591727,22,,,0,10,,1591706,22,,,0,10,,1591730,22,,,0,10,,1591731,22,,,0,10,,1591736,22,,,0
80503,'20261015',536,,1591868,22,,,0,9,,1591867,22,,,0,11,,1591745,22,,,0,50,,1591746,22,,,0,10,,1591747,22,,,0,10,,1591848,22,,,0,10,,1591748,22,,,0,10,,1591841,22,,,0,12,,1591749,22,,,0,46,,1591840,22,,,0,8,,1591750,22,,,0,9,,1591751,22,,,0,5,,1591752,22,,,0,8,,1591872,22,,,0,5,,1591877,22,,,0,5,,1591753,22,,,0,5,,1591878,22,,,0,5,,1591881,22,,,0,5,,1591838,22,,,0,45,,1591879,22,,,0,5,,1591839,22,,,0,4,,1591880,22,,,0,7,,1591754,22,,,0,5,,1591883,22,,,0,8,,1591755,22,,,0,8,,1591756,22,,,0,7,,1591757,22,,,0,8,,1591758,22,,,0,48,,1591837,22,,,0,7,,1591759,22,,,0,7,,1591760,22,,,0,9,,1591761,22,,,0,10,,1591763,22,,,0,11,,1591764,22,,,0,8,,1591762,22,,,0,50,,1591765,22,,,0,11,,1591846,22,,,0,10,,1591766,22,,,0,10,,1591767,22,,,0,10,,1591768,22,,,0,8,,1591769,22,,,0,50,,1591871,22,,,0,10,,1591850,22,,,0,10,,1591770,22,,,0,10,,1591772,22,,,0,10,,1591773,22,,,0,11,,1591851,22,,,0,50,,1591774,22,,,0,10,,1591771,22,,,0,10,,1591775,22,,,0,10,,1591776,22,,,0,10,,1591777,22,,,0,10,,1591778,22,,,0,50,,1591780,22,,,0,10,,1591781,22,,,0,10,,1591782,22,,,0,10,,1591852,22,,,0,10,,1591779,22,,,0,10,,1591853,22,,,0,50,,1591783,22,,,0,10,,1591784,22,,,0,10,,1591785,22,,,0,10,,1591786,22,,,0,11,,1591787,22,,,0,6,,1591842,22,,,0,47,,1591882,22,,,0,7,,1591788,22,,,0,6,,1591790,22,,,0,5,,1591873,22,,,0,7,,1591874,22,,,0,6,,1591791,22,,,0,7,,1591792,22,,,0,6,,1591789,22,,,0,7,,1591849,22,,,0,8,,1591876,22,,,0,45,,1591793,22,,,0,7,,1591844,22,,,0,5,,1591847,22,,,0,7,,1591794,22,,,0,9,,1591795,22,,,0,7,,1591796,22,,,0,8,,1591797,22,,,0,8,,1591798,22,,,0,47,,1591799,22,,,0,7,,1591800,22,,,0,7,,1591801,22,,,0,10,,1591802,22,,,0,7,,1591803,22,,,0,8,,1591804,22,,,0,7,,1591806,22,,,0,9,,1591807,22,,,0,50,,1591808,22,,,0,10,,1591805,22,,,0,10,,1591810,22,,,0,9,,1591811,22,,,0,9,,1591812,22,,,0,9,,1591809,22,,,0,49,,1591813,22,,,0,10,,1591854,22,,,0,9,,1591814,22,,,0,10,,1591815,22,,,0,9,,1591855,22,,,0,10,,1591816,22,,,0,49,,1591817,22,,,0,11,,1591856,22,,,0,10,,1591818,22,,,0,10,,1591819,22,,,0,10,,1591857,22,,,0,10,,1591820,22,,,0,50,,1591821,22,,,0,10,,1591858,22,,,0,10,,1591822,22,,,0,10,,1591823,22,,,0,10,,1591859,22,,,0,9,,1591824,22,,,0,50,,1591825,22,,,0,10,,1591860,22,,,0,10,,1591826,22,,,0,10,,1591827,22,,,0,10,,1591861,22,,,0,10,,1591828,22,,,0,50,,1591829,22,,,0,10,,1591862,22,,,0,10,,1591831,22,,,0,10,,1591832,22,,,0,10,,1591863,22,,,0,10,,1591833,22,,,0,50,,1591830,22,,,0,10,,1591864,22,,,0,10,,1591834,22,,,0,10,,1591835,22,,,0,10,,1591865,22,,,0,10,,1591836,22,,,0,50,,1591843,22,,,0,10,,1591866,22,,,0,10,,1591845,22,,,0,10,,1591869,22,,,0,10,,1591870,22,,,0,10,,1591875,22,,,0
80503,'20261016',536,,1592007,22,,,0,9,,1592006,22,,,0,11,,1591884,22,,,0,50,,1591885,22,,,0,10,,1591886,22,,,0,10,,1591987,22,,,0,10,,1591887,22,,,0,10,,1591980,22,,,0,12,,1591888,22,,,0,46,,1591979,22,,,0,8,,1591889,22,,,0,9,,1591890,22,,,0,5,,1591891,22,,,0,8,,1592011,22,,,0,5,,1592016,22,,,0,5,,1591892,22,,,0,5,,1592017,22,,,0,5,,1592020,22,,,0,5,,1591977,22,,,0,45,,1592018,22,,,0,5,,1591978,22,,,0,4,,1592019,22,,,0,7,,1591893,22,,,0,5,,1592022,22,,,0,8,,1591894,22,,,0,8,,1591895,22,,,0,7,,1591896,22,,,0,8,,1591897,22,,,0,48,,1591976,22,,,0,7,,1591898,22,,,0,7,,1591899,22,,,0,9,,1591900,22,,,0,10,,1591902,22,,,0,11,,1591903,22,,,0,8,,1591901,22,,,0,50,,1591904,22,,,0,11,,1591985,22,,,0,10,,1591905,22,,,0,10,,1591906,22,,,0,10,,1591907,22,,,0,8,,1591908,22,,,0,50,,1592010,22,,,0,10,,1591989,22,,,0,10,,1591909,22,,,0,10,,1591911,22,,,0,10,,1591912,22,,,0,11,,1591990,22,,,0,50,,1591913,22,,,0,10,,1591910,22,,,0,10,,1591914,22,,,0,10,,1591915,22,,,0,10,,1591916,22,,,0,10,,1591917,22,,,0,50,,1591919,22,,,0,10,,1591920,22,,,0,10,,1591921,22,,,0,10,,1591991,22,,,0,10,,1591918,22,,,0,10,,1591992,22,,,0,50,,1591922,22,,,0,10,,1591923,22,,,0,10,,1591924,22,,,0,10,,1591925,22,,,0,11,,1591926,22,,,0,6,,1591981,22,,,0,47,,1592021,22,,,0,7,,1591927,22,,,0,6,,1591929,22,,,0,5,,1592012,22,,,0,7,,1592013,22,,,0,6,,1591930,22,,,0,7,,1591931,22,,,0,6,,1591928,22,,,0,7,,1591988,22,,,0,8,,1592015,22,,,0,45,,1591932,22,,,0,7,,1591983,22,,,0,5,,1591986,22,,,0,7,,1591933,22,,,0,9,,1591934,22,,,0,7,,1591935,22,,,0,8,,1591936,22,,,0,8,,1591937,22,,,0,47,,1591938,22,,,0,7,,1591939,22,,,0,7,,1591940,22,,,0,10,,1591941,22,,,0,7,,1591942,22,,,0,8,,1591943,22,,,0,7,,1591945,22,,,0,9,,1591946,22,,,0,50,,1591947,22,,,0,10,,1591944,22,,,0,10,,1591949,22,,,0,9,,1591950,22,,,0,9,,1591951,22,,,0,9,,1591948,22,,,0,49,,1591952,22,,,0,10,,1591993,22,,,0,9,,1591953,22,,,0,10,,1591954,22,,,0,9,,1591994,22,,,0,10,,1591955,22,,,0,49,,1591956,22,,,0,11,,1591995,22,,,0,10,,1591957,22,,,0,10,,1591958,22,,,0,10,,1591996,22,,,0,10,,1591959,22,,,0,50,,1591960,22,,,0,10,,1591997,22,,,0,10,,1591961,22,,,0,10,,1591962,22,,,0,10,,1591998,22,,,0,9,,1591963,22,,,0,50,,1591964,22,,,0,10,,1591999,22,,,0,10,,1591965,22,,,0,10,,1591966,22,,,0,10,,1592000,22,,,0,10,,1591967,22,,,0,50,,1591968,22,,,0,10,,1592001,22,,,0,10,,1591970,22,,,0,10,,1591971,22,,,0,10,,1592002,22,,,0,10,,1591972,22,,,0,50,,1591969,22,,,0,10,,1592003,22,,,0,10,,1591973,22,,,0,10,,1591974,22,,,0,10,,1592004,22,,,0,10,,1591975,22,,,0,50,,1591982,22,,,0,10,,1592005,22,,,0,10,,1591984,22,,,0,10,,1592008,22,,,0,10,,1592009,22,,,0,10,,1592014,22,,,0
80503,'20261017',554,,1623332,22,,,0,50,,1623422,22,,,0,10,,1623417,22,,,0,10,,1623334,22,,,0,10,,1623423,22,,,0,10,,1623335,22,,,0,10,,1623336,22,,,0,50,,1623416,22,,,0,10,,1623424,22,,,0,10,,1623337,22,,,0,11,,1623338,22,,,0,11,,1623339,22,,,0,10,,1623418,22,,,0,51,,1623421,22,,,0,9,,1623425,22,,,0,10,,1623333,22,,,0,10,,1623415,22,,,0,11,,1623340,22,,,0,10,,1623341,22,,,0,50,,1623342,22,,,0,9,,1623426,22,,,0,10,,1623343,22,,,0,11,,1623344,22,,,0,10,,1623345,22,,,0,10,,1623346,22,,,0,51,,1623347,22,,,0,10,,1623427,22,,,0,10,,1623348,22,,,0,10,,1623420,22,,,0,11,,1623349,22,,,0,51,,1623350,22,,,0,10,,1623351,22,,,0,10,,1623428,22,,,0,10,,1623352,22,,,0,11,,1623450,22,,,0,10,,1623353,22,,,0,50,,1623354,22,,,0,11,,1623355,22,,,0,10,,1623356,22,,,0,10,,1623429,22,,,0,10,,1623357,22,,,0,10,,1623358,22,,,0,50,,1623359,22,,,0,10,,1623360,22,,,0,10,,1623361,22,,,0,10,,1623430,22,,,0,10,,1623414,22,,,0,10,,1623362,22,,,0,50,,1623364,22,,,0,10,,1623365,22,,,0,11,,1623366,22,,,0,11,,1623431,22,,,0,8,,1623363,22,,,0,10,,1623368,22,,,0,50,,1623369,22,,,0,10,,1623370,22,,,0,9,,1623367,22,,,0,10,,1623432,22,,,0,10,,1623371,22,,,0,10,,1623372,22,,,0,49,,1623373,22,,,0,9,,1623374,22,,,0,10,,1623375,22,,,0,10,,1623433,22,,,0,10,,1623376,22,,,0,10,,1623377,22,,,0,10,,1623378,22,,,0,50,,1623379,22,,,0,9,,1623380,22,,,0,10,,1623434,22,,,0,10,,1623381,22,,,0,10,,1623382,22,,,0,10,,1623383,22,,,0,50,,1623384,22,,,0,10,,1623435,22,,,0,11,,1623385,22,,,0,10,,1623386,22,,,0,9,,1623387,22,,,0,9,,1623436,22,,,0,50,,1623388,22,,,0,10,,1623389,22,,,0,10,,1623437,22,,,0,9,,1623390,22,,,0,9,,1623391,22,,,0,10,,1623438,22,,,0,50,,1623392,22,,,0,10,,1623394,22,,,0,10,,1623439,22,,,0,10,,1623395,22,,,0,10,,1623396,22,,,0,11,,1623440,22,,,0,50,,1623393,22,,,0,10,,1623398,22,,,0,10,,1623441,22,,,0,10,,1623399,22,,,0,10,,1623400,22,,,0,10,,1623442,22,,,0,50,,1623397,22,,,0,10,,1623401,22,,,0,10,,1623443,22,,,0,10,,1623402,22,,,0,10,,1623403,22,,,0,9,,1623444,22,,,0,49,,1623404,22,,,0,10,,1623405,22,,,0,10,,1623445,22,,,0,10,,1623406,22,,,0,10,,1623407,22,,,0,10,,1623447,22,,,0,50,,1623413,22,,,0,10,,1623408,22,,,0,10,,1623448,22,,,0,10,,1623409,22,,,0,10,,1623410,22,,,0,10,,1623449,22,,,0,50,,1623419,22,,,0,10,,1623411,22,,,0,11,,1623446,22,,,0,12,,1623412,22,,,0
80503,'20261018',554,,1623541,22,,,0,50,,1623535,22,,,0,10,,1623542,22,,,0,10,,1623533,22,,,0,10,,1623531,22,,,0,10,,1623544,22,,,0,10,,1623536,22,,,0,50,,1623534,22,,,0,10,,1623532,22,,,0,10,,1623537,22,,,0,11,,1623530,22,,,0,11,,1623545,22,,,0,10,,1623515,22,,,0,51,,1623520,22,,,0,9,,1623508,22,,,0,10,,1623529,22,,,0,10,,1623522,22,,,0,11,,1623546,22,,,0,10,,1623510,22,,,0,50,,1623528,22,,,0,9,,1623521,22,,,0,10,,1623513,22,,,0,11,,1623525,22,,,0,10,,1623543,22,,,0,10,,1623526,22,,,0,51,,1623524,22,,,0,10,,1623511,22,,,0,10,,1623509,22,,,0,10,,1623523,22,,,0,11,,1623547,22,,,0,51,,1623527,22,,,0,10,,1623518,22,,,0,10,,1623519,22,,,0,10,,1623512,22,,,0,11,,1623514,22,,,0,10,,1623548,22,,,0,50,,1623517,22,,,0,11,,1623516,22,,,0,10,,1623492,22,,,0,10,,1623498,22,,,0,10,,1623489,22,,,0,10,,1623549,22,,,0,50,,1623499,22,,,0,10,,1623490,22,,,0,10,,1623496,22,,,0,10,,1623497,22,,,0,10,,1623507,22,,,0,10,,1623550,22,,,0,50,,1623491,22,,,0,10,,1623495,22,,,0,11,,1623503,22,,,0,11,,1623506,22,,,0,8,,1623504,22,,,0,10,,1623551,22,,,0,50,,1623505,22,,,0,10,,1623502,22,,,0,9,,1623501,22,,,0,10,,1623500,22,,,0,10,,1623494,22,,,0,10,,1623552,22,,,0,49,,1623493,22,,,0,9,,1623474,22,,,0,10,,1623472,22,,,0,10,,1623482,22,,,0,10,,1623471,22,,,0,10,,1623553,22,,,0,10,,1623475,22,,,0,50,,1623470,22,,,0,9,,1623483,22,,,0,10,,1623473,22,,,0,10,,1623487,22,,,0,10,,1623554,22,,,0,10,,1623486,22,,,0,50,,1623481,22,,,0,10,,1623479,22,,,0,11,,1623555,22,,,0,10,,1623484,22,,,0,9,,1623477,22,,,0,9,,1623556,22,,,0,50,,1623488,22,,,0,10,,1623469,22,,,0,10,,1623557,22,,,0,9,,1623476,22,,,0,9,,1623468,22,,,0,10,,1623558,22,,,0,50,,1623480,22,,,0,10,,1623467,22,,,0,10,,1623559,22,,,0,10,,1623478,22,,,0,10,,1623485,22,,,0,11,,1623560,22,,,0,50,,1623462,22,,,0,10,,1623466,22,,,0,10,,1623561,22,,,0,10,,1623456,22,,,0,10,,1623465,22,,,0,10,,1623562,22,,,0,50,,1623464,22,,,0,10,,1623455,22,,,0,10,,1623563,22,,,0,10,,1623463,22,,,0,10,,1623538,22,,,0,9,,1623564,22,,,0,49,,1623460,22,,,0,10,,1623461,22,,,0,10,,1623565,22,,,0,10,,1623459,22,,,0,10,,1623458,22,,,0,10,,1623566,22,,,0,50,,1623457,22,,,0,10,,1623453,22,,,0,10,,1623567,22,,,0,10,,1623451,22,,,0,10,,1623452,22,,,0,10,,1623568,22,,,0,50,,1623454,22,,,0,10,,1623539,22,,,0,11,,1623540,22,,,0,12,,1623569,22,,,0
80503,'20261019',536,,1623693,22,,,0,9,,1623692,22,,,0,11,,1623570,22,,,0,50,,1623571,22,,,0,10,,1623572,22,,,0,10,,1623673,22,,,0,10,,1623573,22,,,0,10,,1623666,22,,,0,12,,1623574,22,,,0,46,,1623665,22,,,0,8,,1623575,22,,,0,9,,1623576,22,,,0,5,,1623577,22,,,0,8,,1623697,22,,,0,5,,1623702,22,,,0,5,,1623578,22,,,0,5,,1623703,22,,,0,5,,1623706,22,,,0,5,,1623663,22,,,0,45,,1623704,22,,,0,5,,1623664,22,,,0,4,,1623705,22,,,0,7,,1623579,22,,,0,5,,1623708,22,,,0,8,,1623580,22,,,0,8,,1623581,22,,,0,7,,1623582,22,,,0,8,,1623583,22,,,0,48,,1623662,22,,,0,7,,1623584,22,,,0,7,,1623585,22,,,0,9,,1623586,22,,,0,10,,1623588,22,,,0,11,,1623589,22,,,0,8,,1623587,22,,,0,50,,1623590,22,,,0,11,,1623671,22,,,0,10,,1623591,22,,,0,10,,1623592,22,,,0,10,,1623593,22,,,0,8,,1623594,22,,,0,50,,1623696,22,,,0,10,,1623675,22,,,0,10,,1623595,22,,,0,10,,1623597,22,,,0,10,,1623598,22,,,0,11,,1623676,22,,,0,50,,1623599,22,,,0,10,,1623596,22,,,0,10,,1623600,22,,,0,10,,1623601,22,,,0,10,,1623602,22,,,0,10,,1623603,22,,,0,50,,1623605,22,,,0,10,,1623606,22,,,0,10,,1623607,22,,,0,10,,1623677,22,,,0,10,,1623604,22,,,0,10,,1623678,22,,,0,50,,1623608,22,,,0,10,,1623609,22,,,0,10,,1623610,22,,,0,10,,1623611,22,,,0,11,,1623612,22,,,0,6,,1623667,22,,,0,47,,1623707,22,,,0,7,,1623613,22,,,0,6,,1623615,22,,,0,5,,1623698,22,,,0,7,,1623699,22,,,0,6,,1623616,22,,,0,7,,1623617,22,,,0,6,,1623614,22,,,0,7,,1623674,22,,,0,8,,1623701,22,,,0,45,,1623618,22,,,0,7,,1623669,22,,,0,5,,1623672,22,,,0,7,,1623619,22,,,0,9,,1623620,22,,,0,7,,1623621,22,,,0,8,,1623622,22,,,0,8,,1623623,22,,,0,47,,1623624,22,,,0,7,,1623625,22,,,0,7,,1623626,22,,,0,10,,1623627,22,,,0,7,,1623628,22,,,0,8,,1623629,22,,,0,7,,1623631,22,,,0,9,,1623632,22,,,0,50,,1623633,22,,,0,10,,1623630,22,,,0,10,,1623635,22,,,0,9,,1623636,22,,,0,9,,1623637,22,,,0,9,,1623634,22,,,0,49,,1623638,22,,,0,10,,1623679,22,,,0,9,,1623639,22,,,0,10,,1623640,22,,,0,9,,1623680,22,,,0,10,,1623641,22,,,0,49,,1623642,22,,,0,11,,1623681,22,,,0,10,,1623643,22,,,0,10,,1623644,22,,,0,10,,1623682,22,,,0,10,,1623645,22,,,0,50,,1623646,22,,,0,10,,1623683,22,,,0,10,,1623647,22,,,0,10,,1623648,22,,,0,10,,1623684,22,,,0,9,,1623649,22,,,0,50,,1623650,22,,,0,10,,1623685,22,,,0,10,,1623651,22,,,0,10,,1623652,22,,,0,10,,1623686,22,,,0,10,,1623653,22,,,0,50,,1623654,22,,,0,10,,1623687,22,,,0,10,,1623656,22,,,0,10,,1623657,22,,,0,10,,1623688,22,,,0,10,,1623658,22,,,0,50,,1623655,22,,,0,10,,1623689,22,,,0,10,,1623659,22,,,0,10,,1623660,22,,,0,10,,1623690,22,,,0,10,,1623661,22,,,0,50,,1623668,22,,,0,10,,1623691,22,,,0,10,,1623670,22,,,0,10,,1623694,22,,,0,10,,1623695,22,,,0,10,,1623700,22,,,0
80503,'20261020',536,,1623832,22,,,0,9,,1623831,22,,,0,11,,1623709,22,,,0,50,,1623710,22,,,0,10,,1623711,22,,,0,10,,1623812,22,,,0,10,,1623712,22,,,0,10,,1623805,22,,,0,12,,1623713,22,,,0,46,,1623804,22,,,0,8,,1623714,22,,,0,9,,1623715,22,,,0,5,,1623716,22,,,0,8,,1623836,22,,,0,5,,1623841,22,,,0,5,,1623717,22,,,0,5,,1623842,22,,,0,5,,1623845,22,,,0,5,,1623802,22,,,0,45,,1623843,22,,,0,5,,1623803,22,,,0,4,,1623844,22,,,0,7,,1623718,22,,,0,5,,1623847,22,,,0,8,,1623719,22,,,0,8,,1623720,22,,,0,7,,1623721,22,,,0,8,,1623722,22,,,0,48,,1623801,22,,,0,7,,1623723,22,,,0,7,,1623724,22,,,0,9,,1623725,22,,,0,10,,1623727,22,,,0,11,,1623728,22,,,0,8,,1623726,22,,,0,50,,1623729,22,,,0,11,,1623810,22,,,0,10,,1623730,22,,,0,10,,1623731,22,,,0,10,,1623732,22,,,0,8,,1623733,22,,,0,50,,1623835,22,,,0,10,,1623814,22,,,0,10,,1623734,22,,,0,10,,1623736,22,,,0,10,,1623737,22,,,0,11,,1623815,22,,,0,50,,1623738,22,,,0,10,,1623735,22,,,0,10,,1623739,22,,,0,10,,1623740,22,,,0,10,,1623741,22,,,0,10,,1623742,22,,,0,50,,1623744,22,,,0,10,,1623745,22,,,0,10,,1623746,22,,,0,10,,1623816,22,,,0,10,,1623743,22,,,0,10,,1623817,22,,,0,50,,1623747,22,,,0,10,,1623748,22,,,0,10,,1623749,22,,,0,10,,1623750,22,,,0,11,,1623751,22,,,0,6,,1623806,22,,,0,47,,1623846,22,,,0,7,,1623752,22,,,0,6,,1623754,22,,,0,5,,1623837,22,,,0,7,,1623838,22,,,0,6,,1623755,22,,,0,7,,1623756,22,,,0,6,,1623753,22,,,0,7,,1623813,22,,,0,8,,1623840,22,,,0,45,,1623757,22,,,0,7,,1623808,22,,,0,5,,1623811,22,,,0,7,,1623758,22,,,0,9,,1623759,22,,,0,7,,1623760,22,,,0,8,,1623761,22,,,0,8,,1623762,22,,,0,47,,1623763,22,,,0,7,,1623764,22,,,0,7,,1623765,22,,,0,10,,1623766,22,,,0,7,,1623767,22,,,0,8,,1623768,22,,,0,7,,1623770,22,,,0,9,,1623771,22,,,0,50,,1623772,22,,,0,10,,1623769,22,,,0,10,,1623774,22,,,0,9,,1623775,22,,,0,9,,1623776,22,,,0,9,,1623773,22,,,0,49,,1623777,22,,,0,10,,1623818,22,,,0,9,,1623778,22,,,0,10,,1623779,22,,,0,9,,1623819,22,,,0,10,,1623780,22,,,0,49,,1623781,22,,,0,11,,1623820,22,,,0,10,,1623782,22,,,0,10,,1623783,22,,,0,10,,1623821,22,,,0,10,,1623784,22,,,0,50,,1623785,22,,,0,10,,1623822,22,,,0,10,,1623786,22,,,0,10,,1623787,22,,,0,10,,1623823,22,,,0,9,,1623788,22,,,0,50,,1623789,22,,,0,10,,1623824,22,,,0,10,,1623790,22,,,0,10,,1623791,22,,,0,10,,1623825,22,,,0,10,,1623792,22,,,0,50,,1623793,22,,,0,10,,1623826,22,,,0,10,,1623795,22,,,0,10,,1623796,22,,,0,10,,1623827,22,,,0,10,,1623797,22,,,0,50,,1623794,22,,,0,10,,1623828,22,,,0,10,,1623798,22,,,0,10,,1623799,22,,,0,10,,1623829,22,,,0,10,,1623800,22,,,0,50,,1623807,22,,,0,10,,1623830,22,,,0,10,,1623809,22,,,0,10,,1623833,22,,,0,10,,1623834,22,,,0,10,,1623839,22,,,0
80503,'20261021',536,,1645532,22,,,0,9,,1645531,22,,,0,11,,1645409,22,,,0,50,,1645410,22,,,0,10,,1645411,22,,,0,10,,1645512,22,,,0,10,,1645412,22,,,0,10,,1645505,22,,,0,12,,1645413,22,,,0,46,,1645504,22,,,0,8,,1645414,22,,,0,9,,1645415,22,,,0,5,,1645416,22,,,0,8,,1645536,22,,,0,5,,1645541,22,,,0,5,,1645417,22,,,0,5,,1645542,22,,,0,5,,1645545,22,,,0,5,,1645502,22,,,0,45,,1645543,22,,,0,5,,1645503,22,,,0,4,,1645544,22,,,0,7,,1645418,22,,,0,5,,1645547,22,,,0,8,,1645419,22,,,0,8,,1645420,22,,,0,7,,1645421,22,,,0,8,,1645422,22,,,0,48,,1645501,22,,,0,7,,1645423,22,,,0,7,,1645424,22,,,0,9,,1645425,22,,,0,10,,1645427,22,,,0,11,,1645428,22,,,0,8,,1645426,22,,,0,50,,1645429,22,,,0,11,,1645510,22,,,0,10,,1645430,22,,,0,10,,1645431,22,,,0,10,,1645432,22,,,0,8,,1645433,22,,,0,50,,1645535,22,,,0,10,,1645514,22,,,0,10,,1645434,22,,,0,10,,1645436,22,,,0,10,,1645437,22,,,0,11,,1645515,22,,,0,50,,1645438,22,,,0,10,,1645435,22,,,0,10,,1645439,22,,,0,10,,1645440,22,,,0,10,,1645441,22,,,0,10,,1645442,22,,,0,50,,1645444,22,,,0,10,,1645445,22,,,0,10,,1645446,22,,,0,10,,1645516,22,,,0,10,,1645443,22,,,0,10,,1645517,22,,,0,50,,1645447,22,,,0,10,,1645448,22,,,0,10,,1645449,22,,,0,10,,1645450,22,,,0,11,,1645451,22,,,0,6,,1645506,22,,,0,47,,1645546,22,,,0,7,,1645452,22,,,0,6,,1645454,22,,,0,5,,1645537,22,,,0,7,,1645538,22,,,0,6,,1645455,22,,,0,7,,1645456,22,,,0,6,,1645453,22,,,0,7,,1645513,22,,,0,8,,1645540,22,,,0,45,,1645457,22,,,0,7,,1645508,22,,,0,5,,1645511,22,,,0,7,,1645458,22,,,0,9,,1645459,22,,,0,7,,1645460,22,,,0,8,,1645461,22,,,0,8,,1645462,22,,,0,47,,1645463,22,,,0,7,,1645464,22,,,0,7,,1645465,22,,,0,10,,1645466,22,,,0,7,,1645467,22,,,0,8,,1645468,22,,,0,7,,1645470,22,,,0,9,,1645471,22,,,0,50,,1645472,22,,,0,10,,1645469,22,,,0,10,,1645474,22,,,0,9,,1645475,22,,,0,9,,1645476,22,,,0,9,,1645473,22,,,0,49,,1645477,22,,,0,10,,1645518,22,,,0,9,,1645478,22,,,0,10,,1645479,22,,,0,9,,1645519,22,,,0,10,,1645480,22,,,0,49,,1645481,22,,,0,11,,1645520,22,,,0,10,,1645482,22,,,0,10,,1645483,22,,,0,10,,1645521,22,,,0,10,,1645484,22,,,0,50,,1645485,22,,,0,10,,1645522,22,,,0,10,,1645486,22,,,0,10,,1645487,22,,,0,10,,1645523,22,,,0,9,,1645488,22,,,0,50,,1645489,22,,,0,10,,1645524,22,,,0,10,,1645490,22,,,0,10,,1645491,22,,,0,10,,1645525,22,,,0,10,,1645492,22,,,0,50,,1645493,22,,,0,10,,1645526,22,,,0,10,,1645495,22,,,0,10,,1645496,22,,,0,10,,1645527,22,,,0,10,,1645497,22,,,0,50,,1645494,22,,,0,10,,1645528,22,,,0,10,,1645498,22,,,0,10,,1645499,22,,,0,10,,1645529,22,,,0,10,,1645500,22,,,0,50,,1645507,22,,,0,10,,1645530,22,,,0,10,,1645509,22,,,0,10,,1645533,22,,,0,10,,1645534,22,,,0,10,,1645539,22,,,0
80503,'20261022',536,,1645671,22,,,0,9,,1645670,22,,,0,11,,1645548,22,,,0,50,,1645549,22,,,0,10,,1645550,22,,,0,10,,1645651,22,,,0,10,,1645551,22,,,0,10,,1645644,22,,,0,12,,1645552,22,,,0,46,,1645643,22,,,0,8,,1645553,22,,,0,9,,1645554,22,,,0,5,,1645555,22,,,0,8,,1645675,22,,,0,5,,1645680,22,,,0,5,,1645556,22,,,0,5,,1645681,22,,,0,5,,1645684,22,,,0,5,,1645641,22,,,0,45,,1645682,22,,,0,5,,1645642,22,,,0,4,,1645683,22,,,0,7,,1645557,22,,,0,5,,1645686,22,,,0,8,,1645558,22,,,0,8,,1645559,22,,,0,7,,1645560,22,,,0,8,,1645561,22,,,0,48,,1645640,22,,,0,7,,1645562,22,,,0,7,,1645563,22,,,0,9,,1645564,22,,,0,10,,1645566,22,,,0,11,,1645567,22,,,0,8,,1645565,22,,,0,50,,1645568,22,,,0,11,,1645649,22,,,0,10,,1645569,22,,,0,10,,1645570,22,,,0,10,,1645571,22,,,0,8,,1645572,22,,,0,50,,1645674,22,,,0,10,,1645653,22,,,0,10,,1645573,22,,,0,10,,1645575,22,,,0,10,,1645576,22,,,0,11,,1645654,22,,,0,50,,1645577,22,,,0,10,,1645574,22,,,0,10,,1645578,22,,,0,10,,1645579,22,,,0,10,,1645580,22,,,0,10,,1645581,22,,,0,50,,1645583,22,,,0,10,,1645584,22,,,0,10,,1645585,22,,,0,10,,1645655,22,,,0,10,,1645582,22,,,0,10,,1645656,22,,,0,50,,1645586,22,,,0,10,,1645587,22,,,0,10,,1645588,22,,,0,10,,1645589,22,,,0,11,,1645590,22,,,0,6,,1645645,22,,,0,47,,1645685,22,,,0,7,,1645591,22,,,0,6,,1645593,22,,,0,5,,1645676,22,,,0,7,,1645677,22,,,0,6,,1645594,22,,,0,7,,1645595,22,,,0,6,,1645592,22,,,0,7,,1645652,22,,,0,8,,1645679,22,,,0,45,,1645596,22,,,0,7,,1645647,22,,,0,5,,1645650,22,,,0,7,,1645597,22,,,0,9,,1645598,22,,,0,7,,1645599,22,,,0,8,,1645600,22,,,0,8,,1645601,22,,,0,47,,1645602,22,,,0,7,,1645603,22,,,0,7,,1645604,22,,,0,10,,1645605,22,,,0,7,,1645606,22,,,0,8,,1645607,22,,,0,7,,1645609,22,,,0,9,,1645610,22,,,0,50,,1645611,22,,,0,10,,1645608,22,,,0,10,,1645613,22,,,0,9,,1645614,22,,,0,9,,1645615,22,,,0,9,,1645612,22,,,0,49,,1645616,22,,,0,10,,1645657,22,,,0,9,,1645617,22,,,0,10,,1645618,22,,,0,9,,1645658,22,,,0,10,,1645619,22,,,0,49,,1645620,22,,,0,11,,1645659,22,,,0,10,,1645621,22,,,0,10,,1645622,22,,,0,10,,1645660,22,,,0,10,,1645623,22,,,0,50,,1645624,22,,,0,10,,1645661,22,,,0,10,,1645625,22,,,0,10,,1645626,22,,,0,10,,1645662,22,,,0,9,,1645627,22,,,0,50,,1645628,22,,,0,10,,1645663,22,,,0,10,,1645629,22,,,0,10,,1645630,22,,,0,10,,1645664,22,,,0,10,,1645631,22,,,0,50,,1645632,22,,,0,10,,1645665,22,,,0,10,,1645634,22,,,0,10,,1645635,22,,,0,10,,1645666,22,,,0,10,,1645636,22,,,0,50,,1645633,22,,,0,10,,1645667,22,,,0,10,,1645637,22,,,0,10,,1645638,22,,,0,10,,1645668,22,,,0,10,,1645639,22,,,0,50,,1645646,22,,,0,10,,1645669,22,,,0,10,,1645648,22,,,0,10,,1645672,22,,,0,10,,1645673,22,,,0,10,,1645678,22,,,0
80503,'20261023',536,,1645810,22,,,0,9,,1645809,22,,,0,11,,1645687,22,,,0,50,,1645688,22,,,0,10,,1645689,22,,,0,10,,1645790,22,,,0,10,,1645690,22,,,0,10,,1645783,22,,,0,12,,1645691,22,,,0,46,,1645782,22,,,0,8,,1645692,22,,,0,9,,1645693,22,,,0,5,,1645694,22,,,0,8,,1645814,22,,,0,5,,1645819,22,,,0,5,,1645695,22,,,0,5,,1645820,22,,,0,5,,1645823,22,,,0,5,,1645780,22,,,0,45,,1645821,22,,,0,5,,1645781,22,,,0,4,,1645822,22,,,0,7,,1645696,22,,,0,5,,1645825,22,,,0,8,,1645697,22,,,0,8,,1645698,22,,,0,7,,1645699,22,,,0,8,,1645700,22,,,0,48,,1645779,22,,,0,7,,1645701,22,,,0,7,,1645702,22,,,0,9,,1645703,22,,,0,10,,1645705,22,,,0,11,,1645706,22,,,0,8,,1645704,22,,,0,50,,1645707,22,,,0,11,,1645788,22,,,0,10,,1645708,22,,,0,10,,1645709,22,,,0,10,,1645710,22,,,0,8,,1645711,22,,,0,50,,1645813,22,,,0,10,,1645792,22,,,0,10,,1645712,22,,,0,10,,1645714,22,,,0,10,,1645715,22,,,0,11,,1645793,22,,,0,50,,1645716,22,,,0,10,,1645713,22,,,0,10,,1645717,22,,,0,10,,1645718,22,,,0,10,,1645719,22,,,0,10,,1645720,22,,,0,50,,1645722,22,,,0,10,,1645723,22,,,0,10,,1645724,22,,,0,10,,1645794,22,,,0,10,,1645721,22,,,0,10,,1645795,22,,,0,50,,1645725,22,,,0,10,,1645726,22,,,0,10,,1645727,22,,,0,10,,1645728,22,,,0,11,,1645729,22,,,0,6,,1645784,22,,,0,47,,1645824,22,,,0,7,,1645730,22,,,0,6,,1645732,22,,,0,5,,1645815,22,,,0,7,,1645816,22,,,0,6,,1645733,22,,,0,7,,1645734,22,,,0,6,,1645731,22,,,0,7,,1645791,22,,,0,8,,1645818,22,,,0,45,,1645735,22,,,0,7,,1645786,22,,,0,5,,1645789,22,,,0,7,,1645736,22,,,0,9,,1645737,22,,,0,7,,1645738,22,,,0,8,,1645739,22,,,0,8,,1645740,22,,,0,47,,1645741,22,,,0,7,,1645742,22,,,0,7,,1645743,22,,,0,10,,1645744,22,,,0,7,,1645745,22,,,0,8,,1645746,22,,,0,7,,1645748,22,,,0,9,,1645749,22,,,0,50,,1645750,22,,,0,10,,1645747,22,,,0,10,,1645752,22,,,0,9,,1645753,22,,,0,9,,1645754,22,,,0,9,,1645751,22,,,0,49,,1645755,22,,,0,10,,1645796,22,,,0,9,,1645756,22,,,0,10,,1645757,22,,,0,9,,1645797,22,,,0,10,,1645758,22,,,0,49,,1645759,22,,,0,11,,1645798,22,,,0,10,,1645760,22,,,0,10,,1645761,22,,,0,10,,1645799,22,,,0,10,,1645762,22,,,0,50,,1645763,22,,,0,10,,1645800,22,,,0,10,,1645764,22,,,0,10,,1645765,22,,,0,10,,1645801,22,,,0,9,,1645766,22,,,0,50,,1645767,22,,,0,10,,1645802,22,,,0,10,,1645768,22,,,0,10,,1645769,22,,,0,10,,1645803,22,,,0,10,,1645770,22,,,0,50,,1645771,22,,,0,10,,1645804,22,,,0,10,,1645773,22,,,0,10,,1645774,22,,,0,10,,1645805,22,,,0,10,,1645775,22,,,0,50,,1645772,22,,,0,10,,1645806,22,,,0,10,,1645776,22,,,0,10,,1645777,22,,,0,10,,1645807,22,,,0,10,,1645778,22,,,0,50,,1645785,22,,,0,10,,1645808,22,,,0,10,,1645787,22,,,0,10,,1645811,22,,,0,10,,1645812,22,,,0,10,,1645817,22,,,0
99103,'20261009',2550,,1625344,18,,,0,170,,1625345,18,,,0
99103,'20261010',2550,,1646905,18,,,0,170,,1646906,18,,,0
99103,'20261016',2550,,1593542,18,,,0,170,,1593543,18,,,0
99103,'20261017',2550,,1625346,18,,,0,170,,1625347,18,,,0
99103,'20261023',2550,,1646907,18,,,0,170,,1646908,18,,,0
99203,'20261009',2550,,1625348,18,,,0,170,,1625349,18,,,0
99203,'20261010',2550,,1646909,18,,,0,170,,1646910,18,,,0
99203,'20261016',2550,,1593548,18,,,0,170,,1593549,18,,,0
99203,'20261017',2550,,1625350,18,,,0,170,,1625351,18,,,0
99203,'20261023',2550,,1646911,18,,,0,170,,1646912,18,,,0
