1,100,'20260929',1540443,1540444,1540445,1540446,1540447,1540448,1540449,1540450,1540451,1540452,1540453,1540454,1540455,1540456,1540457,1540458,1540459,1540460,1540461,1540462,1540463,1540464,1540465,1540466,1540467,1540468,1540469,1540470,1540471,1540472,1540473,1540474,1540475,1540476,1540477,1540478,1540479,1540480,1540481
1,100,'20260930',1540482,1540483,1540484,1540485,1540486,1540487,1540488,1540489,1540490,1540491,1540492,1540493,1540494,1540495,1540496,1540497,1540498,1540499,1540500,1540501,1540502,1540503,1540504,1540505,1540506,1540507,1540508,1540509,1540510,1540511,1540512,1540513,1540514,1540515,1540516,1540517,1540518,1540519,1540520
1,100,'20261001',1540521,1540522,1540523,1540524,1540525,1540526,1540527,1540528,1540529,1540530,1540531,1540532,1540533,1540534,1540535,1540536,1540537,1540538,1540539,1540540,1540541,1540542,1540543,1540544,1540545,1540546,1540547,1540548,1540549,1540550,1540551,1540552,1540553,1540554,1540555,1540556,1540557,1540558,1540559
1,100,'20261002',1462836,1462837,1462838,1462839,1462840,1462841,1462842,1462843,1462844,1462845,1462846,1462847,1462848,1462849,1462850,1462851,1462852,1462853,1462854,1462855,1462856,1462857,1462858,1462859,1462860,1462861,1462862,1462863,1462864,1462865,1462866,1462867,1462868,1462869,1462870,1462871,1462872,1462873,1462874
1,100,'20261003',1485845,1485846,1485847,1485848,1485849,1485850,1485851,1485852,1485853,1485854,1485855,1485856,1485857,1485858,1485859,1485860,1485861,1485862,1485863,1485864,1485865,1485866,1485867,1485868,1485869
1,100,'20261004',1485870,1485871,1485872,1485873,1485874,1485875,1485876,1485877,1485878,1485879,1485880,1485881,1485882,1485883,1485884,1485885,1485886,1485887,1485888,1485889,1485890,1485891,1485892,1485893,1485894
1,100,'20261005',1485895,1485896,1485897,1485898,1485899,1485900,1485901,1485902,1485903,1485904,1485905,1485906,1485907,1485908,1485909,1485910,1485911,1485912,1485913,1485914,1485915,1485916,1485917,1485918,1485919,1485920,1485921,1485922,1485923,1485924,1485925,1485926,1485927,1485928,1485929,1485930,1485931,1485932,1485933
1,100,'20261006',1508851,1508852,1508853,1508854,1508855,1508856,1508857,1508858,1508859,1508860,1508861,1508862,1508863,1508864,1508865,1508866,1508867,1508868,1508869,1508870,1508871,1508872,1508873,1508874,1508875,1508876,1508877,1508878,1508879,1508880,1508881,1508882,1508883,1508884,1508885,1508886,1508887,1508888,1508889
1,100,'20261007',1508890,1508891,1508892,1508893,1508894,1508895,1508896,1508897,1508898,1508899,1508900,1508901,1508902,1508903,1508904,1508905,1508906,1508907,1508908,1508909,1508910,1508911,1508912,1508913,1508914,1508915,1508916,1508917,1508918,1508919,1508920,1508921,1508922,1508923,1508924,1508925,1508926,1508927,1508928
1,100,'20261008',1508929,1508930,1508931,1508932,1508933,1508934,1508935,1508936,1508937,1508938,1508939,1508940,1508941,1508942,1508943,1508944,1508945,1508946,1508947,1508948,1508949,1508950,1508951,1508952,1508953,1508954,1508955,1508956,1508957,1508958,1508959,1508960,1508961,1508962,1508963,1508964,1508965,1508966,1508967
1,100,'20261009',1508968,1508969,1508970,1508971,1508972,1508973,1508974,1508975,1508976,1508977,1508978,1508979,1508980,1508981,1508982,1508983,1508984,1508985,1508986,1508987,1508988,1508989,1508990,1508991,1508992,1508993,1508994,1508995,1508996,1508997,1508998,1508999,1509000,1509001,1509002,1509003,1509004,1509005,1509006
1,100,'20261010',1540560,1540561,1540562,1540563,1540564,1540565,1540566,1540567,1540568,1540569,1540570,1540571,1540572,1540573,1540574,1540575,1540576,1540577,1540578,1540579,1540580,1540581,1540582,1540583,1540584
1,100,'20261011',1540585,1540586,1540587,1540588,1540589,1540590,1540591,1540592,1540593,1540594,1540595,1540596,1540597,1540598,1540599,1540600,1540601,1540602,1540603,1540604,1540605,1540606,1540607,1540608,1540609
1,100,'20261012',1540610,1540611,1540612,1540613,1540614,1540615,1540616,1540617,1540618,1540619,1540620,1540621,1540622,1540623,1540624,1540625,1540626,1540627,1540628,1540629,1540630,1540631,1540632,1540633,1540634
1,101,'20260929',1540635,1540636,1540637,1540638,1540639,1540640,1540641,1540642,1540643,1540644,1540645,1540646,1540647,1540648,1540649,1540650,1540651,1540652,1540653,1540654,1540655,1540656,1540657,1540658,1540659,1540660,1540661,1540662,1540663,1540664,1540665,1540666,1540667,1540668,1540669,1540670,1540671,1540672,1540673,1540674,1540675,1540676
1,101,'20260930',1540677,1540678,1540679,1540680,1540681,1540682,1540683,1540684,1540685,1540686,1540687,1540688,1540689,1540690,1540691,1540692,1540693,1540694,1540695,1540696,1540697,1540698,1540699,1540700,1540701,1540702,1540703,1540704,1540705,1540706,1540707,1540708,1540709,1540710,1540711,1540712,1540713,1540714,1540715,1540716,1540717,1540718
1,101,'20261001',1540719,1540720,1540721,1540722,1540723,1540724,1540725,1540726,1540727,1540728,1540729,1540730,1540731,1540732,1540733,1540734,1540735,1540736,1540737,1540738,1540739,1540740,1540741,1540742,1540743,1540744,1540745,1540746,1540747,1540748,1540749,1540750,1540751,1540752,1540753,1540754,1540755,1540756,1540757,1540758,1540759,1540760
1,101,'20261002',1463051,1463052,1463053,1463054,1463055,1463056,1463057,1463058,1463059,1463060,1463061,1463062,1463063,1463064,1463065,1463066,1463067,1463068,1463069,1463070,1463071,1463072,1463073,1463074,1463075,1463076,1463077,1463078,1463079,1463080,1463081,1463082,1463083,1463084,1463085,1463086,1463087,1463088,1463089,1463090,1463091,1463092
1,101,'20261003',1486060,1486061,1486062,1486063,1486064,1486065,1486066,1486067,1486068,1486069,1486070,1486071,1486072,1486073,1486074,1486075,1486076,1486077,1486078,1486079,1486080,1486081,1486082,1486083,1486084
1,101,'20261004',1486085,1486086,1486087,1486088,1486089,1486090,1486091,1486092,1486093,1486094,1486095,1486096,1486097,1486098,1486099,1486100,1486101,1486102,1486103,1486104,1486105,1486106,1486107,1486108,1486109
1,101,'20261005',1486110,1486111,1486112,1486113,1486114,1486115,1486116,1486117,1486118,1486119,1486120,1486121,1486122,1486123,1486124,1486125,1486126,1486127,1486128,1486129,1486130,1486131,1486132,1486133,1486134,1486135,1486136,1486137,1486138,1486139,1486140,1486141,1486142,1486143,1486144,1486145,1486146,1486147,1486148,1486149,1486150,1486151
1,101,'20261006',1509141,1509142,1509143,1509144,1509145,1509146,1509147,1509148,1509149,1509150,1509151,1509152,1509153,1509154,1509155,1509156,1509157,1509158,1509159,1509160,1509161,1509162,1509163,1509164,1509165,1509166,1509167,1509168,1509169,1509170,1509171,1509172,1509173,1509174,1509175,1509176,1509177,1509178,1509179,1509180,1509181,1509182
1,101,'20261007',1509183,1509184,1509185,1509186,1509187,1509188,1509189,1509190,1509191,1509192,1509193,1509194,1509195,1509196,1509197,1509198,1509199,1509200,1509201,1509202,1509203,1509204,1509205,1509206,1509207,1509208,1509209,1509210,1509211,1509212,1509213,1509214,1509215,1509216,1509217,1509218,1509219,1509220,1509221,1509222,1509223,1509224
1,101,'20261008',1509225,1509226,1509227,1509228,1509229,1509230,1509231,1509232,1509233,1509234,1509235,1509236,1509237,1509238,1509239,1509240,1509241,1509242,1509243,1509244,1509245,1509246,1509247,1509248,1509249,1509250,1509251,1509252,1509253,1509254,1509255,1509256,1509257,1509258,1509259,1509260,1509261,1509262,1509263,1509264,1509265,1509266
1,101,'20261009',1509267,1509268,1509269,1509270,1509271,1509272,1509273,1509274,1509275,1509276,1509277,1509278,1509279,1509280,1509281,1509282,1509283,1509284,1509285,1509286,1509287,1509288,1509289,1509290,1509291,1509292,1509293,1509294,1509295,1509296,1509297,1509298,1509299,1509300,1509301,1509302,1509303,1509304,1509305,1509306,1509307,1509308
1,101,'20261010',1540761,1540762,1540763,1540764,1540765,1540766,1540767,1540768,1540769,1540770,1540771,1540772,1540773,1540774,1540775,1540776,1540777,1540778,1540779,1540780,1540781,1540782,1540783,1540784,1540785
1,101,'20261011',1540786,1540787,1540788,1540789,1540790,1540791,1540792,1540793,1540794,1540795,1540796,1540797,1540798,1540799,1540800,1540801,1540802,1540803,1540804,1540805,1540806,1540807,1540808,1540809,1540810
1,101,'20261012',1540811,1540812,1540813,1540814,1540815,1540816,1540817,1540818,1540819,1540820,1540821,1540822,1540823,1540824,1540825,1540826,1540827,1540828,1540829,1540830,1540831,1540832,1540833,1540834,1540835
3,300,'20260929',1540836,1540837,1540838,1540839,1540840,1540841,1540842,1540843,1540844,1540845,1540846,1540847,1540848,1540849,1540850,1540851,1540852,1540853,1540854,1540855,1540856,1540857,1540858,1540859,1540860,1540861,1540862,1540863,1540864,1540865,1540866,1540867,1540868,1540869,1540870,1540871,1540872,1540873,1540874,1540875,1540876,1540877
3,300,'20260930',1540878,1540879,1540880,1540881,1540882,1540883,1540884,1540885,1540886,1540887,1540888,1540889,1540890,1540891,1540892,1540893,1540894,1540895,1540896,1540897,1540898,1540899,1540900,1540901,1540902,1540903,1540904,1540905,1540906,1540907,1540908,1540909,1540910,1540911,1540912,1540913,1540914,1540915,1540916,1540917,1540918,1540919
3,300,'20261001',1540920,1540921,1540922,1540923,1540924,1540925,1540926,1540927,1540928,1540929,1540930,1540931,1540932,1540933,1540934,1540935,1540936,1540937,1540938,1540939,1540940,1540941,1540942,1540943,1540944,1540945,1540946,1540947,1540948,1540949,1540950,1540951,1540952,1540953,1540954,1540955,1540956,1540957,1540958,1540959,1540960,1540961
3,300,'20261002',1463293,1463294,1463295,1463296,1463297,1463298,1463299,1463300,1463301,1463302,1463303,1463304,1463305,1463306,1463307,1463308,1463309,1463310,1463311,1463312,1463313,1463314,1463315,1463316,1463317,1463318,1463319,1463320,1463321,1463322,1463323,1463324,1463325,1463326,1463327,1463328,1463329,1463330,1463331,1463332,1463333,1463334
3,300,'20261003',1486278,1486279,1486280,1486281,1486282,1486283,1486284,1486285,1486286,1486287,1486288,1486289,1486290,1486291,1486292,1486293,1486294,1486295,1486296,1486297,1486298,1486299,1486300,1486301,1486302,1486303,1486304,1486305,1486306,1486307,1486308,1486309,1486310,1486311,1486312,1486313,1486314
3,300,'20261004',1486315,1486316,1486317,1486318,1486319,1486320,1486321,1486322,1486323,1486324,1486325,1486326,1486327,1486328,1486329,1486330,1486331,1486332,1486333,1486334,1486335,1486336,1486337,1486338,1486339,1486340,1486341,1486342,1486343,1486344,1486345,1486346,1486347,1486348,1486349,1486350,1486351
3,300,'20261005',1486352,1486353,1486354,1486355,1486356,1486357,1486358,1486359,1486360,1486361,1486362,1486363,1486364,1486365,1486366,1486367,1486368,1486369,1486370,1486371,1486372,1486373,1486374,1486375,1486376,1486377,1486378,1486379,1486380,1486381,1486382,1486383,1486384,1486385,1486386,1486387,1486388,1486389,1486390,1486391,1486392,1486393
3,300,'20261006',1509467,1509468,1509469,1509470,1509471,1509472,1509473,1509474,1509475,1509476,1509477,1509478,1509479,1509480,1509481,1509482,1509483,1509484,1509485,1509486,1509487,1509488,1509489,1509490,1509491,1509492,1509493,1509494,1509495,1509496,1509497,1509498,1509499,1509500,1509501,1509502,1509503,1509504,1509505,1509506,1509507,1509508
3,300,'20261007',1509509,1509510,1509511,1509512,1509513,1509514,1509515,1509516,1509517,1509518,1509519,1509520,1509521,1509522,1509523,1509524,1509525,1509526,1509527,1509528,1509529,1509530,1509531,1509532,1509533,1509534,1509535,1509536,1509537,1509538,1509539,1509540,1509541,1509542,1509543,1509544,1509545,1509546,1509547,1509548,1509549,1509550
3,300,'20261008',1509551,1509552,1509553,1509554,1509555,1509556,1509557,1509558,1509559,1509560,1509561,1509562,1509563,1509564,1509565,1509566,1509567,1509568,1509569,1509570,1509571,1509572,1509573,1509574,1509575,1509576,1509577,1509578,1509579,1509580,1509581,1509582,1509583,1509584,1509585,1509586,1509587,1509588,1509589,1509590,1509591,1509592
3,300,'20261009',1509593,1509594,1509595,1509596,1509597,1509598,1509599,1509600,1509601,1509602,1509603,1509604,1509605,1509606,1509607,1509608,1509609,1509610,1509611,1509612,1509613,1509614,1509615,1509616,1509617,1509618,1509619,1509620,1509621,1509622,1509623,1509624,1509625,1509626,1509627,1509628,1509629,1509630,1509631,1509632,1509633,1509634
3,300,'20261010',1540962,1540963,1540964,1540965,1540966,1540967,1540968,1540969,1540970,1540971,1540972,1540973,1540974,1540975,1540976,1540977,1540978,1540979,1540980,1540981,1540982,1540983,1540984,1540985,1540986,1540987,1540988,1540989,1540990,1540991,1540992,1540993,1540994,1540995,1540996,1540997,1540998
3,300,'20261011',1540999,1541000,1541001,1541002,1541003,1541004,1541005,1541006,1541007,1541008,1541009,1541010,1541011,1541012,1541013,1541014,1541015,1541016,1541017,1541018,1541019,1541020,1541021,1541022,1541023,1541024,1541025,1541026,1541027,1541028,1541029,1541030,1541031,1541032,1541033,1541034,1541035
3,300,'20261012',1541036,1541037,1541038,1541039,1541040,1541041,1541042,1541043,1541044,1541045,1541046,1541047,1541048,1541049,1541050,1541051,1541052,1541053,1541054,1541055,1541056,1541057,1541058,1541059,1541060,1541061,1541062,1541063,1541064,1541065,1541066,1541067,1541068,1541069,1541070,1541071,1541072
3,301,'20260929',1541073,1541074,1541075,1541076,1541077,1541078,1541079,1541080,1541081,1541082,1541083,1541084,1541085,1541086,1541087,1541088,1541089,1541090,1541091,1541092,1541093,1541094,1541095,1541096,1541097,1541098,1541099,1541100,1541101,1541102,1541103,1541104,1541105,1541106,1541107,1541108,1541109,1541110,1541111,1541112,1541113,1541114,1541115,1541116
3,301,'20260930',1541117,1541118,1541119,1541120,1541121,1541122,1541123,1541124,1541125,1541126,1541127,1541128,1541129,1541130,1541131,1541132,1541133,1541134,1541135,1541136,1541137,1541138,1541139,1541140,1541141,1541142,1541143,1541144,1541145,1541146,1541147,1541148,1541149,1541150,1541151,1541152,1541153,1541154,1541155,1541156,1541157,1541158,1541159,1541160
3,301,'20261001',1541161,1541162,1541163,1541164,1541165,1541166,1541167,1541168,1541169,1541170,1541171,1541172,1541173,1541174,1541175,1541176,1541177,1541178,1541179,1541180,1541181,1541182,1541183,1541184,1541185,1541186,1541187,1541188,1541189,1541190,1541191,1541192,1541193,1541194,1541195,1541196,1541197,1541198,1541199,1541200,1541201,1541202,1541203,1541204
3,301,'20261002',1463545,1463546,1463547,1463548,1463549,1463550,1463551,1463552,1463553,1463554,1463555,1463556,1463557,1463558,1463559,1463560,1463561,1463562,1463563,1463564,1463565,1463566,1463567,1463568,1463569,1463570,1463571,1463572,1463573,1463574,1463575,1463576,1463577,1463578,1463579,1463580,1463581,1463582,1463583,1463584,1463585,1463586,1463587,1463588
3,301,'20261003',1486523,1486524,1486525,1486526,1486527,1486528,1486529,1486530,1486531,1486532,1486533,1486534,1486535,1486536,1486537,1486538,1486539,1486540,1486541,1486542,1486543,1486544,1486545,1486546,1486547,1486548,1486549,1486550,1486551,1486552,1486553,1486554,1486555,1486556,1486557,1486558,1486559,1486560,1486561
3,301,'20261004',1486562,1486563,1486564,1486565,1486566,1486567,1486568,1486569,1486570,1486571,1486572,1486573,1486574,1486575,1486576,1486577,1486578,1486579,1486580,1486581,1486582,1486583,1486584,1486585,1486586,1486587,1486588,1486589,1486590,1486591,1486592,1486593,1486594,1486595,1486596,1486597,1486598,1486599,1486600
3,301,'20261005',1486601,1486602,1486603,1486604,1486605,1486606,1486607,1486608,1486609,1486610,1486611,1486612,1486613,1486614,1486615,1486616,1486617,1486618,1486619,1486620,1486621,1486622,1486623,1486624,1486625,1486626,1486627,1486628,1486629,1486630,1486631,1486632,1486633,1486634,1486635,1486636,1486637,1486638,1486639,1486640,1486641,1486642,1486643,1486644
3,301,'20261006',1509801,1509802,1509803,1509804,1509805,1509806,1509807,1509808,1509809,1509810,1509811,1509812,1509813,1509814,1509815,1509816,1509817,1509818,1509819,1509820,1509821,1509822,1509823,1509824,1509825,1509826,1509827,1509828,1509829,1509830,1509831,1509832,1509833,1509834,1509835,1509836,1509837,1509838,1509839,1509840,1509841,1509842,1509843,1509844
3,301,'20261007',1509845,1509846,1509847,1509848,1509849,1509850,1509851,1509852,1509853,1509854,1509855,1509856,1509857,1509858,1509859,1509860,1509861,1509862,1509863,1509864,1509865,1509866,1509867,1509868,1509869,1509870,1509871,1509872,1509873,1509874,1509875,1509876,1509877,1509878,1509879,1509880,1509881,1509882,1509883,1509884,1509885,1509886,1509887,1509888
3,301,'20261008',1509889,1509890,1509891,1509892,1509893,1509894,1509895,1509896,1509897,1509898,1509899,1509900,1509901,1509902,1509903,1509904,1509905,1509906,1509907,1509908,1509909,1509910,1509911,1509912,1509913,1509914,1509915,1509916,1509917,1509918,1509919,1509920,1509921,1509922,1509923,1509924,1509925,1509926,1509927,1509928,1509929,1509930,1509931,1509932
3,301,'20261009',1509933,1509934,1509935,1509936,1509937,1509938,1509939,1509940,1509941,1509942,1509943,1509944,1509945,1509946,1509947,1509948,1509949,1509950,1509951,1509952,1509953,1509954,1509955,1509956,1509957,1509958,1509959,1509960,1509961,1509962,1509963,1509964,1509965,1509966,1509967,1509968,1509969,1509970,1509971,1509972,1509973,1509974,1509975,1509976
3,301,'20261010',1541205,1541206,1541207,1541208,1541209,1541210,1541211,1541212,1541213,1541214,1541215,1541216,1541217,1541218,1541219,1541220,1541221,1541222,1541223,1541224,1541225,1541226,1541227,1541228,1541229,1541230,1541231,1541232,1541233,1541234,1541235,1541236,1541237,1541238,1541239,1541240,1541241,1541242,1541243
3,301,'20261011',1541244,1541245,1541246,1541247,1541248,1541249,1541250,1541251,1541252,1541253,1541254,1541255,1541256,1541257,1541258,1541259,1541260,1541261,1541262,1541263,1541264,1541265,1541266,1541267,1541268,1541269,1541270,1541271,1541272,1541273,1541274,1541275,1541276,1541277,1541278,1541279,1541280,1541281,1541282
3,301,'20261012',1541283,1541284,1541285,1541286,1541287,1541288,1541289,1541290,1541291,1541292,1541293,1541294,1541295,1541296,1541297,1541298,1541299,1541300,1541301,1541302,1541303,1541304,1541305,1541306,1541307,1541308,1541309,1541310,1541311,1541312,1541313,1541314,1541315,1541316,1541317,1541318,1541319,1541320,1541321
4,400,'20260929',1541322,1541323,1541324,1541325,1541326,1541327,1541328,1541329,1541330,1541331,1541332,1541333,1541334,1541335,1541336,1541337,1541338,1541339,1541340,1541341,1541342,1541343,1541344,1541345,1541346,1541347,1541348,1541349,1541350,1541351,1541352,1541353,1541354,1541355,1541356,1541357,1541358,1541359,1541360,1541361,1541362,1541363
4,400,'20260930',1541364,1541365,1541366,1541367,1541368,1541369,1541370,1541371,1541372,1541373,1541374,1541375,1541376,1541377,1541378,1541379,1541380,1541381,1541382,1541383,1541384,1541385,1541386,1541387,1541388,1541389,1541390,1541391,1541392,1541393,1541394,1541395,1541396,1541397,1541398,1541399,1541400,1541401,1541402,1541403,1541404,1541405
4,400,'20261001',1541406,1541407,1541408,1541409,1541410,1541411,1541412,1541413,1541414,1541415,1541416,1541417,1541418,1541419,1541420,1541421,1541422,1541423,1541424,1541425,1541426,1541427,1541428,1541429,1541430,1541431,1541432,1541433,1541434,1541435,1541436,1541437,1541438,1541439,1541440,1541441,1541442,1541443,1541444,1541445,1541446,1541447
4,400,'20261002',1463749,1463750,1463751,1463752,1463753,1463754,1463755,1463756,1463757,1463758,1463759,1463760,1463761,1463762,1463763,1463764,1463765,1463766,1463767,1463768,1463769,1463770,1463771,1463772,1463773,1463774,1463775,1463776,1463777,1463778,1463779,1463780,1463781,1463782,1463783,1463784,1463785,1463786,1463787,1463788,1463789,1463790
4,400,'20261003',1486771,1486772,1486773,1486774,1486775,1486776,1486777,1486778,1486779,1486780,1486781,1486782,1486783,1486784,1486785,1486786,1486787
4,400,'20261004',1486788,1486789,1486790,1486791,1486792,1486793,1486794,1486795,1486796,1486797,1486798,1486799,1486800,1486801,1486802,1486803,1486804
4,400,'20261005',1486805,1486806,1486807,1486808,1486809,1486810,1486811,1486812,1486813,1486814,1486815,1486816,1486817,1486818,1486819,1486820,1486821,1486822,1486823,1486824,1486825,1486826,1486827,1486828,1486829,1486830,1486831,1486832,1486833,1486834,1486835,1486836,1486837,1486838,1486839,1486840,1486841,1486842,1486843,1486844,1486845,1486846
4,400,'20261006',1510095,1510096,1510097,1510098,1510099,1510100,1510101,1510102,1510103,1510104,1510105,1510106,1510107,1510108,1510109,1510110,1510111,1510112,1510113,1510114,1510115,1510116,1510117,1510118,1510119,1510120,1510121,1510122,1510123,1510124,1510125,1510126,1510127,1510128,1510129,1510130,1510131,1510132,1510133,1510134,1510135,1510136
4,400,'20261007',1510137,1510138,1510139,1510140,1510141,1510142,1510143,1510144,1510145,1510146,1510147,1510148,1510149,1510150,1510151,1510152,1510153,1510154,1510155,1510156,1510157,1510158,1510159,1510160,1510161,1510162,1510163,1510164,1510165,1510166,1510167,1510168,1510169,1510170,1510171,1510172,1510173,1510174,1510175,1510176,1510177,1510178
4,400,'20261008',1510179,1510180,1510181,1510182,1510183,1510184,1510185,1510186,1510187,1510188,1510189,1510190,1510191,1510192,1510193,1510194,1510195,1510196,1510197,1510198,1510199,1510200,1510201,1510202,1510203,1510204,1510205,1510206,1510207,1510208,1510209,1510210,1510211,1510212,1510213,1510214,1510215,1510216,1510217,1510218,1510219,1510220
4,400,'20261009',1510221,1510222,1510223,1510224,1510225,1510226,1510227,1510228,1510229,1510230,1510231,1510232,1510233,1510234,1510235,1510236,1510237,1510238,1510239,1510240,1510241,1510242,1510243,1510244,1510245,1510246,1510247,1510248,1510249,1510250,1510251,1510252,1510253,1510254,1510255,1510256,1510257,1510258,1510259,1510260,1510261,1510262
4,400,'20261010',1541448,1541449,1541450,1541451,1541452,1541453,1541454,1541455,1541456,1541457,1541458,1541459,1541460,1541461,1541462,1541463,1541464
4,400,'20261011',1541465,1541466,1541467,1541468,1541469,1541470,1541471,1541472,1541473,1541474,1541475,1541476,1541477,1541478,1541479,1541480,1541481
4,400,'20261012',1541482,1541483,1541484,1541485,1541486,1541487,1541488,1541489,1541490,1541491,1541492,1541493,1541494,1541495,1541496,1541497,1541498
4,401,'20260929',1541499,1541500,1541501,1541502,1541503,1541504,1541505,1541506,1541507,1541508,1541509,1541510,1541511,1541512,1541513,1541514,1541515,1541516,1541517,1541518,1541519,1541520,1541521,1541522,1541523,1541524,1541525,1541526,1541527,1541528,1541529,1541530,1541531,1541532,1541533,1541534,1541535,1541536,1541537,1541538,1541539,1541540,1541541,1541542,1541543,1541544,1541545
4,401,'20260930',1541546,1541547,1541548,1541549,1541550,1541551,1541552,1541553,1541554,1541555,1541556,1541557,1541558,1541559,1541560,1541561,1541562,1541563,1541564,1541565,1541566,1541567,1541568,1541569,1541570,1541571,1541572,1541573,1541574,1541575,1541576,1541577,1541578,1541579,1541580,1541581,1541582,1541583,1541584,1541585,1541586,1541587,1541588,1541589,1541590,1541591,1541592
4,401,'20261001',1541593,1541594,1541595,1541596,1541597,1541598,1541599,1541600,1541601,1541602,1541603,1541604,1541605,1541606,1541607,1541608,1541609,1541610,1541611,1541612,1541613,1541614,1541615,1541616,1541617,1541618,1541619,1541620,1541621,1541622,1541623,1541624,1541625,1541626,1541627,1541628,1541629,1541630,1541631,1541632,1541633,1541634,1541635,1541636,1541637,1541638,1541639
4,401,'20261002',1463964,1463965,1463966,1463967,1463968,1463969,1463970,1463971,1463972,1463973,1463974,1463975,1463976,1463977,1463978,1463979,1463980,1463981,1463982,1463983,1463984,1463985,1463986,1463987,1463988,1463989,1463990,1463991,1463992,1463993,1463994,1463995,1463996,1463997,1463998,1463999,1464000,1464001,1464002,1464003,1464004,1464005,1464006,1464007,1464008
4,401,'20261003',1486988,1486989,1486990,1486991,1486992,1486993,1486994,1486995,1486996,1486997,1486998,1486999,1487000,1487001,1487002,1487003,1487004,1487005
4,401,'20261004',1487006,1487007,1487008,1487009,1487010,1487011,1487012,1487013,1487014,1487015,1487016,1487017,1487018,1487019,1487020,1487021,1487022,1487023
4,401,'20261005',1487024,1487025,1487026,1487027,1487028,1487029,1487030,1487031,1487032,1487033,1487034,1487035,1487036,1487037,1487038,1487039,1487040,1487041,1487042,1487043,1487044,1487045,1487046,1487047,1487048,1487049,1487050,1487051,1487052,1487053,1487054,1487055,1487056,1487057,1487058,1487059,1487060,1487061,1487062,1487063,1487064,1487065,1487066,1487067,1487068
4,401,'20261006',1510393,1510394,1510395,1510396,1510397,1510398,1510399,1510400,1510401,1510402,1510403,1510404,1510405,1510406,1510407,1510408,1510409,1510410,1510411,1510412,1510413,1510414,1510415,1510416,1510417,1510418,1510419,1510420,1510421,1510422,1510423,1510424,1510425,1510426,1510427,1510428,1510429,1510430,1510431,1510432,1510433,1510434,1510435,1510436,1510437
4,401,'20261007',1510438,1510439,1510440,1510441,1510442,1510443,1510444,1510445,1510446,1510447,1510448,1510449,1510450,1510451,1510452,1510453,1510454,1510455,1510456,1510457,1510458,1510459,1510460,1510461,1510462,1510463,1510464,1510465,1510466,1510467,1510468,1510469,1510470,1510471,1510472,1510473,1510474,1510475,1510476,1510477,1510478,1510479,1510480,1510481,1510482
4,401,'20261008',1510483,1510484,1510485,1510486,1510487,1510488,1510489,1510490,1510491,1510492,1510493,1510494,1510495,1510496,1510497,1510498,1510499,1510500,1510501,1510502,1510503,1510504,1510505,1510506,1510507,1510508,1510509,1510510,1510511,1510512,1510513,1510514,1510515,1510516,1510517,1510518,1510519,1510520,1510521,1510522,1510523,1510524,1510525,1510526,1510527
4,401,'20261009',1510528,1510529,1510530,1510531,1510532,1510533,1510534,1510535,1510536,1510537,1510538,1510539,1510540,1510541,1510542,1510543,1510544,1510545,1510546,1510547,1510548,1510549,1510550,1510551,1510552,1510553,1510554,1510555,1510556,1510557,1510558,1510559,1510560,1510561,1510562,1510563,1510564,1510565,1510566,1510567,1510568,1510569,1510570,1510571,1510572
4,401,'20261010',1541640,1541641,1541642,1541643,1541644,1541645,1541646,1541647,1541648,1541649,1541650,1541651,1541652,1541653,1541654,1541655,1541656,1541657
4,401,'20261011',1541658,1541659,1541660,1541661,1541662,1541663,1541664,1541665,1541666,1541667,1541668,1541669,1541670,1541671,1541672,1541673,1541674,1541675
4,401,'20261012',1541676,1541677,1541678,1541679,1541680,1541681,1541682,1541683,1541684,1541685,1541686,1541687,1541688,1541689,1541690,1541691,1541692,1541693
5,502,'20260929',1541694,1541695,1541696,1541697,1541698,1541699,1541700,1541701,1541702,1541703,1541704,1541705,1541706
5,502,'20260930',1541707,1541708,1541709,1541710,1541711,1541712,1541713,1541714,1541715,1541716,1541717,1541718,1541719
5,502,'20261001',1541720,1541721,1541722,1541723,1541724,1541725,1541726,1541727,1541728,1541729,1541730,1541731,1541732
5,502,'20261002',1464048,1464049,1464050,1464051,1464052,1464053,1464054,1464055,1464056,1464057,1464058,1464059,1464060
5,502,'20261005',1487108,1487109,1487110,1487111,1487112,1487113,1487114,1487115,1487116,1487117,1487118,1487119,1487120
5,502,'20261006',1510599,1510600,1510601,1510602,1510603,1510604,1510605,1510606,1510607,1510608,1510609,1510610,1510611
5,502,'20261007',1510612,1510613,1510614,1510615,1510616,1510617,1510618,1510619,1510620,1510621,1510622,1510623,1510624
5,502,'20261008',1510625,1510626,1510627,1510628,1510629,1510630,1510631,1510632,1510633,1510634,1510635,1510636,1510637
5,502,'20261009',1510638,1510639,1510640,1510641,1510642,1510643,1510644,1510645,1510646,1510647,1510648,1510649,1510650
5,503,'20260929',1541733,1541734,1541735,1541736,1541737,1541738,1541739,1541740,1541741,1541742,1541743,1541744,1541745
5,503,'20260930',1541746,1541747,1541748,1541749,1541750,1541751,1541752,1541753,1541754,1541755,1541756,1541757,1541758
5,503,'20261001',1541759,1541760,1541761,1541762,1541763,1541764,1541765,1541766,1541767,1541768,1541769,1541770,1541771
5,503,'20261002',1464100,1464101,1464102,1464103,1464104,1464105,1464106,1464107,1464108,1464109,1464110,1464111,1464112
5,503,'20261005',1487160,1487161,1487162,1487163,1487164,1487165,1487166,1487167,1487168,1487169,1487170,1487171,1487172
5,503,'20261006',1510677,1510678,1510679,1510680,1510681,1510682,1510683,1510684,1510685,1510686,1510687,1510688,1510689
5,503,'20261007',1510690,1510691,1510692,1510693,1510694,1510695,1510696,1510697,1510698,1510699,1510700,1510701,1510702
5,503,'20261008',1510703,1510704,1510705,1510706,1510707,1510708,1510709,1510710,1510711,1510712,1510713,1510714,1510715
5,503,'20261009',1510716,1510717,1510718,1510719,1510720,1510721,1510722,1510723,1510724,1510725,1510726,1510727,1510728
6,602,'20260929',1541772,1541773,1541774,1541775,1541776,1541777,1541778,1541779,1541780,1541781,1541782,1541783,1541784,1541785,1541786,1541787,1541788,1541789,1541790,1541791,1541792,1541793,1541794,1541795,1541796,1541797,1541798,1541799,1541800,1541801,1541802,1541803,1541804,1541805,1541806
6,602,'20260930',1541807,1541808,1541809,1541810,1541811,1541812,1541813,1541814,1541815,1541816,1541817,1541818,1541819,1541820,1541821,1541822,1541823,1541824,1541825,1541826,1541827,1541828,1541829,1541830,1541831,1541832,1541833,1541834,1541835,1541836,1541837,1541838,1541839,1541840,1541841
6,602,'20261001',1541842,1541843,1541844,1541845,1541846,1541847,1541848,1541849,1541850,1541851,1541852,1541853,1541854,1541855,1541856,1541857,1541858,1541859,1541860,1541861,1541862,1541863,1541864,1541865,1541866,1541867,1541868,1541869,1541870,1541871,1541872,1541873,1541874,1541875,1541876
6,602,'20261002',1464288,1464289,1464290,1464291,1464292,1464293,1464294,1464295,1464296,1464297,1464298,1464299,1464300,1464301,1464302,1464303,1464304,1464305,1464306,1464307,1464308,1464309,1464310,1464311,1464312,1464313,1464314,1464315,1464316,1464317,1464318,1464319,1464320,1464321,1464322
6,602,'20261003',1487278,1487279,1487280,1487281,1487282,1487283,1487284,1487285,1487286,1487287,1487288,1487289,1487290,1487291,1487292,1487293,1487294,1487295,1487296,1487297,1487298,1487299,1487300,1487301,1487302,1487303,1487304,1487305,1487306,1487307,1487308,1487309,1487310,1487311,1487312
6,602,'20261004',1487313,1487314,1487315,1487316,1487317,1487318,1487319,1487320,1487321,1487322,1487323,1487324,1487325,1487326,1487327,1487328,1487329,1487330,1487331,1487332,1487333,1487334,1487335,1487336,1487337,1487338,1487339,1487340,1487341,1487342,1487343,1487344,1487345,1487346,1487347
6,602,'20261005',1487348,1487349,1487350,1487351,1487352,1487353,1487354,1487355,1487356,1487357,1487358,1487359,1487360,1487361,1487362,1487363,1487364,1487365,1487366,1487367,1487368,1487369,1487370,1487371,1487372,1487373,1487374,1487375,1487376,1487377,1487378,1487379,1487380,1487381,1487382
6,602,'20261006',1510869,1510870,1510871,1510872,1510873,1510874,1510875,1510876,1510877,1510878,1510879,1510880,1510881,1510882,1510883,1510884,1510885,1510886,1510887,1510888,1510889,1510890,1510891,1510892,1510893,1510894,1510895,1510896,1510897,1510898,1510899,1510900,1510901,1510902,1510903
6,602,'20261007',1510904,1510905,1510906,1510907,1510908,1510909,1510910,1510911,1510912,1510913,1510914,1510915,1510916,1510917,1510918,1510919,1510920,1510921,1510922,1510923,1510924,1510925,1510926,1510927,1510928,1510929,1510930,1510931,1510932,1510933,1510934,1510935,1510936,1510937,1510938
6,602,'20261008',1510939,1510940,1510941,1510942,1510943,1510944,1510945,1510946,1510947,1510948,1510949,1510950,1510951,1510952,1510953,1510954,1510955,1510956,1510957,1510958,1510959,1510960,1510961,1510962,1510963,1510964,1510965,1510966,1510967,1510968,1510969,1510970,1510971,1510972,1510973
6,602,'20261009',1510974,1510975,1510976,1510977,1510978,1510979,1510980,1510981,1510982,1510983,1510984,1510985,1510986,1510987,1510988,1510989,1510990,1510991,1510992,1510993,1510994,1510995,1510996,1510997,1510998,1510999,1511000,1511001,1511002,1511003,1511004,1511005,1511006,1511007,1511008
6,602,'20261010',1541877,1541878,1541879,1541880,1541881,1541882,1541883,1541884,1541885,1541886,1541887,1541888,1541889,1541890,1541891,1541892,1541893,1541894,1541895,1541896,1541897,1541898,1541899,1541900,1541901,1541902,1541903,1541904,1541905,1541906,1541907,1541908,1541909,1541910,1541911
6,602,'20261011',1541912,1541913,1541914,1541915,1541916,1541917,1541918,1541919,1541920,1541921,1541922,1541923,1541924,1541925,1541926,1541927,1541928,1541929,1541930,1541931,1541932,1541933,1541934,1541935,1541936,1541937,1541938,1541939,1541940,1541941,1541942,1541943,1541944,1541945,1541946
6,602,'20261012',1541947,1541948,1541949,1541950,1541951,1541952,1541953,1541954,1541955,1541956,1541957,1541958,1541959,1541960,1541961,1541962,1541963,1541964,1541965,1541966,1541967,1541968,1541969,1541970,1541971,1541972,1541973,1541974,1541975,1541976,1541977,1541978,1541979,1541980,1541981
6,603,'20260929',1541982,1541983,1541984,1541985,1541986,1541987,1541988,1541989,1541990,1541991,1541992,1541993,1541994,1541995,1541996,1541997,1541998,1541999,1542000,1542001,1542002,1542003,1542004,1542005,1542006,1542007,1542008,1542009,1542010,1542011,1542012,1542013,1542014,1542015,1542016
6,603,'20260930',1542017,1542018,1542019,1542020,1542021,1542022,1542023,1542024,1542025,1542026,1542027,1542028,1542029,1542030,1542031,1542032,1542033,1542034,1542035,1542036,1542037,1542038,1542039,1542040,1542041,1542042,1542043,1542044,1542045,1542046,1542047,1542048,1542049,1542050,1542051
6,603,'20261001',1542052,1542053,1542054,1542055,1542056,1542057,1542058,1542059,1542060,1542061,1542062,1542063,1542064,1542065,1542066,1542067,1542068,1542069,1542070,1542071,1542072,1542073,1542074,1542075,1542076,1542077,1542078,1542079,1542080,1542081,1542082,1542083,1542084,1542085,1542086
6,603,'20261002',1464498,1464499,1464500,1464501,1464502,1464503,1464504,1464505,1464506,1464507,1464508,1464509,1464510,1464511,1464512,1464513,1464514,1464515,1464516,1464517,1464518,1464519,1464520,1464521,1464522,1464523,1464524,1464525,1464526,1464527,1464528,1464529,1464530,1464531,1464532
6,603,'20261003',1487488,1487489,1487490,1487491,1487492,1487493,1487494,1487495,1487496,1487497,1487498,1487499,1487500,1487501,1487502,1487503,1487504,1487505,1487506,1487507,1487508,1487509,1487510,1487511,1487512,1487513,1487514,1487515,1487516,1487517,1487518,1487519,1487520,1487521,1487522
6,603,'20261004',1487523,1487524,1487525,1487526,1487527,1487528,1487529,1487530,1487531,1487532,1487533,1487534,1487535,1487536,1487537,1487538,1487539,1487540,1487541,1487542,1487543,1487544,1487545,1487546,1487547,1487548,1487549,1487550,1487551,1487552,1487553,1487554,1487555,1487556,1487557
6,603,'20261005',1487558,1487559,1487560,1487561,1487562,1487563,1487564,1487565,1487566,1487567,1487568,1487569,1487570,1487571,1487572,1487573,1487574,1487575,1487576,1487577,1487578,1487579,1487580,1487581,1487582,1487583,1487584,1487585,1487586,1487587,1487588,1487589,1487590,1487591,1487592
6,603,'20261006',1511149,1511150,1511151,1511152,1511153,1511154,1511155,1511156,1511157,1511158,1511159,1511160,1511161,1511162,1511163,1511164,1511165,1511166,1511167,1511168,1511169,1511170,1511171,1511172,1511173,1511174,1511175,1511176,1511177,1511178,1511179,1511180,1511181,1511182,1511183
6,603,'20261007',1511184,1511185,1511186,1511187,1511188,1511189,1511190,1511191,1511192,1511193,1511194,1511195,1511196,1511197,1511198,1511199,1511200,1511201,1511202,1511203,1511204,1511205,1511206,1511207,1511208,1511209,1511210,1511211,1511212,1511213,1511214,1511215,1511216,1511217,1511218
6,603,'20261008',1511219,1511220,1511221,1511222,1511223,1511224,1511225,1511226,1511227,1511228,1511229,1511230,1511231,1511232,1511233,1511234,1511235,1511236,1511237,1511238,1511239,1511240,1511241,1511242,1511243,1511244,1511245,1511246,1511247,1511248,1511249,1511250,1511251,1511252,1511253
6,603,'20261009',1511254,1511255,1511256,1511257,1511258,1511259,1511260,1511261,1511262,1511263,1511264,1511265,1511266,1511267,1511268,1511269,1511270,1511271,1511272,1511273,1511274,1511275,1511276,1511277,1511278,1511279,1511280,1511281,1511282,1511283,1511284,1511285,1511286,1511287,1511288
6,603,'20261010',1542087,1542088,1542089,1542090,1542091,1542092,1542093,1542094,1542095,1542096,1542097,1542098,1542099,1542100,1542101,1542102,1542103,1542104,1542105,1542106,1542107,1542108,1542109,1542110,1542111,1542112,1542113,1542114,1542115,1542116,1542117,1542118,1542119,1542120,1542121
6,603,'20261011',1542122,1542123,1542124,1542125,1542126,1542127,1542128,1542129,1542130,1542131,1542132,1542133,1542134,1542135,1542136,1542137,1542138,1542139,1542140,1542141,1542142,1542143,1542144,1542145,1542146,1542147,1542148,1542149,1542150,1542151,1542152,1542153,1542154,1542155,1542156
6,603,'20261012',1542157,1542158,1542159,1542160,1542161,1542162,1542163,1542164,1542165,1542166,1542167,1542168,1542169,1542170,1542171,1542172,1542173,1542174,1542175,1542176,1542177,1542178,1542179,1542180,1542181,1542182,1542183,1542184,1542185,1542186,1542187,1542188,1542189,1542190,1542191
9,902,'20260929',1542192,1542193,1542194,1542195,1542196
9,902,'20260930',1542197,1542198,1542199,1542200,1542201
9,902,'20261001',1542202,1542203,1542204,1542205,1542206
9,902,'20261002',1464548,1464549,1464550,1464551,1464552
9,902,'20261005',1487608,1487609,1487610,1487611,1487612
9,902,'20261006',1511299,1511300,1511301,1511302,1511303
9,902,'20261007',1511304,1511305,1511306,1511307,1511308
9,902,'20261008',1511309,1511310,1511311,1511312,1511313
9,902,'20261009',1511314,1511315,1511316,1511317,1511318
9,903,'20260929',1542207,1542208,1542209,1542210,1542211
9,903,'20260930',1542212,1542213,1542214,1542215,1542216
9,903,'20261001',1542217,1542218,1542219,1542220,1542221
9,903,'20261002',1464568,1464569,1464570,1464571,1464572
9,903,'20261005',1487628,1487629,1487630,1487631,1487632
9,903,'20261006',1511329,1511330,1511331,1511332,1511333
9,903,'20261007',1511334,1511335,1511336,1511337,1511338
9,903,'20261008',1511339,1511340,1511341,1511342,1511343
9,903,'20261009',1511344,1511345,1511346,1511347,1511348
11,1102,'20260929',1542222,1542223,1542224,1542225,1542226,1542227,1542228,1542229,1542230,1542231,1542232,1542233,1542234,1542235,1542236,1542237,1542238,1542239,1542240,1542241,1542242,1542243,1542244,1542245,1542246,1542247,1542248,1542249,1542250,1542251,1542252,1542253,1542254,1542255,1542256,1542257,1542258,1542259,1542260,1542261,1542262,1542263,1542264,1542265
11,1102,'20260930',1542266,1542267,1542268,1542269,1542270,1542271,1542272,1542273,1542274,1542275,1542276,1542277,1542278,1542279,1542280,1542281,1542282,1542283,1542284,1542285,1542286,1542287,1542288,1542289,1542290,1542291,1542292,1542293,1542294,1542295,1542296,1542297,1542298,1542299,1542300,1542301,1542302,1542303,1542304,1542305,1542306,1542307,1542308,1542309
11,1102,'20261001',1542310,1542311,1542312,1542313,1542314,1542315,1542316,1542317,1542318,1542319,1542320,1542321,1542322,1542323,1542324,1542325,1542326,1542327,1542328,1542329,1542330,1542331,1542332,1542333,1542334,1542335,1542336,1542337,1542338,1542339,1542340,1542341,1542342,1542343,1542344,1542345,1542346,1542347,1542348,1542349,1542350,1542351,1542352,1542353
11,1102,'20261002',1464766,1464767,1464768,1464769,1464770,1464771,1464772,1464773,1464774,1464775,1464776,1464777,1464778,1464779,1464780,1464781,1464782,1464783,1464784,1464785,1464786,1464787,1464788,1464789,1464790,1464791,1464792,1464793,1464794,1464795,1464796,1464797,1464798,1464799,1464800,1464801,1464802,1464803,1464804,1464805,1464806,1464807,1464808
11,1102,'20261003',1487765,1487766,1487767,1487768,1487769,1487770,1487771,1487772,1487773,1487774,1487775,1487776,1487777,1487778,1487779,1487780,1487781,1487782,1487783,1487784,1487785,1487786,1487787,1487788,1487789,1487790,1487791,1487792,1487793,1487794,1487795
11,1102,'20261004',1487796,1487797,1487798,1487799,1487800,1487801,1487802,1487803,1487804,1487805,1487806,1487807,1487808,1487809,1487810,1487811,1487812,1487813,1487814,1487815,1487816,1487817,1487818,1487819,1487820,1487821,1487822,1487823,1487824,1487825,1487826
11,1102,'20261005',1487827,1487828,1487829,1487830,1487831,1487832,1487833,1487834,1487835,1487836,1487837,1487838,1487839,1487840,1487841,1487842,1487843,1487844,1487845,1487846,1487847,1487848,1487849,1487850,1487851,1487852,1487853,1487854,1487855,1487856,1487857,1487858,1487859,1487860,1487861,1487862,1487863,1487864,1487865,1487866,1487867,1487868,1487869
11,1102,'20261006',1511499,1511500,1511501,1511502,1511503,1511504,1511505,1511506,1511507,1511508,1511509,1511510,1511511,1511512,1511513,1511514,1511515,1511516,1511517,1511518,1511519,1511520,1511521,1511522,1511523,1511524,1511525,1511526,1511527,1511528,1511529,1511530,1511531,1511532,1511533,1511534,1511535,1511536,1511537,1511538,1511539,1511540,1511541
11,1102,'20261007',1511542,1511543,1511544,1511545,1511546,1511547,1511548,1511549,1511550,1511551,1511552,1511553,1511554,1511555,1511556,1511557,1511558,1511559,1511560,1511561,1511562,1511563,1511564,1511565,1511566,1511567,1511568,1511569,1511570,1511571,1511572,1511573,1511574,1511575,1511576,1511577,1511578,1511579,1511580,1511581,1511582,1511583,1511584
11,1102,'20261008',1511585,1511586,1511587,1511588,1511589,1511590,1511591,1511592,1511593,1511594,1511595,1511596,1511597,1511598,1511599,1511600,1511601,1511602,1511603,1511604,1511605,1511606,1511607,1511608,1511609,1511610,1511611,1511612,1511613,1511614,1511615,1511616,1511617,1511618,1511619,1511620,1511621,1511622,1511623,1511624,1511625,1511626,1511627
11,1102,'20261009',1511628,1511629,1511630,1511631,1511632,1511633,1511634,1511635,1511636,1511637,1511638,1511639,1511640,1511641,1511642,1511643,1511644,1511645,1511646,1511647,1511648,1511649,1511650,1511651,1511652,1511653,1511654,1511655,1511656,1511657,1511658,1511659,1511660,1511661,1511662,1511663,1511664,1511665,1511666,1511667,1511668,1511669,1511670
11,1102,'20261010',1542354,1542355,1542356,1542357,1542358,1542359,1542360,1542361,1542362,1542363,1542364,1542365,1542366,1542367,1542368,1542369,1542370,1542371,1542372,1542373,1542374,1542375,1542376,1542377,1542378,1542379,1542380,1542381,1542382,1542383,1542384
11,1102,'20261011',1542385,1542386,1542387,1542388,1542389,1542390,1542391,1542392,1542393,1542394,1542395,1542396,1542397,1542398,1542399,1542400,1542401,1542402,1542403,1542404,1542405,1542406,1542407,1542408,1542409,1542410,1542411,1542412,1542413,1542414,1542415
11,1102,'20261012',1542416,1542417,1542418,1542419,1542420,1542421,1542422,1542423,1542424,1542425,1542426,1542427,1542428,1542429,1542430,1542431,1542432,1542433,1542434,1542435,1542436,1542437,1542438,1542439,1542440,1542441,1542442,1542443,1542444,1542445,1542446
11,1103,'20260929',1542447,1542448,1542449,1542450,1542451,1542452,1542453,1542454,1542455,1542456,1542457,1542458,1542459,1542460,1542461,1542462,1542463,1542464,1542465,1542466,1542467,1542468,1542469,1542470,1542471,1542472,1542473,1542474,1542475,1542476,1542477,1542478,1542479,1542480,1542481,1542482,1542483,1542484,1542485,1542486,1542487
11,1103,'20260930',1542488,1542489,1542490,1542491,1542492,1542493,1542494,1542495,1542496,1542497,1542498,1542499,1542500,1542501,1542502,1542503,1542504,1542505,1542506,1542507,1542508,1542509,1542510,1542511,1542512,1542513,1542514,1542515,1542516,1542517,1542518,1542519,1542520,1542521,1542522,1542523,1542524,1542525,1542526,1542527,1542528
11,1103,'20261001',1542529,1542530,1542531,1542532,1542533,1542534,1542535,1542536,1542537,1542538,1542539,1542540,1542541,1542542,1542543,1542544,1542545,1542546,1542547,1542548,1542549,1542550,1542551,1542552,1542553,1542554,1542555,1542556,1542557,1542558,1542559,1542560,1542561,1542562,1542563,1542564,1542565,1542566,1542567,1542568,1542569
11,1103,'20261002',1464994,1464995,1464996,1464997,1464998,1464999,1465000,1465001,1465002,1465003,1465004,1465005,1465006,1465007,1465008,1465009,1465010,1465011,1465012,1465013,1465014,1465015,1465016,1465017,1465018,1465019,1465020,1465021,1465022,1465023,1465024,1465025,1465026,1465027,1465028,1465029,1465030,1465031,1465032,1465033,1465034
11,1103,'20261003',1487993,1487994,1487995,1487996,1487997,1487998,1487999,1488000,1488001,1488002,1488003,1488004,1488005,1488006,1488007,1488008,1488009,1488010,1488011,1488012,1488013,1488014,1488015,1488016,1488017,1488018,1488019,1488020,1488021,1488022,1488023
11,1103,'20261004',1488024,1488025,1488026,1488027,1488028,1488029,1488030,1488031,1488032,1488033,1488034,1488035,1488036,1488037,1488038,1488039,1488040,1488041,1488042,1488043,1488044,1488045,1488046,1488047,1488048,1488049,1488050,1488051,1488052,1488053,1488054
11,1103,'20261005',1488055,1488056,1488057,1488058,1488059,1488060,1488061,1488062,1488063,1488064,1488065,1488066,1488067,1488068,1488069,1488070,1488071,1488072,1488073,1488074,1488075,1488076,1488077,1488078,1488079,1488080,1488081,1488082,1488083,1488084,1488085,1488086,1488087,1488088,1488089,1488090,1488091,1488092,1488093,1488094,1488095
11,1103,'20261006',1511815,1511816,1511817,1511818,1511819,1511820,1511821,1511822,1511823,1511824,1511825,1511826,1511827,1511828,1511829,1511830,1511831,1511832,1511833,1511834,1511835,1511836,1511837,1511838,1511839,1511840,1511841,1511842,1511843,1511844,1511845,1511846,1511847,1511848,1511849,1511850,1511851,1511852,1511853,1511854,1511855
11,1103,'20261007',1511856,1511857,1511858,1511859,1511860,1511861,1511862,1511863,1511864,1511865,1511866,1511867,1511868,1511869,1511870,1511871,1511872,1511873,1511874,1511875,1511876,1511877,1511878,1511879,1511880,1511881,1511882,1511883,1511884,1511885,1511886,1511887,1511888,1511889,1511890,1511891,1511892,1511893,1511894,1511895,1511896
11,1103,'20261008',1511897,1511898,1511899,1511900,1511901,1511902,1511903,1511904,1511905,1511906,1511907,1511908,1511909,1511910,1511911,1511912,1511913,1511914,1511915,1511916,1511917,1511918,1511919,1511920,1511921,1511922,1511923,1511924,1511925,1511926,1511927,1511928,1511929,1511930,1511931,1511932,1511933,1511934,1511935,1511936,1511937
11,1103,'20261009',1511938,1511939,1511940,1511941,1511942,1511943,1511944,1511945,1511946,1511947,1511948,1511949,1511950,1511951,1511952,1511953,1511954,1511955,1511956,1511957,1511958,1511959,1511960,1511961,1511962,1511963,1511964,1511965,1511966,1511967,1511968,1511969,1511970,1511971,1511972,1511973,1511974,1511975,1511976,1511977,1511978
11,1103,'20261010',1542570,1542571,1542572,1542573,1542574,1542575,1542576,1542577,1542578,1542579,1542580,1542581,1542582,1542583,1542584,1542585,1542586,1542587,1542588,1542589,1542590,1542591,1542592,1542593,1542594,1542595,1542596,1542597,1542598,1542599,1542600
11,1103,'20261011',1542601,1542602,1542603,1542604,1542605,1542606,1542607,1542608,1542609,1542610,1542611,1542612,1542613,1542614,1542615,1542616,1542617,1542618,1542619,1542620,1542621,1542622,1542623,1542624,1542625,1542626,1542627,1542628,1542629,1542630,1542631
11,1103,'20261012',1542632,1542633,1542634,1542635,1542636,1542637,1542638,1542639,1542640,1542641,1542642,1542643,1542644,1542645,1542646,1542647,1542648,1542649,1542650,1542651,1542652,1542653,1542654,1542655,1542656,1542657,1542658,1542659,1542660,1542661,1542662
12,1202,'20260929',1542663,1542664,1542665,1542666,1542667,1542668,1542669,1542670,1542671,1542672,1542673,1542674,1542675,1542676,1542677,1542678,1542679,1542680,1542681,1542682
12,1202,'20260930',1542683,1542684,1542685,1542686,1542687,1542688,1542689,1542690,1542691,1542692,1542693,1542694,1542695,1542696,1542697,1542698,1542699,1542700,1542701,1542702
12,1202,'20261001',1542703,1542704,1542705,1542706,1542707,1542708,1542709,1542710,1542711,1542712,1542713,1542714,1542715,1542716,1542717,1542718,1542719,1542720,1542721,1542722
12,1202,'20261002',1465124,1465125,1465126,1465127,1465128,1465129,1465130,1465131,1465132,1465133,1465134,1465135,1465136,1465137,1465138,1465139,1465140,1465141,1465142
12,1202,'20261003',1488153,1488154,1488155,1488156,1488157,1488158,1488159,1488160,1488161,1488162,1488163,1488164,1488165,1488166,1488167,1488168
12,1202,'20261004',1488169,1488170,1488171,1488172,1488173,1488174,1488175,1488176,1488177,1488178,1488179,1488180,1488181,1488182,1488183,1488184
12,1202,'20261005',1488185,1488186,1488187,1488188,1488189,1488190,1488191,1488192,1488193,1488194,1488195,1488196,1488197,1488198,1488199,1488200,1488201,1488202,1488203
12,1202,'20261006',1512050,1512051,1512052,1512053,1512054,1512055,1512056,1512057,1512058,1512059,1512060,1512061,1512062,1512063,1512064,1512065,1512066,1512067,1512068
12,1202,'20261007',1512069,1512070,1512071,1512072,1512073,1512074,1512075,1512076,1512077,1512078,1512079,1512080,1512081,1512082,1512083,1512084,1512085,1512086,1512087
12,1202,'20261008',1512088,1512089,1512090,1512091,1512092,1512093,1512094,1512095,1512096,1512097,1512098,1512099,1512100,1512101,1512102,1512103,1512104,1512105,1512106
12,1202,'20261009',1512107,1512108,1512109,1512110,1512111,1512112,1512113,1512114,1512115,1512116,1512117,1512118,1512119,1512120,1512121,1512122,1512123,1512124,1512125
12,1202,'20261010',1542723,1542724,1542725,1542726,1542727,1542728,1542729,1542730,1542731,1542732,1542733,1542734,1542735,1542736,1542737,1542738
12,1202,'20261011',1542739,1542740,1542741,1542742,1542743,1542744,1542745,1542746,1542747,1542748,1542749,1542750,1542751,1542752,1542753,1542754
12,1202,'20261012',1542755,1542756,1542757,1542758,1542759,1542760,1542761,1542762,1542763,1542764,1542765,1542766,1542767,1542768,1542769,1542770
12,1203,'20260929',1542771,1542772,1542773,1542774,1542775,1542776,1542777,1542778,1542779,1542780,1542781,1542782,1542783,1542784,1542785,1542786,1542787,1542788,1542789,1542790
12,1203,'20260930',1542791,1542792,1542793,1542794,1542795,1542796,1542797,1542798,1542799,1542800,1542801,1542802,1542803,1542804,1542805,1542806,1542807,1542808,1542809,1542810
12,1203,'20261001',1542811,1542812,1542813,1542814,1542815,1542816,1542817,1542818,1542819,1542820,1542821,1542822,1542823,1542824,1542825,1542826,1542827,1542828,1542829,1542830
12,1203,'20261002',1465236,1465237,1465238,1465239,1465240,1465241,1465242,1465243,1465244,1465245,1465246,1465247,1465248,1465249,1465250,1465251,1465252,1465253,1465254,1465255
12,1203,'20261003',1488265,1488266,1488267,1488268,1488269,1488270,1488271,1488272,1488273,1488274,1488275,1488276,1488277,1488278,1488279,1488280
12,1203,'20261004',1488281,1488282,1488283,1488284,1488285,1488286,1488287,1488288,1488289,1488290,1488291,1488292,1488293,1488294,1488295,1488296
12,1203,'20261005',1488297,1488298,1488299,1488300,1488301,1488302,1488303,1488304,1488305,1488306,1488307,1488308,1488309,1488310,1488311,1488312,1488313,1488314,1488315,1488316
12,1203,'20261006',1512198,1512199,1512200,1512201,1512202,1512203,1512204,1512205,1512206,1512207,1512208,1512209,1512210,1512211,1512212,1512213,1512214,1512215,1512216,1512217
12,1203,'20261007',1512218,1512219,1512220,1512221,1512222,1512223,1512224,1512225,1512226,1512227,1512228,1512229,1512230,1512231,1512232,1512233,1512234,1512235,1512236,1512237
12,1203,'20261008',1512238,1512239,1512240,1512241,1512242,1512243,1512244,1512245,1512246,1512247,1512248,1512249,1512250,1512251,1512252,1512253,1512254,1512255,1512256,1512257
12,1203,'20261009',1512258,1512259,1512260,1512261,1512262,1512263,1512264,1512265,1512266,1512267,1512268,1512269,1512270,1512271,1512272,1512273,1512274,1512275,1512276,1512277
12,1203,'20261010',1542831,1542832,1542833,1542834,1542835,1542836,1542837,1542838,1542839,1542840,1542841,1542842,1542843,1542844,1542845,1542846
12,1203,'20261011',1542847,1542848,1542849,1542850,1542851,1542852,1542853,1542854,1542855,1542856,1542857,1542858,1542859,1542860,1542861,1542862
12,1203,'20261012',1542863,1542864,1542865,1542866,1542867,1542868,1542869,1542870,1542871,1542872,1542873,1542874,1542875,1542876,1542877,1542878
13,1302,'20260929',1542879,1542880,1542881,1542882,1542883,1542884,1542885,1542886,1542887,1542888,1542889,1542890,1542891,1542892,1542893,1542894,1542895,1542896,1542897,1542898,1542899,1542900,1542901,1542902,1542903,1542904,1542905
13,1302,'20260930',1542906,1542907,1542908,1542909,1542910,1542911,1542912,1542913,1542914,1542915,1542916,1542917,1542918,1542919,1542920,1542921,1542922,1542923,1542924,1542925,1542926,1542927,1542928,1542929,1542930,1542931,1542932
13,1302,'20261001',1542933,1542934,1542935,1542936,1542937,1542938,1542939,1542940,1542941,1542942,1542943,1542944,1542945,1542946,1542947,1542948,1542949,1542950,1542951,1542952,1542953,1542954,1542955,1542956,1542957,1542958,1542959
13,1302,'20261002',1465363,1465364,1465365,1465366,1465367,1465368,1465369,1465370,1465371,1465372,1465373,1465374,1465375,1465376,1465377,1465378,1465379,1465380,1465381,1465382,1465383,1465384,1465385,1465386,1465387
13,1302,'20261003',1488398,1488399,1488400,1488401,1488402,1488403,1488404,1488405,1488406,1488407,1488408,1488409,1488410,1488411,1488412
13,1302,'20261004',1488413,1488414,1488415,1488416,1488417,1488418,1488419,1488420,1488421,1488422,1488423,1488424,1488425,1488426,1488427
13,1302,'20261005',1488428,1488429,1488430,1488431,1488432,1488433,1488434,1488435,1488436,1488437,1488438,1488439,1488440,1488441,1488442,1488443,1488444,1488445,1488446,1488447,1488448,1488449,1488450,1488451,1488452
13,1302,'20261006',1512362,1512363,1512364,1512365,1512366,1512367,1512368,1512369,1512370,1512371,1512372,1512373,1512374,1512375,1512376,1512377,1512378,1512379,1512380,1512381,1512382,1512383,1512384,1512385,1512386
13,1302,'20261007',1512387,1512388,1512389,1512390,1512391,1512392,1512393,1512394,1512395,1512396,1512397,1512398,1512399,1512400,1512401,1512402,1512403,1512404,1512405,1512406,1512407,1512408,1512409,1512410,1512411
13,1302,'20261008',1512412,1512413,1512414,1512415,1512416,1512417,1512418,1512419,1512420,1512421,1512422,1512423,1512424,1512425,1512426,1512427,1512428,1512429,1512430,1512431,1512432,1512433,1512434,1512435,1512436
13,1302,'20261009',1512437,1512438,1512439,1512440,1512441,1512442,1512443,1512444,1512445,1512446,1512447,1512448,1512449,1512450,1512451,1512452,1512453,1512454,1512455,1512456,1512457,1512458,1512459,1512460,1512461
13,1302,'20261010',1542960,1542961,1542962,1542963,1542964,1542965,1542966,1542967,1542968,1542969,1542970,1542971,1542972,1542973,1542974
13,1302,'20261011',1542975,1542976,1542977,1542978,1542979,1542980,1542981,1542982,1542983,1542984,1542985,1542986,1542987,1542988,1542989
13,1302,'20261012',1542990,1542991,1542992,1542993,1542994,1542995,1542996,1542997,1542998,1542999,1543000,1543001,1543002,1543003,1543004
13,1303,'20260929',1543005,1543006,1543007,1543008,1543009,1543010,1543011,1543012,1543013,1543014,1543015,1543016,1543017,1543018,1543019,1543020,1543021,1543022,1543023,1543024,1543025,1543026,1543027
13,1303,'20260930',1543028,1543029,1543030,1543031,1543032,1543033,1543034,1543035,1543036,1543037,1543038,1543039,1543040,1543041,1543042,1543043,1543044,1543045,1543046,1543047,1543048,1543049,1543050
13,1303,'20261001',1543051,1543052,1543053,1543054,1543055,1543056,1543057,1543058,1543059,1543060,1543061,1543062,1543063,1543064,1543065,1543066,1543067,1543068,1543069,1543070,1543071,1543072,1543073
13,1303,'20261002',1465489,1465490,1465491,1465492,1465493,1465494,1465495,1465496,1465497,1465498,1465499,1465500,1465501,1465502,1465503,1465504,1465505,1465506,1465507,1465508,1465509,1465510,1465511
13,1303,'20261003',1488522,1488523,1488524,1488525,1488526,1488527,1488528,1488529,1488530,1488531,1488532,1488533,1488534,1488535,1488536,1488537
13,1303,'20261004',1488538,1488539,1488540,1488541,1488542,1488543,1488544,1488545,1488546,1488547,1488548,1488549,1488550,1488551,1488552,1488553
13,1303,'20261005',1488554,1488555,1488556,1488557,1488558,1488559,1488560,1488561,1488562,1488563,1488564,1488565,1488566,1488567,1488568,1488569,1488570,1488571,1488572,1488573,1488574,1488575,1488576
13,1303,'20261006',1512540,1512541,1512542,1512543,1512544,1512545,1512546,1512547,1512548,1512549,1512550,1512551,1512552,1512553,1512554,1512555,1512556,1512557,1512558,1512559,1512560,1512561,1512562
13,1303,'20261007',1512563,1512564,1512565,1512566,1512567,1512568,1512569,1512570,1512571,1512572,1512573,1512574,1512575,1512576,1512577,1512578,1512579,1512580,1512581,1512582,1512583,1512584,1512585
13,1303,'20261008',1512586,1512587,1512588,1512589,1512590,1512591,1512592,1512593,1512594,1512595,1512596,1512597,1512598,1512599,1512600,1512601,1512602,1512603,1512604,1512605,1512606,1512607,1512608
13,1303,'20261009',1512609,1512610,1512611,1512612,1512613,1512614,1512615,1512616,1512617,1512618,1512619,1512620,1512621,1512622,1512623,1512624,1512625,1512626,1512627,1512628,1512629,1512630,1512631
13,1303,'20261010',1543074,1543075,1543076,1543077,1543078,1543079,1543080,1543081,1543082,1543083,1543084,1543085,1543086,1543087,1543088,1543089
13,1303,'20261011',1543090,1543091,1543092,1543093,1543094,1543095,1543096,1543097,1543098,1543099,1543100,1543101,1543102,1543103,1543104,1543105
13,1303,'20261012',1543106,1543107,1543108,1543109,1543110,1543111,1543112,1543113,1543114,1543115,1543116,1543117,1543118,1543119,1543120,1543121
16,1602,'20260929',1543122,1543123,1543124,1543125,1543126,1543127,1543128,1543129,1543130,1543131,1543132,1543133,1543134,1543135,1543136,1543137,1543138,1543139
16,1602,'20260930',1543140,1543141,1543142,1543143,1543144,1543145,1543146,1543147,1543148,1543149,1543150,1543151,1543152,1543153,1543154,1543155,1543156,1543157
16,1602,'20261001',1543158,1543159,1543160,1543161,1543162,1543163,1543164,1543165,1543166,1543167,1543168,1543169,1543170,1543171,1543172,1543173,1543174,1543175
16,1602,'20261002',1465574,1465575,1465576,1465577,1465578,1465579,1465580,1465581,1465582,1465583,1465584,1465585,1465586,1465587,1465588,1465589,1465590,1465591
16,1602,'20261003',1488631,1488632,1488633,1488634
16,1602,'20261004',1488635,1488636,1488637,1488638
16,1602,'20261005',1488639,1488640,1488641,1488642,1488643,1488644,1488645,1488646,1488647,1488648,1488649,1488650,1488651,1488652,1488653,1488654,1488655,1488656
16,1602,'20261006',1512676,1512677,1512678,1512679,1512680,1512681,1512682,1512683,1512684,1512685,1512686,1512687,1512688,1512689,1512690,1512691,1512692,1512693
16,1602,'20261007',1512694,1512695,1512696,1512697,1512698,1512699,1512700,1512701,1512702,1512703,1512704,1512705,1512706,1512707,1512708,1512709,1512710,1512711
16,1602,'20261008',1512712,1512713,1512714,1512715,1512716,1512717,1512718,1512719,1512720,1512721,1512722,1512723,1512724,1512725,1512726,1512727,1512728,1512729
16,1602,'20261009',1512730,1512731,1512732,1512733,1512734,1512735,1512736,1512737,1512738,1512739,1512740,1512741,1512742,1512743,1512744,1512745,1512746,1512747
16,1602,'20261010',1543176,1543177,1543178,1543179
16,1602,'20261011',1543180,1543181,1543182,1543183
16,1602,'20261012',1543184,1543185,1543186,1543187
16,1603,'20260929',1543188,1543189,1543190,1543191,1543192,1543193,1543194,1543195,1543196,1543197,1543198,1543199,1543200,1543201,1543202,1543203,1543204,1543205,1543206
16,1603,'20260930',1543207,1543208,1543209,1543210,1543211,1543212,1543213,1543214,1543215,1543216,1543217,1543218,1543219,1543220,1543221,1543222,1543223,1543224,1543225
16,1603,'20261001',1543226,1543227,1543228,1543229,1543230,1543231,1543232,1543233,1543234,1543235,1543236,1543237,1543238,1543239,1543240,1543241,1543242,1543243,1543244
16,1603,'20261002',1465657,1465658,1465659,1465660,1465661,1465662,1465663,1465664,1465665,1465666,1465667,1465668,1465669,1465670,1465671,1465672,1465673,1465674,1465675
16,1603,'20261003',1488714,1488715,1488716,1488717
16,1603,'20261004',1488718,1488719,1488720,1488721
16,1603,'20261005',1488722,1488723,1488724,1488725,1488726,1488727,1488728,1488729,1488730,1488731,1488732,1488733,1488734,1488735,1488736,1488737,1488738,1488739,1488740
16,1603,'20261006',1512794,1512795,1512796,1512797,1512798,1512799,1512800,1512801,1512802,1512803,1512804,1512805,1512806,1512807,1512808,1512809,1512810,1512811,1512812
16,1603,'20261007',1512813,1512814,1512815,1512816,1512817,1512818,1512819,1512820,1512821,1512822,1512823,1512824,1512825,1512826,1512827,1512828,1512829,1512830,1512831
16,1603,'20261008',1512832,1512833,1512834,1512835,1512836,1512837,1512838,1512839,1512840,1512841,1512842,1512843,1512844,1512845,1512846,1512847,1512848,1512849,1512850
16,1603,'20261009',1512851,1512852,1512853,1512854,1512855,1512856,1512857,1512858,1512859,1512860,1512861,1512862,1512863,1512864,1512865,1512866,1512867,1512868,1512869
16,1603,'20261010',1543245,1543246,1543247,1543248
16,1603,'20261011',1543249,1543250,1543251,1543252
16,1603,'20261012',1543253,1543254,1543255,1543256
18,1802,'20260929',1543257,1543258,1543259,1543260,1543261,1543262,1543263,1543264,1543265,1543266,1543267,1543268,1543269,1543270,1543271,1543272,1543273,1543274,1543275,1543276,1543277,1543278,1543279,1543280,1543281,1543282,1543283,1543284,1543285,1543286,1543287,1543288,1543289,1543290,1543291,1543292,1543293,1543294,1543295,1543296,1543297,1543298,1543299,1543300
18,1802,'20260930',1543301,1543302,1543303,1543304,1543305,1543306,1543307,1543308,1543309,1543310,1543311,1543312,1543313,1543314,1543315,1543316,1543317,1543318,1543319,1543320,1543321,1543322,1543323,1543324,1543325,1543326,1543327,1543328,1543329,1543330,1543331,1543332,1543333,1543334,1543335,1543336,1543337,1543338,1543339,1543340,1543341,1543342,1543343,1543344
18,1802,'20261001',1543345,1543346,1543347,1543348,1543349,1543350,1543351,1543352,1543353,1543354,1543355,1543356,1543357,1543358,1543359,1543360,1543361,1543362,1543363,1543364,1543365,1543366,1543367,1543368,1543369,1543370,1543371,1543372,1543373,1543374,1543375,1543376,1543377,1543378,1543379,1543380,1543381,1543382,1543383,1543384,1543385,1543386,1543387,1543388
18,1802,'20261002',1465842,1465843,1465844,1465845,1465846,1465847,1465848,1465849,1465850,1465851,1465852,1465853,1465854,1465855,1465856,1465857,1465858,1465859,1465860,1465861,1465862,1465863,1465864,1465865,1465866,1465867,1465868,1465869,1465870,1465871,1465872,1465873,1465874,1465875,1465876,1465877,1465878,1465879,1465880,1465881,1465882,1465883,1465884,1465885
18,1802,'20261003',1488867,1488868,1488869,1488870,1488871,1488872,1488873,1488874,1488875,1488876,1488877,1488878,1488879,1488880,1488881,1488882,1488883
18,1802,'20261004',1488884,1488885,1488886,1488887,1488888,1488889,1488890,1488891,1488892,1488893,1488894,1488895,1488896,1488897,1488898,1488899,1488900
18,1802,'20261005',1488901,1488902,1488903,1488904,1488905,1488906,1488907,1488908,1488909,1488910,1488911,1488912,1488913,1488914,1488915,1488916,1488917,1488918,1488919,1488920,1488921,1488922,1488923,1488924,1488925,1488926,1488927,1488928,1488929,1488930,1488931,1488932,1488933,1488934,1488935,1488936,1488937,1488938,1488939,1488940,1488941,1488942,1488943,1488944
18,1802,'20261006',1512992,1512993,1512994,1512995,1512996,1512997,1512998,1512999,1513000,1513001,1513002,1513003,1513004,1513005,1513006,1513007,1513008,1513009,1513010,1513011,1513012,1513013,1513014,1513015,1513016,1513017,1513018,1513019,1513020,1513021,1513022,1513023,1513024,1513025,1513026,1513027,1513028,1513029,1513030,1513031,1513032,1513033,1513034,1513035
18,1802,'20261007',1513036,1513037,1513038,1513039,1513040,1513041,1513042,1513043,1513044,1513045,1513046,1513047,1513048,1513049,1513050,1513051,1513052,1513053,1513054,1513055,1513056,1513057,1513058,1513059,1513060,1513061,1513062,1513063,1513064,1513065,1513066,1513067,1513068,1513069,1513070,1513071,1513072,1513073,1513074,1513075,1513076,1513077,1513078,1513079
18,1802,'20261008',1513080,1513081,1513082,1513083,1513084,1513085,1513086,1513087,1513088,1513089,1513090,1513091,1513092,1513093,1513094,1513095,1513096,1513097,1513098,1513099,1513100,1513101,1513102,1513103,1513104,1513105,1513106,1513107,1513108,1513109,1513110,1513111,1513112,1513113,1513114,1513115,1513116,1513117,1513118,1513119,1513120,1513121,1513122,1513123
18,1802,'20261009',1513124,1513125,1513126,1513127,1513128,1513129,1513130,1513131,1513132,1513133,1513134,1513135,1513136,1513137,1513138,1513139,1513140,1513141,1513142,1513143,1513144,1513145,1513146,1513147,1513148,1513149,1513150,1513151,1513152,1513153,1513154,1513155,1513156,1513157,1513158,1513159,1513160,1513161,1513162,1513163,1513164,1513165,1513166,1513167
18,1802,'20261010',1543389,1543390,1543391,1543392,1543393,1543394,1543395,1543396,1543397,1543398,1543399,1543400,1543401,1543402,1543403,1543404,1543405
18,1802,'20261011',1543406,1543407,1543408,1543409,1543410,1543411,1543412,1543413,1543414,1543415,1543416,1543417,1543418,1543419,1543420,1543421,1543422
18,1802,'20261012',1543423,1543424,1543425,1543426,1543427,1543428,1543429,1543430,1543431,1543432,1543433,1543434,1543435,1543436,1543437,1543438,1543439
18,1803,'20260929',1543440,1543441,1543442,1543443,1543444,1543445,1543446,1543447,1543448,1543449,1543450,1543451,1543452,1543453,1543454,1543455,1543456,1543457,1543458,1543459,1543460,1543461,1543462,1543463,1543464,1543465,1543466,1543467,1543468,1543469,1543470,1543471,1543472,1543473,1543474,1543475,1543476,1543477,1543478,1543479,1543480,1543481,1543482,1543483
18,1803,'20260930',1543484,1543485,1543486,1543487,1543488,1543489,1543490,1543491,1543492,1543493,1543494,1543495,1543496,1543497,1543498,1543499,1543500,1543501,1543502,1543503,1543504,1543505,1543506,1543507,1543508,1543509,1543510,1543511,1543512,1543513,1543514,1543515,1543516,1543517,1543518,1543519,1543520,1543521,1543522,1543523,1543524,1543525,1543526,1543527
18,1803,'20261001',1543528,1543529,1543530,1543531,1543532,1543533,1543534,1543535,1543536,1543537,1543538,1543539,1543540,1543541,1543542,1543543,1543544,1543545,1543546,1543547,1543548,1543549,1543550,1543551,1543552,1543553,1543554,1543555,1543556,1543557,1543558,1543559,1543560,1543561,1543562,1543563,1543564,1543565,1543566,1543567,1543568,1543569,1543570,1543571
18,1803,'20261002',1466052,1466053,1466054,1466055,1466056,1466057,1466058,1466059,1466060,1466061,1466062,1466063,1466064,1466065,1466066,1466067,1466068,1466069,1466070,1466071,1466072,1466073,1466074,1466075,1466076,1466077,1466078,1466079,1466080,1466081,1466082,1466083,1466084,1466085,1466086,1466087,1466088,1466089,1466090,1466091,1466092,1466093,1466094,1466095
18,1803,'20261003',1489071,1489072,1489073,1489074,1489075,1489076,1489077,1489078,1489079,1489080,1489081,1489082,1489083,1489084,1489085,1489086,1489087
18,1803,'20261004',1489088,1489089,1489090,1489091,1489092,1489093,1489094,1489095,1489096,1489097,1489098,1489099,1489100,1489101,1489102,1489103,1489104
18,1803,'20261005',1489105,1489106,1489107,1489108,1489109,1489110,1489111,1489112,1489113,1489114,1489115,1489116,1489117,1489118,1489119,1489120,1489121,1489122,1489123,1489124,1489125,1489126,1489127,1489128,1489129,1489130,1489131,1489132,1489133,1489134,1489135,1489136,1489137,1489138,1489139,1489140,1489141,1489142,1489143,1489144,1489145,1489146,1489147,1489148
18,1803,'20261006',1513290,1513291,1513292,1513293,1513294,1513295,1513296,1513297,1513298,1513299,1513300,1513301,1513302,1513303,1513304,1513305,1513306,1513307,1513308,1513309,1513310,1513311,1513312,1513313,1513314,1513315,1513316,1513317,1513318,1513319,1513320,1513321,1513322,1513323,1513324,1513325,1513326,1513327,1513328,1513329,1513330,1513331,1513332,1513333
18,1803,'20261007',1513334,1513335,1513336,1513337,1513338,1513339,1513340,1513341,1513342,1513343,1513344,1513345,1513346,1513347,1513348,1513349,1513350,1513351,1513352,1513353,1513354,1513355,1513356,1513357,1513358,1513359,1513360,1513361,1513362,1513363,1513364,1513365,1513366,1513367,1513368,1513369,1513370,1513371,1513372,1513373,1513374,1513375,1513376,1513377
18,1803,'20261008',1513378,1513379,1513380,1513381,1513382,1513383,1513384,1513385,1513386,1513387,1513388,1513389,1513390,1513391,1513392,1513393,1513394,1513395,1513396,1513397,1513398,1513399,1513400,1513401,1513402,1513403,1513404,1513405,1513406,1513407,1513408,1513409,1513410,1513411,1513412,1513413,1513414,1513415,1513416,1513417,1513418,1513419,1513420,1513421
18,1803,'20261009',1513422,1513423,1513424,1513425,1513426,1513427,1513428,1513429,1513430,1513431,1513432,1513433,1513434,1513435,1513436,1513437,1513438,1513439,1513440,1513441,1513442,1513443,1513444,1513445,1513446,1513447,1513448,1513449,1513450,1513451,1513452,1513453,1513454,1513455,1513456,1513457,1513458,1513459,1513460,1513461,1513462,1513463,1513464,1513465
18,1803,'20261010',1543572,1543573,1543574,1543575,1543576,1543577,1543578,1543579,1543580,1543581,1543582,1543583,1543584,1543585,1543586,1543587,1543588
18,1803,'20261011',1543589,1543590,1543591,1543592,1543593,1543594,1543595,1543596,1543597,1543598,1543599,1543600,1543601,1543602,1543603,1543604,1543605
18,1803,'20261012',1543606,1543607,1543608,1543609,1543610,1543611,1543612,1543613,1543614,1543615,1543616,1543617,1543618,1543619,1543620,1543621,1543622
19,1900,'20260929',1543623,1543624,1543625,1543626,1543627,1543628,1543629,1543630,1543631,1543632,1543633,1543634,1543635,1543636,1543637,1543638,1543639,1543640,1543641,1543642,1543643,1543644,1543645,1543646,1543647
19,1900,'20260930',1543648,1543649,1543650,1543651,1543652,1543653,1543654,1543655,1543656,1543657,1543658,1543659,1543660,1543661,1543662,1543663,1543664,1543665,1543666,1543667,1543668,1543669,1543670,1543671,1543672
19,1900,'20261001',1543673,1543674,1543675,1543676,1543677,1543678,1543679,1543680,1543681,1543682,1543683,1543684,1543685,1543686,1543687,1543688,1543689,1543690,1543691,1543692,1543693,1543694,1543695,1543696,1543697
19,1900,'20261002',1466205,1466206,1466207,1466208,1466209,1466210,1466211,1466212,1466213,1466214,1466215,1466216,1466217,1466218,1466219,1466220,1466221,1466222,1466223,1466224,1466225,1466226,1466227,1466228
19,1900,'20261003',1489221,1489222,1489223,1489224,1489225,1489226,1489227,1489228,1489229,1489230,1489231,1489232,1489233,1489234,1489235,1489236,1489237,1489238
19,1900,'20261004',1489239,1489240,1489241,1489242,1489243,1489244,1489245,1489246,1489247,1489248,1489249,1489250,1489251,1489252,1489253,1489254,1489255,1489256
19,1900,'20261005',1489257,1489258,1489259,1489260,1489261,1489262,1489263,1489264,1489265,1489266,1489267,1489268,1489269,1489270,1489271,1489272,1489273,1489274,1489275,1489276,1489277,1489278,1489279,1489280
19,1900,'20261006',1513552,1513553,1513554,1513555,1513556,1513557,1513558,1513559,1513560,1513561,1513562,1513563,1513564,1513565,1513566,1513567,1513568,1513569,1513570,1513571,1513572,1513573,1513574,1513575
19,1900,'20261007',1513576,1513577,1513578,1513579,1513580,1513581,1513582,1513583,1513584,1513585,1513586,1513587,1513588,1513589,1513590,1513591,1513592,1513593,1513594,1513595,1513596,1513597,1513598,1513599
19,1900,'20261008',1513600,1513601,1513602,1513603,1513604,1513605,1513606,1513607,1513608,1513609,1513610,1513611,1513612,1513613,1513614,1513615,1513616,1513617,1513618,1513619,1513620,1513621,1513622,1513623
19,1900,'20261009',1513624,1513625,1513626,1513627,1513628,1513629,1513630,1513631,1513632,1513633,1513634,1513635,1513636,1513637,1513638,1513639,1513640,1513641,1513642,1513643,1513644,1513645,1513646,1513647
19,1900,'20261010',1543698,1543699,1543700,1543701,1543702,1543703,1543704,1543705,1543706,1543707,1543708,1543709,1543710,1543711,1543712,1543713,1543714,1543715
19,1900,'20261011',1543716,1543717,1543718,1543719,1543720,1543721,1543722,1543723,1543724,1543725,1543726,1543727,1543728,1543729,1543730,1543731,1543732,1543733
19,1900,'20261012',1543734,1543735,1543736,1543737,1543738,1543739,1543740,1543741,1543742,1543743,1543744,1543745,1543746,1543747,1543748,1543749,1543750,1543751
19,1901,'20260929',1543752,1543753,1543754,1543755,1543756,1543757,1543758,1543759,1543760,1543761,1543762,1543763,1543764,1543765,1543766,1543767,1543768,1543769,1543770,1543771,1543772,1543773,1543774,1543775,1543776
19,1901,'20260930',1543777,1543778,1543779,1543780,1543781,1543782,1543783,1543784,1543785,1543786,1543787,1543788,1543789,1543790,1543791,1543792,1543793,1543794,1543795,1543796,1543797,1543798,1543799,1543800,1543801
19,1901,'20261001',1543802,1543803,1543804,1543805,1543806,1543807,1543808,1543809,1543810,1543811,1543812,1543813,1543814,1543815,1543816,1543817,1543818,1543819,1543820,1543821,1543822,1543823,1543824,1543825,1543826
19,1901,'20261002',1466343,1466344,1466345,1466346,1466347,1466348,1466349,1466350,1466351,1466352,1466353,1466354,1466355,1466356,1466357,1466358,1466359,1466360,1466361,1466362,1466363,1466364,1466365,1466366,1466367
19,1901,'20261003',1489353,1489354,1489355,1489356,1489357,1489358,1489359,1489360,1489361,1489362,1489363,1489364,1489365,1489366,1489367,1489368,1489369,1489370,1489371
19,1901,'20261004',1489372,1489373,1489374,1489375,1489376,1489377,1489378,1489379,1489380,1489381,1489382,1489383,1489384,1489385,1489386,1489387,1489388,1489389,1489390
19,1901,'20261005',1489391,1489392,1489393,1489394,1489395,1489396,1489397,1489398,1489399,1489400,1489401,1489402,1489403,1489404,1489405,1489406,1489407,1489408,1489409,1489410,1489411,1489412,1489413,1489414,1489415
19,1901,'20261006',1513736,1513737,1513738,1513739,1513740,1513741,1513742,1513743,1513744,1513745,1513746,1513747,1513748,1513749,1513750,1513751,1513752,1513753,1513754,1513755,1513756,1513757,1513758,1513759,1513760
19,1901,'20261007',1513761,1513762,1513763,1513764,1513765,1513766,1513767,1513768,1513769,1513770,1513771,1513772,1513773,1513774,1513775,1513776,1513777,1513778,1513779,1513780,1513781,1513782,1513783,1513784,1513785
19,1901,'20261008',1513786,1513787,1513788,1513789,1513790,1513791,1513792,1513793,1513794,1513795,1513796,1513797,1513798,1513799,1513800,1513801,1513802,1513803,1513804,1513805,1513806,1513807,1513808,1513809,1513810
19,1901,'20261009',1513811,1513812,1513813,1513814,1513815,1513816,1513817,1513818,1513819,1513820,1513821,1513822,1513823,1513824,1513825,1513826,1513827,1513828,1513829,1513830,1513831,1513832,1513833,1513834,1513835
19,1901,'20261010',1543827,1543828,1543829,1543830,1543831,1543832,1543833,1543834,1543835,1543836,1543837,1543838,1543839,1543840,1543841,1543842,1543843,1543844,1543845
19,1901,'20261011',1543846,1543847,1543848,1543849,1543850,1543851,1543852,1543853,1543854,1543855,1543856,1543857,1543858,1543859,1543860,1543861,1543862,1543863,1543864
19,1901,'20261012',1543865,1543866,1543867,1543868,1543869,1543870,1543871,1543872,1543873,1543874,1543875,1543876,1543877,1543878,1543879,1543880,1543881,1543882,1543883
22,2200,'20260929',1543884,1543885,1543886,1543887,1543888,1543889,1543890,1543891,1543892
22,2200,'20260930',1543893,1543894,1543895,1543896,1543897,1543898,1543899,1543900,1543901
22,2200,'20261001',1543902,1543903,1543904,1543905,1543906,1543907,1543908,1543909,1543910
22,2200,'20261002',1466395,1466396,1466397,1466398,1466399,1466400,1466401,1466402,1466403
22,2200,'20261005',1489443,1489444,1489445,1489446,1489447,1489448,1489449,1489450,1489451
22,2200,'20261006',1513854,1513855,1513856,1513857,1513858,1513859,1513860,1513861,1513862
22,2200,'20261007',1513863,1513864,1513865,1513866,1513867,1513868,1513869,1513870,1513871
22,2200,'20261008',1513872,1513873,1513874,1513875,1513876,1513877,1513878,1513879,1513880
22,2200,'20261009',1513881,1513882,1513883,1513884,1513885,1513886,1513887,1513888,1513889
22,2201,'20260929',1543911,1543912,1543913,1543914,1543915,1543916,1543917,1543918,1543919,1543920
22,2201,'20260930',1543921,1543922,1543923,1543924,1543925,1543926,1543927,1543928,1543929,1543930
22,2201,'20261001',1543931,1543932,1543933,1543934,1543935,1543936,1543937,1543938,1543939,1543940
22,2201,'20261002',1466436,1466437,1466438,1466439,1466440,1466441,1466442,1466443,1466444,1466445,1466446
22,2201,'20261005',1489482,1489483,1489484,1489485,1489486,1489487,1489488,1489489,1489490,1489491,1489492
22,2201,'20261006',1513910,1513911,1513912,1513913,1513914,1513915,1513916,1513917,1513918,1513919,1513920
22,2201,'20261007',1513921,1513922,1513923,1513924,1513925,1513926,1513927,1513928,1513929,1513930,1513931
22,2201,'20261008',1513932,1513933,1513934,1513935,1513936,1513937,1513938,1513939,1513940,1513941,1513942
22,2201,'20261009',1513943,1513944,1513945,1513946,1513947,1513948,1513949,1513950,1513951,1513952,1513953
28,2800,'20260929',1543941,1543942,1543943,1543944,1543945,1543946,1543947,1543948,1543949,1543950,1543951,1543952,1543953,1543954,1543955,1543956,1543957,1543958,1543959,1543960,1543961,1543962,1543963,1543964,1543965,1543966,1543967,1543968,1543969,1543970,1543971,1543972,1543973,1543974,1543975,1543976,1543977,1543978,1543979,1543980,1543981,1543982,1543983
28,2800,'20260930',1543984,1543985,1543986,1543987,1543988,1543989,1543990,1543991,1543992,1543993,1543994,1543995,1543996,1543997,1543998,1543999,1544000,1544001,1544002,1544003,1544004,1544005,1544006,1544007,1544008,1544009,1544010,1544011,1544012,1544013,1544014,1544015,1544016,1544017,1544018,1544019,1544020,1544021,1544022,1544023,1544024,1544025,1544026
28,2800,'20261001',1544027,1544028,1544029,1544030,1544031,1544032,1544033,1544034,1544035,1544036,1544037,1544038,1544039,1544040,1544041,1544042,1544043,1544044,1544045,1544046,1544047,1544048,1544049,1544050,1544051,1544052,1544053,1544054,1544055,1544056,1544057,1544058,1544059,1544060,1544061,1544062,1544063,1544064,1544065,1544066,1544067,1544068,1544069
28,2800,'20261002',1466642,1466643,1466644,1466645,1466646,1466647,1466648,1466649,1466650,1466651,1466652,1466653,1466654,1466655,1466656,1466657,1466658,1466659,1466660,1466661,1466662,1466663,1466664,1466665,1466666,1466667,1466668,1466669,1466670,1466671,1466672,1466673,1466674,1466675,1466676,1466677,1466678,1466679,1466680,1466681,1466682,1466683,1466684
28,2800,'20261003',1489619,1489620,1489621,1489622,1489623,1489624,1489625,1489626,1489627,1489628,1489629,1489630,1489631,1489632,1489633,1489634,1489635,1489636,1489637,1489638,1489639,1489640,1489641,1489642,1489643,1489644,1489645,1489646,1489647,1489648,1489649,1489650,1489651
28,2800,'20261004',1489652,1489653,1489654,1489655,1489656,1489657,1489658,1489659,1489660,1489661,1489662,1489663,1489664,1489665,1489666,1489667,1489668,1489669,1489670,1489671,1489672,1489673,1489674,1489675,1489676,1489677,1489678,1489679,1489680,1489681,1489682,1489683,1489684
28,2800,'20261005',1489685,1489686,1489687,1489688,1489689,1489690,1489691,1489692,1489693,1489694,1489695,1489696,1489697,1489698,1489699,1489700,1489701,1489702,1489703,1489704,1489705,1489706,1489707,1489708,1489709,1489710,1489711,1489712,1489713,1489714,1489715,1489716,1489717,1489718,1489719,1489720,1489721,1489722,1489723,1489724,1489725,1489726,1489727
28,2800,'20261006',1514106,1514107,1514108,1514109,1514110,1514111,1514112,1514113,1514114,1514115,1514116,1514117,1514118,1514119,1514120,1514121,1514122,1514123,1514124,1514125,1514126,1514127,1514128,1514129,1514130,1514131,1514132,1514133,1514134,1514135,1514136,1514137,1514138,1514139,1514140,1514141,1514142,1514143,1514144,1514145,1514146,1514147,1514148
28,2800,'20261007',1514149,1514150,1514151,1514152,1514153,1514154,1514155,1514156,1514157,1514158,1514159,1514160,1514161,1514162,1514163,1514164,1514165,1514166,1514167,1514168,1514169,1514170,1514171,1514172,1514173,1514174,1514175,1514176,1514177,1514178,1514179,1514180,1514181,1514182,1514183,1514184,1514185,1514186,1514187,1514188,1514189,1514190,1514191
28,2800,'20261008',1514192,1514193,1514194,1514195,1514196,1514197,1514198,1514199,1514200,1514201,1514202,1514203,1514204,1514205,1514206,1514207,1514208,1514209,1514210,1514211,1514212,1514213,1514214,1514215,1514216,1514217,1514218,1514219,1514220,1514221,1514222,1514223,1514224,1514225,1514226,1514227,1514228,1514229,1514230,1514231,1514232,1514233,1514234
28,2800,'20261009',1514235,1514236,1514237,1514238,1514239,1514240,1514241,1514242,1514243,1514244,1514245,1514246,1514247,1514248,1514249,1514250,1514251,1514252,1514253,1514254,1514255,1514256,1514257,1514258,1514259,1514260,1514261,1514262,1514263,1514264,1514265,1514266,1514267,1514268,1514269,1514270,1514271,1514272,1514273,1514274,1514275,1514276,1514277
28,2800,'20261010',1544070,1544071,1544072,1544073,1544074,1544075,1544076,1544077,1544078,1544079,1544080,1544081,1544082,1544083,1544084,1544085,1544086,1544087,1544088,1544089,1544090,1544091,1544092,1544093,1544094,1544095,1544096,1544097,1544098,1544099,1544100,1544101,1544102
28,2800,'20261011',1544103,1544104,1544105,1544106,1544107,1544108,1544109,1544110,1544111,1544112,1544113,1544114,1544115,1544116,1544117,1544118,1544119,1544120,1544121,1544122,1544123,1544124,1544125,1544126,1544127,1544128,1544129,1544130,1544131,1544132,1544133,1544134,1544135
28,2800,'20261012',1544136,1544137,1544138,1544139,1544140,1544141,1544142,1544143,1544144,1544145,1544146,1544147,1544148,1544149,1544150,1544151,1544152,1544153,1544154,1544155,1544156,1544157,1544158,1544159,1544160,1544161,1544162,1544163,1544164,1544165,1544166,1544167,1544168
28,2801,'20260929',1544169,1544170,1544171,1544172,1544173,1544174,1544175,1544176,1544177,1544178,1544179,1544180,1544181,1544182,1544183,1544184,1544185,1544186,1544187,1544188,1544189,1544190,1544191,1544192,1544193,1544194,1544195,1544196,1544197,1544198,1544199,1544200,1544201,1544202,1544203,1544204,1544205,1544206,1544207,1544208,1544209,1544210
28,2801,'20260930',1544211,1544212,1544213,1544214,1544215,1544216,1544217,1544218,1544219,1544220,1544221,1544222,1544223,1544224,1544225,1544226,1544227,1544228,1544229,1544230,1544231,1544232,1544233,1544234,1544235,1544236,1544237,1544238,1544239,1544240,1544241,1544242,1544243,1544244,1544245,1544246,1544247,1544248,1544249,1544250,1544251,1544252
28,2801,'20261001',1544253,1544254,1544255,1544256,1544257,1544258,1544259,1544260,1544261,1544262,1544263,1544264,1544265,1544266,1544267,1544268,1544269,1544270,1544271,1544272,1544273,1544274,1544275,1544276,1544277,1544278,1544279,1544280,1544281,1544282,1544283,1544284,1544285,1544286,1544287,1544288,1544289,1544290,1544291,1544292,1544293,1544294
28,2801,'20261002',1466875,1466876,1466877,1466878,1466879,1466880,1466881,1466882,1466883,1466884,1466885,1466886,1466887,1466888,1466889,1466890,1466891,1466892,1466893,1466894,1466895,1466896,1466897,1466898,1466899,1466900,1466901,1466902,1466903,1466904,1466905,1466906,1466907,1466908,1466909,1466910,1466911,1466912,1466913,1466914,1466915,1466916
28,2801,'20261003',1489851,1489852,1489853,1489854,1489855,1489856,1489857,1489858,1489859,1489860,1489861,1489862,1489863,1489864,1489865,1489866,1489867,1489868,1489869,1489870,1489871,1489872,1489873,1489874,1489875,1489876,1489877,1489878,1489879,1489880,1489881,1489882
28,2801,'20261004',1489883,1489884,1489885,1489886,1489887,1489888,1489889,1489890,1489891,1489892,1489893,1489894,1489895,1489896,1489897,1489898,1489899,1489900,1489901,1489902,1489903,1489904,1489905,1489906,1489907,1489908,1489909,1489910,1489911,1489912,1489913,1489914
28,2801,'20261005',1489915,1489916,1489917,1489918,1489919,1489920,1489921,1489922,1489923,1489924,1489925,1489926,1489927,1489928,1489929,1489930,1489931,1489932,1489933,1489934,1489935,1489936,1489937,1489938,1489939,1489940,1489941,1489942,1489943,1489944,1489945,1489946,1489947,1489948,1489949,1489950,1489951,1489952,1489953,1489954,1489955,1489956
28,2801,'20261006',1514426,1514427,1514428,1514429,1514430,1514431,1514432,1514433,1514434,1514435,1514436,1514437,1514438,1514439,1514440,1514441,1514442,1514443,1514444,1514445,1514446,1514447,1514448,1514449,1514450,1514451,1514452,1514453,1514454,1514455,1514456,1514457,1514458,1514459,1514460,1514461,1514462,1514463,1514464,1514465,1514466,1514467
28,2801,'20261007',1514468,1514469,1514470,1514471,1514472,1514473,1514474,1514475,1514476,1514477,1514478,1514479,1514480,1514481,1514482,1514483,1514484,1514485,1514486,1514487,1514488,1514489,1514490,1514491,1514492,1514493,1514494,1514495,1514496,1514497,1514498,1514499,1514500,1514501,1514502,1514503,1514504,1514505,1514506,1514507,1514508,1514509
28,2801,'20261008',1514510,1514511,1514512,1514513,1514514,1514515,1514516,1514517,1514518,1514519,1514520,1514521,1514522,1514523,1514524,1514525,1514526,1514527,1514528,1514529,1514530,1514531,1514532,1514533,1514534,1514535,1514536,1514537,1514538,1514539,1514540,1514541,1514542,1514543,1514544,1514545,1514546,1514547,1514548,1514549,1514550,1514551
28,2801,'20261009',1514552,1514553,1514554,1514555,1514556,1514557,1514558,1514559,1514560,1514561,1514562,1514563,1514564,1514565,1514566,1514567,1514568,1514569,1514570,1514571,1514572,1514573,1514574,1514575,1514576,1514577,1514578,1514579,1514580,1514581,1514582,1514583,1514584,1514585,1514586,1514587,1514588,1514589,1514590,1514591,1514592,1514593
28,2801,'20261010',1544295,1544296,1544297,1544298,1544299,1544300,1544301,1544302,1544303,1544304,1544305,1544306,1544307,1544308,1544309,1544310,1544311,1544312,1544313,1544314,1544315,1544316,1544317,1544318,1544319,1544320,1544321,1544322,1544323,1544324,1544325,1544326
28,2801,'20261011',1544327,1544328,1544329,1544330,1544331,1544332,1544333,1544334,1544335,1544336,1544337,1544338,1544339,1544340,1544341,1544342,1544343,1544344,1544345,1544346,1544347,1544348,1544349,1544350,1544351,1544352,1544353,1544354,1544355,1544356,1544357,1544358
28,2801,'20261012',1544359,1544360,1544361,1544362,1544363,1544364,1544365,1544366,1544367,1544368,1544369,1544370,1544371,1544372,1544373,1544374,1544375,1544376,1544377,1544378,1544379,1544380,1544381,1544382,1544383,1544384,1544385,1544386,1544387,1544388,1544389,1544390
29,2902,'20260929',1544391,1544392,1544393,1544394,1544395
29,2902,'20260930',1544396,1544397,1544398,1544399,1544400
29,2902,'20261001',1544401,1544402,1544403,1544404,1544405
29,2902,'20261002',1466932,1466933,1466934,1466935,1466936
29,2902,'20261005',1489972,1489973,1489974,1489975,1489976
29,2902,'20261006',1514604,1514605,1514606,1514607,1514608
29,2902,'20261007',1514609,1514610,1514611,1514612,1514613
29,2902,'20261008',1514614,1514615,1514616,1514617,1514618
29,2902,'20261009',1514619,1514620,1514621,1514622,1514623
29,2903,'20260929',1544406,1544407,1544408,1544409,1544410,1544411
29,2903,'20260930',1544412,1544413,1544414,1544415,1544416,1544417
29,2903,'20261001',1544418,1544419,1544420,1544421,1544422,1544423
29,2903,'20261002',1466955,1466956,1466957,1466958,1466959,1466960
29,2903,'20261005',1489995,1489996,1489997,1489998,1489999,1490000
29,2903,'20261006',1514636,1514637,1514638,1514639,1514640,1514641
29,2903,'20261007',1514642,1514643,1514644,1514645,1514646,1514647
29,2903,'20261008',1514648,1514649,1514650,1514651,1514652,1514653
29,2903,'20261009',1514654,1514655,1514656,1514657,1514658,1514659
31,3100,'20260929',1544424,1544425,1544426,1544427,1544428,1544429,1544430,1544431,1544432,1544433,1544434,1544435,1544436,1544437,1544438,1544439,1544440,1544441,1544442,1544443,1544444,1544445,1544446
31,3100,'20260930',1544447,1544448,1544449,1544450,1544451,1544452,1544453,1544454,1544455,1544456,1544457,1544458,1544459,1544460,1544461,1544462,1544463,1544464,1544465,1544466,1544467,1544468,1544469
31,3100,'20261001',1544470,1544471,1544472,1544473,1544474,1544475,1544476,1544477,1544478,1544479,1544480,1544481,1544482,1544483,1544484,1544485,1544486,1544487,1544488,1544489,1544490,1544491,1544492
31,3100,'20261002',1467050,1467051,1467052,1467053,1467054,1467055,1467056,1467057,1467058,1467059,1467060,1467061,1467062,1467063,1467064,1467065,1467066,1467067,1467068,1467069,1467070,1467071,1467072
31,3100,'20261003',1490070,1490071,1490072,1490073,1490074,1490075,1490076,1490077,1490078,1490079
31,3100,'20261004',1490080,1490081,1490082,1490083,1490084,1490085,1490086,1490087,1490088,1490089
31,3100,'20261005',1490090,1490091,1490092,1490093,1490094,1490095,1490096,1490097,1490098,1490099,1490100,1490101,1490102,1490103,1490104,1490105,1490106,1490107,1490108,1490109,1490110,1490111,1490112
31,3100,'20261006',1514726,1514727,1514728,1514729,1514730,1514731,1514732,1514733,1514734,1514735,1514736,1514737,1514738,1514739,1514740,1514741,1514742,1514743,1514744,1514745,1514746,1514747,1514748
31,3100,'20261007',1514749,1514750,1514751,1514752,1514753,1514754,1514755,1514756,1514757,1514758,1514759,1514760,1514761,1514762,1514763,1514764,1514765,1514766,1514767,1514768,1514769,1514770,1514771
31,3100,'20261008',1514772,1514773,1514774,1514775,1514776,1514777,1514778,1514779,1514780,1514781,1514782,1514783,1514784,1514785,1514786,1514787,1514788,1514789,1514790,1514791,1514792,1514793,1514794
31,3100,'20261009',1514795,1514796,1514797,1514798,1514799,1514800,1514801,1514802,1514803,1514804,1514805,1514806,1514807,1514808,1514809,1514810,1514811,1514812,1514813,1514814,1514815,1514816,1514817
31,3100,'20261010',1544493,1544494,1544495,1544496,1544497,1544498,1544499,1544500,1544501,1544502
31,3100,'20261011',1544503,1544504,1544505,1544506,1544507,1544508,1544509,1544510,1544511,1544512
31,3100,'20261012',1544513,1544514,1544515,1544516,1544517,1544518,1544519,1544520,1544521,1544522
31,3101,'20260929',1544523,1544524,1544525,1544526,1544527,1544528,1544529,1544530,1544531,1544532,1544533,1544534,1544535,1544536,1544537,1544538,1544539,1544540,1544541,1544542,1544543,1544544,1544545,1544546
31,3101,'20260930',1544547,1544548,1544549,1544550,1544551,1544552,1544553,1544554,1544555,1544556,1544557,1544558,1544559,1544560,1544561,1544562,1544563,1544564,1544565,1544566,1544567,1544568,1544569,1544570
31,3101,'20261001',1544571,1544572,1544573,1544574,1544575,1544576,1544577,1544578,1544579,1544580,1544581,1544582,1544583,1544584,1544585,1544586,1544587,1544588,1544589,1544590,1544591,1544592,1544593,1544594
31,3101,'20261002',1467165,1467166,1467167,1467168,1467169,1467170,1467171,1467172,1467173,1467174,1467175,1467176,1467177,1467178,1467179,1467180,1467181,1467182,1467183,1467184,1467185,1467186,1467187,1467188
31,3101,'20261003',1490185,1490186,1490187,1490188,1490189,1490190,1490191,1490192,1490193,1490194
31,3101,'20261004',1490195,1490196,1490197,1490198,1490199,1490200,1490201,1490202,1490203,1490204
31,3101,'20261005',1490205,1490206,1490207,1490208,1490209,1490210,1490211,1490212,1490213,1490214,1490215,1490216,1490217,1490218,1490219,1490220,1490221,1490222,1490223,1490224,1490225,1490226,1490227,1490228
31,3101,'20261006',1514886,1514887,1514888,1514889,1514890,1514891,1514892,1514893,1514894,1514895,1514896,1514897,1514898,1514899,1514900,1514901,1514902,1514903,1514904,1514905,1514906,1514907,1514908,1514909
31,3101,'20261007',1514910,1514911,1514912,1514913,1514914,1514915,1514916,1514917,1514918,1514919,1514920,1514921,1514922,1514923,1514924,1514925,1514926,1514927,1514928,1514929,1514930,1514931,1514932,1514933
31,3101,'20261008',1514934,1514935,1514936,1514937,1514938,1514939,1514940,1514941,1514942,1514943,1514944,1514945,1514946,1514947,1514948,1514949,1514950,1514951,1514952,1514953,1514954,1514955,1514956,1514957
31,3101,'20261009',1514958,1514959,1514960,1514961,1514962,1514963,1514964,1514965,1514966,1514967,1514968,1514969,1514970,1514971,1514972,1514973,1514974,1514975,1514976,1514977,1514978,1514979,1514980,1514981
31,3101,'20261010',1544595,1544596,1544597,1544598,1544599,1544600,1544601,1544602,1544603,1544604
31,3101,'20261011',1544605,1544606,1544607,1544608,1544609,1544610,1544611,1544612,1544613,1544614
31,3101,'20261012',1544615,1544616,1544617,1544618,1544619,1544620,1544621,1544622,1544623,1544624
32,3200,'20260929',1544625,1544626,1544627,1544628,1544629,1544630,1544631,1544632,1544633,1544634,1544635,1544636,1544637,1544638,1544639,1544640,1544641
32,3200,'20260930',1544642,1544643,1544644,1544645,1544646,1544647,1544648,1544649,1544650,1544651,1544652,1544653,1544654,1544655,1544656,1544657,1544658
32,3200,'20261001',1544659,1544660,1544661,1544662,1544663,1544664,1544665,1544666,1544667,1544668,1544669,1544670,1544671,1544672,1544673,1544674,1544675
32,3200,'20261002',1467258,1467259,1467260,1467261,1467262,1467263,1467264,1467265,1467266,1467267,1467268,1467269,1467270,1467271,1467272,1467273,1467274
32,3200,'20261003',1490280,1490281,1490282,1490283,1490284,1490285,1490286,1490287,1490288
32,3200,'20261004',1490289,1490290,1490291,1490292,1490293,1490294,1490295,1490296,1490297
32,3200,'20261005',1490298,1490299,1490300,1490301,1490302,1490303,1490304,1490305,1490306,1490307,1490308,1490309,1490310,1490311,1490312,1490313,1490314
32,3200,'20261006',1515034,1515035,1515036,1515037,1515038,1515039,1515040,1515041,1515042,1515043,1515044,1515045,1515046,1515047,1515048,1515049,1515050
32,3200,'20261007',1515051,1515052,1515053,1515054,1515055,1515056,1515057,1515058,1515059,1515060,1515061,1515062,1515063,1515064,1515065,1515066,1515067
32,3200,'20261008',1515068,1515069,1515070,1515071,1515072,1515073,1515074,1515075,1515076,1515077,1515078,1515079,1515080,1515081,1515082,1515083,1515084
32,3200,'20261009',1515085,1515086,1515087,1515088,1515089,1515090,1515091,1515092,1515093,1515094,1515095,1515096,1515097,1515098,1515099,1515100,1515101
32,3200,'20261010',1544676,1544677,1544678,1544679,1544680,1544681,1544682,1544683,1544684
32,3200,'20261011',1544685,1544686,1544687,1544688,1544689,1544690,1544691,1544692,1544693
32,3200,'20261012',1544694,1544695,1544696,1544697,1544698,1544699,1544700,1544701,1544702
32,3201,'20260929',1544703,1544704,1544705,1544706,1544707,1544708,1544709,1544710,1544711,1544712,1544713,1544714,1544715,1544716,1544717,1544718
32,3201,'20260930',1544719,1544720,1544721,1544722,1544723,1544724,1544725,1544726,1544727,1544728,1544729,1544730,1544731,1544732,1544733,1544734
32,3201,'20261001',1544735,1544736,1544737,1544738,1544739,1544740,1544741,1544742,1544743,1544744,1544745,1544746,1544747,1544748,1544749,1544750
32,3201,'20261002',1467341,1467342,1467343,1467344,1467345,1467346,1467347,1467348,1467349,1467350,1467351,1467352,1467353,1467354,1467355,1467356
32,3201,'20261003',1490363,1490364,1490365,1490366,1490367,1490368,1490369,1490370,1490371
32,3201,'20261004',1490372,1490373,1490374,1490375,1490376,1490377,1490378,1490379,1490380
32,3201,'20261005',1490381,1490382,1490383,1490384,1490385,1490386,1490387,1490388,1490389,1490390,1490391,1490392,1490393,1490394,1490395,1490396
32,3201,'20261006',1515152,1515153,1515154,1515155,1515156,1515157,1515158,1515159,1515160,1515161,1515162,1515163,1515164,1515165,1515166,1515167
32,3201,'20261007',1515168,1515169,1515170,1515171,1515172,1515173,1515174,1515175,1515176,1515177,1515178,1515179,1515180,1515181,1515182,1515183
32,3201,'20261008',1515184,1515185,1515186,1515187,1515188,1515189,1515190,1515191,1515192,1515193,1515194,1515195,1515196,1515197,1515198,1515199
32,3201,'20261009',1515200,1515201,1515202,1515203,1515204,1515205,1515206,1515207,1515208,1515209,1515210,1515211,1515212,1515213,1515214,1515215
32,3201,'20261010',1544751,1544752,1544753,1544754,1544755,1544756,1544757,1544758,1544759
32,3201,'20261011',1544760,1544761,1544762,1544763,1544764,1544765,1544766,1544767,1544768
32,3201,'20261012',1544769,1544770,1544771,1544772,1544773,1544774,1544775,1544776,1544777
34,3400,'20260929',1544778,1544779,1544780,1544781,1544782,1544783,1544784,1544785,1544786,1544787,1544788,1544789,1544790,1544791,1544792,1544793
34,3400,'20260930',1544794,1544795,1544796,1544797,1544798,1544799,1544800,1544801,1544802,1544803,1544804,1544805,1544806,1544807,1544808,1544809
34,3400,'20261001',1544810,1544811,1544812,1544813,1544814,1544815,1544816,1544817,1544818,1544819,1544820,1544821,1544822,1544823,1544824,1544825
34,3400,'20261002',1467423,1467424,1467425,1467426,1467427,1467428,1467429,1467430,1467431,1467432,1467433,1467434,1467435,1467436,1467437,1467438
34,3400,'20261003',1490445,1490446,1490447,1490448,1490449,1490450,1490451,1490452,1490453
34,3400,'20261004',1490454,1490455,1490456,1490457,1490458,1490459,1490460,1490461,1490462
34,3400,'20261005',1490463,1490464,1490465,1490466,1490467,1490468,1490469,1490470,1490471,1490472,1490473,1490474,1490475,1490476,1490477,1490478
34,3400,'20261006',1515266,1515267,1515268,1515269,1515270,1515271,1515272,1515273,1515274,1515275,1515276,1515277,1515278,1515279,1515280,1515281
34,3400,'20261007',1515282,1515283,1515284,1515285,1515286,1515287,1515288,1515289,1515290,1515291,1515292,1515293,1515294,1515295,1515296,1515297
34,3400,'20261008',1515298,1515299,1515300,1515301,1515302,1515303,1515304,1515305,1515306,1515307,1515308,1515309,1515310,1515311,1515312,1515313
34,3400,'20261009',1515314,1515315,1515316,1515317,1515318,1515319,1515320,1515321,1515322,1515323,1515324,1515325,1515326,1515327,1515328,1515329
34,3400,'20261010',1544826,1544827,1544828,1544829,1544830,1544831,1544832,1544833,1544834
34,3400,'20261011',1544835,1544836,1544837,1544838,1544839,1544840,1544841,1544842,1544843
34,3400,'20261012',1544844,1544845,1544846,1544847,1544848,1544849,1544850,1544851,1544852
34,3401,'20260929',1544853,1544854,1544855,1544856,1544857,1544858,1544859,1544860,1544861,1544862,1544863,1544864,1544865,1544866,1544867,1544868
34,3401,'20260930',1544869,1544870,1544871,1544872,1544873,1544874,1544875,1544876,1544877,1544878,1544879,1544880,1544881,1544882,1544883,1544884
34,3401,'20261001',1544885,1544886,1544887,1544888,1544889,1544890,1544891,1544892,1544893,1544894,1544895,1544896,1544897,1544898,1544899,1544900
34,3401,'20261002',1467505,1467506,1467507,1467508,1467509,1467510,1467511,1467512,1467513,1467514,1467515,1467516,1467517,1467518,1467519,1467520
34,3401,'20261003',1490527,1490528,1490529,1490530,1490531,1490532,1490533,1490534,1490535
34,3401,'20261004',1490536,1490537,1490538,1490539,1490540,1490541,1490542,1490543,1490544
34,3401,'20261005',1490545,1490546,1490547,1490548,1490549,1490550,1490551,1490552,1490553,1490554,1490555,1490556,1490557,1490558,1490559,1490560
34,3401,'20261006',1515380,1515381,1515382,1515383,1515384,1515385,1515386,1515387,1515388,1515389,1515390,1515391,1515392,1515393,1515394,1515395
34,3401,'20261007',1515396,1515397,1515398,1515399,1515400,1515401,1515402,1515403,1515404,1515405,1515406,1515407,1515408,1515409,1515410,1515411
34,3401,'20261008',1515412,1515413,1515414,1515415,1515416,1515417,1515418,1515419,1515420,1515421,1515422,1515423,1515424,1515425,1515426,1515427
34,3401,'20261009',1515428,1515429,1515430,1515431,1515432,1515433,1515434,1515435,1515436,1515437,1515438,1515439,1515440,1515441,1515442,1515443
34,3401,'20261010',1544901,1544902,1544903,1544904,1544905,1544906,1544907,1544908,1544909
34,3401,'20261011',1544910,1544911,1544912,1544913,1544914,1544915,1544916,1544917,1544918
34,3401,'20261012',1544919,1544920,1544921,1544922,1544923,1544924,1544925,1544926,1544927
36,3600,'20260929',1544928,1544929,1544930,1544931,1544932,1544933,1544934,1544935,1544936,1544937,1544938,1544939,1544940,1544941,1544942,1544943,1544944,1544945,1544946,1544947,1544948,1544949,1544950
36,3600,'20260930',1544951,1544952,1544953,1544954,1544955,1544956,1544957,1544958,1544959,1544960,1544961,1544962,1544963,1544964,1544965,1544966,1544967,1544968,1544969,1544970,1544971,1544972,1544973
36,3600,'20261001',1544974,1544975,1544976,1544977,1544978,1544979,1544980,1544981,1544982,1544983,1544984,1544985,1544986,1544987,1544988,1544989,1544990,1544991,1544992,1544993,1544994,1544995,1544996
36,3600,'20261002',1467624,1467625,1467626,1467627,1467628,1467629,1467630,1467631,1467632,1467633,1467634,1467635,1467636,1467637,1467638,1467639,1467640,1467641,1467642,1467643,1467644,1467645
36,3600,'20261003',1490630,1490631,1490632,1490633,1490634,1490635,1490636,1490637,1490638,1490639,1490640,1490641,1490642,1490643,1490644,1490645,1490646,1490647
36,3600,'20261004',1490648,1490649,1490650,1490651,1490652,1490653,1490654,1490655,1490656,1490657,1490658,1490659,1490660,1490661,1490662,1490663,1490664,1490665
36,3600,'20261005',1490666,1490667,1490668,1490669,1490670,1490671,1490672,1490673,1490674,1490675,1490676,1490677,1490678,1490679,1490680,1490681,1490682,1490683,1490684,1490685,1490686,1490687
36,3600,'20261006',1515526,1515527,1515528,1515529,1515530,1515531,1515532,1515533,1515534,1515535,1515536,1515537,1515538,1515539,1515540,1515541,1515542,1515543,1515544,1515545,1515546,1515547
36,3600,'20261007',1515548,1515549,1515550,1515551,1515552,1515553,1515554,1515555,1515556,1515557,1515558,1515559,1515560,1515561,1515562,1515563,1515564,1515565,1515566,1515567,1515568,1515569
36,3600,'20261008',1515570,1515571,1515572,1515573,1515574,1515575,1515576,1515577,1515578,1515579,1515580,1515581,1515582,1515583,1515584,1515585,1515586,1515587,1515588,1515589,1515590,1515591
36,3600,'20261009',1515592,1515593,1515594,1515595,1515596,1515597,1515598,1515599,1515600,1515601,1515602,1515603,1515604,1515605,1515606,1515607,1515608,1515609,1515610,1515611,1515612,1515613
36,3600,'20261010',1544997,1544998,1544999,1545000,1545001,1545002,1545003,1545004,1545005,1545006,1545007,1545008,1545009,1545010,1545011,1545012,1545013,1545014
36,3600,'20261011',1545015,1545016,1545017,1545018,1545019,1545020,1545021,1545022,1545023,1545024,1545025,1545026,1545027,1545028,1545029,1545030,1545031,1545032
36,3600,'20261012',1545033,1545034,1545035,1545036,1545037,1545038,1545039,1545040,1545041,1545042,1545043,1545044,1545045,1545046,1545047,1545048,1545049,1545050
36,3601,'20260929',1545051,1545052,1545053,1545054,1545055,1545056,1545057,1545058,1545059,1545060,1545061,1545062,1545063,1545064,1545065,1545066,1545067,1545068,1545069,1545070
36,3601,'20260930',1545071,1545072,1545073,1545074,1545075,1545076,1545077,1545078,1545079,1545080,1545081,1545082,1545083,1545084,1545085,1545086,1545087,1545088,1545089,1545090
36,3601,'20261001',1545091,1545092,1545093,1545094,1545095,1545096,1545097,1545098,1545099,1545100,1545101,1545102,1545103,1545104,1545105,1545106,1545107,1545108,1545109,1545110
36,3601,'20261002',1467742,1467743,1467744,1467745,1467746,1467747,1467748,1467749,1467750,1467751,1467752,1467753,1467754,1467755,1467756,1467757,1467758,1467759,1467760,1467761
36,3601,'20261003',1490748,1490749,1490750,1490751,1490752,1490753,1490754,1490755,1490756,1490757,1490758,1490759,1490760,1490761,1490762,1490763,1490764,1490765
36,3601,'20261004',1490766,1490767,1490768,1490769,1490770,1490771,1490772,1490773,1490774,1490775,1490776,1490777,1490778,1490779,1490780,1490781,1490782,1490783
36,3601,'20261005',1490784,1490785,1490786,1490787,1490788,1490789,1490790,1490791,1490792,1490793,1490794,1490795,1490796,1490797,1490798,1490799,1490800,1490801,1490802,1490803
36,3601,'20261006',1515690,1515691,1515692,1515693,1515694,1515695,1515696,1515697,1515698,1515699,1515700,1515701,1515702,1515703,1515704,1515705,1515706,1515707,1515708,1515709
36,3601,'20261007',1515710,1515711,1515712,1515713,1515714,1515715,1515716,1515717,1515718,1515719,1515720,1515721,1515722,1515723,1515724,1515725,1515726,1515727,1515728,1515729
36,3601,'20261008',1515730,1515731,1515732,1515733,1515734,1515735,1515736,1515737,1515738,1515739,1515740,1515741,1515742,1515743,1515744,1515745,1515746,1515747,1515748,1515749
36,3601,'20261009',1515750,1515751,1515752,1515753,1515754,1515755,1515756,1515757,1515758,1515759,1515760,1515761,1515762,1515763,1515764,1515765,1515766,1515767,1515768,1515769
36,3601,'20261010',1545111,1545112,1545113,1545114,1545115,1545116,1545117,1545118,1545119,1545120,1545121,1545122,1545123,1545124,1545125,1545126,1545127,1545128
36,3601,'20261011',1545129,1545130,1545131,1545132,1545133,1545134,1545135,1545136,1545137,1545138,1545139,1545140,1545141,1545142,1545143,1545144,1545145,1545146
36,3601,'20261012',1545147,1545148,1545149,1545150,1545151,1545152,1545153,1545154,1545155,1545156,1545157,1545158,1545159,1545160,1545161,1545162,1545163,1545164
39,3900,'20260929',1545165,1545166,1545167,1545168,1545169,1545170,1545171,1545172,1545173,1545174,1545175,1545176,1545177,1545178,1545179,1545180,1545181,1545182,1545183,1545184,1545185,1545186
39,3900,'20260930',1545187,1545188,1545189,1545190,1545191,1545192,1545193,1545194,1545195,1545196,1545197,1545198,1545199,1545200,1545201,1545202,1545203,1545204,1545205,1545206,1545207,1545208
39,3900,'20261001',1545209,1545210,1545211,1545212,1545213,1545214,1545215,1545216,1545217,1545218,1545219,1545220,1545221,1545222,1545223,1545224,1545225,1545226,1545227,1545228,1545229,1545230
39,3900,'20261002',1467864,1467865,1467866,1467867,1467868,1467869,1467870,1467871,1467872,1467873,1467874,1467875,1467876,1467877,1467878,1467879,1467880,1467881,1467882,1467883,1467884,1467885
39,3900,'20261003',1490870,1490871,1490872,1490873,1490874,1490875,1490876,1490877,1490878,1490879,1490880,1490881,1490882,1490883,1490884,1490885,1490886,1490887
39,3900,'20261004',1490888,1490889,1490890,1490891,1490892,1490893,1490894,1490895,1490896,1490897,1490898,1490899,1490900,1490901,1490902,1490903,1490904,1490905
39,3900,'20261005',1490906,1490907,1490908,1490909,1490910,1490911,1490912,1490913,1490914,1490915,1490916,1490917,1490918,1490919,1490920,1490921,1490922,1490923,1490924,1490925,1490926,1490927
39,3900,'20261006',1515850,1515851,1515852,1515853,1515854,1515855,1515856,1515857,1515858,1515859,1515860,1515861,1515862,1515863,1515864,1515865,1515866,1515867,1515868,1515869,1515870,1515871
39,3900,'20261007',1515872,1515873,1515874,1515875,1515876,1515877,1515878,1515879,1515880,1515881,1515882,1515883,1515884,1515885,1515886,1515887,1515888,1515889,1515890,1515891,1515892,1515893
39,3900,'20261008',1515894,1515895,1515896,1515897,1515898,1515899,1515900,1515901,1515902,1515903,1515904,1515905,1515906,1515907,1515908,1515909,1515910,1515911,1515912,1515913,1515914,1515915
39,3900,'20261009',1515916,1515917,1515918,1515919,1515920,1515921,1515922,1515923,1515924,1515925,1515926,1515927,1515928,1515929,1515930,1515931,1515932,1515933,1515934,1515935,1515936,1515937
39,3900,'20261010',1545231,1545232,1545233,1545234,1545235,1545236,1545237,1545238,1545239,1545240,1545241,1545242,1545243,1545244,1545245,1545246,1545247,1545248
39,3900,'20261011',1545249,1545250,1545251,1545252,1545253,1545254,1545255,1545256,1545257,1545258,1545259,1545260,1545261,1545262,1545263,1545264,1545265,1545266
39,3900,'20261012',1545267,1545268,1545269,1545270,1545271,1545272,1545273,1545274,1545275,1545276,1545277,1545278,1545279,1545280,1545281,1545282,1545283,1545284
39,3901,'20260929',1545285,1545286,1545287,1545288,1545289,1545290,1545291,1545292,1545293,1545294,1545295,1545296,1545297,1545298,1545299,1545300,1545301,1545302,1545303,1545304,1545305
39,3901,'20260930',1545306,1545307,1545308,1545309,1545310,1545311,1545312,1545313,1545314,1545315,1545316,1545317,1545318,1545319,1545320,1545321,1545322,1545323,1545324,1545325,1545326
39,3901,'20261001',1545327,1545328,1545329,1545330,1545331,1545332,1545333,1545334,1545335,1545336,1545337,1545338,1545339,1545340,1545341,1545342,1545343,1545344,1545345,1545346,1545347
39,3901,'20261002',1467983,1467984,1467985,1467986,1467987,1467988,1467989,1467990,1467991,1467992,1467993,1467994,1467995,1467996,1467997,1467998,1467999,1468000,1468001,1468002,1468003
39,3901,'20261003',1490988,1490989,1490990,1490991,1490992,1490993,1490994,1490995,1490996,1490997,1490998,1490999,1491000,1491001,1491002,1491003,1491004
39,3901,'20261004',1491005,1491006,1491007,1491008,1491009,1491010,1491011,1491012,1491013,1491014,1491015,1491016,1491017,1491018,1491019,1491020,1491021
39,3901,'20261005',1491022,1491023,1491024,1491025,1491026,1491027,1491028,1491029,1491030,1491031,1491032,1491033,1491034,1491035,1491036,1491037,1491038,1491039,1491040,1491041,1491042
39,3901,'20261006',1516014,1516015,1516016,1516017,1516018,1516019,1516020,1516021,1516022,1516023,1516024,1516025,1516026,1516027,1516028,1516029,1516030,1516031,1516032,1516033,1516034
39,3901,'20261007',1516035,1516036,1516037,1516038,1516039,1516040,1516041,1516042,1516043,1516044,1516045,1516046,1516047,1516048,1516049,1516050,1516051,1516052,1516053,1516054,1516055
39,3901,'20261008',1516056,1516057,1516058,1516059,1516060,1516061,1516062,1516063,1516064,1516065,1516066,1516067,1516068,1516069,1516070,1516071,1516072,1516073,1516074,1516075,1516076
39,3901,'20261009',1516077,1516078,1516079,1516080,1516081,1516082,1516083,1516084,1516085,1516086,1516087,1516088,1516089,1516090,1516091,1516092,1516093,1516094,1516095,1516096,1516097
39,3901,'20261010',1545348,1545349,1545350,1545351,1545352,1545353,1545354,1545355,1545356,1545357,1545358,1545359,1545360,1545361,1545362,1545363,1545364
39,3901,'20261011',1545365,1545366,1545367,1545368,1545369,1545370,1545371,1545372,1545373,1545374,1545375,1545376,1545377,1545378,1545379,1545380,1545381
39,3901,'20261012',1545382,1545383,1545384,1545385,1545386,1545387,1545388,1545389,1545390,1545391,1545392,1545393,1545394,1545395,1545396,1545397,1545398
51,5102,'20260929',1545399,1545400,1545401,1545402,1545403,1545404,1545405,1545406,1545407,1545408,1545409,1545410,1545411,1545412,1545413,1545414,1545415,1545416
51,5102,'20260930',1545417,1545418,1545419,1545420,1545421,1545422,1545423,1545424,1545425,1545426,1545427,1545428,1545429,1545430,1545431,1545432,1545433,1545434
51,5102,'20261001',1545435,1545436,1545437,1545438,1545439,1545440,1545441,1545442,1545443,1545444,1545445,1545446,1545447,1545448,1545449,1545450,1545451,1545452
51,5102,'20261002',1468092,1468093,1468094,1468095,1468096,1468097,1468098,1468099,1468100,1468101,1468102,1468103,1468104,1468105,1468106,1468107,1468108,1468109
51,5102,'20261003',1491097,1491098,1491099,1491100,1491101,1491102,1491103,1491104,1491105,1491106,1491107,1491108,1491109,1491110,1491111,1491112,1491113
51,5102,'20261004',1491114,1491115,1491116,1491117,1491118,1491119,1491120,1491121,1491122,1491123,1491124,1491125,1491126,1491127,1491128,1491129,1491130
51,5102,'20261005',1491131,1491132,1491133,1491134,1491135,1491136,1491137,1491138,1491139,1491140,1491141,1491142,1491143,1491144,1491145,1491146,1491147,1491148
51,5102,'20261006',1516168,1516169,1516170,1516171,1516172,1516173,1516174,1516175,1516176,1516177,1516178,1516179,1516180,1516181,1516182,1516183,1516184,1516185
51,5102,'20261007',1516186,1516187,1516188,1516189,1516190,1516191,1516192,1516193,1516194,1516195,1516196,1516197,1516198,1516199,1516200,1516201,1516202,1516203
51,5102,'20261008',1516204,1516205,1516206,1516207,1516208,1516209,1516210,1516211,1516212,1516213,1516214,1516215,1516216,1516217,1516218,1516219,1516220,1516221
51,5102,'20261009',1516222,1516223,1516224,1516225,1516226,1516227,1516228,1516229,1516230,1516231,1516232,1516233,1516234,1516235,1516236,1516237,1516238,1516239
51,5102,'20261010',1545453,1545454,1545455,1545456,1545457,1545458,1545459,1545460,1545461,1545462,1545463,1545464,1545465,1545466,1545467,1545468,1545469
51,5102,'20261011',1545470,1545471,1545472,1545473,1545474,1545475,1545476,1545477,1545478,1545479,1545480,1545481,1545482,1545483,1545484,1545485,1545486
51,5102,'20261012',1545487,1545488,1545489,1545490,1545491,1545492,1545493,1545494,1545495,1545496,1545497,1545498,1545499,1545500,1545501,1545502,1545503
51,5103,'20260929',1545504,1545505,1545506,1545507,1545508,1545509,1545510,1545511,1545512,1545513,1545514,1545515,1545516,1545517,1545518,1545519,1545520,1545521
51,5103,'20260930',1545522,1545523,1545524,1545525,1545526,1545527,1545528,1545529,1545530,1545531,1545532,1545533,1545534,1545535,1545536,1545537,1545538,1545539
51,5103,'20261001',1545540,1545541,1545542,1545543,1545544,1545545,1545546,1545547,1545548,1545549,1545550,1545551,1545552,1545553,1545554,1545555,1545556,1545557
51,5103,'20261002',1468198,1468199,1468200,1468201,1468202,1468203,1468204,1468205,1468206,1468207,1468208,1468209,1468210,1468211,1468212,1468213,1468214,1468215
51,5103,'20261003',1491203,1491204,1491205,1491206,1491207,1491208,1491209,1491210,1491211,1491212,1491213,1491214,1491215,1491216,1491217,1491218,1491219
51,5103,'20261004',1491220,1491221,1491222,1491223,1491224,1491225,1491226,1491227,1491228,1491229,1491230,1491231,1491232,1491233,1491234,1491235,1491236
51,5103,'20261005',1491237,1491238,1491239,1491240,1491241,1491242,1491243,1491244,1491245,1491246,1491247,1491248,1491249,1491250,1491251,1491252,1491253,1491254
51,5103,'20261006',1516310,1516311,1516312,1516313,1516314,1516315,1516316,1516317,1516318,1516319,1516320,1516321,1516322,1516323,1516324,1516325,1516326,1516327
51,5103,'20261007',1516328,1516329,1516330,1516331,1516332,1516333,1516334,1516335,1516336,1516337,1516338,1516339,1516340,1516341,1516342,1516343,1516344,1516345
51,5103,'20261008',1516346,1516347,1516348,1516349,1516350,1516351,1516352,1516353,1516354,1516355,1516356,1516357,1516358,1516359,1516360,1516361,1516362,1516363
51,5103,'20261009',1516364,1516365,1516366,1516367,1516368,1516369,1516370,1516371,1516372,1516373,1516374,1516375,1516376,1516377,1516378,1516379,1516380,1516381
51,5103,'20261010',1545558,1545559,1545560,1545561,1545562,1545563,1545564,1545565,1545566,1545567,1545568,1545569,1545570,1545571,1545572,1545573,1545574
51,5103,'20261011',1545575,1545576,1545577,1545578,1545579,1545580,1545581,1545582,1545583,1545584,1545585,1545586,1545587,1545588,1545589,1545590,1545591
51,5103,'20261012',1545592,1545593,1545594,1545595,1545596,1545597,1545598,1545599,1545600,1545601,1545602,1545603,1545604,1545605,1545606,1545607,1545608
52,5200,'20260929',1545609,1545610,1545611,1545612,1545613,1545614,1545615,1545616,1545617,1545618,1545619,1545620,1545621,1545622,1545623,1545624,1545625,1545626,1545627,1545628,1545629,1545630,1545631,1545632
52,5200,'20260930',1545633,1545634,1545635,1545636,1545637,1545638,1545639,1545640,1545641,1545642,1545643,1545644,1545645,1545646,1545647,1545648,1545649,1545650,1545651,1545652,1545653,1545654,1545655,1545656
52,5200,'20261001',1545657,1545658,1545659,1545660,1545661,1545662,1545663,1545664,1545665,1545666,1545667,1545668,1545669,1545670,1545671,1545672,1545673,1545674,1545675,1545676,1545677,1545678,1545679,1545680
52,5200,'20261002',1468322,1468323,1468324,1468325,1468326,1468327,1468328,1468329,1468330,1468331,1468332,1468333,1468334,1468335,1468336,1468337,1468338,1468339,1468340,1468341,1468342,1468343,1468344,1468345
52,5200,'20261003',1491327,1491328,1491329,1491330,1491331,1491332,1491333,1491334,1491335,1491336,1491337,1491338,1491339,1491340,1491341,1491342,1491343
52,5200,'20261004',1491344,1491345,1491346,1491347,1491348,1491349,1491350,1491351,1491352,1491353,1491354,1491355,1491356,1491357,1491358,1491359,1491360
52,5200,'20261005',1491361,1491362,1491363,1491364,1491365,1491366,1491367,1491368,1491369,1491370,1491371,1491372,1491373,1491374,1491375,1491376,1491377,1491378,1491379,1491380,1491381,1491382,1491383,1491384
52,5200,'20261006',1516464,1516465,1516466,1516467,1516468,1516469,1516470,1516471,1516472,1516473,1516474,1516475,1516476,1516477,1516478,1516479,1516480,1516481,1516482,1516483,1516484,1516485,1516486,1516487
52,5200,'20261007',1516488,1516489,1516490,1516491,1516492,1516493,1516494,1516495,1516496,1516497,1516498,1516499,1516500,1516501,1516502,1516503,1516504,1516505,1516506,1516507,1516508,1516509,1516510,1516511
52,5200,'20261008',1516512,1516513,1516514,1516515,1516516,1516517,1516518,1516519,1516520,1516521,1516522,1516523,1516524,1516525,1516526,1516527,1516528,1516529,1516530,1516531,1516532,1516533,1516534,1516535
52,5200,'20261009',1516536,1516537,1516538,1516539,1516540,1516541,1516542,1516543,1516544,1516545,1516546,1516547,1516548,1516549,1516550,1516551,1516552,1516553,1516554,1516555,1516556,1516557,1516558,1516559
52,5200,'20261010',1545681,1545682,1545683,1545684,1545685,1545686,1545687,1545688,1545689,1545690,1545691,1545692,1545693,1545694,1545695,1545696,1545697
52,5200,'20261011',1545698,1545699,1545700,1545701,1545702,1545703,1545704,1545705,1545706,1545707,1545708,1545709,1545710,1545711,1545712,1545713,1545714
52,5200,'20261012',1545715,1545716,1545717,1545718,1545719,1545720,1545721,1545722,1545723,1545724,1545725,1545726,1545727,1545728,1545729,1545730,1545731
52,5201,'20260929',1545732,1545733,1545734,1545735,1545736,1545737,1545738,1545739,1545740,1545741,1545742,1545743,1545744,1545745,1545746,1545747,1545748,1545749,1545750,1545751,1545752,1545753,1545754,1545755
52,5201,'20260930',1545756,1545757,1545758,1545759,1545760,1545761,1545762,1545763,1545764,1545765,1545766,1545767,1545768,1545769,1545770,1545771,1545772,1545773,1545774,1545775,1545776,1545777,1545778,1545779
52,5201,'20261001',1545780,1545781,1545782,1545783,1545784,1545785,1545786,1545787,1545788,1545789,1545790,1545791,1545792,1545793,1545794,1545795,1545796,1545797,1545798,1545799,1545800,1545801,1545802,1545803
52,5201,'20261002',1468452,1468453,1468454,1468455,1468456,1468457,1468458,1468459,1468460,1468461,1468462,1468463,1468464,1468465,1468466,1468467,1468468,1468469,1468470,1468471,1468472,1468473,1468474,1468475
52,5201,'20261003',1491457,1491458,1491459,1491460,1491461,1491462,1491463,1491464,1491465,1491466,1491467,1491468,1491469,1491470,1491471,1491472,1491473
52,5201,'20261004',1491474,1491475,1491476,1491477,1491478,1491479,1491480,1491481,1491482,1491483,1491484,1491485,1491486,1491487,1491488,1491489,1491490
52,5201,'20261005',1491491,1491492,1491493,1491494,1491495,1491496,1491497,1491498,1491499,1491500,1491501,1491502,1491503,1491504,1491505,1491506,1491507,1491508,1491509,1491510,1491511,1491512,1491513,1491514
52,5201,'20261006',1516642,1516643,1516644,1516645,1516646,1516647,1516648,1516649,1516650,1516651,1516652,1516653,1516654,1516655,1516656,1516657,1516658,1516659,1516660,1516661,1516662,1516663,1516664,1516665
52,5201,'20261007',1516666,1516667,1516668,1516669,1516670,1516671,1516672,1516673,1516674,1516675,1516676,1516677,1516678,1516679,1516680,1516681,1516682,1516683,1516684,1516685,1516686,1516687,1516688,1516689
52,5201,'20261008',1516690,1516691,1516692,1516693,1516694,1516695,1516696,1516697,1516698,1516699,1516700,1516701,1516702,1516703,1516704,1516705,1516706,1516707,1516708,1516709,1516710,1516711,1516712,1516713
52,5201,'20261009',1516714,1516715,1516716,1516717,1516718,1516719,1516720,1516721,1516722,1516723,1516724,1516725,1516726,1516727,1516728,1516729,1516730,1516731,1516732,1516733,1516734,1516735,1516736,1516737
52,5201,'20261010',1545804,1545805,1545806,1545807,1545808,1545809,1545810,1545811,1545812,1545813,1545814,1545815,1545816,1545817,1545818,1545819,1545820
52,5201,'20261011',1545821,1545822,1545823,1545824,1545825,1545826,1545827,1545828,1545829,1545830,1545831,1545832,1545833,1545834,1545835,1545836,1545837
52,5201,'20261012',1545838,1545839,1545840,1545841,1545842,1545843,1545844,1545845,1545846,1545847,1545848,1545849,1545850,1545851,1545852,1545853,1545854
53,5302,'20260929',1545855,1545856,1545857,1545858,1545859,1545860,1545861,1545862,1545863,1545864,1545865,1545866,1545867,1545868,1545869,1545870,1545871,1545872,1545873,1545874,1545875,1545876
53,5302,'20260930',1545877,1545878,1545879,1545880,1545881,1545882,1545883,1545884,1545885,1545886,1545887,1545888,1545889,1545890,1545891,1545892,1545893,1545894,1545895,1545896,1545897,1545898
53,5302,'20261001',1545899,1545900,1545901,1545902,1545903,1545904,1545905,1545906,1545907,1545908,1545909,1545910,1545911,1545912,1545913,1545914,1545915,1545916,1545917,1545918,1545919,1545920
53,5302,'20261002',1468576,1468577,1468578,1468579,1468580,1468581,1468582,1468583,1468584,1468585,1468586,1468587,1468588,1468589,1468590,1468591,1468592,1468593,1468594,1468595,1468596,1468597
53,5302,'20261003',1491581,1491582,1491583,1491584,1491585,1491586,1491587,1491588,1491589,1491590,1491591,1491592,1491593,1491594,1491595,1491596,1491597
53,5302,'20261004',1491598,1491599,1491600,1491601,1491602,1491603,1491604,1491605,1491606,1491607,1491608,1491609,1491610,1491611,1491612,1491613,1491614
53,5302,'20261005',1491615,1491616,1491617,1491618,1491619,1491620,1491621,1491622,1491623,1491624,1491625,1491626,1491627,1491628,1491629,1491630,1491631,1491632,1491633,1491634,1491635,1491636
53,5302,'20261006',1516816,1516817,1516818,1516819,1516820,1516821,1516822,1516823,1516824,1516825,1516826,1516827,1516828,1516829,1516830,1516831,1516832,1516833,1516834,1516835,1516836,1516837
53,5302,'20261007',1516838,1516839,1516840,1516841,1516842,1516843,1516844,1516845,1516846,1516847,1516848,1516849,1516850,1516851,1516852,1516853,1516854,1516855,1516856,1516857,1516858,1516859
53,5302,'20261008',1516860,1516861,1516862,1516863,1516864,1516865,1516866,1516867,1516868,1516869,1516870,1516871,1516872,1516873,1516874,1516875,1516876,1516877,1516878,1516879,1516880,1516881
53,5302,'20261009',1516882,1516883,1516884,1516885,1516886,1516887,1516888,1516889,1516890,1516891,1516892,1516893,1516894,1516895,1516896,1516897,1516898,1516899,1516900,1516901,1516902,1516903
53,5302,'20261010',1545921,1545922,1545923,1545924,1545925,1545926,1545927,1545928,1545929,1545930,1545931,1545932,1545933,1545934,1545935,1545936,1545937
53,5302,'20261011',1545938,1545939,1545940,1545941,1545942,1545943,1545944,1545945,1545946,1545947,1545948,1545949,1545950,1545951,1545952,1545953,1545954
53,5302,'20261012',1545955,1545956,1545957,1545958,1545959,1545960,1545961,1545962,1545963,1545964,1545965,1545966,1545967,1545968,1545969,1545970,1545971
53,5303,'20260929',1545972,1545973,1545974,1545975,1545976,1545977,1545978,1545979,1545980,1545981,1545982,1545983,1545984,1545985,1545986,1545987,1545988,1545989,1545990,1545991,1545992,1545993
53,5303,'20260930',1545994,1545995,1545996,1545997,1545998,1545999,1546000,1546001,1546002,1546003,1546004,1546005,1546006,1546007,1546008,1546009,1546010,1546011,1546012,1546013,1546014,1546015
53,5303,'20261001',1546016,1546017,1546018,1546019,1546020,1546021,1546022,1546023,1546024,1546025,1546026,1546027,1546028,1546029,1546030,1546031,1546032,1546033,1546034,1546035,1546036,1546037
53,5303,'20261002',1468698,1468699,1468700,1468701,1468702,1468703,1468704,1468705,1468706,1468707,1468708,1468709,1468710,1468711,1468712,1468713,1468714,1468715,1468716,1468717,1468718,1468719
53,5303,'20261003',1491703,1491704,1491705,1491706,1491707,1491708,1491709,1491710,1491711,1491712,1491713,1491714,1491715,1491716,1491717,1491718,1491719
53,5303,'20261004',1491720,1491721,1491722,1491723,1491724,1491725,1491726,1491727,1491728,1491729,1491730,1491731,1491732,1491733,1491734,1491735,1491736
53,5303,'20261005',1491737,1491738,1491739,1491740,1491741,1491742,1491743,1491744,1491745,1491746,1491747,1491748,1491749,1491750,1491751,1491752,1491753,1491754,1491755,1491756,1491757,1491758
53,5303,'20261006',1516982,1516983,1516984,1516985,1516986,1516987,1516988,1516989,1516990,1516991,1516992,1516993,1516994,1516995,1516996,1516997,1516998,1516999,1517000,1517001,1517002,1517003
53,5303,'20261007',1517004,1517005,1517006,1517007,1517008,1517009,1517010,1517011,1517012,1517013,1517014,1517015,1517016,1517017,1517018,1517019,1517020,1517021,1517022,1517023,1517024,1517025
53,5303,'20261008',1517026,1517027,1517028,1517029,1517030,1517031,1517032,1517033,1517034,1517035,1517036,1517037,1517038,1517039,1517040,1517041,1517042,1517043,1517044,1517045,1517046,1517047
53,5303,'20261009',1517048,1517049,1517050,1517051,1517052,1517053,1517054,1517055,1517056,1517057,1517058,1517059,1517060,1517061,1517062,1517063,1517064,1517065,1517066,1517067,1517068,1517069
53,5303,'20261010',1546038,1546039,1546040,1546041,1546042,1546043,1546044,1546045,1546046,1546047,1546048,1546049,1546050,1546051,1546052,1546053,1546054
53,5303,'20261011',1546055,1546056,1546057,1546058,1546059,1546060,1546061,1546062,1546063,1546064,1546065,1546066,1546067,1546068,1546069,1546070,1546071
53,5303,'20261012',1546072,1546073,1546074,1546075,1546076,1546077,1546078,1546079,1546080,1546081,1546082,1546083,1546084,1546085,1546086,1546087,1546088
54,5400,'20260929',1546089,1546090,1546091,1546092,1546093,1546094,1546095,1546096,1546097,1546098,1546099,1546100,1546101,1546102,1546103,1546104,1546105,1546106,1546107,1546108,1546109,1546110,1546111,1546112,1546113,1546114,1546115,1546116,1546117,1546118,1546119,1546120,1546121,1546122,1546123,1546124,1546125
54,5400,'20260930',1546126,1546127,1546128,1546129,1546130,1546131,1546132,1546133,1546134,1546135,1546136,1546137,1546138,1546139,1546140,1546141,1546142,1546143,1546144,1546145,1546146,1546147,1546148,1546149,1546150,1546151,1546152,1546153,1546154,1546155,1546156,1546157,1546158,1546159,1546160,1546161,1546162
54,5400,'20261001',1546163,1546164,1546165,1546166,1546167,1546168,1546169,1546170,1546171,1546172,1546173,1546174,1546175,1546176,1546177,1546178,1546179,1546180,1546181,1546182,1546183,1546184,1546185,1546186,1546187,1546188,1546189,1546190,1546191,1546192,1546193,1546194,1546195,1546196,1546197,1546198,1546199
54,5400,'20261002',1468881,1468882,1468883,1468884,1468885,1468886,1468887,1468888,1468889,1468890,1468891,1468892,1468893,1468894,1468895,1468896,1468897,1468898,1468899,1468900,1468901,1468902,1468903,1468904,1468905,1468906,1468907,1468908,1468909,1468910,1468911,1468912,1468913,1468914,1468915,1468916,1468917
54,5400,'20261003',1491870,1491871,1491872,1491873,1491874,1491875,1491876,1491877,1491878,1491879,1491880,1491881,1491882,1491883,1491884,1491885,1491886,1491887,1491888,1491889,1491890,1491891,1491892,1491893,1491894
54,5400,'20261004',1491895,1491896,1491897,1491898,1491899,1491900,1491901,1491902,1491903,1491904,1491905,1491906,1491907,1491908,1491909,1491910,1491911,1491912,1491913,1491914,1491915,1491916,1491917,1491918,1491919
54,5400,'20261005',1491920,1491921,1491922,1491923,1491924,1491925,1491926,1491927,1491928,1491929,1491930,1491931,1491932,1491933,1491934,1491935,1491936,1491937,1491938,1491939,1491940,1491941,1491942,1491943,1491944,1491945,1491946,1491947,1491948,1491949,1491950,1491951,1491952,1491953,1491954,1491955,1491956
54,5400,'20261006',1517194,1517195,1517196,1517197,1517198,1517199,1517200,1517201,1517202,1517203,1517204,1517205,1517206,1517207,1517208,1517209,1517210,1517211,1517212,1517213,1517214,1517215,1517216,1517217,1517218,1517219,1517220,1517221,1517222,1517223,1517224,1517225,1517226,1517227,1517228,1517229,1517230
54,5400,'20261007',1517231,1517232,1517233,1517234,1517235,1517236,1517237,1517238,1517239,1517240,1517241,1517242,1517243,1517244,1517245,1517246,1517247,1517248,1517249,1517250,1517251,1517252,1517253,1517254,1517255,1517256,1517257,1517258,1517259,1517260,1517261,1517262,1517263,1517264,1517265,1517266,1517267
54,5400,'20261008',1517268,1517269,1517270,1517271,1517272,1517273,1517274,1517275,1517276,1517277,1517278,1517279,1517280,1517281,1517282,1517283,1517284,1517285,1517286,1517287,1517288,1517289,1517290,1517291,1517292,1517293,1517294,1517295,1517296,1517297,1517298,1517299,1517300,1517301,1517302,1517303,1517304
54,5400,'20261009',1517305,1517306,1517307,1517308,1517309,1517310,1517311,1517312,1517313,1517314,1517315,1517316,1517317,1517318,1517319,1517320,1517321,1517322,1517323,1517324,1517325,1517326,1517327,1517328,1517329,1517330,1517331,1517332,1517333,1517334,1517335,1517336,1517337,1517338,1517339,1517340,1517341
54,5400,'20261010',1546200,1546201,1546202,1546203,1546204,1546205,1546206,1546207,1546208,1546209,1546210,1546211,1546212,1546213,1546214,1546215,1546216,1546217,1546218,1546219,1546220,1546221,1546222,1546223,1546224
54,5400,'20261011',1546225,1546226,1546227,1546228,1546229,1546230,1546231,1546232,1546233,1546234,1546235,1546236,1546237,1546238,1546239,1546240,1546241,1546242,1546243,1546244,1546245,1546246,1546247,1546248,1546249
54,5400,'20261012',1546250,1546251,1546252,1546253,1546254,1546255,1546256,1546257,1546258,1546259,1546260,1546261,1546262,1546263,1546264,1546265,1546266,1546267,1546268,1546269,1546270,1546271,1546272,1546273,1546274
54,5401,'20260929',1546275,1546276,1546277,1546278,1546279,1546280,1546281,1546282,1546283,1546284,1546285,1546286,1546287,1546288,1546289,1546290,1546291,1546292,1546293,1546294,1546295,1546296,1546297,1546298,1546299,1546300,1546301,1546302,1546303,1546304,1546305,1546306,1546307,1546308,1546309
54,5401,'20260930',1546310,1546311,1546312,1546313,1546314,1546315,1546316,1546317,1546318,1546319,1546320,1546321,1546322,1546323,1546324,1546325,1546326,1546327,1546328,1546329,1546330,1546331,1546332,1546333,1546334,1546335,1546336,1546337,1546338,1546339,1546340,1546341,1546342,1546343,1546344
54,5401,'20261001',1546345,1546346,1546347,1546348,1546349,1546350,1546351,1546352,1546353,1546354,1546355,1546356,1546357,1546358,1546359,1546360,1546361,1546362,1546363,1546364,1546365,1546366,1546367,1546368,1546369,1546370,1546371,1546372,1546373,1546374,1546375,1546376,1546377,1546378,1546379
54,5401,'20261002',1469073,1469074,1469075,1469076,1469077,1469078,1469079,1469080,1469081,1469082,1469083,1469084,1469085,1469086,1469087,1469088,1469089,1469090,1469091,1469092,1469093,1469094,1469095,1469096,1469097,1469098,1469099,1469100,1469101,1469102,1469103,1469104,1469105,1469106,1469107
54,5401,'20261003',1492062,1492063,1492064,1492065,1492066,1492067,1492068,1492069,1492070,1492071,1492072,1492073,1492074,1492075,1492076,1492077,1492078,1492079,1492080,1492081,1492082,1492083,1492084,1492085,1492086
54,5401,'20261004',1492087,1492088,1492089,1492090,1492091,1492092,1492093,1492094,1492095,1492096,1492097,1492098,1492099,1492100,1492101,1492102,1492103,1492104,1492105,1492106,1492107,1492108,1492109,1492110,1492111
54,5401,'20261005',1492112,1492113,1492114,1492115,1492116,1492117,1492118,1492119,1492120,1492121,1492122,1492123,1492124,1492125,1492126,1492127,1492128,1492129,1492130,1492131,1492132,1492133,1492134,1492135,1492136,1492137,1492138,1492139,1492140,1492141,1492142,1492143,1492144,1492145,1492146
54,5401,'20261006',1517462,1517463,1517464,1517465,1517466,1517467,1517468,1517469,1517470,1517471,1517472,1517473,1517474,1517475,1517476,1517477,1517478,1517479,1517480,1517481,1517482,1517483,1517484,1517485,1517486,1517487,1517488,1517489,1517490,1517491,1517492,1517493,1517494,1517495,1517496
54,5401,'20261007',1517497,1517498,1517499,1517500,1517501,1517502,1517503,1517504,1517505,1517506,1517507,1517508,1517509,1517510,1517511,1517512,1517513,1517514,1517515,1517516,1517517,1517518,1517519,1517520,1517521,1517522,1517523,1517524,1517525,1517526,1517527,1517528,1517529,1517530,1517531
54,5401,'20261008',1517532,1517533,1517534,1517535,1517536,1517537,1517538,1517539,1517540,1517541,1517542,1517543,1517544,1517545,1517546,1517547,1517548,1517549,1517550,1517551,1517552,1517553,1517554,1517555,1517556,1517557,1517558,1517559,1517560,1517561,1517562,1517563,1517564,1517565,1517566
54,5401,'20261009',1517567,1517568,1517569,1517570,1517571,1517572,1517573,1517574,1517575,1517576,1517577,1517578,1517579,1517580,1517581,1517582,1517583,1517584,1517585,1517586,1517587,1517588,1517589,1517590,1517591,1517592,1517593,1517594,1517595,1517596,1517597,1517598,1517599,1517600,1517601
54,5401,'20261010',1546380,1546381,1546382,1546383,1546384,1546385,1546386,1546387,1546388,1546389,1546390,1546391,1546392,1546393,1546394,1546395,1546396,1546397,1546398,1546399,1546400,1546401,1546402,1546403,1546404
54,5401,'20261011',1546405,1546406,1546407,1546408,1546409,1546410,1546411,1546412,1546413,1546414,1546415,1546416,1546417,1546418,1546419,1546420,1546421,1546422,1546423,1546424,1546425,1546426,1546427,1546428,1546429
54,5401,'20261012',1546430,1546431,1546432,1546433,1546434,1546435,1546436,1546437,1546438,1546439,1546440,1546441,1546442,1546443,1546444,1546445,1546446,1546447,1546448,1546449,1546450,1546451,1546452,1546453,1546454
55,5500,'20260929',1546455,1546456,1546457,1546458,1546459,1546460,1546461,1546462,1546463,1546464,1546465,1546466,1546467,1546468,1546469,1546470,1546471,1546472,1546473,1546474,1546475,1546476,1546477,1546478
55,5500,'20260930',1546479,1546480,1546481,1546482,1546483,1546484,1546485,1546486,1546487,1546488,1546489,1546490,1546491,1546492,1546493,1546494,1546495,1546496,1546497,1546498,1546499,1546500,1546501,1546502
55,5500,'20261001',1546503,1546504,1546505,1546506,1546507,1546508,1546509,1546510,1546511,1546512,1546513,1546514,1546515,1546516,1546517,1546518,1546519,1546520,1546521,1546522,1546523,1546524,1546525,1546526
55,5500,'20261002',1469216,1469217,1469218,1469219,1469220,1469221,1469222,1469223,1469224,1469225,1469226,1469227,1469228,1469229,1469230,1469231,1469232,1469233,1469234,1469235,1469236,1469237,1469238,1469239
55,5500,'20261003',1492219,1492220,1492221,1492222,1492223,1492224,1492225,1492226,1492227,1492228,1492229,1492230,1492231,1492232,1492233,1492234,1492235,1492236
55,5500,'20261004',1492237,1492238,1492239,1492240,1492241,1492242,1492243,1492244,1492245,1492246,1492247,1492248,1492249,1492250,1492251,1492252,1492253,1492254
55,5500,'20261005',1492255,1492256,1492257,1492258,1492259,1492260,1492261,1492262,1492263,1492264,1492265,1492266,1492267,1492268,1492269,1492270,1492271,1492272,1492273,1492274,1492275,1492276,1492277,1492278
55,5500,'20261006',1517686,1517687,1517688,1517689,1517690,1517691,1517692,1517693,1517694,1517695,1517696,1517697,1517698,1517699,1517700,1517701,1517702,1517703,1517704,1517705,1517706,1517707,1517708,1517709
55,5500,'20261007',1517710,1517711,1517712,1517713,1517714,1517715,1517716,1517717,1517718,1517719,1517720,1517721,1517722,1517723,1517724,1517725,1517726,1517727,1517728,1517729,1517730,1517731,1517732,1517733
55,5500,'20261008',1517734,1517735,1517736,1517737,1517738,1517739,1517740,1517741,1517742,1517743,1517744,1517745,1517746,1517747,1517748,1517749,1517750,1517751,1517752,1517753,1517754,1517755,1517756,1517757
55,5500,'20261009',1517758,1517759,1517760,1517761,1517762,1517763,1517764,1517765,1517766,1517767,1517768,1517769,1517770,1517771,1517772,1517773,1517774,1517775,1517776,1517777,1517778,1517779,1517780,1517781
55,5500,'20261010',1546527,1546528,1546529,1546530,1546531,1546532,1546533,1546534,1546535,1546536,1546537,1546538,1546539,1546540,1546541,1546542,1546543,1546544
55,5500,'20261011',1546545,1546546,1546547,1546548,1546549,1546550,1546551,1546552,1546553,1546554,1546555,1546556,1546557,1546558,1546559,1546560,1546561,1546562
55,5500,'20261012',1546563,1546564,1546565,1546566,1546567,1546568,1546569,1546570,1546571,1546572,1546573,1546574,1546575,1546576,1546577,1546578,1546579,1546580
55,5501,'20260929',1546581,1546582,1546583,1546584,1546585,1546586,1546587,1546588,1546589,1546590,1546591,1546592,1546593,1546594,1546595,1546596,1546597,1546598,1546599,1546600,1546601,1546602,1546603,1546604,1546605
55,5501,'20260930',1546606,1546607,1546608,1546609,1546610,1546611,1546612,1546613,1546614,1546615,1546616,1546617,1546618,1546619,1546620,1546621,1546622,1546623,1546624,1546625,1546626,1546627,1546628,1546629,1546630
55,5501,'20261001',1546631,1546632,1546633,1546634,1546635,1546636,1546637,1546638,1546639,1546640,1546641,1546642,1546643,1546644,1546645,1546646,1546647,1546648,1546649,1546650,1546651,1546652,1546653,1546654,1546655
55,5501,'20261002',1469349,1469350,1469351,1469352,1469353,1469354,1469355,1469356,1469357,1469358,1469359,1469360,1469361,1469362,1469363,1469364,1469365,1469366,1469367,1469368,1469369,1469370,1469371,1469372,1469373
55,5501,'20261003',1492354,1492355,1492356,1492357,1492358,1492359,1492360,1492361,1492362,1492363,1492364,1492365,1492366,1492367,1492368,1492369,1492370
55,5501,'20261004',1492371,1492372,1492373,1492374,1492375,1492376,1492377,1492378,1492379,1492380,1492381,1492382,1492383,1492384,1492385,1492386,1492387
55,5501,'20261005',1492388,1492389,1492390,1492391,1492392,1492393,1492394,1492395,1492396,1492397,1492398,1492399,1492400,1492401,1492402,1492403,1492404,1492405,1492406,1492407,1492408,1492409,1492410,1492411,1492412
55,5501,'20261006',1517866,1517867,1517868,1517869,1517870,1517871,1517872,1517873,1517874,1517875,1517876,1517877,1517878,1517879,1517880,1517881,1517882,1517883,1517884,1517885,1517886,1517887,1517888,1517889,1517890
55,5501,'20261007',1517891,1517892,1517893,1517894,1517895,1517896,1517897,1517898,1517899,1517900,1517901,1517902,1517903,1517904,1517905,1517906,1517907,1517908,1517909,1517910,1517911,1517912,1517913,1517914,1517915
55,5501,'20261008',1517916,1517917,1517918,1517919,1517920,1517921,1517922,1517923,1517924,1517925,1517926,1517927,1517928,1517929,1517930,1517931,1517932,1517933,1517934,1517935,1517936,1517937,1517938,1517939,1517940
55,5501,'20261009',1517941,1517942,1517943,1517944,1517945,1517946,1517947,1517948,1517949,1517950,1517951,1517952,1517953,1517954,1517955,1517956,1517957,1517958,1517959,1517960,1517961,1517962,1517963,1517964,1517965
55,5501,'20261010',1546656,1546657,1546658,1546659,1546660,1546661,1546662,1546663,1546664,1546665,1546666,1546667,1546668,1546669,1546670,1546671,1546672
55,5501,'20261011',1546673,1546674,1546675,1546676,1546677,1546678,1546679,1546680,1546681,1546682,1546683,1546684,1546685,1546686,1546687,1546688,1546689
55,5501,'20261012',1546690,1546691,1546692,1546693,1546694,1546695,1546696,1546697,1546698,1546699,1546700,1546701,1546702,1546703,1546704,1546705,1546706
56,5600,'20260929',1546707,1546708,1546709
56,5600,'20260930',1546710,1546711,1546712
56,5600,'20261001',1546713,1546714,1546715
56,5600,'20261002',1469383,1469384,1469385
56,5600,'20261005',1492422,1492423,1492424
56,5600,'20261006',1517972,1517973,1517974
56,5600,'20261007',1517975,1517976,1517977
56,5600,'20261008',1517978,1517979,1517980
56,5600,'20261009',1517981,1517982,1517983
56,5601,'20260929',1546716,1546717,1546718
56,5601,'20260930',1546719,1546720,1546721
56,5601,'20261001',1546722,1546723,1546724
56,5601,'20261002',1469395,1469396,1469397
56,5601,'20261005',1492434,1492435,1492436
56,5601,'20261006',1517990,1517991,1517992
56,5601,'20261007',1517993,1517994,1517995
56,5601,'20261008',1517996,1517997,1517998
56,5601,'20261009',1517999,1518000,1518001
57,5700,'20260929',1546725,1546726,1546727,1546728,1546729,1546730,1546731,1546732,1546733,1546734,1546735,1546736,1546737,1546738,1546739,1546740,1546741,1546742,1546743
57,5700,'20260930',1546744,1546745,1546746,1546747,1546748,1546749,1546750,1546751,1546752,1546753,1546754,1546755,1546756,1546757,1546758,1546759,1546760,1546761,1546762
57,5700,'20261001',1546763,1546764,1546765,1546766,1546767,1546768,1546769,1546770,1546771,1546772,1546773,1546774,1546775,1546776,1546777,1546778,1546779,1546780,1546781
57,5700,'20261002',1469489,1469490,1469491,1469492,1469493,1469494,1469495,1469496,1469497,1469498,1469499,1469500,1469501,1469502,1469503,1469504,1469505,1469506,1469507
57,5700,'20261003',1492494,1492495,1492496,1492497,1492498,1492499,1492500,1492501,1492502,1492503,1492504,1492505,1492506,1492507,1492508,1492509,1492510
57,5700,'20261004',1492511,1492512,1492513,1492514,1492515,1492516,1492517,1492518,1492519,1492520,1492521,1492522,1492523,1492524,1492525,1492526,1492527
57,5700,'20261005',1492528,1492529,1492530,1492531,1492532,1492533,1492534,1492535,1492536,1492537,1492538,1492539,1492540,1492541,1492542,1492543,1492544,1492545,1492546
57,5700,'20261006',1518074,1518075,1518076,1518077,1518078,1518079,1518080,1518081,1518082,1518083,1518084,1518085,1518086,1518087,1518088,1518089,1518090,1518091,1518092
57,5700,'20261007',1518093,1518094,1518095,1518096,1518097,1518098,1518099,1518100,1518101,1518102,1518103,1518104,1518105,1518106,1518107,1518108,1518109,1518110,1518111
57,5700,'20261008',1518112,1518113,1518114,1518115,1518116,1518117,1518118,1518119,1518120,1518121,1518122,1518123,1518124,1518125,1518126,1518127,1518128,1518129,1518130
57,5700,'20261009',1518131,1518132,1518133,1518134,1518135,1518136,1518137,1518138,1518139,1518140,1518141,1518142,1518143,1518144,1518145,1518146,1518147,1518148,1518149
57,5700,'20261010',1546782,1546783,1546784,1546785,1546786,1546787,1546788,1546789,1546790,1546791,1546792,1546793,1546794,1546795,1546796,1546797,1546798
57,5700,'20261011',1546799,1546800,1546801,1546802,1546803,1546804,1546805,1546806,1546807,1546808,1546809,1546810,1546811,1546812,1546813,1546814,1546815
57,5700,'20261012',1546816,1546817,1546818,1546819,1546820,1546821,1546822,1546823,1546824,1546825,1546826,1546827,1546828,1546829,1546830,1546831,1546832
57,5701,'20260929',1546833,1546834,1546835,1546836,1546837,1546838,1546839,1546840,1546841,1546842,1546843,1546844,1546845,1546846,1546847,1546848,1546849,1546850,1546851,1546852
57,5701,'20260930',1546853,1546854,1546855,1546856,1546857,1546858,1546859,1546860,1546861,1546862,1546863,1546864,1546865,1546866,1546867,1546868,1546869,1546870,1546871,1546872
57,5701,'20261001',1546873,1546874,1546875,1546876,1546877,1546878,1546879,1546880,1546881,1546882,1546883,1546884,1546885,1546886,1546887,1546888,1546889,1546890,1546891,1546892
57,5701,'20261002',1469600,1469601,1469602,1469603,1469604,1469605,1469606,1469607,1469608,1469609,1469610,1469611,1469612,1469613,1469614,1469615,1469616,1469617,1469618,1469619
57,5701,'20261003',1492607,1492608,1492609,1492610,1492611,1492612,1492613,1492614,1492615,1492616,1492617,1492618,1492619,1492620,1492621,1492622
57,5701,'20261004',1492623,1492624,1492625,1492626,1492627,1492628,1492629,1492630,1492631,1492632,1492633,1492634,1492635,1492636,1492637,1492638
57,5701,'20261005',1492639,1492640,1492641,1492642,1492643,1492644,1492645,1492646,1492647,1492648,1492649,1492650,1492651,1492652,1492653,1492654,1492655,1492656,1492657,1492658
57,5701,'20261006',1518222,1518223,1518224,1518225,1518226,1518227,1518228,1518229,1518230,1518231,1518232,1518233,1518234,1518235,1518236,1518237,1518238,1518239,1518240,1518241
57,5701,'20261007',1518242,1518243,1518244,1518245,1518246,1518247,1518248,1518249,1518250,1518251,1518252,1518253,1518254,1518255,1518256,1518257,1518258,1518259,1518260,1518261
57,5701,'20261008',1518262,1518263,1518264,1518265,1518266,1518267,1518268,1518269,1518270,1518271,1518272,1518273,1518274,1518275,1518276,1518277,1518278,1518279,1518280,1518281
57,5701,'20261009',1518282,1518283,1518284,1518285,1518286,1518287,1518288,1518289,1518290,1518291,1518292,1518293,1518294,1518295,1518296,1518297,1518298,1518299,1518300,1518301
57,5701,'20261010',1546893,1546894,1546895,1546896,1546897,1546898,1546899,1546900,1546901,1546902,1546903,1546904,1546905,1546906,1546907,1546908
57,5701,'20261011',1546909,1546910,1546911,1546912,1546913,1546914,1546915,1546916,1546917,1546918,1546919,1546920,1546921,1546922,1546923,1546924
57,5701,'20261012',1546925,1546926,1546927,1546928,1546929,1546930,1546931,1546932,1546933,1546934,1546935,1546936,1546937,1546938,1546939,1546940
58,5800,'20260929',1546941,1546942,1546943,1546944,1546945,1546946,1546947,1546948,1546949,1546950,1546951,1546952,1546953,1546954,1546955,1546956,1546957,1546958,1546959,1546960,1546961,1546962,1546963,1546964
58,5800,'20260930',1546965,1546966,1546967,1546968,1546969,1546970,1546971,1546972,1546973,1546974,1546975,1546976,1546977,1546978,1546979,1546980,1546981,1546982,1546983,1546984,1546985,1546986,1546987,1546988
58,5800,'20261001',1546989,1546990,1546991,1546992,1546993,1546994,1546995,1546996,1546997,1546998,1546999,1547000,1547001,1547002,1547003,1547004,1547005,1547006,1547007,1547008,1547009,1547010,1547011,1547012
58,5800,'20261002',1469724,1469725,1469726,1469727,1469728,1469729,1469730,1469731,1469732,1469733,1469734,1469735,1469736,1469737,1469738,1469739,1469740,1469741,1469742,1469743,1469744,1469745,1469746
58,5800,'20261003',1492731,1492732,1492733,1492734,1492735,1492736,1492737,1492738,1492739,1492740,1492741,1492742,1492743,1492744,1492745,1492746,1492747
58,5800,'20261004',1492748,1492749,1492750,1492751,1492752,1492753,1492754,1492755,1492756,1492757,1492758,1492759,1492760,1492761,1492762,1492763,1492764
58,5800,'20261005',1492765,1492766,1492767,1492768,1492769,1492770,1492771,1492772,1492773,1492774,1492775,1492776,1492777,1492778,1492779,1492780,1492781,1492782,1492783,1492784,1492785,1492786,1492787
58,5800,'20261006',1518384,1518385,1518386,1518387,1518388,1518389,1518390,1518391,1518392,1518393,1518394,1518395,1518396,1518397,1518398,1518399,1518400,1518401,1518402,1518403,1518404,1518405,1518406
58,5800,'20261007',1518407,1518408,1518409,1518410,1518411,1518412,1518413,1518414,1518415,1518416,1518417,1518418,1518419,1518420,1518421,1518422,1518423,1518424,1518425,1518426,1518427,1518428,1518429
58,5800,'20261008',1518430,1518431,1518432,1518433,1518434,1518435,1518436,1518437,1518438,1518439,1518440,1518441,1518442,1518443,1518444,1518445,1518446,1518447,1518448,1518449,1518450,1518451,1518452
58,5800,'20261009',1518453,1518454,1518455,1518456,1518457,1518458,1518459,1518460,1518461,1518462,1518463,1518464,1518465,1518466,1518467,1518468,1518469,1518470,1518471,1518472,1518473,1518474,1518475
58,5800,'20261010',1547013,1547014,1547015,1547016,1547017,1547018,1547019,1547020,1547021,1547022,1547023,1547024,1547025,1547026,1547027,1547028,1547029
58,5800,'20261011',1547030,1547031,1547032,1547033,1547034,1547035,1547036,1547037,1547038,1547039,1547040,1547041,1547042,1547043,1547044,1547045,1547046
58,5800,'20261012',1547047,1547048,1547049,1547050,1547051,1547052,1547053,1547054,1547055,1547056,1547057,1547058,1547059,1547060,1547061,1547062,1547063
58,5801,'20260929',1547064,1547065,1547066,1547067,1547068,1547069,1547070,1547071,1547072,1547073,1547074,1547075,1547076,1547077,1547078,1547079,1547080,1547081,1547082,1547083,1547084,1547085
58,5801,'20260930',1547086,1547087,1547088,1547089,1547090,1547091,1547092,1547093,1547094,1547095,1547096,1547097,1547098,1547099,1547100,1547101,1547102,1547103,1547104,1547105,1547106,1547107
58,5801,'20261001',1547108,1547109,1547110,1547111,1547112,1547113,1547114,1547115,1547116,1547117,1547118,1547119,1547120,1547121,1547122,1547123,1547124,1547125,1547126,1547127,1547128,1547129
58,5801,'20261002',1469845,1469846,1469847,1469848,1469849,1469850,1469851,1469852,1469853,1469854,1469855,1469856,1469857,1469858,1469859,1469860,1469861,1469862,1469863,1469864,1469865
58,5801,'20261003',1492854,1492855,1492856,1492857,1492858,1492859,1492860,1492861,1492862,1492863,1492864,1492865,1492866,1492867,1492868,1492869,1492870
58,5801,'20261004',1492871,1492872,1492873,1492874,1492875,1492876,1492877,1492878,1492879,1492880,1492881,1492882,1492883,1492884,1492885,1492886,1492887
58,5801,'20261005',1492888,1492889,1492890,1492891,1492892,1492893,1492894,1492895,1492896,1492897,1492898,1492899,1492900,1492901,1492902,1492903,1492904,1492905,1492906,1492907,1492908
58,5801,'20261006',1518554,1518555,1518556,1518557,1518558,1518559,1518560,1518561,1518562,1518563,1518564,1518565,1518566,1518567,1518568,1518569,1518570,1518571,1518572,1518573,1518574
58,5801,'20261007',1518575,1518576,1518577,1518578,1518579,1518580,1518581,1518582,1518583,1518584,1518585,1518586,1518587,1518588,1518589,1518590,1518591,1518592,1518593,1518594,1518595
58,5801,'20261008',1518596,1518597,1518598,1518599,1518600,1518601,1518602,1518603,1518604,1518605,1518606,1518607,1518608,1518609,1518610,1518611,1518612,1518613,1518614,1518615,1518616
58,5801,'20261009',1518617,1518618,1518619,1518620,1518621,1518622,1518623,1518624,1518625,1518626,1518627,1518628,1518629,1518630,1518631,1518632,1518633,1518634,1518635,1518636,1518637
58,5801,'20261010',1547130,1547131,1547132,1547133,1547134,1547135,1547136,1547137,1547138,1547139,1547140,1547141,1547142,1547143,1547144,1547145,1547146
58,5801,'20261011',1547147,1547148,1547149,1547150,1547151,1547152,1547153,1547154,1547155,1547156,1547157,1547158,1547159,1547160,1547161,1547162,1547163
58,5801,'20261012',1547164,1547165,1547166,1547167,1547168,1547169,1547170,1547171,1547172,1547173,1547174,1547175,1547176,1547177,1547178,1547179,1547180
59,5902,'20260929',1547181,1547182,1547183,1547184,1547185,1547186,1547187,1547188,1547189,1547190,1547191,1547192,1547193,1547194,1547195,1547196,1547197,1547198
59,5902,'20260930',1547199,1547200,1547201,1547202,1547203,1547204,1547205,1547206,1547207,1547208,1547209,1547210,1547211,1547212,1547213,1547214,1547215,1547216
59,5902,'20261001',1547217,1547218,1547219,1547220,1547221,1547222,1547223,1547224,1547225,1547226,1547227,1547228,1547229,1547230,1547231,1547232,1547233,1547234
59,5902,'20261002',1469950,1469951,1469952,1469953,1469954,1469955,1469956,1469957,1469958,1469959,1469960,1469961,1469962,1469963,1469964,1469965,1469966,1469967
59,5902,'20261003',1492963,1492964,1492965,1492966,1492967,1492968,1492969,1492970,1492971,1492972,1492973,1492974,1492975,1492976,1492977
59,5902,'20261004',1492978,1492979,1492980,1492981,1492982,1492983,1492984,1492985,1492986,1492987,1492988,1492989,1492990,1492991,1492992
59,5902,'20261005',1492993,1492994,1492995,1492996,1492997,1492998,1492999,1493000,1493001,1493002,1493003,1493004,1493005,1493006,1493007,1493008,1493009,1493010
59,5902,'20261006',1518704,1518705,1518706,1518707,1518708,1518709,1518710,1518711,1518712,1518713,1518714,1518715,1518716,1518717,1518718,1518719,1518720,1518721
59,5902,'20261007',1518722,1518723,1518724,1518725,1518726,1518727,1518728,1518729,1518730,1518731,1518732,1518733,1518734,1518735,1518736,1518737,1518738,1518739
59,5902,'20261008',1518740,1518741,1518742,1518743,1518744,1518745,1518746,1518747,1518748,1518749,1518750,1518751,1518752,1518753,1518754,1518755,1518756,1518757
59,5902,'20261009',1518758,1518759,1518760,1518761,1518762,1518763,1518764,1518765,1518766,1518767,1518768,1518769,1518770,1518771,1518772,1518773,1518774,1518775
59,5902,'20261010',1547235,1547236,1547237,1547238,1547239,1547240,1547241,1547242,1547243,1547244,1547245,1547246,1547247,1547248,1547249
59,5902,'20261011',1547250,1547251,1547252,1547253,1547254,1547255,1547256,1547257,1547258,1547259,1547260,1547261,1547262,1547263,1547264
59,5902,'20261012',1547265,1547266,1547267,1547268,1547269,1547270,1547271,1547272,1547273,1547274,1547275,1547276,1547277,1547278,1547279
59,5903,'20260929',1547280,1547281,1547282,1547283,1547284,1547285,1547286,1547287,1547288,1547289,1547290,1547291,1547292,1547293,1547294,1547295,1547296,1547297,1547298
59,5903,'20260930',1547299,1547300,1547301,1547302,1547303,1547304,1547305,1547306,1547307,1547308,1547309,1547310,1547311,1547312,1547313,1547314,1547315,1547316,1547317
59,5903,'20261001',1547318,1547319,1547320,1547321,1547322,1547323,1547324,1547325,1547326,1547327,1547328,1547329,1547330,1547331,1547332,1547333,1547334,1547335,1547336
59,5903,'20261002',1470055,1470056,1470057,1470058,1470059,1470060,1470061,1470062,1470063,1470064,1470065,1470066,1470067,1470068,1470069,1470070,1470071,1470072,1470073
59,5903,'20261003',1493068,1493069,1493070,1493071,1493072,1493073,1493074,1493075,1493076,1493077,1493078,1493079,1493080,1493081,1493082
59,5903,'20261004',1493083,1493084,1493085,1493086,1493087,1493088,1493089,1493090,1493091,1493092,1493093,1493094,1493095,1493096,1493097
59,5903,'20261005',1493098,1493099,1493100,1493101,1493102,1493103,1493104,1493105,1493106,1493107,1493108,1493109,1493110,1493111,1493112,1493113,1493114,1493115,1493116
59,5903,'20261006',1518844,1518845,1518846,1518847,1518848,1518849,1518850,1518851,1518852,1518853,1518854,1518855,1518856,1518857,1518858,1518859,1518860,1518861,1518862
59,5903,'20261007',1518863,1518864,1518865,1518866,1518867,1518868,1518869,1518870,1518871,1518872,1518873,1518874,1518875,1518876,1518877,1518878,1518879,1518880,1518881
59,5903,'20261008',1518882,1518883,1518884,1518885,1518886,1518887,1518888,1518889,1518890,1518891,1518892,1518893,1518894,1518895,1518896,1518897,1518898,1518899,1518900
59,5903,'20261009',1518901,1518902,1518903,1518904,1518905,1518906,1518907,1518908,1518909,1518910,1518911,1518912,1518913,1518914,1518915,1518916,1518917,1518918,1518919
59,5903,'20261010',1547337,1547338,1547339,1547340,1547341,1547342,1547343,1547344,1547345,1547346,1547347,1547348,1547349,1547350,1547351
59,5903,'20261011',1547352,1547353,1547354,1547355,1547356,1547357,1547358,1547359,1547360,1547361,1547362,1547363,1547364,1547365,1547366
59,5903,'20261012',1547367,1547368,1547369,1547370,1547371,1547372,1547373,1547374,1547375,1547376,1547377,1547378,1547379,1547380,1547381
61,6102,'20260929',1547382,1547383,1547384,1547385,1547386,1547387,1547388,1547389,1547390,1547391,1547392,1547393,1547394,1547395,1547396,1547397,1547398,1547399,1547400,1547401,1547402,1547403,1547404,1547405,1547406,1547407,1547408,1547409,1547410,1547411,1547412
61,6102,'20260930',1547413,1547414,1547415,1547416,1547417,1547418,1547419,1547420,1547421,1547422,1547423,1547424,1547425,1547426,1547427,1547428,1547429,1547430,1547431,1547432,1547433,1547434,1547435,1547436,1547437,1547438,1547439,1547440,1547441,1547442,1547443
61,6102,'20261001',1547444,1547445,1547446,1547447,1547448,1547449,1547450,1547451,1547452,1547453,1547454,1547455,1547456,1547457,1547458,1547459,1547460,1547461,1547462,1547463,1547464,1547465,1547466,1547467,1547468,1547469,1547470,1547471,1547472,1547473,1547474
61,6102,'20261002',1470217,1470218,1470219,1470220,1470221,1470222,1470223,1470224,1470225,1470226,1470227,1470228,1470229,1470230,1470231,1470232,1470233,1470234,1470235,1470236,1470237,1470238,1470239,1470240,1470241,1470242,1470243,1470244,1470245,1470246,1470247
61,6102,'20261003',1493210,1493211,1493212,1493213,1493214,1493215,1493216,1493217,1493218,1493219,1493220,1493221,1493222,1493223,1493224,1493225,1493226,1493227,1493228,1493229,1493230,1493231,1493232,1493233,1493234
61,6102,'20261004',1493235,1493236,1493237,1493238,1493239,1493240,1493241,1493242,1493243,1493244,1493245,1493246,1493247,1493248,1493249,1493250,1493251,1493252,1493253,1493254,1493255,1493256,1493257,1493258,1493259
61,6102,'20261005',1493260,1493261,1493262,1493263,1493264,1493265,1493266,1493267,1493268,1493269,1493270,1493271,1493272,1493273,1493274,1493275,1493276,1493277,1493278,1493279,1493280,1493281,1493282,1493283,1493284,1493285,1493286,1493287,1493288,1493289,1493290
61,6102,'20261006',1519032,1519033,1519034,1519035,1519036,1519037,1519038,1519039,1519040,1519041,1519042,1519043,1519044,1519045,1519046,1519047,1519048,1519049,1519050,1519051,1519052,1519053,1519054,1519055,1519056,1519057,1519058,1519059,1519060,1519061,1519062
61,6102,'20261007',1519063,1519064,1519065,1519066,1519067,1519068,1519069,1519070,1519071,1519072,1519073,1519074,1519075,1519076,1519077,1519078,1519079,1519080,1519081,1519082,1519083,1519084,1519085,1519086,1519087,1519088,1519089,1519090,1519091,1519092,1519093
61,6102,'20261008',1519094,1519095,1519096,1519097,1519098,1519099,1519100,1519101,1519102,1519103,1519104,1519105,1519106,1519107,1519108,1519109,1519110,1519111,1519112,1519113,1519114,1519115,1519116,1519117,1519118,1519119,1519120,1519121,1519122,1519123,1519124
61,6102,'20261009',1519125,1519126,1519127,1519128,1519129,1519130,1519131,1519132,1519133,1519134,1519135,1519136,1519137,1519138,1519139,1519140,1519141,1519142,1519143,1519144,1519145,1519146,1519147,1519148,1519149,1519150,1519151,1519152,1519153,1519154,1519155
61,6102,'20261010',1547475,1547476,1547477,1547478,1547479,1547480,1547481,1547482,1547483,1547484,1547485,1547486,1547487,1547488,1547489,1547490,1547491,1547492,1547493,1547494,1547495,1547496,1547497,1547498,1547499
61,6102,'20261011',1547500,1547501,1547502,1547503,1547504,1547505,1547506,1547507,1547508,1547509,1547510,1547511,1547512,1547513,1547514,1547515,1547516,1547517,1547518,1547519,1547520,1547521,1547522,1547523,1547524
61,6102,'20261012',1547525,1547526,1547527,1547528,1547529,1547530,1547531,1547532,1547533,1547534,1547535,1547536,1547537,1547538,1547539,1547540,1547541,1547542,1547543,1547544,1547545,1547546,1547547,1547548,1547549
61,6103,'20260929',1547550,1547551,1547552,1547553,1547554,1547555,1547556,1547557,1547558,1547559,1547560,1547561,1547562,1547563,1547564,1547565,1547566,1547567,1547568,1547569,1547570,1547571,1547572,1547573,1547574,1547575,1547576,1547577,1547578,1547579,1547580
61,6103,'20260930',1547581,1547582,1547583,1547584,1547585,1547586,1547587,1547588,1547589,1547590,1547591,1547592,1547593,1547594,1547595,1547596,1547597,1547598,1547599,1547600,1547601,1547602,1547603,1547604,1547605,1547606,1547607,1547608,1547609,1547610,1547611
61,6103,'20261001',1547612,1547613,1547614,1547615,1547616,1547617,1547618,1547619,1547620,1547621,1547622,1547623,1547624,1547625,1547626,1547627,1547628,1547629,1547630,1547631,1547632,1547633,1547634,1547635,1547636,1547637,1547638,1547639,1547640,1547641,1547642
61,6103,'20261002',1470387,1470388,1470389,1470390,1470391,1470392,1470393,1470394,1470395,1470396,1470397,1470398,1470399,1470400,1470401,1470402,1470403,1470404,1470405,1470406,1470407,1470408,1470409,1470410,1470411,1470412,1470413,1470414,1470415,1470416,1470417
61,6103,'20261003',1493384,1493385,1493386,1493387,1493388,1493389,1493390,1493391,1493392,1493393,1493394,1493395,1493396,1493397,1493398,1493399,1493400,1493401,1493402,1493403,1493404,1493405,1493406
61,6103,'20261004',1493407,1493408,1493409,1493410,1493411,1493412,1493413,1493414,1493415,1493416,1493417,1493418,1493419,1493420,1493421,1493422,1493423,1493424,1493425,1493426,1493427,1493428,1493429
61,6103,'20261005',1493430,1493431,1493432,1493433,1493434,1493435,1493436,1493437,1493438,1493439,1493440,1493441,1493442,1493443,1493444,1493445,1493446,1493447,1493448,1493449,1493450,1493451,1493452,1493453,1493454,1493455,1493456,1493457,1493458,1493459,1493460
61,6103,'20261006',1519264,1519265,1519266,1519267,1519268,1519269,1519270,1519271,1519272,1519273,1519274,1519275,1519276,1519277,1519278,1519279,1519280,1519281,1519282,1519283,1519284,1519285,1519286,1519287,1519288,1519289,1519290,1519291,1519292,1519293,1519294
61,6103,'20261007',1519295,1519296,1519297,1519298,1519299,1519300,1519301,1519302,1519303,1519304,1519305,1519306,1519307,1519308,1519309,1519310,1519311,1519312,1519313,1519314,1519315,1519316,1519317,1519318,1519319,1519320,1519321,1519322,1519323,1519324,1519325
61,6103,'20261008',1519326,1519327,1519328,1519329,1519330,1519331,1519332,1519333,1519334,1519335,1519336,1519337,1519338,1519339,1519340,1519341,1519342,1519343,1519344,1519345,1519346,1519347,1519348,1519349,1519350,1519351,1519352,1519353,1519354,1519355,1519356
61,6103,'20261009',1519357,1519358,1519359,1519360,1519361,1519362,1519363,1519364,1519365,1519366,1519367,1519368,1519369,1519370,1519371,1519372,1519373,1519374,1519375,1519376,1519377,1519378,1519379,1519380,1519381,1519382,1519383,1519384,1519385,1519386,1519387
61,6103,'20261010',1547643,1547644,1547645,1547646,1547647,1547648,1547649,1547650,1547651,1547652,1547653,1547654,1547655,1547656,1547657,1547658,1547659,1547660,1547661,1547662,1547663,1547664,1547665
61,6103,'20261011',1547666,1547667,1547668,1547669,1547670,1547671,1547672,1547673,1547674,1547675,1547676,1547677,1547678,1547679,1547680,1547681,1547682,1547683,1547684,1547685,1547686,1547687,1547688
61,6103,'20261012',1547689,1547690,1547691,1547692,1547693,1547694,1547695,1547696,1547697,1547698,1547699,1547700,1547701,1547702,1547703,1547704,1547705,1547706,1547707,1547708,1547709,1547710,1547711
70,7000,'20260929',1547712,1547713,1547714,1547715,1547716,1547717,1547718,1547719,1547720,1547721,1547722,1547723,1547724,1547725,1547726,1547727,1547728,1547729,1547730,1547731,1547732,1547733,1547734,1547735,1547736,1547737,1547738,1547739,1547740,1547741,1547742,1547743,1547744,1547745,1547746,1547747,1547748,1547749,1547750,1547751,1547752,1547753,1547754,1547755,1547756,1547757,1547758,1547759
70,7000,'20260930',1547760,1547761,1547762,1547763,1547764,1547765,1547766,1547767,1547768,1547769,1547770,1547771,1547772,1547773,1547774,1547775,1547776,1547777,1547778,1547779,1547780,1547781,1547782,1547783,1547784,1547785,1547786,1547787,1547788,1547789,1547790,1547791,1547792,1547793,1547794,1547795,1547796,1547797,1547798,1547799,1547800,1547801,1547802,1547803,1547804,1547805,1547806,1547807
70,7000,'20261001',1547808,1547809,1547810,1547811,1547812,1547813,1547814,1547815,1547816,1547817,1547818,1547819,1547820,1547821,1547822,1547823,1547824,1547825,1547826,1547827,1547828,1547829,1547830,1547831,1547832,1547833,1547834,1547835,1547836,1547837,1547838,1547839,1547840,1547841,1547842,1547843,1547844,1547845,1547846,1547847,1547848,1547849,1547850,1547851,1547852,1547853,1547854,1547855
70,7000,'20261002',1470628,1470629,1470630,1470631,1470632,1470633,1470634,1470635,1470636,1470637,1470638,1470639,1470640,1470641,1470642,1470643,1470644,1470645,1470646,1470647,1470648,1470649,1470650,1470651,1470652,1470653,1470654,1470655,1470656,1470657,1470658,1470659,1470660,1470661,1470662,1470663,1470664,1470665,1470666,1470667,1470668,1470669,1470670,1470671,1470672,1470673,1470674
70,7000,'20261003',1493605,1493606,1493607,1493608,1493609,1493610,1493611,1493612,1493613,1493614,1493615,1493616,1493617,1493618,1493619,1493620,1493621,1493622,1493623,1493624,1493625,1493626,1493627,1493628,1493629,1493630,1493631,1493632,1493633,1493634,1493635,1493636,1493637,1493638
70,7000,'20261004',1493639,1493640,1493641,1493642,1493643,1493644,1493645,1493646,1493647,1493648,1493649,1493650,1493651,1493652,1493653,1493654,1493655,1493656,1493657,1493658,1493659,1493660,1493661,1493662,1493663,1493664,1493665,1493666,1493667,1493668,1493669,1493670,1493671,1493672
70,7000,'20261005',1493673,1493674,1493675,1493676,1493677,1493678,1493679,1493680,1493681,1493682,1493683,1493684,1493685,1493686,1493687,1493688,1493689,1493690,1493691,1493692,1493693,1493694,1493695,1493696,1493697,1493698,1493699,1493700,1493701,1493702,1493703,1493704,1493705,1493706,1493707,1493708,1493709,1493710,1493711,1493712,1493713,1493714,1493715,1493716,1493717,1493718,1493719
70,7000,'20261006',1519552,1519553,1519554,1519555,1519556,1519557,1519558,1519559,1519560,1519561,1519562,1519563,1519564,1519565,1519566,1519567,1519568,1519569,1519570,1519571,1519572,1519573,1519574,1519575,1519576,1519577,1519578,1519579,1519580,1519581,1519582,1519583,1519584,1519585,1519586,1519587,1519588,1519589,1519590,1519591,1519592,1519593,1519594,1519595,1519596,1519597,1519598
70,7000,'20261007',1519599,1519600,1519601,1519602,1519603,1519604,1519605,1519606,1519607,1519608,1519609,1519610,1519611,1519612,1519613,1519614,1519615,1519616,1519617,1519618,1519619,1519620,1519621,1519622,1519623,1519624,1519625,1519626,1519627,1519628,1519629,1519630,1519631,1519632,1519633,1519634,1519635,1519636,1519637,1519638,1519639,1519640,1519641,1519642,1519643,1519644,1519645
70,7000,'20261008',1519646,1519647,1519648,1519649,1519650,1519651,1519652,1519653,1519654,1519655,1519656,1519657,1519658,1519659,1519660,1519661,1519662,1519663,1519664,1519665,1519666,1519667,1519668,1519669,1519670,1519671,1519672,1519673,1519674,1519675,1519676,1519677,1519678,1519679,1519680,1519681,1519682,1519683,1519684,1519685,1519686,1519687,1519688,1519689,1519690,1519691,1519692
70,7000,'20261009',1519693,1519694,1519695,1519696,1519697,1519698,1519699,1519700,1519701,1519702,1519703,1519704,1519705,1519706,1519707,1519708,1519709,1519710,1519711,1519712,1519713,1519714,1519715,1519716,1519717,1519718,1519719,1519720,1519721,1519722,1519723,1519724,1519725,1519726,1519727,1519728,1519729,1519730,1519731,1519732,1519733,1519734,1519735,1519736,1519737,1519738,1519739
70,7000,'20261010',1547856,1547857,1547858,1547859,1547860,1547861,1547862,1547863,1547864,1547865,1547866,1547867,1547868,1547869,1547870,1547871,1547872,1547873,1547874,1547875,1547876,1547877,1547878,1547879,1547880,1547881,1547882,1547883,1547884,1547885,1547886,1547887,1547888,1547889
70,7000,'20261011',1547890,1547891,1547892,1547893,1547894,1547895,1547896,1547897,1547898,1547899,1547900,1547901,1547902,1547903,1547904,1547905,1547906,1547907,1547908,1547909,1547910,1547911,1547912,1547913,1547914,1547915,1547916,1547917,1547918,1547919,1547920,1547921,1547922,1547923
70,7000,'20261012',1547924,1547925,1547926,1547927,1547928,1547929,1547930,1547931,1547932,1547933,1547934,1547935,1547936,1547937,1547938,1547939,1547940,1547941,1547942,1547943,1547944,1547945,1547946,1547947,1547948,1547949,1547950,1547951,1547952,1547953,1547954,1547955,1547956,1547957
70,7001,'20260929',1547958,1547959,1547960,1547961,1547962,1547963,1547964,1547965,1547966,1547967,1547968,1547969,1547970,1547971,1547972,1547973,1547974,1547975,1547976,1547977,1547978,1547979,1547980,1547981,1547982,1547983,1547984,1547985,1547986,1547987,1547988,1547989,1547990,1547991,1547992,1547993,1547994,1547995,1547996,1547997,1547998,1547999,1548000,1548001,1548002,1548003,1548004
70,7001,'20260930',1548005,1548006,1548007,1548008,1548009,1548010,1548011,1548012,1548013,1548014,1548015,1548016,1548017,1548018,1548019,1548020,1548021,1548022,1548023,1548024,1548025,1548026,1548027,1548028,1548029,1548030,1548031,1548032,1548033,1548034,1548035,1548036,1548037,1548038,1548039,1548040,1548041,1548042,1548043,1548044,1548045,1548046,1548047,1548048,1548049,1548050,1548051
70,7001,'20261001',1548052,1548053,1548054,1548055,1548056,1548057,1548058,1548059,1548060,1548061,1548062,1548063,1548064,1548065,1548066,1548067,1548068,1548069,1548070,1548071,1548072,1548073,1548074,1548075,1548076,1548077,1548078,1548079,1548080,1548081,1548082,1548083,1548084,1548085,1548086,1548087,1548088,1548089,1548090,1548091,1548092,1548093,1548094,1548095,1548096,1548097,1548098
70,7001,'20261002',1470884,1470885,1470886,1470887,1470888,1470889,1470890,1470891,1470892,1470893,1470894,1470895,1470896,1470897,1470898,1470899,1470900,1470901,1470902,1470903,1470904,1470905,1470906,1470907,1470908,1470909,1470910,1470911,1470912,1470913,1470914,1470915,1470916,1470917,1470918,1470919,1470920,1470921,1470922,1470923,1470924,1470925,1470926,1470927,1470928,1470929,1470930
70,7001,'20261003',1493861,1493862,1493863,1493864,1493865,1493866,1493867,1493868,1493869,1493870,1493871,1493872,1493873,1493874,1493875,1493876,1493877,1493878,1493879,1493880,1493881,1493882,1493883,1493884,1493885,1493886,1493887,1493888,1493889,1493890,1493891,1493892,1493893,1493894
70,7001,'20261004',1493895,1493896,1493897,1493898,1493899,1493900,1493901,1493902,1493903,1493904,1493905,1493906,1493907,1493908,1493909,1493910,1493911,1493912,1493913,1493914,1493915,1493916,1493917,1493918,1493919,1493920,1493921,1493922,1493923,1493924,1493925,1493926,1493927,1493928
70,7001,'20261005',1493929,1493930,1493931,1493932,1493933,1493934,1493935,1493936,1493937,1493938,1493939,1493940,1493941,1493942,1493943,1493944,1493945,1493946,1493947,1493948,1493949,1493950,1493951,1493952,1493953,1493954,1493955,1493956,1493957,1493958,1493959,1493960,1493961,1493962,1493963,1493964,1493965,1493966,1493967,1493968,1493969,1493970,1493971,1493972,1493973,1493974,1493975
70,7001,'20261006',1519902,1519903,1519904,1519905,1519906,1519907,1519908,1519909,1519910,1519911,1519912,1519913,1519914,1519915,1519916,1519917,1519918,1519919,1519920,1519921,1519922,1519923,1519924,1519925,1519926,1519927,1519928,1519929,1519930,1519931,1519932,1519933,1519934,1519935,1519936,1519937,1519938,1519939,1519940,1519941,1519942,1519943,1519944,1519945,1519946,1519947,1519948
70,7001,'20261007',1519949,1519950,1519951,1519952,1519953,1519954,1519955,1519956,1519957,1519958,1519959,1519960,1519961,1519962,1519963,1519964,1519965,1519966,1519967,1519968,1519969,1519970,1519971,1519972,1519973,1519974,1519975,1519976,1519977,1519978,1519979,1519980,1519981,1519982,1519983,1519984,1519985,1519986,1519987,1519988,1519989,1519990,1519991,1519992,1519993,1519994,1519995
70,7001,'20261008',1519996,1519997,1519998,1519999,1520000,1520001,1520002,1520003,1520004,1520005,1520006,1520007,1520008,1520009,1520010,1520011,1520012,1520013,1520014,1520015,1520016,1520017,1520018,1520019,1520020,1520021,1520022,1520023,1520024,1520025,1520026,1520027,1520028,1520029,1520030,1520031,1520032,1520033,1520034,1520035,1520036,1520037,1520038,1520039,1520040,1520041,1520042
70,7001,'20261009',1520043,1520044,1520045,1520046,1520047,1520048,1520049,1520050,1520051,1520052,1520053,1520054,1520055,1520056,1520057,1520058,1520059,1520060,1520061,1520062,1520063,1520064,1520065,1520066,1520067,1520068,1520069,1520070,1520071,1520072,1520073,1520074,1520075,1520076,1520077,1520078,1520079,1520080,1520081,1520082,1520083,1520084,1520085,1520086,1520087,1520088,1520089
70,7001,'20261010',1548099,1548100,1548101,1548102,1548103,1548104,1548105,1548106,1548107,1548108,1548109,1548110,1548111,1548112,1548113,1548114,1548115,1548116,1548117,1548118,1548119,1548120,1548121,1548122,1548123,1548124,1548125,1548126,1548127,1548128,1548129,1548130,1548131,1548132
70,7001,'20261011',1548133,1548134,1548135,1548136,1548137,1548138,1548139,1548140,1548141,1548142,1548143,1548144,1548145,1548146,1548147,1548148,1548149,1548150,1548151,1548152,1548153,1548154,1548155,1548156,1548157,1548158,1548159,1548160,1548161,1548162,1548163,1548164,1548165,1548166
70,7001,'20261012',1548167,1548168,1548169,1548170,1548171,1548172,1548173,1548174,1548175,1548176,1548177,1548178,1548179,1548180,1548181,1548182,1548183,1548184,1548185,1548186,1548187,1548188,1548189,1548190,1548191,1548192,1548193,1548194,1548195,1548196,1548197,1548198,1548199,1548200
71,7100,'20260929',1548201,1548202,1548203,1548204,1548205,1548206,1548207,1548208,1548209,1548210,1548211,1548212,1548213,1548214,1548215,1548216,1548217,1548218,1548219,1548220,1548221,1548222,1548223,1548224,1548225,1548226,1548227,1548228,1548229,1548230,1548231,1548232,1548233,1548234,1548235,1548236,1548237,1548238,1548239,1548240,1548241,1548242,1548243,1548244,1548245,1548246,1548247
71,7100,'20260930',1548248,1548249,1548250,1548251,1548252,1548253,1548254,1548255,1548256,1548257,1548258,1548259,1548260,1548261,1548262,1548263,1548264,1548265,1548266,1548267,1548268,1548269,1548270,1548271,1548272,1548273,1548274,1548275,1548276,1548277,1548278,1548279,1548280,1548281,1548282,1548283,1548284,1548285,1548286,1548287,1548288,1548289,1548290,1548291,1548292,1548293,1548294
71,7100,'20261001',1548295,1548296,1548297,1548298,1548299,1548300,1548301,1548302,1548303,1548304,1548305,1548306,1548307,1548308,1548309,1548310,1548311,1548312,1548313,1548314,1548315,1548316,1548317,1548318,1548319,1548320,1548321,1548322,1548323,1548324,1548325,1548326,1548327,1548328,1548329,1548330,1548331,1548332,1548333,1548334,1548335,1548336,1548337,1548338,1548339,1548340,1548341
71,7100,'20261002',1471138,1471139,1471140,1471141,1471142,1471143,1471144,1471145,1471146,1471147,1471148,1471149,1471150,1471151,1471152,1471153,1471154,1471155,1471156,1471157,1471158,1471159,1471160,1471161,1471162,1471163,1471164,1471165,1471166,1471167,1471168,1471169,1471170,1471171,1471172,1471173,1471174,1471175,1471176,1471177,1471178,1471179,1471180,1471181,1471182,1471183,1471184
71,7100,'20261003',1494117,1494118,1494119,1494120,1494121,1494122,1494123,1494124,1494125,1494126,1494127,1494128,1494129,1494130,1494131,1494132,1494133,1494134,1494135,1494136,1494137,1494138,1494139,1494140,1494141,1494142,1494143,1494144,1494145,1494146,1494147,1494148,1494149
71,7100,'20261004',1494150,1494151,1494152,1494153,1494154,1494155,1494156,1494157,1494158,1494159,1494160,1494161,1494162,1494163,1494164,1494165,1494166,1494167,1494168,1494169,1494170,1494171,1494172,1494173,1494174,1494175,1494176,1494177,1494178,1494179,1494180,1494181,1494182
71,7100,'20261005',1494183,1494184,1494185,1494186,1494187,1494188,1494189,1494190,1494191,1494192,1494193,1494194,1494195,1494196,1494197,1494198,1494199,1494200,1494201,1494202,1494203,1494204,1494205,1494206,1494207,1494208,1494209,1494210,1494211,1494212,1494213,1494214,1494215,1494216,1494217,1494218,1494219,1494220,1494221,1494222,1494223,1494224,1494225,1494226,1494227,1494228,1494229
71,7100,'20261006',1520250,1520251,1520252,1520253,1520254,1520255,1520256,1520257,1520258,1520259,1520260,1520261,1520262,1520263,1520264,1520265,1520266,1520267,1520268,1520269,1520270,1520271,1520272,1520273,1520274,1520275,1520276,1520277,1520278,1520279,1520280,1520281,1520282,1520283,1520284,1520285,1520286,1520287,1520288,1520289,1520290,1520291,1520292,1520293,1520294,1520295,1520296
71,7100,'20261007',1520297,1520298,1520299,1520300,1520301,1520302,1520303,1520304,1520305,1520306,1520307,1520308,1520309,1520310,1520311,1520312,1520313,1520314,1520315,1520316,1520317,1520318,1520319,1520320,1520321,1520322,1520323,1520324,1520325,1520326,1520327,1520328,1520329,1520330,1520331,1520332,1520333,1520334,1520335,1520336,1520337,1520338,1520339,1520340,1520341,1520342,1520343
71,7100,'20261008',1520344,1520345,1520346,1520347,1520348,1520349,1520350,1520351,1520352,1520353,1520354,1520355,1520356,1520357,1520358,1520359,1520360,1520361,1520362,1520363,1520364,1520365,1520366,1520367,1520368,1520369,1520370,1520371,1520372,1520373,1520374,1520375,1520376,1520377,1520378,1520379,1520380,1520381,1520382,1520383,1520384,1520385,1520386,1520387,1520388,1520389,1520390
71,7100,'20261009',1520391,1520392,1520393,1520394,1520395,1520396,1520397,1520398,1520399,1520400,1520401,1520402,1520403,1520404,1520405,1520406,1520407,1520408,1520409,1520410,1520411,1520412,1520413,1520414,1520415,1520416,1520417,1520418,1520419,1520420,1520421,1520422,1520423,1520424,1520425,1520426,1520427,1520428,1520429,1520430,1520431,1520432,1520433,1520434,1520435,1520436,1520437
71,7100,'20261010',1548342,1548343,1548344,1548345,1548346,1548347,1548348,1548349,1548350,1548351,1548352,1548353,1548354,1548355,1548356,1548357,1548358,1548359,1548360,1548361,1548362,1548363,1548364,1548365,1548366,1548367,1548368,1548369,1548370,1548371,1548372,1548373,1548374
71,7100,'20261011',1548375,1548376,1548377,1548378,1548379,1548380,1548381,1548382,1548383,1548384,1548385,1548386,1548387,1548388,1548389,1548390,1548391,1548392,1548393,1548394,1548395,1548396,1548397,1548398,1548399,1548400,1548401,1548402,1548403,1548404,1548405,1548406,1548407
71,7100,'20261012',1548408,1548409,1548410,1548411,1548412,1548413,1548414,1548415,1548416,1548417,1548418,1548419,1548420,1548421,1548422,1548423,1548424,1548425,1548426,1548427,1548428,1548429,1548430,1548431,1548432,1548433,1548434,1548435,1548436,1548437,1548438,1548439,1548440
71,7101,'20260929',1548441,1548442,1548443,1548444,1548445,1548446,1548447,1548448,1548449,1548450,1548451,1548452,1548453,1548454,1548455,1548456,1548457,1548458,1548459,1548460,1548461,1548462,1548463,1548464,1548465,1548466,1548467,1548468,1548469,1548470,1548471,1548472,1548473,1548474,1548475,1548476,1548477,1548478,1548479,1548480,1548481,1548482,1548483,1548484,1548485,1548486,1548487
71,7101,'20260930',1548488,1548489,1548490,1548491,1548492,1548493,1548494,1548495,1548496,1548497,1548498,1548499,1548500,1548501,1548502,1548503,1548504,1548505,1548506,1548507,1548508,1548509,1548510,1548511,1548512,1548513,1548514,1548515,1548516,1548517,1548518,1548519,1548520,1548521,1548522,1548523,1548524,1548525,1548526,1548527,1548528,1548529,1548530,1548531,1548532,1548533,1548534
71,7101,'20261001',1548535,1548536,1548537,1548538,1548539,1548540,1548541,1548542,1548543,1548544,1548545,1548546,1548547,1548548,1548549,1548550,1548551,1548552,1548553,1548554,1548555,1548556,1548557,1548558,1548559,1548560,1548561,1548562,1548563,1548564,1548565,1548566,1548567,1548568,1548569,1548570,1548571,1548572,1548573,1548574,1548575,1548576,1548577,1548578,1548579,1548580,1548581
71,7101,'20261002',1471392,1471393,1471394,1471395,1471396,1471397,1471398,1471399,1471400,1471401,1471402,1471403,1471404,1471405,1471406,1471407,1471408,1471409,1471410,1471411,1471412,1471413,1471414,1471415,1471416,1471417,1471418,1471419,1471420,1471421,1471422,1471423,1471424,1471425,1471426,1471427,1471428,1471429,1471430,1471431,1471432,1471433,1471434,1471435,1471436,1471437,1471438
71,7101,'20261003',1494371,1494372,1494373,1494374,1494375,1494376,1494377,1494378,1494379,1494380,1494381,1494382,1494383,1494384,1494385,1494386,1494387,1494388,1494389,1494390,1494391,1494392,1494393,1494394,1494395,1494396,1494397,1494398,1494399,1494400,1494401,1494402,1494403
71,7101,'20261004',1494404,1494405,1494406,1494407,1494408,1494409,1494410,1494411,1494412,1494413,1494414,1494415,1494416,1494417,1494418,1494419,1494420,1494421,1494422,1494423,1494424,1494425,1494426,1494427,1494428,1494429,1494430,1494431,1494432,1494433,1494434,1494435,1494436
71,7101,'20261005',1494437,1494438,1494439,1494440,1494441,1494442,1494443,1494444,1494445,1494446,1494447,1494448,1494449,1494450,1494451,1494452,1494453,1494454,1494455,1494456,1494457,1494458,1494459,1494460,1494461,1494462,1494463,1494464,1494465,1494466,1494467,1494468,1494469,1494470,1494471,1494472,1494473,1494474,1494475,1494476,1494477,1494478,1494479,1494480,1494481,1494482,1494483
71,7101,'20261006',1520598,1520599,1520600,1520601,1520602,1520603,1520604,1520605,1520606,1520607,1520608,1520609,1520610,1520611,1520612,1520613,1520614,1520615,1520616,1520617,1520618,1520619,1520620,1520621,1520622,1520623,1520624,1520625,1520626,1520627,1520628,1520629,1520630,1520631,1520632,1520633,1520634,1520635,1520636,1520637,1520638,1520639,1520640,1520641,1520642,1520643,1520644
71,7101,'20261007',1520645,1520646,1520647,1520648,1520649,1520650,1520651,1520652,1520653,1520654,1520655,1520656,1520657,1520658,1520659,1520660,1520661,1520662,1520663,1520664,1520665,1520666,1520667,1520668,1520669,1520670,1520671,1520672,1520673,1520674,1520675,1520676,1520677,1520678,1520679,1520680,1520681,1520682,1520683,1520684,1520685,1520686,1520687,1520688,1520689,1520690,1520691
71,7101,'20261008',1520692,1520693,1520694,1520695,1520696,1520697,1520698,1520699,1520700,1520701,1520702,1520703,1520704,1520705,1520706,1520707,1520708,1520709,1520710,1520711,1520712,1520713,1520714,1520715,1520716,1520717,1520718,1520719,1520720,1520721,1520722,1520723,1520724,1520725,1520726,1520727,1520728,1520729,1520730,1520731,1520732,1520733,1520734,1520735,1520736,1520737,1520738
71,7101,'20261009',1520739,1520740,1520741,1520742,1520743,1520744,1520745,1520746,1520747,1520748,1520749,1520750,1520751,1520752,1520753,1520754,1520755,1520756,1520757,1520758,1520759,1520760,1520761,1520762,1520763,1520764,1520765,1520766,1520767,1520768,1520769,1520770,1520771,1520772,1520773,1520774,1520775,1520776,1520777,1520778,1520779,1520780,1520781,1520782,1520783,1520784,1520785
71,7101,'20261010',1548582,1548583,1548584,1548585,1548586,1548587,1548588,1548589,1548590,1548591,1548592,1548593,1548594,1548595,1548596,1548597,1548598,1548599,1548600,1548601,1548602,1548603,1548604,1548605,1548606,1548607,1548608,1548609,1548610,1548611,1548612,1548613,1548614
71,7101,'20261011',1548615,1548616,1548617,1548618,1548619,1548620,1548621,1548622,1548623,1548624,1548625,1548626,1548627,1548628,1548629,1548630,1548631,1548632,1548633,1548634,1548635,1548636,1548637,1548638,1548639,1548640,1548641,1548642,1548643,1548644,1548645,1548646,1548647
71,7101,'20261012',1548648,1548649,1548650,1548651,1548652,1548653,1548654,1548655,1548656,1548657,1548658,1548659,1548660,1548661,1548662,1548663,1548664,1548665,1548666,1548667,1548668,1548669,1548670,1548671,1548672,1548673,1548674,1548675,1548676,1548677,1548678,1548679,1548680
72,7202,'20260929',1548681,1548682,1548683,1548684,1548685,1548686,1548687,1548688,1548689,1548690,1548691,1548692,1548693,1548694,1548695,1548696,1548697,1548698,1548699,1548700,1548701,1548702,1548703,1548704,1548705,1548706,1548707,1548708,1548709,1548710,1548711,1548712
72,7202,'20260930',1548713,1548714,1548715,1548716,1548717,1548718,1548719,1548720,1548721,1548722,1548723,1548724,1548725,1548726,1548727,1548728,1548729,1548730,1548731,1548732,1548733,1548734,1548735,1548736,1548737,1548738,1548739,1548740,1548741,1548742,1548743,1548744
72,7202,'20261001',1548745,1548746,1548747,1548748,1548749,1548750,1548751,1548752,1548753,1548754,1548755,1548756,1548757,1548758,1548759,1548760,1548761,1548762,1548763,1548764,1548765,1548766,1548767,1548768,1548769,1548770,1548771,1548772,1548773,1548774,1548775,1548776
72,7202,'20261002',1471571,1471572,1471573,1471574,1471575,1471576,1471577,1471578,1471579,1471580,1471581,1471582,1471583,1471584,1471585,1471586,1471587,1471588,1471589,1471590,1471591,1471592,1471593,1471594,1471595,1471596,1471597,1471598,1471599,1471600,1471601,1471602
72,7202,'20261003',1494580,1494581,1494582,1494583,1494584,1494585,1494586,1494587,1494588,1494589,1494590,1494591,1494592,1494593,1494594,1494595,1494596,1494597
72,7202,'20261004',1494598,1494599,1494600,1494601,1494602,1494603,1494604,1494605,1494606,1494607,1494608,1494609,1494610,1494611,1494612,1494613,1494614,1494615
72,7202,'20261005',1494616,1494617,1494618,1494619,1494620,1494621,1494622,1494623,1494624,1494625,1494626,1494627,1494628,1494629,1494630,1494631,1494632,1494633,1494634,1494635,1494636,1494637,1494638,1494639,1494640,1494641,1494642,1494643,1494644,1494645,1494646,1494647
72,7202,'20261006',1520886,1520887,1520888,1520889,1520890,1520891,1520892,1520893,1520894,1520895,1520896,1520897,1520898,1520899,1520900,1520901,1520902,1520903,1520904,1520905,1520906,1520907,1520908,1520909,1520910,1520911,1520912,1520913,1520914,1520915,1520916,1520917
72,7202,'20261007',1520918,1520919,1520920,1520921,1520922,1520923,1520924,1520925,1520926,1520927,1520928,1520929,1520930,1520931,1520932,1520933,1520934,1520935,1520936,1520937,1520938,1520939,1520940,1520941,1520942,1520943,1520944,1520945,1520946,1520947,1520948,1520949
72,7202,'20261008',1520950,1520951,1520952,1520953,1520954,1520955,1520956,1520957,1520958,1520959,1520960,1520961,1520962,1520963,1520964,1520965,1520966,1520967,1520968,1520969,1520970,1520971,1520972,1520973,1520974,1520975,1520976,1520977,1520978,1520979,1520980,1520981
72,7202,'20261009',1520982,1520983,1520984,1520985,1520986,1520987,1520988,1520989,1520990,1520991,1520992,1520993,1520994,1520995,1520996,1520997,1520998,1520999,1521000,1521001,1521002,1521003,1521004,1521005,1521006,1521007,1521008,1521009,1521010,1521011,1521012,1521013
72,7202,'20261010',1548777,1548778,1548779,1548780,1548781,1548782,1548783,1548784,1548785,1548786,1548787,1548788,1548789,1548790,1548791,1548792,1548793,1548794
72,7202,'20261011',1548795,1548796,1548797,1548798,1548799,1548800,1548801,1548802,1548803,1548804,1548805,1548806,1548807,1548808,1548809,1548810,1548811,1548812
72,7202,'20261012',1548813,1548814,1548815,1548816,1548817,1548818,1548819,1548820,1548821,1548822,1548823,1548824,1548825,1548826,1548827,1548828,1548829,1548830
72,7203,'20260929',1548831,1548832,1548833,1548834,1548835,1548836,1548837,1548838,1548839,1548840,1548841,1548842,1548843,1548844,1548845,1548846,1548847,1548848,1548849,1548850,1548851,1548852,1548853,1548854,1548855,1548856,1548857,1548858,1548859,1548860,1548861
72,7203,'20260930',1548862,1548863,1548864,1548865,1548866,1548867,1548868,1548869,1548870,1548871,1548872,1548873,1548874,1548875,1548876,1548877,1548878,1548879,1548880,1548881,1548882,1548883,1548884,1548885,1548886,1548887,1548888,1548889,1548890,1548891,1548892
72,7203,'20261001',1548893,1548894,1548895,1548896,1548897,1548898,1548899,1548900,1548901,1548902,1548903,1548904,1548905,1548906,1548907,1548908,1548909,1548910,1548911,1548912,1548913,1548914,1548915,1548916,1548917,1548918,1548919,1548920,1548921,1548922,1548923
72,7203,'20261002',1471734,1471735,1471736,1471737,1471738,1471739,1471740,1471741,1471742,1471743,1471744,1471745,1471746,1471747,1471748,1471749,1471750,1471751,1471752,1471753,1471754,1471755,1471756,1471757,1471758,1471759,1471760,1471761,1471762,1471763,1471764
72,7203,'20261003',1494741,1494742,1494743,1494744,1494745,1494746,1494747,1494748,1494749,1494750,1494751,1494752,1494753,1494754,1494755,1494756,1494757,1494758,1494759
72,7203,'20261004',1494760,1494761,1494762,1494763,1494764,1494765,1494766,1494767,1494768,1494769,1494770,1494771,1494772,1494773,1494774,1494775,1494776,1494777,1494778
72,7203,'20261005',1494779,1494780,1494781,1494782,1494783,1494784,1494785,1494786,1494787,1494788,1494789,1494790,1494791,1494792,1494793,1494794,1494795,1494796,1494797,1494798,1494799,1494800,1494801,1494802,1494803,1494804,1494805,1494806,1494807,1494808,1494809
72,7203,'20261006',1521114,1521115,1521116,1521117,1521118,1521119,1521120,1521121,1521122,1521123,1521124,1521125,1521126,1521127,1521128,1521129,1521130,1521131,1521132,1521133,1521134,1521135,1521136,1521137,1521138,1521139,1521140,1521141,1521142,1521143,1521144
72,7203,'20261007',1521145,1521146,1521147,1521148,1521149,1521150,1521151,1521152,1521153,1521154,1521155,1521156,1521157,1521158,1521159,1521160,1521161,1521162,1521163,1521164,1521165,1521166,1521167,1521168,1521169,1521170,1521171,1521172,1521173,1521174,1521175
72,7203,'20261008',1521176,1521177,1521178,1521179,1521180,1521181,1521182,1521183,1521184,1521185,1521186,1521187,1521188,1521189,1521190,1521191,1521192,1521193,1521194,1521195,1521196,1521197,1521198,1521199,1521200,1521201,1521202,1521203,1521204,1521205,1521206
72,7203,'20261009',1521207,1521208,1521209,1521210,1521211,1521212,1521213,1521214,1521215,1521216,1521217,1521218,1521219,1521220,1521221,1521222,1521223,1521224,1521225,1521226,1521227,1521228,1521229,1521230,1521231,1521232,1521233,1521234,1521235,1521236,1521237
72,7203,'20261010',1548924,1548925,1548926,1548927,1548928,1548929,1548930,1548931,1548932,1548933,1548934,1548935,1548936,1548937,1548938,1548939,1548940,1548941,1548942
72,7203,'20261011',1548943,1548944,1548945,1548946,1548947,1548948,1548949,1548950,1548951,1548952,1548953,1548954,1548955,1548956,1548957,1548958,1548959,1548960,1548961
72,7203,'20261012',1548962,1548963,1548964,1548965,1548966,1548967,1548968,1548969,1548970,1548971,1548972,1548973,1548974,1548975,1548976,1548977,1548978,1548979,1548980
74,7400,'20260929',1548981,1548982,1548983,1548984,1548985,1548986,1548987,1548988,1548989,1548990,1548991,1548992,1548993,1548994,1548995,1548996,1548997,1548998,1548999,1549000,1549001
74,7400,'20260930',1549002,1549003,1549004,1549005,1549006,1549007,1549008,1549009,1549010,1549011,1549012,1549013,1549014,1549015,1549016,1549017,1549018,1549019,1549020,1549021,1549022
74,7400,'20261001',1549023,1549024,1549025,1549026,1549027,1549028,1549029,1549030,1549031,1549032,1549033,1549034,1549035,1549036,1549037,1549038,1549039,1549040,1549041,1549042,1549043
74,7400,'20261002',1471862,1471863,1471864,1471865,1471866,1471867,1471868,1471869,1471870,1471871,1471872,1471873,1471874,1471875,1471876,1471877,1471878,1471879,1471880,1471881,1471882
74,7400,'20261003',1494873,1494874,1494875,1494876,1494877,1494878,1494879,1494880,1494881,1494882,1494883,1494884,1494885,1494886,1494887,1494888,1494889
74,7400,'20261004',1494890,1494891,1494892,1494893,1494894,1494895,1494896,1494897,1494898,1494899,1494900,1494901,1494902,1494903,1494904,1494905,1494906
74,7400,'20261005',1494907,1494908,1494909,1494910,1494911,1494912,1494913,1494914,1494915,1494916,1494917,1494918,1494919,1494920,1494921,1494922,1494923,1494924,1494925,1494926,1494927
74,7400,'20261006',1521314,1521315,1521316,1521317,1521318,1521319,1521320,1521321,1521322,1521323,1521324,1521325,1521326,1521327,1521328,1521329,1521330,1521331,1521332,1521333,1521334
74,7400,'20261007',1521335,1521336,1521337,1521338,1521339,1521340,1521341,1521342,1521343,1521344,1521345,1521346,1521347,1521348,1521349,1521350,1521351,1521352,1521353,1521354,1521355
74,7400,'20261008',1521356,1521357,1521358,1521359,1521360,1521361,1521362,1521363,1521364,1521365,1521366,1521367,1521368,1521369,1521370,1521371,1521372,1521373,1521374,1521375,1521376
74,7400,'20261009',1521377,1521378,1521379,1521380,1521381,1521382,1521383,1521384,1521385,1521386,1521387,1521388,1521389,1521390,1521391,1521392,1521393,1521394,1521395,1521396,1521397
74,7400,'20261010',1549044,1549045,1549046,1549047,1549048,1549049,1549050,1549051,1549052,1549053,1549054,1549055,1549056,1549057,1549058,1549059,1549060
74,7400,'20261011',1549061,1549062,1549063,1549064,1549065,1549066,1549067,1549068,1549069,1549070,1549071,1549072,1549073,1549074,1549075,1549076,1549077
74,7400,'20261012',1549078,1549079,1549080,1549081,1549082,1549083,1549084,1549085,1549086,1549087,1549088,1549089,1549090,1549091,1549092,1549093,1549094
74,7401,'20260929',1549095,1549096,1549097,1549098,1549099,1549100,1549101,1549102,1549103,1549104,1549105,1549106,1549107,1549108,1549109,1549110,1549111,1549112,1549113,1549114
74,7401,'20260930',1549115,1549116,1549117,1549118,1549119,1549120,1549121,1549122,1549123,1549124,1549125,1549126,1549127,1549128,1549129,1549130,1549131,1549132,1549133,1549134
74,7401,'20261001',1549135,1549136,1549137,1549138,1549139,1549140,1549141,1549142,1549143,1549144,1549145,1549146,1549147,1549148,1549149,1549150,1549151,1549152,1549153,1549154
74,7401,'20261002',1471977,1471978,1471979,1471980,1471981,1471982,1471983,1471984,1471985,1471986,1471987,1471988,1471989,1471990,1471991,1471992,1471993,1471994,1471995,1471996
74,7401,'20261003',1494988,1494989,1494990,1494991,1494992,1494993,1494994,1494995,1494996,1494997,1494998,1494999,1495000,1495001,1495002,1495003,1495004
74,7401,'20261004',1495005,1495006,1495007,1495008,1495009,1495010,1495011,1495012,1495013,1495014,1495015,1495016,1495017,1495018,1495019,1495020,1495021
74,7401,'20261005',1495022,1495023,1495024,1495025,1495026,1495027,1495028,1495029,1495030,1495031,1495032,1495033,1495034,1495035,1495036,1495037,1495038,1495039,1495040,1495041
74,7401,'20261006',1521472,1521473,1521474,1521475,1521476,1521477,1521478,1521479,1521480,1521481,1521482,1521483,1521484,1521485,1521486,1521487,1521488,1521489,1521490,1521491
74,7401,'20261007',1521492,1521493,1521494,1521495,1521496,1521497,1521498,1521499,1521500,1521501,1521502,1521503,1521504,1521505,1521506,1521507,1521508,1521509,1521510,1521511
74,7401,'20261008',1521512,1521513,1521514,1521515,1521516,1521517,1521518,1521519,1521520,1521521,1521522,1521523,1521524,1521525,1521526,1521527,1521528,1521529,1521530,1521531
74,7401,'20261009',1521532,1521533,1521534,1521535,1521536,1521537,1521538,1521539,1521540,1521541,1521542,1521543,1521544,1521545,1521546,1521547,1521548,1521549,1521550,1521551
74,7401,'20261010',1549155,1549156,1549157,1549158,1549159,1549160,1549161,1549162,1549163,1549164,1549165,1549166,1549167,1549168,1549169,1549170,1549171
74,7401,'20261011',1549172,1549173,1549174,1549175,1549176,1549177,1549178,1549179,1549180,1549181,1549182,1549183,1549184,1549185,1549186,1549187,1549188
74,7401,'20261012',1549189,1549190,1549191,1549192,1549193,1549194,1549195,1549196,1549197,1549198,1549199,1549200,1549201,1549202,1549203,1549204,1549205
76,7600,'20260929',1549206,1549207,1549208,1549209,1549210,1549211,1549212,1549213,1549214,1549215,1549216,1549217,1549218,1549219,1549220,1549221,1549222,1549223,1549224,1549225,1549226,1549227,1549228,1549229,1549230
76,7600,'20260930',1549231,1549232,1549233,1549234,1549235,1549236,1549237,1549238,1549239,1549240,1549241,1549242,1549243,1549244,1549245,1549246,1549247,1549248,1549249,1549250,1549251,1549252,1549253,1549254,1549255
76,7600,'20261001',1549256,1549257,1549258,1549259,1549260,1549261,1549262,1549263,1549264,1549265,1549266,1549267,1549268,1549269,1549270,1549271,1549272,1549273,1549274,1549275,1549276,1549277,1549278,1549279,1549280
76,7600,'20261002',1472125,1472126,1472127,1472128,1472129,1472130,1472131,1472132,1472133,1472134,1472135,1472136,1472137,1472138,1472139,1472140,1472141,1472142,1472143,1472144,1472145,1472146,1472147,1472148,1472149
76,7600,'20261003',1495118,1495119,1495120,1495121,1495122,1495123,1495124,1495125,1495126,1495127,1495128,1495129,1495130,1495131,1495132,1495133,1495134,1495135,1495136,1495137,1495138,1495139,1495140,1495141,1495142,1495143
76,7600,'20261004',1495144,1495145,1495146,1495147,1495148,1495149,1495150,1495151,1495152,1495153,1495154,1495155,1495156,1495157,1495158,1495159,1495160,1495161,1495162,1495163,1495164,1495165,1495166,1495167,1495168,1495169
76,7600,'20261005',1495170,1495171,1495172,1495173,1495174,1495175,1495176,1495177,1495178,1495179,1495180,1495181,1495182,1495183,1495184,1495185,1495186,1495187,1495188,1495189,1495190,1495191,1495192,1495193,1495194
76,7600,'20261006',1521654,1521655,1521656,1521657,1521658,1521659,1521660,1521661,1521662,1521663,1521664,1521665,1521666,1521667,1521668,1521669,1521670,1521671,1521672,1521673,1521674,1521675,1521676,1521677,1521678
76,7600,'20261007',1521679,1521680,1521681,1521682,1521683,1521684,1521685,1521686,1521687,1521688,1521689,1521690,1521691,1521692,1521693,1521694,1521695,1521696,1521697,1521698,1521699,1521700,1521701,1521702,1521703
76,7600,'20261008',1521704,1521705,1521706,1521707,1521708,1521709,1521710,1521711,1521712,1521713,1521714,1521715,1521716,1521717,1521718,1521719,1521720,1521721,1521722,1521723,1521724,1521725,1521726,1521727,1521728
76,7600,'20261009',1521729,1521730,1521731,1521732,1521733,1521734,1521735,1521736,1521737,1521738,1521739,1521740,1521741,1521742,1521743,1521744,1521745,1521746,1521747,1521748,1521749,1521750,1521751,1521752,1521753
76,7600,'20261010',1549281,1549282,1549283,1549284,1549285,1549286,1549287,1549288,1549289,1549290,1549291,1549292,1549293,1549294,1549295,1549296,1549297,1549298,1549299,1549300,1549301,1549302,1549303,1549304,1549305,1549306
76,7600,'20261011',1549307,1549308,1549309,1549310,1549311,1549312,1549313,1549314,1549315,1549316,1549317,1549318,1549319,1549320,1549321,1549322,1549323,1549324,1549325,1549326,1549327,1549328,1549329,1549330,1549331,1549332
76,7600,'20261012',1549333,1549334,1549335,1549336,1549337,1549338,1549339,1549340,1549341,1549342,1549343,1549344,1549345,1549346,1549347,1549348,1549349,1549350,1549351,1549352,1549353,1549354,1549355,1549356,1549357,1549358
76,7601,'20260929',1549359,1549360,1549361,1549362,1549363,1549364,1549365,1549366,1549367,1549368,1549369,1549370,1549371,1549372,1549373,1549374,1549375,1549376,1549377,1549378,1549379,1549380,1549381,1549382,1549383,1549384
76,7601,'20260930',1549385,1549386,1549387,1549388,1549389,1549390,1549391,1549392,1549393,1549394,1549395,1549396,1549397,1549398,1549399,1549400,1549401,1549402,1549403,1549404,1549405,1549406,1549407,1549408,1549409,1549410
76,7601,'20261001',1549411,1549412,1549413,1549414,1549415,1549416,1549417,1549418,1549419,1549420,1549421,1549422,1549423,1549424,1549425,1549426,1549427,1549428,1549429,1549430,1549431,1549432,1549433,1549434,1549435,1549436
76,7601,'20261002',1472279,1472280,1472281,1472282,1472283,1472284,1472285,1472286,1472287,1472288,1472289,1472290,1472291,1472292,1472293,1472294,1472295,1472296,1472297,1472298,1472299,1472300,1472301,1472302,1472303,1472304
76,7601,'20261003',1495274,1495275,1495276,1495277,1495278,1495279,1495280,1495281,1495282,1495283,1495284,1495285,1495286,1495287,1495288,1495289,1495290,1495291,1495292,1495293,1495294,1495295,1495296,1495297,1495298
76,7601,'20261004',1495299,1495300,1495301,1495302,1495303,1495304,1495305,1495306,1495307,1495308,1495309,1495310,1495311,1495312,1495313,1495314,1495315,1495316,1495317,1495318,1495319,1495320,1495321,1495322,1495323
76,7601,'20261005',1495324,1495325,1495326,1495327,1495328,1495329,1495330,1495331,1495332,1495333,1495334,1495335,1495336,1495337,1495338,1495339,1495340,1495341,1495342,1495343,1495344,1495345,1495346,1495347,1495348,1495349
76,7601,'20261006',1521856,1521857,1521858,1521859,1521860,1521861,1521862,1521863,1521864,1521865,1521866,1521867,1521868,1521869,1521870,1521871,1521872,1521873,1521874,1521875,1521876,1521877,1521878,1521879,1521880,1521881
76,7601,'20261007',1521882,1521883,1521884,1521885,1521886,1521887,1521888,1521889,1521890,1521891,1521892,1521893,1521894,1521895,1521896,1521897,1521898,1521899,1521900,1521901,1521902,1521903,1521904,1521905,1521906,1521907
76,7601,'20261008',1521908,1521909,1521910,1521911,1521912,1521913,1521914,1521915,1521916,1521917,1521918,1521919,1521920,1521921,1521922,1521923,1521924,1521925,1521926,1521927,1521928,1521929,1521930,1521931,1521932,1521933
76,7601,'20261009',1521934,1521935,1521936,1521937,1521938,1521939,1521940,1521941,1521942,1521943,1521944,1521945,1521946,1521947,1521948,1521949,1521950,1521951,1521952,1521953,1521954,1521955,1521956,1521957,1521958,1521959
76,7601,'20261010',1549437,1549438,1549439,1549440,1549441,1549442,1549443,1549444,1549445,1549446,1549447,1549448,1549449,1549450,1549451,1549452,1549453,1549454,1549455,1549456,1549457,1549458,1549459,1549460,1549461
76,7601,'20261011',1549462,1549463,1549464,1549465,1549466,1549467,1549468,1549469,1549470,1549471,1549472,1549473,1549474,1549475,1549476,1549477,1549478,1549479,1549480,1549481,1549482,1549483,1549484,1549485,1549486
76,7601,'20261012',1549487,1549488,1549489,1549490,1549491,1549492,1549493,1549494,1549495,1549496,1549497,1549498,1549499,1549500,1549501,1549502,1549503,1549504,1549505,1549506,1549507,1549508,1549509,1549510,1549511
79,7900,'20260929',1549512,1549513,1549514,1549515,1549516,1549517,1549518,1549519,1549520,1549521,1549522,1549523,1549524,1549525,1549526,1549527,1549528,1549529,1549530,1549531,1549532,1549533
79,7900,'20260930',1549534,1549535,1549536,1549537,1549538,1549539,1549540,1549541,1549542,1549543,1549544,1549545,1549546,1549547,1549548,1549549,1549550,1549551,1549552,1549553,1549554,1549555
79,7900,'20261001',1549556,1549557,1549558,1549559,1549560,1549561,1549562,1549563,1549564,1549565,1549566,1549567,1549568,1549569,1549570,1549571,1549572,1549573,1549574,1549575,1549576,1549577
79,7900,'20261002',1472405,1472406,1472407,1472408,1472409,1472410,1472411,1472412,1472413,1472414,1472415,1472416,1472417,1472418,1472419,1472420,1472421,1472422,1472423,1472424,1472425,1472426
79,7900,'20261003',1495416,1495417,1495418,1495419,1495420,1495421,1495422,1495423,1495424,1495425,1495426,1495427,1495428,1495429,1495430,1495431,1495432
79,7900,'20261004',1495433,1495434,1495435,1495436,1495437,1495438,1495439,1495440,1495441,1495442,1495443,1495444,1495445,1495446,1495447,1495448,1495449
79,7900,'20261005',1495450,1495451,1495452,1495453,1495454,1495455,1495456,1495457,1495458,1495459,1495460,1495461,1495462,1495463,1495464,1495465,1495466,1495467,1495468,1495469,1495470,1495471
79,7900,'20261006',1522038,1522039,1522040,1522041,1522042,1522043,1522044,1522045,1522046,1522047,1522048,1522049,1522050,1522051,1522052,1522053,1522054,1522055,1522056,1522057,1522058,1522059
79,7900,'20261007',1522060,1522061,1522062,1522063,1522064,1522065,1522066,1522067,1522068,1522069,1522070,1522071,1522072,1522073,1522074,1522075,1522076,1522077,1522078,1522079,1522080,1522081
79,7900,'20261008',1522082,1522083,1522084,1522085,1522086,1522087,1522088,1522089,1522090,1522091,1522092,1522093,1522094,1522095,1522096,1522097,1522098,1522099,1522100,1522101,1522102,1522103
79,7900,'20261009',1522104,1522105,1522106,1522107,1522108,1522109,1522110,1522111,1522112,1522113,1522114,1522115,1522116,1522117,1522118,1522119,1522120,1522121,1522122,1522123,1522124,1522125
79,7900,'20261010',1549578,1549579,1549580,1549581,1549582,1549583,1549584,1549585,1549586,1549587,1549588,1549589,1549590,1549591,1549592,1549593,1549594
79,7900,'20261011',1549595,1549596,1549597,1549598,1549599,1549600,1549601,1549602,1549603,1549604,1549605,1549606,1549607,1549608,1549609,1549610,1549611
79,7900,'20261012',1549612,1549613,1549614,1549615,1549616,1549617,1549618,1549619,1549620,1549621,1549622,1549623,1549624,1549625,1549626,1549627,1549628
79,7901,'20260929',1549629,1549630,1549631,1549632,1549633,1549634,1549635,1549636,1549637,1549638,1549639,1549640,1549641,1549642,1549643,1549644,1549645,1549646,1549647,1549648,1549649,1549650
79,7901,'20260930',1549651,1549652,1549653,1549654,1549655,1549656,1549657,1549658,1549659,1549660,1549661,1549662,1549663,1549664,1549665,1549666,1549667,1549668,1549669,1549670,1549671,1549672
79,7901,'20261001',1549673,1549674,1549675,1549676,1549677,1549678,1549679,1549680,1549681,1549682,1549683,1549684,1549685,1549686,1549687,1549688,1549689,1549690,1549691,1549692,1549693,1549694
79,7901,'20261002',1472529,1472530,1472531,1472532,1472533,1472534,1472535,1472536,1472537,1472538,1472539,1472540,1472541,1472542,1472543,1472544,1472545,1472546,1472547,1472548,1472549,1472550
79,7901,'20261003',1495538,1495539,1495540,1495541,1495542,1495543,1495544,1495545,1495546,1495547,1495548,1495549,1495550,1495551,1495552,1495553,1495554,1495555
79,7901,'20261004',1495556,1495557,1495558,1495559,1495560,1495561,1495562,1495563,1495564,1495565,1495566,1495567,1495568,1495569,1495570,1495571,1495572,1495573
79,7901,'20261005',1495574,1495575,1495576,1495577,1495578,1495579,1495580,1495581,1495582,1495583,1495584,1495585,1495586,1495587,1495588,1495589,1495590,1495591,1495592,1495593,1495594,1495595
79,7901,'20261006',1522206,1522207,1522208,1522209,1522210,1522211,1522212,1522213,1522214,1522215,1522216,1522217,1522218,1522219,1522220,1522221,1522222,1522223,1522224,1522225,1522226,1522227
79,7901,'20261007',1522228,1522229,1522230,1522231,1522232,1522233,1522234,1522235,1522236,1522237,1522238,1522239,1522240,1522241,1522242,1522243,1522244,1522245,1522246,1522247,1522248,1522249
79,7901,'20261008',1522250,1522251,1522252,1522253,1522254,1522255,1522256,1522257,1522258,1522259,1522260,1522261,1522262,1522263,1522264,1522265,1522266,1522267,1522268,1522269,1522270,1522271
79,7901,'20261009',1522272,1522273,1522274,1522275,1522276,1522277,1522278,1522279,1522280,1522281,1522282,1522283,1522284,1522285,1522286,1522287,1522288,1522289,1522290,1522291,1522292,1522293
79,7901,'20261010',1549695,1549696,1549697,1549698,1549699,1549700,1549701,1549702,1549703,1549704,1549705,1549706,1549707,1549708,1549709,1549710,1549711,1549712
79,7901,'20261011',1549713,1549714,1549715,1549716,1549717,1549718,1549719,1549720,1549721,1549722,1549723,1549724,1549725,1549726,1549727,1549728,1549729,1549730
79,7901,'20261012',1549731,1549732,1549733,1549734,1549735,1549736,1549737,1549738,1549739,1549740,1549741,1549742,1549743,1549744,1549745,1549746,1549747,1549748
80,8000,'20260929',1549749,1549750,1549751,1549752,1549753,1549754,1549755,1549756,1549757,1549758,1549759,1549760,1549761,1549762,1549763,1549764,1549765,1549766,1549767,1549768,1549769,1549770,1549771,1549772,1549773,1549774,1549775,1549776,1549777,1549778,1549779,1549780,1549781,1549782,1549783,1549784,1549785,1549786,1549787,1549788
80,8000,'20260930',1549789,1549790,1549791,1549792,1549793,1549794,1549795,1549796,1549797,1549798,1549799,1549800,1549801,1549802,1549803,1549804,1549805,1549806,1549807,1549808,1549809,1549810,1549811,1549812,1549813,1549814,1549815,1549816,1549817,1549818,1549819,1549820,1549821,1549822,1549823,1549824,1549825,1549826,1549827,1549828
80,8000,'20261001',1549829,1549830,1549831,1549832,1549833,1549834,1549835,1549836,1549837,1549838,1549839,1549840,1549841,1549842,1549843,1549844,1549845,1549846,1549847,1549848,1549849,1549850,1549851,1549852,1549853,1549854,1549855,1549856,1549857,1549858,1549859,1549860,1549861,1549862,1549863,1549864,1549865,1549866,1549867,1549868
80,8000,'20261002',1472739,1472740,1472741,1472742,1472743,1472744,1472745,1472746,1472747,1472748,1472749,1472750,1472751,1472752,1472753,1472754,1472755,1472756,1472757,1472758,1472759,1472760,1472761,1472762,1472763,1472764,1472765,1472766,1472767,1472768,1472769,1472770,1472771,1472772,1472773,1472774,1472775,1472776
80,8000,'20261003',1495707,1495708,1495709,1495710,1495711,1495712,1495713,1495714,1495715,1495716,1495717,1495718,1495719,1495720,1495721,1495722,1495723,1495724,1495725,1495726,1495727,1495728,1495729,1495730,1495731,1495732,1495733,1495734,1495735,1495736,1495737,1495738,1495739,1495740,1495741,1495742,1495743
80,8000,'20261004',1495744,1495745,1495746,1495747,1495748,1495749,1495750,1495751,1495752,1495753,1495754,1495755,1495756,1495757,1495758,1495759,1495760,1495761,1495762,1495763,1495764,1495765,1495766,1495767,1495768,1495769,1495770,1495771,1495772,1495773,1495774,1495775,1495776,1495777,1495778,1495779,1495780
80,8000,'20261005',1495781,1495782,1495783,1495784,1495785,1495786,1495787,1495788,1495789,1495790,1495791,1495792,1495793,1495794,1495795,1495796,1495797,1495798,1495799,1495800,1495801,1495802,1495803,1495804,1495805,1495806,1495807,1495808,1495809,1495810,1495811,1495812,1495813,1495814,1495815,1495816,1495817,1495818
80,8000,'20261006',1522448,1522449,1522450,1522451,1522452,1522453,1522454,1522455,1522456,1522457,1522458,1522459,1522460,1522461,1522462,1522463,1522464,1522465,1522466,1522467,1522468,1522469,1522470,1522471,1522472,1522473,1522474,1522475,1522476,1522477,1522478,1522479,1522480,1522481,1522482,1522483,1522484,1522485
80,8000,'20261007',1522486,1522487,1522488,1522489,1522490,1522491,1522492,1522493,1522494,1522495,1522496,1522497,1522498,1522499,1522500,1522501,1522502,1522503,1522504,1522505,1522506,1522507,1522508,1522509,1522510,1522511,1522512,1522513,1522514,1522515,1522516,1522517,1522518,1522519,1522520,1522521,1522522,1522523
80,8000,'20261008',1522524,1522525,1522526,1522527,1522528,1522529,1522530,1522531,1522532,1522533,1522534,1522535,1522536,1522537,1522538,1522539,1522540,1522541,1522542,1522543,1522544,1522545,1522546,1522547,1522548,1522549,1522550,1522551,1522552,1522553,1522554,1522555,1522556,1522557,1522558,1522559,1522560,1522561
80,8000,'20261009',1522562,1522563,1522564,1522565,1522566,1522567,1522568,1522569,1522570,1522571,1522572,1522573,1522574,1522575,1522576,1522577,1522578,1522579,1522580,1522581,1522582,1522583,1522584,1522585,1522586,1522587,1522588,1522589,1522590,1522591,1522592,1522593,1522594,1522595,1522596,1522597,1522598,1522599
80,8000,'20261010',1549869,1549870,1549871,1549872,1549873,1549874,1549875,1549876,1549877,1549878,1549879,1549880,1549881,1549882,1549883,1549884,1549885,1549886,1549887,1549888,1549889,1549890,1549891,1549892,1549893,1549894,1549895,1549896,1549897,1549898,1549899,1549900,1549901,1549902,1549903,1549904,1549905
80,8000,'20261011',1549906,1549907,1549908,1549909,1549910,1549911,1549912,1549913,1549914,1549915,1549916,1549917,1549918,1549919,1549920,1549921,1549922,1549923,1549924,1549925,1549926,1549927,1549928,1549929,1549930,1549931,1549932,1549933,1549934,1549935,1549936,1549937,1549938,1549939,1549940,1549941,1549942
80,8000,'20261012',1549943,1549944,1549945,1549946,1549947,1549948,1549949,1549950,1549951,1549952,1549953,1549954,1549955,1549956,1549957,1549958,1549959,1549960,1549961,1549962,1549963,1549964,1549965,1549966,1549967,1549968,1549969,1549970,1549971,1549972,1549973,1549974,1549975,1549976,1549977,1549978,1549979
80,8001,'20260929',1549980,1549981,1549982,1549983,1549984,1549985,1549986,1549987,1549988,1549989,1549990,1549991,1549992,1549993,1549994,1549995,1549996,1549997,1549998,1549999,1550000,1550001,1550002,1550003,1550004,1550005,1550006,1550007,1550008,1550009,1550010,1550011,1550012,1550013,1550014,1550015,1550016,1550017
80,8001,'20260930',1550018,1550019,1550020,1550021,1550022,1550023,1550024,1550025,1550026,1550027,1550028,1550029,1550030,1550031,1550032,1550033,1550034,1550035,1550036,1550037,1550038,1550039,1550040,1550041,1550042,1550043,1550044,1550045,1550046,1550047,1550048,1550049,1550050,1550051,1550052,1550053,1550054,1550055
80,8001,'20261001',1550056,1550057,1550058,1550059,1550060,1550061,1550062,1550063,1550064,1550065,1550066,1550067,1550068,1550069,1550070,1550071,1550072,1550073,1550074,1550075,1550076,1550077,1550078,1550079,1550080,1550081,1550082,1550083,1550084,1550085,1550086,1550087,1550088,1550089,1550090,1550091,1550092,1550093
80,8001,'20261002',1472960,1472961,1472962,1472963,1472964,1472965,1472966,1472967,1472968,1472969,1472970,1472971,1472972,1472973,1472974,1472975,1472976,1472977,1472978,1472979,1472980,1472981,1472982,1472983,1472984,1472985,1472986,1472987,1472988,1472989,1472990,1472991,1472992,1472993,1472994,1472995,1472996
80,8001,'20261003',1495924,1495925,1495926,1495927,1495928,1495929,1495930,1495931,1495932,1495933,1495934,1495935,1495936,1495937,1495938,1495939,1495940,1495941,1495942,1495943,1495944,1495945,1495946,1495947,1495948,1495949,1495950,1495951,1495952,1495953,1495954,1495955,1495956,1495957,1495958,1495959
80,8001,'20261004',1495960,1495961,1495962,1495963,1495964,1495965,1495966,1495967,1495968,1495969,1495970,1495971,1495972,1495973,1495974,1495975,1495976,1495977,1495978,1495979,1495980,1495981,1495982,1495983,1495984,1495985,1495986,1495987,1495988,1495989,1495990,1495991,1495992,1495993,1495994,1495995
80,8001,'20261005',1495996,1495997,1495998,1495999,1496000,1496001,1496002,1496003,1496004,1496005,1496006,1496007,1496008,1496009,1496010,1496011,1496012,1496013,1496014,1496015,1496016,1496017,1496018,1496019,1496020,1496021,1496022,1496023,1496024,1496025,1496026,1496027,1496028,1496029,1496030,1496031,1496032
80,8001,'20261006',1522748,1522749,1522750,1522751,1522752,1522753,1522754,1522755,1522756,1522757,1522758,1522759,1522760,1522761,1522762,1522763,1522764,1522765,1522766,1522767,1522768,1522769,1522770,1522771,1522772,1522773,1522774,1522775,1522776,1522777,1522778,1522779,1522780,1522781,1522782,1522783,1522784
80,8001,'20261007',1522785,1522786,1522787,1522788,1522789,1522790,1522791,1522792,1522793,1522794,1522795,1522796,1522797,1522798,1522799,1522800,1522801,1522802,1522803,1522804,1522805,1522806,1522807,1522808,1522809,1522810,1522811,1522812,1522813,1522814,1522815,1522816,1522817,1522818,1522819,1522820,1522821
80,8001,'20261008',1522822,1522823,1522824,1522825,1522826,1522827,1522828,1522829,1522830,1522831,1522832,1522833,1522834,1522835,1522836,1522837,1522838,1522839,1522840,1522841,1522842,1522843,1522844,1522845,1522846,1522847,1522848,1522849,1522850,1522851,1522852,1522853,1522854,1522855,1522856,1522857,1522858
80,8001,'20261009',1522859,1522860,1522861,1522862,1522863,1522864,1522865,1522866,1522867,1522868,1522869,1522870,1522871,1522872,1522873,1522874,1522875,1522876,1522877,1522878,1522879,1522880,1522881,1522882,1522883,1522884,1522885,1522886,1522887,1522888,1522889,1522890,1522891,1522892,1522893,1522894,1522895
80,8001,'20261010',1550094,1550095,1550096,1550097,1550098,1550099,1550100,1550101,1550102,1550103,1550104,1550105,1550106,1550107,1550108,1550109,1550110,1550111,1550112,1550113,1550114,1550115,1550116,1550117,1550118,1550119,1550120,1550121,1550122,1550123,1550124,1550125,1550126,1550127,1550128,1550129
80,8001,'20261011',1550130,1550131,1550132,1550133,1550134,1550135,1550136,1550137,1550138,1550139,1550140,1550141,1550142,1550143,1550144,1550145,1550146,1550147,1550148,1550149,1550150,1550151,1550152,1550153,1550154,1550155,1550156,1550157,1550158,1550159,1550160,1550161,1550162,1550163,1550164,1550165
80,8001,'20261012',1550166,1550167,1550168,1550169,1550170,1550171,1550172,1550173,1550174,1550175,1550176,1550177,1550178,1550179,1550180,1550181,1550182,1550183,1550184,1550185,1550186,1550187,1550188,1550189,1550190,1550191,1550192,1550193,1550194,1550195,1550196,1550197,1550198,1550199,1550200,1550201
81,8100,'20260929',1550202,1550203,1550204,1550205,1550206,1550207,1550208,1550209,1550210,1550211,1550212,1550213,1550214,1550215,1550216,1550217,1550218,1550219,1550220,1550221,1550222,1550223,1550224
81,8100,'20260930',1550225,1550226,1550227,1550228,1550229,1550230,1550231,1550232,1550233,1550234,1550235,1550236,1550237,1550238,1550239,1550240,1550241,1550242,1550243,1550244,1550245,1550246,1550247
81,8100,'20261001',1550248,1550249,1550250,1550251,1550252,1550253,1550254,1550255,1550256,1550257,1550258,1550259,1550260,1550261,1550262,1550263,1550264,1550265,1550266,1550267,1550268,1550269,1550270
81,8100,'20261002',1473098,1473099,1473100,1473101,1473102,1473103,1473104,1473105,1473106,1473107,1473108,1473109,1473110,1473111,1473112,1473113,1473114,1473115,1473116,1473117,1473118,1473119,1473120
81,8100,'20261003',1496102,1496103,1496104,1496105,1496106,1496107,1496108,1496109,1496110,1496111,1496112,1496113,1496114,1496115,1496116,1496117
81,8100,'20261004',1496118,1496119,1496120,1496121,1496122,1496123,1496124,1496125,1496126,1496127,1496128,1496129,1496130,1496131,1496132,1496133
81,8100,'20261005',1496134,1496135,1496136,1496137,1496138,1496139,1496140,1496141,1496142,1496143,1496144,1496145,1496146,1496147,1496148,1496149,1496150,1496151,1496152,1496153,1496154,1496155,1496156
81,8100,'20261006',1522974,1522975,1522976,1522977,1522978,1522979,1522980,1522981,1522982,1522983,1522984,1522985,1522986,1522987,1522988,1522989,1522990,1522991,1522992,1522993,1522994,1522995,1522996
81,8100,'20261007',1522997,1522998,1522999,1523000,1523001,1523002,1523003,1523004,1523005,1523006,1523007,1523008,1523009,1523010,1523011,1523012,1523013,1523014,1523015,1523016,1523017,1523018,1523019
81,8100,'20261008',1523020,1523021,1523022,1523023,1523024,1523025,1523026,1523027,1523028,1523029,1523030,1523031,1523032,1523033,1523034,1523035,1523036,1523037,1523038,1523039,1523040,1523041,1523042
81,8100,'20261009',1523043,1523044,1523045,1523046,1523047,1523048,1523049,1523050,1523051,1523052,1523053,1523054,1523055,1523056,1523057,1523058,1523059,1523060,1523061,1523062,1523063,1523064,1523065
81,8100,'20261010',1550271,1550272,1550273,1550274,1550275,1550276,1550277,1550278,1550279,1550280,1550281,1550282,1550283,1550284,1550285,1550286
81,8100,'20261011',1550287,1550288,1550289,1550290,1550291,1550292,1550293,1550294,1550295,1550296,1550297,1550298,1550299,1550300,1550301,1550302
81,8100,'20261012',1550303,1550304,1550305,1550306,1550307,1550308,1550309,1550310,1550311,1550312,1550313,1550314,1550315,1550316,1550317,1550318
81,8101,'20260929',1550319,1550320,1550321,1550322,1550323,1550324,1550325,1550326,1550327,1550328,1550329,1550330,1550331,1550332,1550333,1550334,1550335,1550336,1550337,1550338,1550339,1550340,1550341
81,8101,'20260930',1550342,1550343,1550344,1550345,1550346,1550347,1550348,1550349,1550350,1550351,1550352,1550353,1550354,1550355,1550356,1550357,1550358,1550359,1550360,1550361,1550362,1550363,1550364
81,8101,'20261001',1550365,1550366,1550367,1550368,1550369,1550370,1550371,1550372,1550373,1550374,1550375,1550376,1550377,1550378,1550379,1550380,1550381,1550382,1550383,1550384,1550385,1550386,1550387
81,8101,'20261002',1473226,1473227,1473228,1473229,1473230,1473231,1473232,1473233,1473234,1473235,1473236,1473237,1473238,1473239,1473240,1473241,1473242,1473243,1473244,1473245,1473246,1473247,1473248
81,8101,'20261003',1496226,1496227,1496228,1496229,1496230,1496231,1496232,1496233,1496234,1496235,1496236,1496237,1496238,1496239,1496240,1496241,1496242,1496243
81,8101,'20261004',1496244,1496245,1496246,1496247,1496248,1496249,1496250,1496251,1496252,1496253,1496254,1496255,1496256,1496257,1496258,1496259,1496260,1496261
81,8101,'20261005',1496262,1496263,1496264,1496265,1496266,1496267,1496268,1496269,1496270,1496271,1496272,1496273,1496274,1496275,1496276,1496277,1496278,1496279,1496280,1496281,1496282,1496283,1496284
81,8101,'20261006',1523148,1523149,1523150,1523151,1523152,1523153,1523154,1523155,1523156,1523157,1523158,1523159,1523160,1523161,1523162,1523163,1523164,1523165,1523166,1523167,1523168,1523169,1523170
81,8101,'20261007',1523171,1523172,1523173,1523174,1523175,1523176,1523177,1523178,1523179,1523180,1523181,1523182,1523183,1523184,1523185,1523186,1523187,1523188,1523189,1523190,1523191,1523192,1523193
81,8101,'20261008',1523194,1523195,1523196,1523197,1523198,1523199,1523200,1523201,1523202,1523203,1523204,1523205,1523206,1523207,1523208,1523209,1523210,1523211,1523212,1523213,1523214,1523215,1523216
81,8101,'20261009',1523217,1523218,1523219,1523220,1523221,1523222,1523223,1523224,1523225,1523226,1523227,1523228,1523229,1523230,1523231,1523232,1523233,1523234,1523235,1523236,1523237,1523238,1523239
81,8101,'20261010',1550388,1550389,1550390,1550391,1550392,1550393,1550394,1550395,1550396,1550397,1550398,1550399,1550400,1550401,1550402,1550403,1550404,1550405
81,8101,'20261011',1550406,1550407,1550408,1550409,1550410,1550411,1550412,1550413,1550414,1550415,1550416,1550417,1550418,1550419,1550420,1550421,1550422,1550423
81,8101,'20261012',1550424,1550425,1550426,1550427,1550428,1550429,1550430,1550431,1550432,1550433,1550434,1550435,1550436,1550437,1550438,1550439,1550440,1550441
82,8200,'20260929',1550442,1550443,1550444,1550445,1550446,1550447,1550448,1550449,1550450,1550451,1550452,1550453,1550454,1550455,1550456,1550457,1550458,1550459,1550460,1550461,1550462,1550463
82,8200,'20260930',1550464,1550465,1550466,1550467,1550468,1550469,1550470,1550471,1550472,1550473,1550474,1550475,1550476,1550477,1550478,1550479,1550480,1550481,1550482,1550483,1550484,1550485
82,8200,'20261001',1550486,1550487,1550488,1550489,1550490,1550491,1550492,1550493,1550494,1550495,1550496,1550497,1550498,1550499,1550500,1550501,1550502,1550503,1550504,1550505,1550506,1550507
82,8200,'20261002',1473349,1473350,1473351,1473352,1473353,1473354,1473355,1473356,1473357,1473358,1473359,1473360,1473361,1473362,1473363,1473364,1473365,1473366,1473367,1473368,1473369,1473370
82,8200,'20261003',1496351,1496352,1496353,1496354,1496355,1496356,1496357,1496358,1496359,1496360,1496361,1496362,1496363,1496364,1496365,1496366,1496367
82,8200,'20261004',1496368,1496369,1496370,1496371,1496372,1496373,1496374,1496375,1496376,1496377,1496378,1496379,1496380,1496381,1496382,1496383,1496384
82,8200,'20261005',1496385,1496386,1496387,1496388,1496389,1496390,1496391,1496392,1496393,1496394,1496395,1496396,1496397,1496398,1496399,1496400,1496401,1496402,1496403,1496404,1496405,1496406
82,8200,'20261006',1523318,1523319,1523320,1523321,1523322,1523323,1523324,1523325,1523326,1523327,1523328,1523329,1523330,1523331,1523332,1523333,1523334,1523335,1523336,1523337,1523338,1523339
82,8200,'20261007',1523340,1523341,1523342,1523343,1523344,1523345,1523346,1523347,1523348,1523349,1523350,1523351,1523352,1523353,1523354,1523355,1523356,1523357,1523358,1523359,1523360,1523361
82,8200,'20261008',1523362,1523363,1523364,1523365,1523366,1523367,1523368,1523369,1523370,1523371,1523372,1523373,1523374,1523375,1523376,1523377,1523378,1523379,1523380,1523381,1523382,1523383
82,8200,'20261009',1523384,1523385,1523386,1523387,1523388,1523389,1523390,1523391,1523392,1523393,1523394,1523395,1523396,1523397,1523398,1523399,1523400,1523401,1523402,1523403,1523404,1523405
82,8200,'20261010',1550508,1550509,1550510,1550511,1550512,1550513,1550514,1550515,1550516,1550517,1550518,1550519,1550520,1550521,1550522,1550523,1550524
82,8200,'20261011',1550525,1550526,1550527,1550528,1550529,1550530,1550531,1550532,1550533,1550534,1550535,1550536,1550537,1550538,1550539,1550540,1550541
82,8200,'20261012',1550542,1550543,1550544,1550545,1550546,1550547,1550548,1550549,1550550,1550551,1550552,1550553,1550554,1550555,1550556,1550557,1550558
82,8201,'20260929',1550559,1550560,1550561,1550562,1550563,1550564,1550565,1550566,1550567,1550568,1550569,1550570,1550571,1550572,1550573,1550574,1550575,1550576,1550577,1550578,1550579
82,8201,'20260930',1550580,1550581,1550582,1550583,1550584,1550585,1550586,1550587,1550588,1550589,1550590,1550591,1550592,1550593,1550594,1550595,1550596,1550597,1550598,1550599,1550600
82,8201,'20261001',1550601,1550602,1550603,1550604,1550605,1550606,1550607,1550608,1550609,1550610,1550611,1550612,1550613,1550614,1550615,1550616,1550617,1550618,1550619,1550620,1550621
82,8201,'20261002',1473468,1473469,1473470,1473471,1473472,1473473,1473474,1473475,1473476,1473477,1473478,1473479,1473480,1473481,1473482,1473483,1473484,1473485,1473486,1473487,1473488
82,8201,'20261003',1496470,1496471,1496472,1496473,1496474,1496475,1496476,1496477,1496478,1496479,1496480,1496481,1496482,1496483,1496484,1496485,1496486
82,8201,'20261004',1496487,1496488,1496489,1496490,1496491,1496492,1496493,1496494,1496495,1496496,1496497,1496498,1496499,1496500,1496501,1496502,1496503
82,8201,'20261005',1496504,1496505,1496506,1496507,1496508,1496509,1496510,1496511,1496512,1496513,1496514,1496515,1496516,1496517,1496518,1496519,1496520,1496521,1496522,1496523,1496524
82,8201,'20261006',1523482,1523483,1523484,1523485,1523486,1523487,1523488,1523489,1523490,1523491,1523492,1523493,1523494,1523495,1523496,1523497,1523498,1523499,1523500,1523501,1523502
82,8201,'20261007',1523503,1523504,1523505,1523506,1523507,1523508,1523509,1523510,1523511,1523512,1523513,1523514,1523515,1523516,1523517,1523518,1523519,1523520,1523521,1523522,1523523
82,8201,'20261008',1523524,1523525,1523526,1523527,1523528,1523529,1523530,1523531,1523532,1523533,1523534,1523535,1523536,1523537,1523538,1523539,1523540,1523541,1523542,1523543,1523544
82,8201,'20261009',1523545,1523546,1523547,1523548,1523549,1523550,1523551,1523552,1523553,1523554,1523555,1523556,1523557,1523558,1523559,1523560,1523561,1523562,1523563,1523564,1523565
82,8201,'20261010',1550622,1550623,1550624,1550625,1550626,1550627,1550628,1550629,1550630,1550631,1550632,1550633,1550634,1550635,1550636,1550637,1550638
82,8201,'20261011',1550639,1550640,1550641,1550642,1550643,1550644,1550645,1550646,1550647,1550648,1550649,1550650,1550651,1550652,1550653,1550654,1550655
82,8201,'20261012',1550656,1550657,1550658,1550659,1550660,1550661,1550662,1550663,1550664,1550665,1550666,1550667,1550668,1550669,1550670,1550671,1550672
84,8400,'20260929',1550673,1550674,1550675,1550676,1550677,1550678,1550679,1550680,1550681,1550682,1550683,1550684,1550685,1550686,1550687,1550688,1550689,1550690,1550691
84,8400,'20260930',1550692,1550693,1550694,1550695,1550696,1550697,1550698,1550699,1550700,1550701,1550702,1550703,1550704,1550705,1550706,1550707,1550708,1550709,1550710
84,8400,'20261001',1550711,1550712,1550713,1550714,1550715,1550716,1550717,1550718,1550719,1550720,1550721,1550722,1550723,1550724,1550725,1550726,1550727,1550728,1550729
84,8400,'20261002',1473580,1473581,1473582,1473583,1473584,1473585,1473586,1473587,1473588,1473589,1473590,1473591,1473592,1473593,1473594,1473595,1473596,1473597,1473598
84,8400,'20261003',1496582,1496583,1496584,1496585,1496586,1496587,1496588,1496589,1496590,1496591,1496592,1496593,1496594,1496595,1496596,1496597,1496598
84,8400,'20261004',1496599,1496600,1496601,1496602,1496603,1496604,1496605,1496606,1496607,1496608,1496609,1496610,1496611,1496612,1496613,1496614,1496615
84,8400,'20261005',1496616,1496617,1496618,1496619,1496620,1496621,1496622,1496623,1496624,1496625,1496626,1496627,1496628,1496629,1496630,1496631,1496632,1496633,1496634
84,8400,'20261006',1523638,1523639,1523640,1523641,1523642,1523643,1523644,1523645,1523646,1523647,1523648,1523649,1523650,1523651,1523652,1523653,1523654,1523655,1523656
84,8400,'20261007',1523657,1523658,1523659,1523660,1523661,1523662,1523663,1523664,1523665,1523666,1523667,1523668,1523669,1523670,1523671,1523672,1523673,1523674,1523675
84,8400,'20261008',1523676,1523677,1523678,1523679,1523680,1523681,1523682,1523683,1523684,1523685,1523686,1523687,1523688,1523689,1523690,1523691,1523692,1523693,1523694
84,8400,'20261009',1523695,1523696,1523697,1523698,1523699,1523700,1523701,1523702,1523703,1523704,1523705,1523706,1523707,1523708,1523709,1523710,1523711,1523712,1523713
84,8400,'20261010',1550730,1550731,1550732,1550733,1550734,1550735,1550736,1550737,1550738,1550739,1550740,1550741,1550742,1550743,1550744,1550745,1550746
84,8400,'20261011',1550747,1550748,1550749,1550750,1550751,1550752,1550753,1550754,1550755,1550756,1550757,1550758,1550759,1550760,1550761,1550762,1550763
84,8400,'20261012',1550764,1550765,1550766,1550767,1550768,1550769,1550770,1550771,1550772,1550773,1550774,1550775,1550776,1550777,1550778,1550779,1550780
84,8401,'20260929',1550781,1550782,1550783,1550784,1550785,1550786,1550787,1550788,1550789,1550790,1550791,1550792,1550793,1550794,1550795,1550796,1550797,1550798,1550799,1550800,1550801
84,8401,'20260930',1550802,1550803,1550804,1550805,1550806,1550807,1550808,1550809,1550810,1550811,1550812,1550813,1550814,1550815,1550816,1550817,1550818,1550819,1550820,1550821,1550822
84,8401,'20261001',1550823,1550824,1550825,1550826,1550827,1550828,1550829,1550830,1550831,1550832,1550833,1550834,1550835,1550836,1550837,1550838,1550839,1550840,1550841,1550842,1550843
84,8401,'20261002',1473698,1473699,1473700,1473701,1473702,1473703,1473704,1473705,1473706,1473707,1473708,1473709,1473710,1473711,1473712,1473713,1473714,1473715,1473716,1473717,1473718
84,8401,'20261003',1496698,1496699,1496700,1496701,1496702,1496703,1496704,1496705,1496706,1496707,1496708,1496709,1496710,1496711,1496712,1496713,1496714,1496715
84,8401,'20261004',1496716,1496717,1496718,1496719,1496720,1496721,1496722,1496723,1496724,1496725,1496726,1496727,1496728,1496729,1496730,1496731,1496732,1496733
84,8401,'20261005',1496734,1496735,1496736,1496737,1496738,1496739,1496740,1496741,1496742,1496743,1496744,1496745,1496746,1496747,1496748,1496749,1496750,1496751,1496752,1496753,1496754
84,8401,'20261006',1523792,1523793,1523794,1523795,1523796,1523797,1523798,1523799,1523800,1523801,1523802,1523803,1523804,1523805,1523806,1523807,1523808,1523809,1523810,1523811,1523812
84,8401,'20261007',1523813,1523814,1523815,1523816,1523817,1523818,1523819,1523820,1523821,1523822,1523823,1523824,1523825,1523826,1523827,1523828,1523829,1523830,1523831,1523832,1523833
84,8401,'20261008',1523834,1523835,1523836,1523837,1523838,1523839,1523840,1523841,1523842,1523843,1523844,1523845,1523846,1523847,1523848,1523849,1523850,1523851,1523852,1523853,1523854
84,8401,'20261009',1523855,1523856,1523857,1523858,1523859,1523860,1523861,1523862,1523863,1523864,1523865,1523866,1523867,1523868,1523869,1523870,1523871,1523872,1523873,1523874,1523875
84,8401,'20261010',1550844,1550845,1550846,1550847,1550848,1550849,1550850,1550851,1550852,1550853,1550854,1550855,1550856,1550857,1550858,1550859,1550860,1550861
84,8401,'20261011',1550862,1550863,1550864,1550865,1550866,1550867,1550868,1550869,1550870,1550871,1550872,1550873,1550874,1550875,1550876,1550877,1550878,1550879
84,8401,'20261012',1550880,1550881,1550882,1550883,1550884,1550885,1550886,1550887,1550888,1550889,1550890,1550891,1550892,1550893,1550894,1550895,1550896,1550897
85,8500,'20260929',1550898,1550899,1550900,1550901,1550902,1550903,1550904
85,8500,'20260930',1550905,1550906,1550907,1550908,1550909,1550910,1550911
85,8500,'20261001',1550912,1550913,1550914,1550915,1550916,1550917,1550918
85,8500,'20261002',1473742,1473743,1473744,1473745,1473746,1473747,1473748
85,8500,'20261003',1496776
85,8500,'20261004',1496777
85,8500,'20261005',1496778,1496779,1496780,1496781,1496782,1496783,1496784
85,8500,'20261006',1523892,1523893,1523894,1523895,1523896,1523897,1523898
85,8500,'20261007',1523899,1523900,1523901,1523902,1523903,1523904,1523905
85,8500,'20261008',1523906,1523907,1523908,1523909,1523910,1523911,1523912
85,8500,'20261009',1523913,1523914,1523915,1523916,1523917,1523918,1523919
85,8500,'20261010',1550919
85,8500,'20261011',1550920
85,8500,'20261012',1550921
85,8501,'20260929',1550922,1550923,1550924,1550925,1550926,1550927
85,8501,'20260930',1550928,1550929,1550930,1550931,1550932,1550933
85,8501,'20261001',1550934,1550935,1550936,1550937,1550938,1550939
85,8501,'20261002',1473769,1473770,1473771,1473772,1473773,1473774
85,8501,'20261003',1496803
85,8501,'20261004',1496804
85,8501,'20261005',1496805,1496806,1496807,1496808,1496809,1496810
85,8501,'20261006',1523934,1523935,1523936,1523937,1523938,1523939
85,8501,'20261007',1523940,1523941,1523942,1523943,1523944,1523945
85,8501,'20261008',1523946,1523947,1523948,1523949,1523950,1523951
85,8501,'20261009',1523952,1523953,1523954,1523955,1523956,1523957
85,8501,'20261010',1550940
85,8501,'20261011',1550941
85,8501,'20261012',1550942
86,8600,'20260929',1550943,1550944,1550945,1550946,1550947,1550948,1550949,1550950,1550951,1550952,1550953,1550954,1550955,1550956,1550957,1550958,1550959,1550960,1550961,1550962,1550963,1550964,1550965,1550966
86,8600,'20260930',1550967,1550968,1550969,1550970,1550971,1550972,1550973,1550974,1550975,1550976,1550977,1550978,1550979,1550980,1550981,1550982,1550983,1550984,1550985,1550986,1550987,1550988,1550989,1550990
86,8600,'20261001',1550991,1550992,1550993,1550994,1550995,1550996,1550997,1550998,1550999,1551000,1551001,1551002,1551003,1551004,1551005,1551006,1551007,1551008,1551009,1551010,1551011,1551012,1551013,1551014
86,8600,'20261002',1473883,1473884,1473885,1473886,1473887,1473888,1473889,1473890,1473891,1473892,1473893,1473894,1473895,1473896,1473897,1473898,1473899,1473900,1473901,1473902,1473903,1473904,1473905,1473906
86,8600,'20261003',1496883,1496884,1496885,1496886,1496887,1496888,1496889,1496890,1496891,1496892,1496893,1496894,1496895,1496896,1496897,1496898,1496899,1496900
86,8600,'20261004',1496901,1496902,1496903,1496904,1496905,1496906,1496907,1496908,1496909,1496910,1496911,1496912,1496913,1496914,1496915,1496916,1496917,1496918
86,8600,'20261005',1496919,1496920,1496921,1496922,1496923,1496924,1496925,1496926,1496927,1496928,1496929,1496930,1496931,1496932,1496933,1496934,1496935,1496936,1496937,1496938,1496939,1496940,1496941,1496942
86,8600,'20261006',1524042,1524043,1524044,1524045,1524046,1524047,1524048,1524049,1524050,1524051,1524052,1524053,1524054,1524055,1524056,1524057,1524058,1524059,1524060,1524061,1524062,1524063,1524064,1524065
86,8600,'20261007',1524066,1524067,1524068,1524069,1524070,1524071,1524072,1524073,1524074,1524075,1524076,1524077,1524078,1524079,1524080,1524081,1524082,1524083,1524084,1524085,1524086,1524087,1524088,1524089
86,8600,'20261008',1524090,1524091,1524092,1524093,1524094,1524095,1524096,1524097,1524098,1524099,1524100,1524101,1524102,1524103,1524104,1524105,1524106,1524107,1524108,1524109,1524110,1524111,1524112,1524113
86,8600,'20261009',1524114,1524115,1524116,1524117,1524118,1524119,1524120,1524121,1524122,1524123,1524124,1524125,1524126,1524127,1524128,1524129,1524130,1524131,1524132,1524133,1524134,1524135,1524136,1524137
86,8600,'20261010',1551015,1551016,1551017,1551018,1551019,1551020,1551021,1551022,1551023,1551024,1551025,1551026,1551027,1551028,1551029,1551030,1551031,1551032
86,8600,'20261011',1551033,1551034,1551035,1551036,1551037,1551038,1551039,1551040,1551041,1551042,1551043,1551044,1551045,1551046,1551047,1551048,1551049,1551050
86,8600,'20261012',1551051,1551052,1551053,1551054,1551055,1551056,1551057,1551058,1551059,1551060,1551061,1551062,1551063,1551064,1551065,1551066,1551067,1551068
86,8601,'20260929',1551069,1551070,1551071,1551072,1551073,1551074,1551075,1551076,1551077,1551078,1551079,1551080,1551081,1551082,1551083,1551084,1551085,1551086,1551087,1551088,1551089,1551090,1551091,1551092
86,8601,'20260930',1551093,1551094,1551095,1551096,1551097,1551098,1551099,1551100,1551101,1551102,1551103,1551104,1551105,1551106,1551107,1551108,1551109,1551110,1551111,1551112,1551113,1551114,1551115,1551116
86,8601,'20261001',1551117,1551118,1551119,1551120,1551121,1551122,1551123,1551124,1551125,1551126,1551127,1551128,1551129,1551130,1551131,1551132,1551133,1551134,1551135,1551136,1551137,1551138,1551139,1551140
86,8601,'20261002',1474011,1474012,1474013,1474014,1474015,1474016,1474017,1474018,1474019,1474020,1474021,1474022,1474023,1474024,1474025,1474026,1474027,1474028,1474029,1474030,1474031,1474032,1474033,1474034
86,8601,'20261003',1497015,1497016,1497017,1497018,1497019,1497020,1497021,1497022,1497023,1497024,1497025,1497026,1497027,1497028,1497029,1497030
86,8601,'20261004',1497031,1497032,1497033,1497034,1497035,1497036,1497037,1497038,1497039,1497040,1497041,1497042,1497043,1497044,1497045,1497046
86,8601,'20261005',1497047,1497048,1497049,1497050,1497051,1497052,1497053,1497054,1497055,1497056,1497057,1497058,1497059,1497060,1497061,1497062,1497063,1497064,1497065,1497066,1497067,1497068,1497069,1497070
86,8601,'20261006',1524218,1524219,1524220,1524221,1524222,1524223,1524224,1524225,1524226,1524227,1524228,1524229,1524230,1524231,1524232,1524233,1524234,1524235,1524236,1524237,1524238,1524239,1524240,1524241
86,8601,'20261007',1524242,1524243,1524244,1524245,1524246,1524247,1524248,1524249,1524250,1524251,1524252,1524253,1524254,1524255,1524256,1524257,1524258,1524259,1524260,1524261,1524262,1524263,1524264,1524265
86,8601,'20261008',1524266,1524267,1524268,1524269,1524270,1524271,1524272,1524273,1524274,1524275,1524276,1524277,1524278,1524279,1524280,1524281,1524282,1524283,1524284,1524285,1524286,1524287,1524288,1524289
86,8601,'20261009',1524290,1524291,1524292,1524293,1524294,1524295,1524296,1524297,1524298,1524299,1524300,1524301,1524302,1524303,1524304,1524305,1524306,1524307,1524308,1524309,1524310,1524311,1524312,1524313
86,8601,'20261010',1551141,1551142,1551143,1551144,1551145,1551146,1551147,1551148,1551149,1551150,1551151,1551152,1551153,1551154,1551155,1551156
86,8601,'20261011',1551157,1551158,1551159,1551160,1551161,1551162,1551163,1551164,1551165,1551166,1551167,1551168,1551169,1551170,1551171,1551172
86,8601,'20261012',1551173,1551174,1551175,1551176,1551177,1551178,1551179,1551180,1551181,1551182,1551183,1551184,1551185,1551186,1551187,1551188
88,8800,'20260929',1551189,1551190,1551191,1551192,1551193,1551194,1551195,1551196,1551197,1551198,1551199,1551200
88,8800,'20260930',1551201,1551202,1551203,1551204,1551205,1551206,1551207,1551208,1551209,1551210,1551211,1551212
88,8800,'20261001',1551213,1551214,1551215,1551216,1551217,1551218,1551219,1551220,1551221,1551222,1551223,1551224
88,8800,'20261002',1474073,1474074,1474075,1474076,1474077,1474078,1474079,1474080,1474081,1474082,1474083,1474084,1474085
88,8800,'20261005',1497107,1497108,1497109,1497110,1497111,1497112,1497113,1497114,1497115,1497116,1497117,1497118,1497119
88,8800,'20261006',1524338,1524339,1524340,1524341,1524342,1524343,1524344,1524345,1524346,1524347,1524348,1524349,1524350
88,8800,'20261007',1524351,1524352,1524353,1524354,1524355,1524356,1524357,1524358,1524359,1524360,1524361,1524362,1524363
88,8800,'20261008',1524364,1524365,1524366,1524367,1524368,1524369,1524370,1524371,1524372,1524373,1524374,1524375,1524376
88,8800,'20261009',1524377,1524378,1524379,1524380,1524381,1524382,1524383,1524384,1524385,1524386,1524387,1524388,1524389
88,8801,'20260929',1551225,1551226,1551227,1551228,1551229,1551230,1551231,1551232,1551233,1551234
88,8801,'20260930',1551235,1551236,1551237,1551238,1551239,1551240,1551241,1551242,1551243,1551244
88,8801,'20261001',1551245,1551246,1551247,1551248,1551249,1551250,1551251,1551252,1551253,1551254
88,8801,'20261002',1474114,1474115,1474116,1474117,1474118,1474119,1474120,1474121,1474122
88,8801,'20261005',1497150,1497151,1497152,1497153,1497154,1497155,1497156,1497157,1497158
88,8801,'20261006',1524410,1524411,1524412,1524413,1524414,1524415,1524416,1524417,1524418
88,8801,'20261007',1524419,1524420,1524421,1524422,1524423,1524424,1524425,1524426,1524427
88,8801,'20261008',1524428,1524429,1524430,1524431,1524432,1524433,1524434,1524435,1524436
88,8801,'20261009',1524437,1524438,1524439,1524440,1524441,1524442,1524443,1524444,1524445
90,9002,'20260929',1551255,1551256,1551257,1551258,1551259,1551260
90,9002,'20260930',1551261,1551262,1551263,1551264,1551265,1551266
90,9002,'20261001',1551267,1551268,1551269,1551270,1551271,1551272
90,9002,'20261002',1474141,1474142,1474143,1474144,1474145,1474146
90,9002,'20261005',1497177,1497178,1497179,1497180,1497181,1497182
90,9002,'20261006',1524458,1524459,1524460,1524461,1524462,1524463
90,9002,'20261007',1524464,1524465,1524466,1524467,1524468,1524469
90,9002,'20261008',1524470,1524471,1524472,1524473,1524474,1524475
90,9002,'20261009',1524476,1524477,1524478,1524479,1524480,1524481
90,9003,'20260929',1551273,1551274,1551275,1551276,1551277,1551278
90,9003,'20260930',1551279,1551280,1551281,1551282,1551283,1551284
90,9003,'20261001',1551285,1551286,1551287,1551288,1551289,1551290
90,9003,'20261002',1474165,1474166,1474167,1474168,1474169,1474170
90,9003,'20261005',1497201,1497202,1497203,1497204,1497205,1497206
90,9003,'20261006',1524494,1524495,1524496,1524497,1524498,1524499
90,9003,'20261007',1524500,1524501,1524502,1524503,1524504,1524505
90,9003,'20261008',1524506,1524507,1524508,1524509,1524510,1524511
90,9003,'20261009',1524512,1524513,1524514,1524515,1524516,1524517
91,9102,'20260929',1551291,1551292,1551293,1551294,1551295,1551296,1551297,1551298,1551299,1551300,1551301,1551302,1551303,1551304,1551305,1551306,1551307,1551308,1551309,1551310,1551311
91,9102,'20260930',1551312,1551313,1551314,1551315,1551316,1551317,1551318,1551319,1551320,1551321,1551322,1551323,1551324,1551325,1551326,1551327,1551328,1551329,1551330,1551331,1551332
91,9102,'20261001',1551333,1551334,1551335,1551336,1551337,1551338,1551339,1551340,1551341,1551342,1551343,1551344,1551345,1551346,1551347,1551348,1551349,1551350,1551351,1551352,1551353
91,9102,'20261002',1474270,1474271,1474272,1474273,1474274,1474275,1474276,1474277,1474278,1474279,1474280,1474281,1474282,1474283,1474284,1474285,1474286,1474287,1474288,1474289,1474290
91,9102,'20261003',1497270,1497271,1497272,1497273,1497274,1497275,1497276,1497277,1497278,1497279,1497280,1497281,1497282,1497283,1497284,1497285,1497286,1497287
91,9102,'20261004',1497288,1497289,1497290,1497291,1497292,1497293,1497294,1497295,1497296,1497297,1497298,1497299,1497300,1497301,1497302,1497303,1497304,1497305
91,9102,'20261005',1497306,1497307,1497308,1497309,1497310,1497311,1497312,1497313,1497314,1497315,1497316,1497317,1497318,1497319,1497320,1497321,1497322,1497323,1497324,1497325,1497326
91,9102,'20261006',1524596,1524597,1524598,1524599,1524600,1524601,1524602,1524603,1524604,1524605,1524606,1524607,1524608,1524609,1524610,1524611,1524612,1524613,1524614,1524615,1524616
91,9102,'20261007',1524617,1524618,1524619,1524620,1524621,1524622,1524623,1524624,1524625,1524626,1524627,1524628,1524629,1524630,1524631,1524632,1524633,1524634,1524635,1524636,1524637
91,9102,'20261008',1524638,1524639,1524640,1524641,1524642,1524643,1524644,1524645,1524646,1524647,1524648,1524649,1524650,1524651,1524652,1524653,1524654,1524655,1524656,1524657,1524658
91,9102,'20261009',1524659,1524660,1524661,1524662,1524663,1524664,1524665,1524666,1524667,1524668,1524669,1524670,1524671,1524672,1524673,1524674,1524675,1524676,1524677,1524678,1524679
91,9102,'20261010',1551354,1551355,1551356,1551357,1551358,1551359,1551360,1551361,1551362,1551363,1551364,1551365,1551366,1551367,1551368,1551369,1551370,1551371
91,9102,'20261011',1551372,1551373,1551374,1551375,1551376,1551377,1551378,1551379,1551380,1551381,1551382,1551383,1551384,1551385,1551386,1551387,1551388,1551389
91,9102,'20261012',1551390,1551391,1551392,1551393,1551394,1551395,1551396,1551397,1551398,1551399,1551400,1551401,1551402,1551403,1551404,1551405,1551406,1551407
91,9103,'20260929',1551408,1551409,1551410,1551411,1551412,1551413,1551414,1551415,1551416,1551417,1551418,1551419,1551420,1551421,1551422,1551423,1551424,1551425,1551426,1551427,1551428,1551429
91,9103,'20260930',1551430,1551431,1551432,1551433,1551434,1551435,1551436,1551437,1551438,1551439,1551440,1551441,1551442,1551443,1551444,1551445,1551446,1551447,1551448,1551449,1551450,1551451
91,9103,'20261001',1551452,1551453,1551454,1551455,1551456,1551457,1551458,1551459,1551460,1551461,1551462,1551463,1551464,1551465,1551466,1551467,1551468,1551469,1551470,1551471,1551472,1551473
91,9103,'20261002',1474390,1474391,1474392,1474393,1474394,1474395,1474396,1474397,1474398,1474399,1474400,1474401,1474402,1474403,1474404,1474405,1474406,1474407,1474408,1474409,1474410
91,9103,'20261003',1497390,1497391,1497392,1497393,1497394,1497395,1497396,1497397,1497398,1497399,1497400,1497401,1497402,1497403,1497404,1497405,1497406,1497407
91,9103,'20261004',1497408,1497409,1497410,1497411,1497412,1497413,1497414,1497415,1497416,1497417,1497418,1497419,1497420,1497421,1497422,1497423,1497424,1497425
91,9103,'20261005',1497426,1497427,1497428,1497429,1497430,1497431,1497432,1497433,1497434,1497435,1497436,1497437,1497438,1497439,1497440,1497441,1497442,1497443,1497444,1497445,1497446
91,9103,'20261006',1524759,1524760,1524761,1524762,1524763,1524764,1524765,1524766,1524767,1524768,1524769,1524770,1524771,1524772,1524773,1524774,1524775,1524776,1524777,1524778,1524779
91,9103,'20261007',1524780,1524781,1524782,1524783,1524784,1524785,1524786,1524787,1524788,1524789,1524790,1524791,1524792,1524793,1524794,1524795,1524796,1524797,1524798,1524799,1524800
91,9103,'20261008',1524801,1524802,1524803,1524804,1524805,1524806,1524807,1524808,1524809,1524810,1524811,1524812,1524813,1524814,1524815,1524816,1524817,1524818,1524819,1524820,1524821
91,9103,'20261009',1524822,1524823,1524824,1524825,1524826,1524827,1524828,1524829,1524830,1524831,1524832,1524833,1524834,1524835,1524836,1524837,1524838,1524839,1524840,1524841,1524842
91,9103,'20261010',1551474,1551475,1551476,1551477,1551478,1551479,1551480,1551481,1551482,1551483,1551484,1551485,1551486,1551487,1551488,1551489,1551490,1551491
91,9103,'20261011',1551492,1551493,1551494,1551495,1551496,1551497,1551498,1551499,1551500,1551501,1551502,1551503,1551504,1551505,1551506,1551507,1551508,1551509
91,9103,'20261012',1551510,1551511,1551512,1551513,1551514,1551515,1551516,1551517,1551518,1551519,1551520,1551521,1551522,1551523,1551524,1551525,1551526,1551527
92,9202,'20260929',1551528,1551529,1551530,1551531,1551532,1551533,1551534,1551535,1551536,1551537,1551538,1551539,1551540,1551541,1551542,1551543,1551544,1551545,1551546,1551547
92,9202,'20260930',1551548,1551549,1551550,1551551,1551552,1551553,1551554,1551555,1551556,1551557,1551558,1551559,1551560,1551561,1551562,1551563,1551564,1551565,1551566,1551567
92,9202,'20261001',1551568,1551569,1551570,1551571,1551572,1551573,1551574,1551575,1551576,1551577,1551578,1551579,1551580,1551581,1551582,1551583,1551584,1551585,1551586,1551587
92,9202,'20261002',1474505,1474506,1474507,1474508,1474509,1474510,1474511,1474512,1474513,1474514,1474515,1474516,1474517,1474518,1474519,1474520,1474521,1474522,1474523,1474524
92,9202,'20261003',1497507,1497508,1497509,1497510,1497511,1497512,1497513,1497514,1497515,1497516,1497517,1497518,1497519,1497520,1497521,1497522,1497523
92,9202,'20261004',1497524,1497525,1497526,1497527,1497528,1497529,1497530,1497531,1497532,1497533,1497534,1497535,1497536,1497537,1497538,1497539,1497540
92,9202,'20261005',1497541,1497542,1497543,1497544,1497545,1497546,1497547,1497548,1497549,1497550,1497551,1497552,1497553,1497554,1497555,1497556,1497557,1497558,1497559,1497560
92,9202,'20261006',1524917,1524918,1524919,1524920,1524921,1524922,1524923,1524924,1524925,1524926,1524927,1524928,1524929,1524930,1524931,1524932,1524933,1524934,1524935,1524936
92,9202,'20261007',1524937,1524938,1524939,1524940,1524941,1524942,1524943,1524944,1524945,1524946,1524947,1524948,1524949,1524950,1524951,1524952,1524953,1524954,1524955,1524956
92,9202,'20261008',1524957,1524958,1524959,1524960,1524961,1524962,1524963,1524964,1524965,1524966,1524967,1524968,1524969,1524970,1524971,1524972,1524973,1524974,1524975,1524976
92,9202,'20261009',1524977,1524978,1524979,1524980,1524981,1524982,1524983,1524984,1524985,1524986,1524987,1524988,1524989,1524990,1524991,1524992,1524993,1524994,1524995,1524996
92,9202,'20261010',1551588,1551589,1551590,1551591,1551592,1551593,1551594,1551595,1551596,1551597,1551598,1551599,1551600,1551601,1551602,1551603,1551604
92,9202,'20261011',1551605,1551606,1551607,1551608,1551609,1551610,1551611,1551612,1551613,1551614,1551615,1551616,1551617,1551618,1551619,1551620,1551621
92,9202,'20261012',1551622,1551623,1551624,1551625,1551626,1551627,1551628,1551629,1551630,1551631,1551632,1551633,1551634,1551635,1551636,1551637,1551638
92,9203,'20260929',1551639,1551640,1551641,1551642,1551643,1551644,1551645,1551646,1551647,1551648,1551649,1551650,1551651,1551652,1551653,1551654,1551655,1551656,1551657,1551658,1551659
92,9203,'20260930',1551660,1551661,1551662,1551663,1551664,1551665,1551666,1551667,1551668,1551669,1551670,1551671,1551672,1551673,1551674,1551675,1551676,1551677,1551678,1551679,1551680
92,9203,'20261001',1551681,1551682,1551683,1551684,1551685,1551686,1551687,1551688,1551689,1551690,1551691,1551692,1551693,1551694,1551695,1551696,1551697,1551698,1551699,1551700,1551701
92,9203,'20261002',1474622,1474623,1474624,1474625,1474626,1474627,1474628,1474629,1474630,1474631,1474632,1474633,1474634,1474635,1474636,1474637,1474638,1474639,1474640,1474641,1474642
92,9203,'20261003',1497624,1497625,1497626,1497627,1497628,1497629,1497630,1497631,1497632,1497633,1497634,1497635,1497636,1497637,1497638,1497639,1497640
92,9203,'20261004',1497641,1497642,1497643,1497644,1497645,1497646,1497647,1497648,1497649,1497650,1497651,1497652,1497653,1497654,1497655,1497656,1497657
92,9203,'20261005',1497658,1497659,1497660,1497661,1497662,1497663,1497664,1497665,1497666,1497667,1497668,1497669,1497670,1497671,1497672,1497673,1497674,1497675,1497676,1497677,1497678
92,9203,'20261006',1525073,1525074,1525075,1525076,1525077,1525078,1525079,1525080,1525081,1525082,1525083,1525084,1525085,1525086,1525087,1525088,1525089,1525090,1525091,1525092,1525093
92,9203,'20261007',1525094,1525095,1525096,1525097,1525098,1525099,1525100,1525101,1525102,1525103,1525104,1525105,1525106,1525107,1525108,1525109,1525110,1525111,1525112,1525113,1525114
92,9203,'20261008',1525115,1525116,1525117,1525118,1525119,1525120,1525121,1525122,1525123,1525124,1525125,1525126,1525127,1525128,1525129,1525130,1525131,1525132,1525133,1525134,1525135
92,9203,'20261009',1525136,1525137,1525138,1525139,1525140,1525141,1525142,1525143,1525144,1525145,1525146,1525147,1525148,1525149,1525150,1525151,1525152,1525153,1525154,1525155,1525156
92,9203,'20261010',1551702,1551703,1551704,1551705,1551706,1551707,1551708,1551709,1551710,1551711,1551712,1551713,1551714,1551715,1551716,1551717,1551718
92,9203,'20261011',1551719,1551720,1551721,1551722,1551723,1551724,1551725,1551726,1551727,1551728,1551729,1551730,1551731,1551732,1551733,1551734,1551735
92,9203,'20261012',1551736,1551737,1551738,1551739,1551740,1551741,1551742,1551743,1551744,1551745,1551746,1551747,1551748,1551749,1551750,1551751,1551752
93,9300,'20260929',1551753,1551754,1551755,1551756,1551757,1551758,1551759,1551760,1551761,1551762,1551763,1551764,1551765,1551766,1551767,1551768,1551769,1551770,1551771,1551772,1551773,1551774,1551775,1551776,1551777,1551778,1551779,1551780,1551781,1551782,1551783,1551784,1551785
93,9300,'20260930',1551786,1551787,1551788,1551789,1551790,1551791,1551792,1551793,1551794,1551795,1551796,1551797,1551798,1551799,1551800,1551801,1551802,1551803,1551804,1551805,1551806,1551807,1551808,1551809,1551810,1551811,1551812,1551813,1551814,1551815,1551816,1551817,1551818,1551819
93,9300,'20261001',1551820,1551821,1551822,1551823,1551824,1551825,1551826,1551827,1551828,1551829,1551830,1551831,1551832,1551833,1551834,1551835,1551836,1551837,1551838,1551839,1551840,1551841,1551842,1551843,1551844,1551845,1551846,1551847,1551848,1551849,1551850,1551851,1551852,1551853
93,9300,'20261002',1474794,1474795,1474796,1474797,1474798,1474799,1474800,1474801,1474802,1474803,1474804,1474805,1474806,1474807,1474808,1474809,1474810,1474811,1474812,1474813,1474814,1474815,1474816,1474817,1474818,1474819,1474820,1474821,1474822,1474823,1474824,1474825,1474826
93,9300,'20261003',1497778,1497779,1497780,1497781,1497782,1497783,1497784,1497785,1497786,1497787,1497788,1497789,1497790,1497791,1497792,1497793,1497794,1497795,1497796,1497797,1497798,1497799,1497800,1497801,1497802,1497803
93,9300,'20261004',1497804,1497805,1497806,1497807,1497808,1497809,1497810,1497811,1497812,1497813,1497814,1497815,1497816,1497817,1497818,1497819,1497820,1497821,1497822,1497823,1497824,1497825,1497826,1497827,1497828,1497829
93,9300,'20261005',1497830,1497831,1497832,1497833,1497834,1497835,1497836,1497837,1497838,1497839,1497840,1497841,1497842,1497843,1497844,1497845,1497846,1497847,1497848,1497849,1497850,1497851,1497852,1497853,1497854,1497855,1497856,1497857,1497858,1497859,1497860,1497861,1497862
93,9300,'20261006',1525275,1525276,1525277,1525278,1525279,1525280,1525281,1525282,1525283,1525284,1525285,1525286,1525287,1525288,1525289,1525290,1525291,1525292,1525293,1525294,1525295,1525296,1525297,1525298,1525299,1525300,1525301,1525302,1525303,1525304,1525305,1525306,1525307
93,9300,'20261007',1525308,1525309,1525310,1525311,1525312,1525313,1525314,1525315,1525316,1525317,1525318,1525319,1525320,1525321,1525322,1525323,1525324,1525325,1525326,1525327,1525328,1525329,1525330,1525331,1525332,1525333,1525334,1525335,1525336,1525337,1525338,1525339,1525340
93,9300,'20261008',1525341,1525342,1525343,1525344,1525345,1525346,1525347,1525348,1525349,1525350,1525351,1525352,1525353,1525354,1525355,1525356,1525357,1525358,1525359,1525360,1525361,1525362,1525363,1525364,1525365,1525366,1525367,1525368,1525369,1525370,1525371,1525372,1525373
93,9300,'20261009',1525374,1525375,1525376,1525377,1525378,1525379,1525380,1525381,1525382,1525383,1525384,1525385,1525386,1525387,1525388,1525389,1525390,1525391,1525392,1525393,1525394,1525395,1525396,1525397,1525398,1525399,1525400,1525401,1525402,1525403,1525404,1525405,1525406
93,9300,'20261010',1551854,1551855,1551856,1551857,1551858,1551859,1551860,1551861,1551862,1551863,1551864,1551865,1551866,1551867,1551868,1551869,1551870,1551871,1551872,1551873,1551874,1551875,1551876,1551877,1551878,1551879
93,9300,'20261011',1551880,1551881,1551882,1551883,1551884,1551885,1551886,1551887,1551888,1551889,1551890,1551891,1551892,1551893,1551894,1551895,1551896,1551897,1551898,1551899,1551900,1551901,1551902,1551903,1551904,1551905
93,9300,'20261012',1551906,1551907,1551908,1551909,1551910,1551911,1551912,1551913,1551914,1551915,1551916,1551917,1551918,1551919,1551920,1551921,1551922,1551923,1551924,1551925,1551926,1551927,1551928,1551929,1551930,1551931
93,9301,'20260929',1551932,1551933,1551934,1551935,1551936,1551937,1551938,1551939,1551940,1551941,1551942,1551943,1551944,1551945,1551946,1551947,1551948,1551949,1551950,1551951,1551952,1551953,1551954,1551955,1551956,1551957,1551958,1551959,1551960,1551961,1551962,1551963,1551964,1551965,1551966
93,9301,'20260930',1551967,1551968,1551969,1551970,1551971,1551972,1551973,1551974,1551975,1551976,1551977,1551978,1551979,1551980,1551981,1551982,1551983,1551984,1551985,1551986,1551987,1551988,1551989,1551990,1551991,1551992,1551993,1551994,1551995,1551996,1551997,1551998,1551999,1552000,1552001
93,9301,'20261001',1552002,1552003,1552004,1552005,1552006,1552007,1552008,1552009,1552010,1552011,1552012,1552013,1552014,1552015,1552016,1552017,1552018,1552019,1552020,1552021,1552022,1552023,1552024,1552025,1552026,1552027,1552028,1552029,1552030,1552031,1552032,1552033,1552034,1552035,1552036
93,9301,'20261002',1474987,1474988,1474989,1474990,1474991,1474992,1474993,1474994,1474995,1474996,1474997,1474998,1474999,1475000,1475001,1475002,1475003,1475004,1475005,1475006,1475007,1475008,1475009,1475010,1475011,1475012,1475013,1475014,1475015,1475016,1475017,1475018,1475019,1475020
93,9301,'20261003',1497968,1497969,1497970,1497971,1497972,1497973,1497974,1497975,1497976,1497977,1497978,1497979,1497980,1497981,1497982,1497983,1497984,1497985,1497986,1497987,1497988,1497989,1497990,1497991,1497992,1497993,1497994
93,9301,'20261004',1497995,1497996,1497997,1497998,1497999,1498000,1498001,1498002,1498003,1498004,1498005,1498006,1498007,1498008,1498009,1498010,1498011,1498012,1498013,1498014,1498015,1498016,1498017,1498018,1498019,1498020,1498021
93,9301,'20261005',1498022,1498023,1498024,1498025,1498026,1498027,1498028,1498029,1498030,1498031,1498032,1498033,1498034,1498035,1498036,1498037,1498038,1498039,1498040,1498041,1498042,1498043,1498044,1498045,1498046,1498047,1498048,1498049,1498050,1498051,1498052,1498053,1498054,1498055
93,9301,'20261006',1525531,1525532,1525533,1525534,1525535,1525536,1525537,1525538,1525539,1525540,1525541,1525542,1525543,1525544,1525545,1525546,1525547,1525548,1525549,1525550,1525551,1525552,1525553,1525554,1525555,1525556,1525557,1525558,1525559,1525560,1525561,1525562,1525563,1525564
93,9301,'20261007',1525565,1525566,1525567,1525568,1525569,1525570,1525571,1525572,1525573,1525574,1525575,1525576,1525577,1525578,1525579,1525580,1525581,1525582,1525583,1525584,1525585,1525586,1525587,1525588,1525589,1525590,1525591,1525592,1525593,1525594,1525595,1525596,1525597,1525598
93,9301,'20261008',1525599,1525600,1525601,1525602,1525603,1525604,1525605,1525606,1525607,1525608,1525609,1525610,1525611,1525612,1525613,1525614,1525615,1525616,1525617,1525618,1525619,1525620,1525621,1525622,1525623,1525624,1525625,1525626,1525627,1525628,1525629,1525630,1525631,1525632
93,9301,'20261009',1525633,1525634,1525635,1525636,1525637,1525638,1525639,1525640,1525641,1525642,1525643,1525644,1525645,1525646,1525647,1525648,1525649,1525650,1525651,1525652,1525653,1525654,1525655,1525656,1525657,1525658,1525659,1525660,1525661,1525662,1525663,1525664,1525665,1525666
93,9301,'20261010',1552037,1552038,1552039,1552040,1552041,1552042,1552043,1552044,1552045,1552046,1552047,1552048,1552049,1552050,1552051,1552052,1552053,1552054,1552055,1552056,1552057,1552058,1552059,1552060,1552061,1552062,1552063
93,9301,'20261011',1552064,1552065,1552066,1552067,1552068,1552069,1552070,1552071,1552072,1552073,1552074,1552075,1552076,1552077,1552078,1552079,1552080,1552081,1552082,1552083,1552084,1552085,1552086,1552087,1552088,1552089,1552090
93,9301,'20261012',1552091,1552092,1552093,1552094,1552095,1552096,1552097,1552098,1552099,1552100,1552101,1552102,1552103,1552104,1552105,1552106,1552107,1552108,1552109,1552110,1552111,1552112,1552113,1552114,1552115,1552116,1552117
94,9402,'20260929',1552118,1552119,1552120,1552121,1552122,1552123,1552124,1552125,1552126,1552127,1552128,1552129,1552130,1552131,1552132,1552133,1552134,1552135,1552136,1552137,1552138
94,9402,'20260930',1552139,1552140,1552141,1552142,1552143,1552144,1552145,1552146,1552147,1552148,1552149,1552150,1552151,1552152,1552153,1552154,1552155,1552156,1552157,1552158,1552159
94,9402,'20261001',1552160,1552161,1552162,1552163,1552164,1552165,1552166,1552167,1552168,1552169,1552170,1552171,1552172,1552173,1552174,1552175,1552176,1552177,1552178,1552179,1552180
94,9402,'20261002',1475118,1475119,1475120,1475121,1475122,1475123,1475124,1475125,1475126,1475127,1475128,1475129,1475130,1475131,1475132,1475133,1475134,1475135,1475136,1475137
94,9402,'20261003',1498119,1498120,1498121,1498122,1498123,1498124,1498125,1498126,1498127,1498128,1498129,1498130,1498131,1498132,1498133,1498134,1498135,1498136
94,9402,'20261004',1498137,1498138,1498139,1498140,1498141,1498142,1498143,1498144,1498145,1498146,1498147,1498148,1498149,1498150,1498151,1498152,1498153,1498154
94,9402,'20261005',1498155,1498156,1498157,1498158,1498159,1498160,1498161,1498162,1498163,1498164,1498165,1498166,1498167,1498168,1498169,1498170,1498171,1498172,1498173,1498174
94,9402,'20261006',1525745,1525746,1525747,1525748,1525749,1525750,1525751,1525752,1525753,1525754,1525755,1525756,1525757,1525758,1525759,1525760,1525761,1525762,1525763,1525764
94,9402,'20261007',1525765,1525766,1525767,1525768,1525769,1525770,1525771,1525772,1525773,1525774,1525775,1525776,1525777,1525778,1525779,1525780,1525781,1525782,1525783,1525784
94,9402,'20261008',1525785,1525786,1525787,1525788,1525789,1525790,1525791,1525792,1525793,1525794,1525795,1525796,1525797,1525798,1525799,1525800,1525801,1525802,1525803,1525804
94,9402,'20261009',1525805,1525806,1525807,1525808,1525809,1525810,1525811,1525812,1525813,1525814,1525815,1525816,1525817,1525818,1525819,1525820,1525821,1525822,1525823,1525824
94,9402,'20261010',1552181,1552182,1552183,1552184,1552185,1552186,1552187,1552188,1552189,1552190,1552191,1552192,1552193,1552194,1552195,1552196,1552197,1552198
94,9402,'20261011',1552199,1552200,1552201,1552202,1552203,1552204,1552205,1552206,1552207,1552208,1552209,1552210,1552211,1552212,1552213,1552214,1552215,1552216
94,9402,'20261012',1552217,1552218,1552219,1552220,1552221,1552222,1552223,1552224,1552225,1552226,1552227,1552228,1552229,1552230,1552231,1552232,1552233,1552234
94,9403,'20260929',1552235,1552236,1552237,1552238,1552239,1552240,1552241,1552242,1552243,1552244,1552245,1552246,1552247,1552248,1552249,1552250,1552251,1552252,1552253,1552254
94,9403,'20260930',1552255,1552256,1552257,1552258,1552259,1552260,1552261,1552262,1552263,1552264,1552265,1552266,1552267,1552268,1552269,1552270,1552271,1552272,1552273,1552274
94,9403,'20261001',1552275,1552276,1552277,1552278,1552279,1552280,1552281,1552282,1552283,1552284,1552285,1552286,1552287,1552288,1552289,1552290,1552291,1552292,1552293,1552294
94,9403,'20261002',1475232,1475233,1475234,1475235,1475236,1475237,1475238,1475239,1475240,1475241,1475242,1475243,1475244,1475245,1475246,1475247,1475248,1475249,1475250,1475251
94,9403,'20261003',1498235,1498236,1498237,1498238,1498239,1498240,1498241,1498242,1498243,1498244,1498245,1498246,1498247,1498248,1498249,1498250,1498251
94,9403,'20261004',1498252,1498253,1498254,1498255,1498256,1498257,1498258,1498259,1498260,1498261,1498262,1498263,1498264,1498265,1498266,1498267,1498268
94,9403,'20261005',1498269,1498270,1498271,1498272,1498273,1498274,1498275,1498276,1498277,1498278,1498279,1498280,1498281,1498282,1498283,1498284,1498285,1498286,1498287,1498288
94,9403,'20261006',1525899,1525900,1525901,1525902,1525903,1525904,1525905,1525906,1525907,1525908,1525909,1525910,1525911,1525912,1525913,1525914,1525915,1525916,1525917,1525918
94,9403,'20261007',1525919,1525920,1525921,1525922,1525923,1525924,1525925,1525926,1525927,1525928,1525929,1525930,1525931,1525932,1525933,1525934,1525935,1525936,1525937,1525938
94,9403,'20261008',1525939,1525940,1525941,1525942,1525943,1525944,1525945,1525946,1525947,1525948,1525949,1525950,1525951,1525952,1525953,1525954,1525955,1525956,1525957,1525958
94,9403,'20261009',1525959,1525960,1525961,1525962,1525963,1525964,1525965,1525966,1525967,1525968,1525969,1525970,1525971,1525972,1525973,1525974,1525975,1525976,1525977,1525978
94,9403,'20261010',1552295,1552296,1552297,1552298,1552299,1552300,1552301,1552302,1552303,1552304,1552305,1552306,1552307,1552308,1552309,1552310,1552311
94,9403,'20261011',1552312,1552313,1552314,1552315,1552316,1552317,1552318,1552319,1552320,1552321,1552322,1552323,1552324,1552325,1552326,1552327,1552328
94,9403,'20261012',1552329,1552330,1552331,1552332,1552333,1552334,1552335,1552336,1552337,1552338,1552339,1552340,1552341,1552342,1552343,1552344,1552345
96,9600,'20260929',1552346,1552347,1552348,1552349,1552350,1552351,1552352,1552353,1552354,1552355,1552356,1552357,1552358,1552359,1552360,1552361,1552362,1552363,1552364
96,9600,'20260930',1552365,1552366,1552367,1552368,1552369,1552370,1552371,1552372,1552373,1552374,1552375,1552376,1552377,1552378,1552379,1552380,1552381,1552382,1552383
96,9600,'20261001',1552384,1552385,1552386,1552387,1552388,1552389,1552390,1552391,1552392,1552393,1552394,1552395,1552396,1552397,1552398,1552399,1552400,1552401,1552402
96,9600,'20261002',1475341,1475342,1475343,1475344,1475345,1475346,1475347,1475348,1475349,1475350,1475351,1475352,1475353,1475354,1475355,1475356,1475357,1475358,1475359
96,9600,'20261003',1498346,1498347,1498348,1498349,1498350,1498351,1498352,1498353,1498354,1498355,1498356,1498357,1498358,1498359,1498360,1498361
96,9600,'20261004',1498362,1498363,1498364,1498365,1498366,1498367,1498368,1498369,1498370,1498371,1498372,1498373,1498374,1498375,1498376,1498377
96,9600,'20261005',1498378,1498379,1498380,1498381,1498382,1498383,1498384,1498385,1498386,1498387,1498388,1498389,1498390,1498391,1498392,1498393,1498394,1498395,1498396
96,9600,'20261006',1526049,1526050,1526051,1526052,1526053,1526054,1526055,1526056,1526057,1526058,1526059,1526060,1526061,1526062,1526063,1526064,1526065,1526066,1526067
96,9600,'20261007',1526068,1526069,1526070,1526071,1526072,1526073,1526074,1526075,1526076,1526077,1526078,1526079,1526080,1526081,1526082,1526083,1526084,1526085,1526086
96,9600,'20261008',1526087,1526088,1526089,1526090,1526091,1526092,1526093,1526094,1526095,1526096,1526097,1526098,1526099,1526100,1526101,1526102,1526103,1526104,1526105
96,9600,'20261009',1526106,1526107,1526108,1526109,1526110,1526111,1526112,1526113,1526114,1526115,1526116,1526117,1526118,1526119,1526120,1526121,1526122,1526123,1526124
96,9600,'20261010',1552403,1552404,1552405,1552406,1552407,1552408,1552409,1552410,1552411,1552412,1552413,1552414,1552415,1552416,1552417,1552418
96,9600,'20261011',1552419,1552420,1552421,1552422,1552423,1552424,1552425,1552426,1552427,1552428,1552429,1552430,1552431,1552432,1552433,1552434
96,9600,'20261012',1552435,1552436,1552437,1552438,1552439,1552440,1552441,1552442,1552443,1552444,1552445,1552446,1552447,1552448,1552449,1552450
96,9601,'20260929',1552451,1552452,1552453,1552454,1552455,1552456,1552457,1552458,1552459,1552460,1552461,1552462,1552463,1552464,1552465,1552466,1552467,1552468,1552469
96,9601,'20260930',1552470,1552471,1552472,1552473,1552474,1552475,1552476,1552477,1552478,1552479,1552480,1552481,1552482,1552483,1552484,1552485,1552486,1552487,1552488
96,9601,'20261001',1552489,1552490,1552491,1552492,1552493,1552494,1552495,1552496,1552497,1552498,1552499,1552500,1552501,1552502,1552503,1552504,1552505,1552506,1552507
96,9601,'20261002',1475449,1475450,1475451,1475452,1475453,1475454,1475455,1475456,1475457,1475458,1475459,1475460,1475461,1475462,1475463,1475464,1475465,1475466,1475467
96,9601,'20261003',1498454,1498455,1498456,1498457,1498458,1498459,1498460,1498461,1498462,1498463,1498464,1498465,1498466,1498467,1498468,1498469
96,9601,'20261004',1498470,1498471,1498472,1498473,1498474,1498475,1498476,1498477,1498478,1498479,1498480,1498481,1498482,1498483,1498484,1498485
96,9601,'20261005',1498486,1498487,1498488,1498489,1498490,1498491,1498492,1498493,1498494,1498495,1498496,1498497,1498498,1498499,1498500,1498501,1498502,1498503,1498504
96,9601,'20261006',1526195,1526196,1526197,1526198,1526199,1526200,1526201,1526202,1526203,1526204,1526205,1526206,1526207,1526208,1526209,1526210,1526211,1526212,1526213
96,9601,'20261007',1526214,1526215,1526216,1526217,1526218,1526219,1526220,1526221,1526222,1526223,1526224,1526225,1526226,1526227,1526228,1526229,1526230,1526231,1526232
96,9601,'20261008',1526233,1526234,1526235,1526236,1526237,1526238,1526239,1526240,1526241,1526242,1526243,1526244,1526245,1526246,1526247,1526248,1526249,1526250,1526251
96,9601,'20261009',1526252,1526253,1526254,1526255,1526256,1526257,1526258,1526259,1526260,1526261,1526262,1526263,1526264,1526265,1526266,1526267,1526268,1526269,1526270
96,9601,'20261010',1552508,1552509,1552510,1552511,1552512,1552513,1552514,1552515,1552516,1552517,1552518,1552519,1552520,1552521,1552522,1552523
96,9601,'20261011',1552524,1552525,1552526,1552527,1552528,1552529,1552530,1552531,1552532,1552533,1552534,1552535,1552536,1552537,1552538,1552539
96,9601,'20261012',1552540,1552541,1552542,1552543,1552544,1552545,1552546,1552547,1552548,1552549,1552550,1552551,1552552,1552553,1552554,1552555
136,13600,'20260929',1552556,1552557,1552558,1552559,1552560,1552561,1552562,1552563,1552564,1552565,1552566,1552567
136,13600,'20260930',1552568,1552569,1552570,1552571,1552572,1552573,1552574,1552575,1552576,1552577,1552578,1552579
136,13600,'20261001',1552580,1552581,1552582,1552583,1552584,1552585,1552586,1552587,1552588,1552589,1552590,1552591
136,13600,'20261002',1475504,1475505,1475506,1475507,1475508,1475509,1475510,1475511,1475512,1475513,1475514,1475515
136,13600,'20261005',1498541,1498542,1498543,1498544,1498545,1498546,1498547,1498548,1498549,1498550,1498551,1498552
136,13600,'20261006',1526295,1526296,1526297,1526298,1526299,1526300,1526301,1526302,1526303,1526304,1526305,1526306
136,13600,'20261007',1526307,1526308,1526309,1526310,1526311,1526312,1526313,1526314,1526315,1526316,1526317,1526318
136,13600,'20261008',1526319,1526320,1526321,1526322,1526323,1526324,1526325,1526326,1526327,1526328,1526329,1526330
136,13600,'20261009',1526331,1526332,1526333,1526334,1526335,1526336,1526337,1526338,1526339,1526340,1526341,1526342
136,13601,'20260929',1552592,1552593,1552594,1552595,1552596,1552597,1552598,1552599,1552600,1552601,1552602,1552603,1552604,1552605
136,13601,'20260930',1552606,1552607,1552608,1552609,1552610,1552611,1552612,1552613,1552614,1552615,1552616,1552617,1552618,1552619
136,13601,'20261001',1552620,1552621,1552622,1552623,1552624,1552625,1552626,1552627,1552628,1552629,1552630,1552631,1552632,1552633
136,13601,'20261002',1475558,1475559,1475560,1475561,1475562,1475563,1475564,1475565,1475566,1475567,1475568,1475569,1475570,1475571
136,13601,'20261005',1498595,1498596,1498597,1498598,1498599,1498600,1498601,1498602,1498603,1498604,1498605,1498606,1498607,1498608
136,13601,'20261006',1526371,1526372,1526373,1526374,1526375,1526376,1526377,1526378,1526379,1526380,1526381,1526382,1526383,1526384
136,13601,'20261007',1526385,1526386,1526387,1526388,1526389,1526390,1526391,1526392,1526393,1526394,1526395,1526396,1526397,1526398
136,13601,'20261008',1526399,1526400,1526401,1526402,1526403,1526404,1526405,1526406,1526407,1526408,1526409,1526410,1526411,1526412
136,13601,'20261009',1526413,1526414,1526415,1526416,1526417,1526418,1526419,1526420,1526421,1526422,1526423,1526424,1526425,1526426
185,18500,'20260929',1552634,1552635,1552636,1552637,1552638
185,18500,'20260930',1552639,1552640,1552641,1552642,1552643
185,18500,'20261001',1552644,1552645,1552646,1552647,1552648
185,18500,'20261002',1475589,1475590,1475591,1475592,1475593,1475594
185,18500,'20261005',1498624,1498625,1498626,1498627,1498628,1498629
185,18500,'20261006',1526437,1526438,1526439,1526440,1526441,1526442
185,18500,'20261007',1526443,1526444,1526445,1526446,1526447,1526448
185,18500,'20261008',1526449,1526450,1526451,1526452,1526453,1526454
185,18500,'20261009',1526455,1526456,1526457,1526458,1526459,1526460
185,18501,'20260929',1552649,1552650,1552651,1552652,1552653
185,18501,'20260930',1552654,1552655,1552656,1552657,1552658
185,18501,'20261001',1552659,1552660,1552661,1552662,1552663
185,18501,'20261002',1475610,1475611,1475612,1475613,1475614
185,18501,'20261005',1498645,1498646,1498647,1498648,1498649
185,18501,'20261006',1526471,1526472,1526473,1526474,1526475
185,18501,'20261007',1526476,1526477,1526478,1526479,1526480
185,18501,'20261008',1526481,1526482,1526483,1526484,1526485
185,18501,'20261009',1526486,1526487,1526488,1526489,1526490
231,23100,'20260929',1552664,1552665,1552666,1552667
231,23100,'20260930',1552668,1552669,1552670,1552671
231,23100,'20261001',1552672,1552673,1552674,1552675
231,23100,'20261002',1475627,1475628,1475629,1475630
231,23100,'20261005',1498662,1498663,1498664,1498665
231,23100,'20261006',1526499,1526500,1526501,1526502
231,23100,'20261007',1526503,1526504,1526505,1526506
231,23100,'20261008',1526507,1526508,1526509,1526510
231,23100,'20261009',1526511,1526512,1526513,1526514
231,23101,'20260929',1552676,1552677,1552678,1552679
231,23101,'20260930',1552680,1552681,1552682,1552683
231,23101,'20261001',1552684,1552685,1552686,1552687
231,23101,'20261002',1475643,1475644,1475645,1475646
231,23101,'20261005',1498678,1498679,1498680,1498681
231,23101,'20261006',1526523,1526524,1526525,1526526
231,23101,'20261007',1526527,1526528,1526529,1526530
231,23101,'20261008',1526531,1526532,1526533,1526534
231,23101,'20261009',1526535,1526536,1526537,1526538
236,23600,'20260929',1552688,1552689,1552690,1552691,1552692,1552693
236,23600,'20260930',1552694,1552695,1552696,1552697,1552698,1552699
236,23600,'20261001',1552700,1552701,1552702,1552703,1552704,1552705
236,23600,'20261002',1475665,1475666,1475667,1475668,1475669,1475670
236,23600,'20261005',1498700,1498701,1498702,1498703,1498704,1498705
236,23600,'20261006',1526551,1526552,1526553,1526554,1526555,1526556
236,23600,'20261007',1526557,1526558,1526559,1526560,1526561,1526562
236,23600,'20261008',1526563,1526564,1526565,1526566,1526567,1526568
236,23600,'20261009',1526569,1526570,1526571,1526572,1526573,1526574
236,23601,'20260929',1552706,1552707,1552708,1552709,1552710
236,23601,'20260930',1552711,1552712,1552713,1552714,1552715
236,23601,'20261001',1552716,1552717,1552718,1552719,1552720
236,23601,'20261002',1475686,1475687,1475688,1475689,1475690
236,23601,'20261005',1498721,1498722,1498723,1498724,1498725
236,23601,'20261006',1526585,1526586,1526587,1526588,1526589
236,23601,'20261007',1526590,1526591,1526592,1526593,1526594
236,23601,'20261008',1526595,1526596,1526597,1526598,1526599
236,23601,'20261009',1526600,1526601,1526602,1526603,1526604
237,23700,'20260929',1552721,1552722,1552723,1552724,1552725,1552726,1552727,1552728
237,23700,'20260930',1552729,1552730,1552731,1552732,1552733,1552734,1552735,1552736
237,23700,'20261001',1552737,1552738,1552739,1552740,1552741,1552742,1552743,1552744
237,23700,'20261002',1475715,1475716,1475717,1475718,1475719,1475720,1475721,1475722
237,23700,'20261005',1498750,1498751,1498752,1498753,1498754,1498755,1498756,1498757
237,23700,'20261006',1526621,1526622,1526623,1526624,1526625,1526626,1526627,1526628
237,23700,'20261007',1526629,1526630,1526631,1526632,1526633,1526634,1526635,1526636
237,23700,'20261008',1526637,1526638,1526639,1526640,1526641,1526642,1526643,1526644
237,23700,'20261009',1526645,1526646,1526647,1526648,1526649,1526650,1526651,1526652
237,23701,'20260929',1552745,1552746,1552747,1552748,1552749,1552750
237,23701,'20260930',1552751,1552752,1552753,1552754,1552755,1552756
237,23701,'20261001',1552757,1552758,1552759,1552760,1552761,1552762
237,23701,'20261002',1475741,1475742,1475743,1475744,1475745,1475746
237,23701,'20261005',1498776,1498777,1498778,1498779,1498780,1498781
237,23701,'20261006',1526665,1526666,1526667,1526668,1526669,1526670
237,23701,'20261007',1526671,1526672,1526673,1526674,1526675,1526676
237,23701,'20261008',1526677,1526678,1526679,1526680,1526681,1526682
237,23701,'20261009',1526683,1526684,1526685,1526686,1526687,1526688
238,23800,'20260929',1552763,1552764,1552765,1552766
238,23800,'20260930',1552767,1552768,1552769,1552770
238,23800,'20261001',1552771,1552772,1552773,1552774
238,23800,'20261002',1475759,1475760,1475761,1475762
238,23800,'20261005',1498794,1498795,1498796,1498797
238,23800,'20261006',1526697,1526698,1526699,1526700
238,23800,'20261007',1526701,1526702,1526703,1526704
238,23800,'20261008',1526705,1526706,1526707,1526708
238,23800,'20261009',1526709,1526710,1526711,1526712
238,23801,'20260929',1552775,1552776,1552777,1552778
238,23801,'20260930',1552779,1552780,1552781,1552782
238,23801,'20261001',1552783,1552784,1552785,1552786
238,23801,'20261002',1475775,1475776,1475777,1475778
238,23801,'20261005',1498810,1498811,1498812,1498813
238,23801,'20261006',1526721,1526722,1526723,1526724
238,23801,'20261007',1526725,1526726,1526727,1526728
238,23801,'20261008',1526729,1526730,1526731,1526732
238,23801,'20261009',1526733,1526734,1526735,1526736
250,25000,'20260929',1552787,1552788,1552789,1552790,1552791,1552792,1552793,1552794
250,25000,'20260930',1552795,1552796,1552797,1552798,1552799,1552800,1552801,1552802
250,25000,'20261001',1552803,1552804,1552805,1552806,1552807,1552808,1552809,1552810
250,25000,'20261002',1475803,1475804,1475805,1475806,1475807,1475808,1475809,1475810
250,25000,'20261005',1498838,1498839,1498840,1498841,1498842,1498843,1498844,1498845
250,25000,'20261006',1526753,1526754,1526755,1526756,1526757,1526758,1526759,1526760
250,25000,'20261007',1526761,1526762,1526763,1526764,1526765,1526766,1526767,1526768
250,25000,'20261008',1526769,1526770,1526771,1526772,1526773,1526774,1526775,1526776
250,25000,'20261009',1526777,1526778,1526779,1526780,1526781,1526782,1526783,1526784
250,25001,'20260929',1552811,1552812,1552813,1552814,1552815,1552816,1552817
250,25001,'20260930',1552818,1552819,1552820,1552821,1552822,1552823,1552824
250,25001,'20261001',1552825,1552826,1552827,1552828,1552829,1552830,1552831
250,25001,'20261002',1475830,1475831,1475832,1475833,1475834,1475835
250,25001,'20261005',1498867,1498868,1498869,1498870,1498871,1498872
250,25001,'20261006',1526799,1526800,1526801,1526802,1526803,1526804
250,25001,'20261007',1526805,1526806,1526807,1526808,1526809,1526810
250,25001,'20261008',1526811,1526812,1526813,1526814,1526815,1526816
250,25001,'20261009',1526817,1526818,1526819,1526820,1526821,1526822
251,25100,'20260929',1552832,1552833,1552834,1552835
251,25100,'20260930',1552836,1552837,1552838,1552839
251,25100,'20261001',1552840,1552841,1552842,1552843
251,25100,'20261002',1475848,1475849,1475850,1475851
251,25100,'20261005',1498885,1498886,1498887,1498888
251,25100,'20261006',1526831,1526832,1526833,1526834
251,25100,'20261007',1526835,1526836,1526837,1526838
251,25100,'20261008',1526839,1526840,1526841,1526842
251,25100,'20261009',1526843,1526844,1526845,1526846
251,25101,'20260929',1552844,1552845,1552846
251,25101,'20260930',1552847,1552848,1552849
251,25101,'20261001',1552850,1552851,1552852
251,25101,'20261002',1475861,1475862,1475863
251,25101,'20261005',1498898,1498899,1498900
251,25101,'20261006',1526853,1526854,1526855
251,25101,'20261007',1526856,1526857,1526858
251,25101,'20261008',1526859,1526860,1526861
251,25101,'20261009',1526862,1526863,1526864
253,25300,'20260929',1552853,1552854,1552855,1552856
253,25300,'20260930',1552857,1552858,1552859,1552860
253,25300,'20261001',1552861,1552862,1552863,1552864
253,25300,'20261002',1475876,1475877,1475878,1475879
253,25300,'20261005',1498913,1498914,1498915,1498916
253,25300,'20261006',1526873,1526874,1526875,1526876
253,25300,'20261007',1526877,1526878,1526879,1526880
253,25300,'20261008',1526881,1526882,1526883,1526884
253,25300,'20261009',1526885,1526886,1526887,1526888
253,25301,'20260929',1552865,1552866,1552867,1552868
253,25301,'20260930',1552869,1552870,1552871,1552872
253,25301,'20261001',1552873,1552874,1552875,1552876
253,25301,'20261002',1475892,1475893,1475894,1475895
253,25301,'20261005',1498929,1498930,1498931,1498932
253,25301,'20261006',1526897,1526898,1526899,1526900
253,25301,'20261007',1526901,1526902,1526903,1526904
253,25301,'20261008',1526905,1526906,1526907,1526908
253,25301,'20261009',1526909,1526910,1526911,1526912
254,25400,'20260929',1552877,1552878,1552879,1552880,1552881,1552882,1552883
254,25400,'20260930',1552884,1552885,1552886,1552887,1552888,1552889,1552890
254,25400,'20261001',1552891,1552892,1552893,1552894,1552895,1552896,1552897
254,25400,'20261002',1475914,1475915,1475916,1475917,1475918,1475919
254,25400,'20261005',1498951,1498952,1498953,1498954,1498955,1498956
254,25400,'20261006',1526925,1526926,1526927,1526928,1526929,1526930
254,25400,'20261007',1526931,1526932,1526933,1526934,1526935,1526936
254,25400,'20261008',1526937,1526938,1526939,1526940,1526941,1526942
254,25400,'20261009',1526943,1526944,1526945,1526946,1526947,1526948
254,25401,'20260929',1552898,1552899,1552900,1552901,1552902,1552903
254,25401,'20260930',1552904,1552905,1552906,1552907,1552908,1552909
254,25401,'20261001',1552910,1552911,1552912,1552913,1552914,1552915
254,25401,'20261002',1475938,1475939,1475940,1475941,1475942,1475943
254,25401,'20261005',1498975,1498976,1498977,1498978,1498979,1498980
254,25401,'20261006',1526961,1526962,1526963,1526964,1526965,1526966
254,25401,'20261007',1526967,1526968,1526969,1526970,1526971,1526972
254,25401,'20261008',1526973,1526974,1526975,1526976,1526977,1526978
254,25401,'20261009',1526979,1526980,1526981,1526982,1526983,1526984
255,25500,'20260929',1552916,1552917,1552918,1552919
255,25500,'20260930',1552920,1552921,1552922,1552923
255,25500,'20261001',1552924,1552925,1552926,1552927
255,25500,'20261002',1475956,1475957,1475958,1475959
255,25500,'20261005',1498993,1498994,1498995,1498996
255,25500,'20261006',1526993,1526994,1526995,1526996
255,25500,'20261007',1526997,1526998,1526999,1527000
255,25500,'20261008',1527001,1527002,1527003,1527004
255,25500,'20261009',1527005,1527006,1527007,1527008
255,25501,'20260929',1552928,1552929,1552930,1552931
255,25501,'20260930',1552932,1552933,1552934,1552935
255,25501,'20261001',1552936,1552937,1552938,1552939
255,25501,'20261002',1475972,1475973,1475974,1475975
255,25501,'20261005',1499009,1499010,1499011,1499012
255,25501,'20261006',1527017,1527018,1527019,1527020
255,25501,'20261007',1527021,1527022,1527023,1527024
255,25501,'20261008',1527025,1527026,1527027,1527028
255,25501,'20261009',1527029,1527030,1527031,1527032
257,25700,'20260929',1552940,1552941,1552942,1552943
257,25700,'20260930',1552944,1552945,1552946,1552947
257,25700,'20261001',1552948,1552949,1552950,1552951
257,25700,'20261002',1475988,1475989,1475990,1475991
257,25700,'20261005',1499025,1499026,1499027,1499028
257,25700,'20261006',1527041,1527042,1527043,1527044
257,25700,'20261007',1527045,1527046,1527047,1527048
257,25700,'20261008',1527049,1527050,1527051,1527052
257,25700,'20261009',1527053,1527054,1527055,1527056
257,25701,'20260929',1552952,1552953,1552954
257,25701,'20260930',1552955,1552956,1552957
257,25701,'20261001',1552958,1552959,1552960
257,25701,'20261002',1476001,1476002,1476003
257,25701,'20261005',1499038,1499039,1499040
257,25701,'20261006',1527063,1527064,1527065
257,25701,'20261007',1527066,1527067,1527068
257,25701,'20261008',1527069,1527070,1527071
257,25701,'20261009',1527072,1527073,1527074
258,25800,'20260929',1552961,1552962,1552963,1552964
258,25800,'20260930',1552965,1552966,1552967,1552968
258,25800,'20261001',1552969,1552970,1552971,1552972
258,25800,'20261002',1476016,1476017,1476018,1476019
258,25800,'20261005',1499053,1499054,1499055,1499056
258,25800,'20261006',1527083,1527084,1527085,1527086
258,25800,'20261007',1527087,1527088,1527089,1527090
258,25800,'20261008',1527091,1527092,1527093,1527094
258,25800,'20261009',1527095,1527096,1527097,1527098
258,25801,'20260929',1552973,1552974,1552975,1552976
258,25801,'20260930',1552977,1552978,1552979,1552980
258,25801,'20261001',1552981,1552982,1552983,1552984
258,25801,'20261002',1476032,1476033,1476034,1476035
258,25801,'20261005',1499069,1499070,1499071,1499072
258,25801,'20261006',1527107,1527108,1527109,1527110
258,25801,'20261007',1527111,1527112,1527113,1527114
258,25801,'20261008',1527115,1527116,1527117,1527118
258,25801,'20261009',1527119,1527120,1527121,1527122
270,27000,'20260929',1552985,1552986,1552987,1552988,1552989,1552990,1552991,1552992
270,27000,'20260930',1552993,1552994,1552995,1552996,1552997,1552998,1552999,1553000
270,27000,'20261001',1553001,1553002,1553003,1553004,1553005,1553006,1553007,1553008
270,27000,'20261002',1476060,1476061,1476062,1476063,1476064,1476065,1476066,1476067
270,27000,'20261005',1499097,1499098,1499099,1499100,1499101,1499102,1499103,1499104
270,27000,'20261006',1527139,1527140,1527141,1527142,1527143,1527144,1527145,1527146
270,27000,'20261007',1527147,1527148,1527149,1527150,1527151,1527152,1527153,1527154
270,27000,'20261008',1527155,1527156,1527157,1527158,1527159,1527160,1527161,1527162
270,27000,'20261009',1527163,1527164,1527165,1527166,1527167,1527168,1527169,1527170
270,27001,'20260929',1553009,1553010,1553011,1553012,1553013,1553014,1553015,1553016,1553017
270,27001,'20260930',1553018,1553019,1553020,1553021,1553022,1553023,1553024,1553025,1553026
270,27001,'20261001',1553027,1553028,1553029,1553030,1553031,1553032,1553033,1553034,1553035
270,27001,'20261002',1476095,1476096,1476097,1476098,1476099,1476100,1476101,1476102,1476103
270,27001,'20261005',1499132,1499133,1499134,1499135,1499136,1499137,1499138,1499139,1499140
270,27001,'20261006',1527189,1527190,1527191,1527192,1527193,1527194,1527195,1527196,1527197
270,27001,'20261007',1527198,1527199,1527200,1527201,1527202,1527203,1527204,1527205,1527206
270,27001,'20261008',1527207,1527208,1527209,1527210,1527211,1527212,1527213,1527214,1527215
270,27001,'20261009',1527216,1527217,1527218,1527219,1527220,1527221,1527222,1527223,1527224
272,27200,'20260929',1553036,1553037,1553038,1553039,1553040
272,27200,'20260930',1553041,1553042,1553043,1553044,1553045
272,27200,'20261001',1553046,1553047,1553048,1553049,1553050
272,27200,'20261002',1476119,1476120,1476121,1476122,1476123
272,27200,'20261005',1499156,1499157,1499158,1499159,1499160
272,27200,'20261006',1527235,1527236,1527237,1527238,1527239
272,27200,'20261007',1527240,1527241,1527242,1527243,1527244
272,27200,'20261008',1527245,1527246,1527247,1527248,1527249
272,27200,'20261009',1527250,1527251,1527252,1527253,1527254
272,27201,'20260929',1553051,1553052,1553053,1553054,1553055
272,27201,'20260930',1553056,1553057,1553058,1553059,1553060
272,27201,'20261001',1553061,1553062,1553063,1553064,1553065
272,27201,'20261002',1476139,1476140,1476141,1476142,1476143
272,27201,'20261005',1499176,1499177,1499178,1499179,1499180
272,27201,'20261006',1527265,1527266,1527267,1527268,1527269
272,27201,'20261007',1527270,1527271,1527272,1527273,1527274
272,27201,'20261008',1527275,1527276,1527277,1527278,1527279
272,27201,'20261009',1527280,1527281,1527282,1527283,1527284
273,27300,'20260929',1553066,1553067,1553068,1553069
273,27300,'20260930',1553070,1553071,1553072,1553073
273,27300,'20261001',1553074,1553075,1553076,1553077
273,27300,'20261002',1476156,1476157,1476158,1476159
273,27300,'20261005',1499193,1499194,1499195,1499196
273,27300,'20261006',1527293,1527294,1527295,1527296
273,27300,'20261007',1527297,1527298,1527299,1527300
273,27300,'20261008',1527301,1527302,1527303,1527304
273,27300,'20261009',1527305,1527306,1527307,1527308
273,27301,'20260929',1553078,1553079,1553080,1553081
273,27301,'20260930',1553082,1553083,1553084,1553085
273,27301,'20261001',1553086,1553087,1553088,1553089
273,27301,'20261002',1476172,1476173,1476174,1476175
273,27301,'20261005',1499209,1499210,1499211,1499212
273,27301,'20261006',1527317,1527318,1527319,1527320
273,27301,'20261007',1527321,1527322,1527323,1527324
273,27301,'20261008',1527325,1527326,1527327,1527328
273,27301,'20261009',1527329,1527330,1527331,1527332
274,27400,'20260929',1553090,1553091,1553092,1553093,1553094
274,27400,'20260930',1553095,1553096,1553097,1553098,1553099
274,27400,'20261001',1553100,1553101,1553102,1553103,1553104
274,27400,'20261002',1476191,1476192,1476193,1476194,1476195
274,27400,'20261005',1499228,1499229,1499230,1499231,1499232
274,27400,'20261006',1527343,1527344,1527345,1527346,1527347
274,27400,'20261007',1527348,1527349,1527350,1527351,1527352
274,27400,'20261008',1527353,1527354,1527355,1527356,1527357
274,27400,'20261009',1527358,1527359,1527360,1527361,1527362
274,27401,'20260929',1553105,1553106,1553107,1553108,1553109
274,27401,'20260930',1553110,1553111,1553112,1553113,1553114
274,27401,'20261001',1553115,1553116,1553117,1553118,1553119
274,27401,'20261002',1476211,1476212,1476213,1476214,1476215
274,27401,'20261005',1499248,1499249,1499250,1499251,1499252
274,27401,'20261006',1527373,1527374,1527375,1527376,1527377
274,27401,'20261007',1527378,1527379,1527380,1527381,1527382
274,27401,'20261008',1527383,1527384,1527385,1527386,1527387
274,27401,'20261009',1527388,1527389,1527390,1527391,1527392
279,27900,'20260929',1553120,1553121,1553122,1553123
279,27900,'20260930',1553124,1553125,1553126,1553127
279,27900,'20261001',1553128,1553129,1553130,1553131
279,27900,'20261002',1476228,1476229,1476230,1476231
279,27900,'20261005',1499265,1499266,1499267,1499268
279,27900,'20261006',1527401,1527402,1527403,1527404
279,27900,'20261007',1527405,1527406,1527407,1527408
279,27900,'20261008',1527409,1527410,1527411,1527412
279,27900,'20261009',1527413,1527414,1527415,1527416
279,27901,'20260929',1553132,1553133,1553134,1553135
279,27901,'20260930',1553136,1553137,1553138,1553139
279,27901,'20261001',1553140,1553141,1553142,1553143
279,27901,'20261002',1476244,1476245,1476246,1476247
279,27901,'20261005',1499281,1499282,1499283,1499284
279,27901,'20261006',1527425,1527426,1527427,1527428
279,27901,'20261007',1527429,1527430,1527431,1527432
279,27901,'20261008',1527433,1527434,1527435,1527436
279,27901,'20261009',1527437,1527438,1527439,1527440
280,28000,'20260929',1553144,1553145,1553146,1553147,1553148,1553149
280,28000,'20260930',1553150,1553151,1553152,1553153,1553154,1553155
280,28000,'20261001',1553156,1553157,1553158,1553159,1553160,1553161
280,28000,'20261002',1476266,1476267,1476268,1476269,1476270,1476271
280,28000,'20261005',1499303,1499304,1499305,1499306,1499307,1499308
280,28000,'20261006',1527453,1527454,1527455,1527456,1527457,1527458
280,28000,'20261007',1527459,1527460,1527461,1527462,1527463,1527464
280,28000,'20261008',1527465,1527466,1527467,1527468,1527469,1527470
280,28000,'20261009',1527471,1527472,1527473,1527474,1527475,1527476
280,28001,'20260929',1553162,1553163,1553164,1553165,1553166,1553167
280,28001,'20260930',1553168,1553169,1553170,1553171,1553172,1553173
280,28001,'20261001',1553174,1553175,1553176,1553177,1553178,1553179
280,28001,'20261002',1476290,1476291,1476292,1476293,1476294,1476295
280,28001,'20261005',1499327,1499328,1499329,1499330,1499331,1499332
280,28001,'20261006',1527489,1527490,1527491,1527492,1527493,1527494
280,28001,'20261007',1527495,1527496,1527497,1527498,1527499,1527500
280,28001,'20261008',1527501,1527502,1527503,1527504,1527505,1527506
280,28001,'20261009',1527507,1527508,1527509,1527510,1527511,1527512
281,28100,'20260929',1553180,1553181,1553182,1553183,1553184
281,28100,'20260930',1553185,1553186,1553187,1553188,1553189
281,28100,'20261001',1553190,1553191,1553192,1553193,1553194
281,28100,'20261002',1476311,1476312,1476313,1476314,1476315
281,28100,'20261005',1499348,1499349,1499350,1499351,1499352
281,28100,'20261006',1527523,1527524,1527525,1527526,1527527
281,28100,'20261007',1527528,1527529,1527530,1527531,1527532
281,28100,'20261008',1527533,1527534,1527535,1527536,1527537
281,28100,'20261009',1527538,1527539,1527540,1527541,1527542
281,28101,'20260929',1553195,1553196,1553197,1553198,1553199
281,28101,'20260930',1553200,1553201,1553202,1553203,1553204
281,28101,'20261001',1553205,1553206,1553207,1553208,1553209
281,28101,'20261002',1476331,1476332,1476333,1476334,1476335
281,28101,'20261005',1499368,1499369,1499370,1499371,1499372
281,28101,'20261006',1527553,1527554,1527555,1527556,1527557
281,28101,'20261007',1527558,1527559,1527560,1527561,1527562
281,28101,'20261008',1527563,1527564,1527565,1527566,1527567
281,28101,'20261009',1527568,1527569,1527570,1527571,1527572
282,28200,'20260929',1553210,1553211,1553212,1553213,1553214,1553215
282,28200,'20260930',1553216,1553217,1553218,1553219,1553220,1553221
282,28200,'20261001',1553222,1553223,1553224,1553225,1553226,1553227
282,28200,'20261002',1476354,1476355,1476356,1476357,1476358,1476359
282,28200,'20261005',1499391,1499392,1499393,1499394,1499395,1499396
282,28200,'20261006',1527585,1527586,1527587,1527588,1527589,1527590
282,28200,'20261007',1527591,1527592,1527593,1527594,1527595,1527596
282,28200,'20261008',1527597,1527598,1527599,1527600,1527601,1527602
282,28200,'20261009',1527603,1527604,1527605,1527606,1527607,1527608
282,28201,'20260929',1553228,1553229,1553230,1553231,1553232
282,28201,'20260930',1553233,1553234,1553235,1553236,1553237
282,28201,'20261001',1553238,1553239,1553240,1553241,1553242
282,28201,'20261002',1476375,1476376,1476377,1476378,1476379
282,28201,'20261005',1499412,1499413,1499414,1499415,1499416
282,28201,'20261006',1527619,1527620,1527621,1527622,1527623
282,28201,'20261007',1527624,1527625,1527626,1527627,1527628
282,28201,'20261008',1527629,1527630,1527631,1527632,1527633
282,28201,'20261009',1527634,1527635,1527636,1527637,1527638
283,28302,'20260929',1553243,1553244,1553245
283,28302,'20260930',1553246,1553247,1553248
283,28302,'20261001',1553249,1553250,1553251
283,28302,'20261002',1476389,1476390,1476391
283,28302,'20261005',1499426,1499427,1499428
283,28302,'20261006',1527645,1527646,1527647
283,28302,'20261007',1527648,1527649,1527650
283,28302,'20261008',1527651,1527652,1527653
283,28302,'20261009',1527654,1527655,1527656
283,28303,'20260929',1553252,1553253,1553254,1553255
283,28303,'20260930',1553256,1553257,1553258,1553259
283,28303,'20261001',1553260,1553261,1553262,1553263
283,28303,'20261002',1476404,1476405,1476406,1476407
283,28303,'20261005',1499441,1499442,1499443,1499444
283,28303,'20261006',1527665,1527666,1527667,1527668
283,28303,'20261007',1527669,1527670,1527671,1527672
283,28303,'20261008',1527673,1527674,1527675,1527676
283,28303,'20261009',1527677,1527678,1527679,1527680
284,28400,'20260929',1553264,1553265,1553266,1553267,1553268
284,28400,'20260930',1553269,1553270,1553271,1553272,1553273
284,28400,'20261001',1553274,1553275,1553276,1553277,1553278
284,28400,'20261002',1476423,1476424,1476425,1476426,1476427
284,28400,'20261005',1499460,1499461,1499462,1499463,1499464
284,28400,'20261006',1527691,1527692,1527693,1527694,1527695
284,28400,'20261007',1527696,1527697,1527698,1527699,1527700
284,28400,'20261008',1527701,1527702,1527703,1527704,1527705
284,28400,'20261009',1527706,1527707,1527708,1527709,1527710
284,28401,'20260929',1553279,1553280,1553281,1553282,1553283
284,28401,'20260930',1553284,1553285,1553286,1553287,1553288
284,28401,'20261001',1553289,1553290,1553291,1553292,1553293
284,28401,'20261002',1476443,1476444,1476445,1476446,1476447
284,28401,'20261005',1499480,1499481,1499482,1499483,1499484
284,28401,'20261006',1527721,1527722,1527723,1527724,1527725
284,28401,'20261007',1527726,1527727,1527728,1527729,1527730
284,28401,'20261008',1527731,1527732,1527733,1527734,1527735
284,28401,'20261009',1527736,1527737,1527738,1527739,1527740
289,28900,'20260929',1553294,1553295,1553296,1553297,1553298
289,28900,'20260930',1553299,1553300,1553301,1553302,1553303
289,28900,'20261001',1553304,1553305,1553306,1553307,1553308
289,28900,'20261002',1476463,1476464,1476465,1476466,1476467
289,28900,'20261005',1499500,1499501,1499502,1499503,1499504
289,28900,'20261006',1527751,1527752,1527753,1527754,1527755
289,28900,'20261007',1527756,1527757,1527758,1527759,1527760
289,28900,'20261008',1527761,1527762,1527763,1527764,1527765
289,28900,'20261009',1527766,1527767,1527768,1527769,1527770
289,28901,'20260929',1553309,1553310,1553311,1553312,1553313
289,28901,'20260930',1553314,1553315,1553316,1553317,1553318
289,28901,'20261001',1553319,1553320,1553321,1553322,1553323
289,28901,'20261002',1476483,1476484,1476485,1476486,1476487
289,28901,'20261005',1499520,1499521,1499522,1499523,1499524
289,28901,'20261006',1527781,1527782,1527783,1527784,1527785
289,28901,'20261007',1527786,1527787,1527788,1527789,1527790
289,28901,'20261008',1527791,1527792,1527793,1527794,1527795
289,28901,'20261009',1527796,1527797,1527798,1527799,1527800
290,29000,'20260929',1553324,1553325,1553326,1553327,1553328
290,29000,'20260930',1553329,1553330,1553331,1553332,1553333
290,29000,'20261001',1553334,1553335,1553336,1553337,1553338
290,29000,'20261002',1476503,1476504,1476505,1476506,1476507
290,29000,'20261005',1499540,1499541,1499542,1499543,1499544
290,29000,'20261006',1527811,1527812,1527813,1527814,1527815
290,29000,'20261007',1527816,1527817,1527818,1527819,1527820
290,29000,'20261008',1527821,1527822,1527823,1527824,1527825
290,29000,'20261009',1527826,1527827,1527828,1527829,1527830
290,29001,'20260929',1553339,1553340,1553341,1553342
290,29001,'20260930',1553343,1553344,1553345,1553346
290,29001,'20261001',1553347,1553348,1553349,1553350
290,29001,'20261002',1476520,1476521,1476522,1476523
290,29001,'20261005',1499557,1499558,1499559,1499560
290,29001,'20261006',1527839,1527840,1527841,1527842
290,29001,'20261007',1527843,1527844,1527845,1527846
290,29001,'20261008',1527847,1527848,1527849,1527850
290,29001,'20261009',1527851,1527852,1527853,1527854
291,29102,'20260929',1553351,1553352,1553353,1553354
291,29102,'20260930',1553355,1553356,1553357,1553358
291,29102,'20261001',1553359,1553360,1553361,1553362
291,29102,'20261002',1476536,1476537,1476538,1476539
291,29102,'20261005',1499573,1499574,1499575,1499576
291,29102,'20261006',1527863,1527864,1527865,1527866
291,29102,'20261007',1527867,1527868,1527869,1527870
291,29102,'20261008',1527871,1527872,1527873,1527874
291,29102,'20261009',1527875,1527876,1527877,1527878
291,29103,'20260929',1553363,1553364,1553365,1553366
291,29103,'20260930',1553367,1553368,1553369,1553370
291,29103,'20261001',1553371,1553372,1553373,1553374
291,29103,'20261002',1476552,1476553,1476554,1476555
291,29103,'20261005',1499589,1499590,1499591,1499592
291,29103,'20261006',1527887,1527888,1527889,1527890
291,29103,'20261007',1527891,1527892,1527893,1527894
291,29103,'20261008',1527895,1527896,1527897,1527898
291,29103,'20261009',1527899,1527900,1527901,1527902
292,29202,'20260929',1553375,1553376,1553377
292,29202,'20260930',1553378,1553379,1553380
292,29202,'20261001',1553381,1553382,1553383
292,29202,'20261002',1476565,1476566,1476567
292,29202,'20261005',1499602,1499603,1499604
292,29202,'20261006',1527909,1527910,1527911
292,29202,'20261007',1527912,1527913,1527914
292,29202,'20261008',1527915,1527916,1527917
292,29202,'20261009',1527918,1527919,1527920
292,29203,'20260929',1553384,1553385,1553386
292,29203,'20260930',1553387,1553388,1553389
292,29203,'20261001',1553390,1553391,1553392
292,29203,'20261002',1476577,1476578,1476579
292,29203,'20261005',1499614,1499615,1499616
292,29203,'20261006',1527927,1527928,1527929
292,29203,'20261007',1527930,1527931,1527932
292,29203,'20261008',1527933,1527934,1527935
292,29203,'20261009',1527936,1527937,1527938
294,29402,'20260929',1553393,1553394,1553395
294,29402,'20260930',1553396,1553397,1553398
294,29402,'20261001',1553399,1553400,1553401
294,29402,'20261002',1476589,1476590,1476591
294,29402,'20261005',1499626,1499627,1499628
294,29402,'20261006',1527945,1527946,1527947
294,29402,'20261007',1527948,1527949,1527950
294,29402,'20261008',1527951,1527952,1527953
294,29402,'20261009',1527954,1527955,1527956
294,29403,'20260929',1553402,1553403,1553404
294,29403,'20260930',1553405,1553406,1553407
294,29403,'20261001',1553408,1553409,1553410
294,29403,'20261002',1476601,1476602,1476603
294,29403,'20261005',1499638,1499639,1499640
294,29403,'20261006',1527963,1527964,1527965
294,29403,'20261007',1527966,1527967,1527968
294,29403,'20261008',1527969,1527970,1527971
294,29403,'20261009',1527972,1527973,1527974
330,33000,'20260929',1553411,1553412,1553413,1553414,1553415,1553416
330,33000,'20260930',1553417,1553418,1553419,1553420,1553421,1553422
330,33000,'20261001',1553423,1553424,1553425,1553426,1553427,1553428
330,33000,'20261002',1476622,1476623,1476624,1476625,1476626,1476627
330,33000,'20261005',1499659,1499660,1499661,1499662,1499663,1499664
330,33000,'20261006',1527987,1527988,1527989,1527990,1527991,1527992
330,33000,'20261007',1527993,1527994,1527995,1527996,1527997,1527998
330,33000,'20261008',1527999,1528000,1528001,1528002,1528003,1528004
330,33000,'20261009',1528005,1528006,1528007,1528008,1528009,1528010
330,33001,'20260929',1553429,1553430,1553431,1553432,1553433,1553434,1553435,1553436,1553437,1553438,1553439,1553440,1553441,1553442
330,33001,'20260930',1553443,1553444,1553445,1553446,1553447,1553448,1553449,1553450,1553451,1553452,1553453,1553454,1553455,1553456
330,33001,'20261001',1553457,1553458,1553459,1553460,1553461,1553462,1553463,1553464,1553465,1553466,1553467,1553468,1553469,1553470
330,33001,'20261002',1476668,1476669,1476670,1476671,1476672,1476673,1476674,1476675,1476676,1476677,1476678,1476679,1476680
330,33001,'20261005',1499707,1499708,1499709,1499710,1499711,1499712,1499713,1499714,1499715,1499716,1499717,1499718,1499719
330,33001,'20261006',1528039,1528040,1528041,1528042,1528043,1528044,1528045,1528046,1528047,1528048,1528049,1528050,1528051
330,33001,'20261007',1528052,1528053,1528054,1528055,1528056,1528057,1528058,1528059,1528060,1528061,1528062,1528063,1528064
330,33001,'20261008',1528065,1528066,1528067,1528068,1528069,1528070,1528071,1528072,1528073,1528074,1528075,1528076,1528077
330,33001,'20261009',1528078,1528079,1528080,1528081,1528082,1528083,1528084,1528085,1528086,1528087,1528088,1528089,1528090
331,33100,'20260929',1553471,1553472,1553473
331,33100,'20260930',1553474,1553475,1553476
331,33100,'20261001',1553477,1553478,1553479
331,33100,'20261002',1476690,1476691,1476692
331,33100,'20261005',1499729,1499730,1499731
331,33100,'20261006',1528097,1528098,1528099
331,33100,'20261007',1528100,1528101,1528102
331,33100,'20261008',1528103,1528104,1528105
331,33100,'20261009',1528106,1528107,1528108
331,33101,'20260929',1553480,1553481,1553482
331,33101,'20260930',1553483,1553484,1553485
331,33101,'20261001',1553486,1553487,1553488
331,33101,'20261002',1476702,1476703,1476704
331,33101,'20261005',1499741,1499742,1499743
331,33101,'20261006',1528115,1528116,1528117
331,33101,'20261007',1528118,1528119,1528120
331,33101,'20261008',1528121,1528122,1528123
331,33101,'20261009',1528124,1528125,1528126
336,33600,'20260929',1553489,1553490,1553491
336,33600,'20260930',1553492,1553493,1553494
336,33600,'20261001',1553495,1553496,1553497
336,33600,'20261002',1476714,1476715,1476716
336,33600,'20261005',1499753,1499754,1499755
336,33600,'20261006',1528133,1528134,1528135
336,33600,'20261007',1528136,1528137,1528138
336,33600,'20261008',1528139,1528140,1528141
336,33600,'20261009',1528142,1528143,1528144
336,33601,'20260929',1553498,1553499
336,33601,'20260930',1553500,1553501
336,33601,'20261001',1553502,1553503
336,33601,'20261002',1476723,1476724
336,33601,'20261005',1499762,1499763
336,33601,'20261006',1528149,1528150
336,33601,'20261007',1528151,1528152
336,33601,'20261008',1528153,1528154
336,33601,'20261009',1528155,1528156
337,33700,'20260929',1553504,1553505,1553506,1553507,1553508
337,33700,'20260930',1553509,1553510,1553511,1553512,1553513
337,33700,'20261001',1553514,1553515,1553516,1553517,1553518
337,33700,'20261002',1476740,1476741,1476742,1476743,1476744
337,33700,'20261005',1499779,1499780,1499781,1499782,1499783
337,33700,'20261006',1528167,1528168,1528169,1528170,1528171
337,33700,'20261007',1528172,1528173,1528174,1528175,1528176
337,33700,'20261008',1528177,1528178,1528179,1528180,1528181
337,33700,'20261009',1528182,1528183,1528184,1528185,1528186
337,33701,'20260929',1553519,1553520,1553521,1553522,1553523,1553524,1553525
337,33701,'20260930',1553526,1553527,1553528,1553529,1553530,1553531,1553532
337,33701,'20261001',1553533,1553534,1553535,1553536,1553537,1553538,1553539
337,33701,'20261002',1476766,1476767,1476768,1476769,1476770,1476771,1476772
337,33701,'20261005',1499805,1499806,1499807,1499808,1499809,1499810,1499811
337,33701,'20261006',1528201,1528202,1528203,1528204,1528205,1528206,1528207
337,33701,'20261007',1528208,1528209,1528210,1528211,1528212,1528213,1528214
337,33701,'20261008',1528215,1528216,1528217,1528218,1528219,1528220,1528221
337,33701,'20261009',1528222,1528223,1528224,1528225,1528226,1528227,1528228
338,33800,'20260929',1553540,1553541,1553542,1553543
338,33800,'20260930',1553544,1553545,1553546,1553547
338,33800,'20261001',1553548,1553549,1553550,1553551
338,33800,'20261002',1476785,1476786,1476787,1476788
338,33800,'20261005',1499824,1499825,1499826,1499827
338,33800,'20261006',1528237,1528238,1528239,1528240
338,33800,'20261007',1528241,1528242,1528243,1528244
338,33800,'20261008',1528245,1528246,1528247,1528248
338,33800,'20261009',1528249,1528250,1528251,1528252
338,33801,'20260929',1553552,1553553,1553554,1553555
338,33801,'20260930',1553556,1553557,1553558,1553559
338,33801,'20261001',1553560,1553561,1553562,1553563
338,33801,'20261002',1476801,1476802,1476803,1476804
338,33801,'20261005',1499840,1499841,1499842,1499843
338,33801,'20261006',1528261,1528262,1528263,1528264
338,33801,'20261007',1528265,1528266,1528267,1528268
338,33801,'20261008',1528269,1528270,1528271,1528272
338,33801,'20261009',1528273,1528274,1528275,1528276
350,35000,'20260929',1553564,1553565,1553566,1553567,1553568
350,35000,'20260930',1553569,1553570,1553571,1553572,1553573
350,35000,'20261001',1553574,1553575,1553576,1553577,1553578
350,35000,'20261002',1476820,1476821,1476822,1476823,1476824
350,35000,'20261005',1499859,1499860,1499861,1499862,1499863
350,35000,'20261006',1528287,1528288,1528289,1528290,1528291
350,35000,'20261007',1528292,1528293,1528294,1528295,1528296
350,35000,'20261008',1528297,1528298,1528299,1528300,1528301
350,35000,'20261009',1528302,1528303,1528304,1528305,1528306
350,35001,'20260929',1553579,1553580,1553581,1553582,1553583,1553584
350,35001,'20260930',1553585,1553586,1553587,1553588,1553589,1553590
350,35001,'20261001',1553591,1553592,1553593,1553594,1553595,1553596
350,35001,'20261002',1476843,1476844,1476845,1476846,1476847,1476848
350,35001,'20261005',1499882,1499883,1499884,1499885,1499886,1499887
350,35001,'20261006',1528319,1528320,1528321,1528322,1528323,1528324
350,35001,'20261007',1528325,1528326,1528327,1528328,1528329,1528330
350,35001,'20261008',1528331,1528332,1528333,1528334,1528335,1528336
350,35001,'20261009',1528337,1528338,1528339,1528340,1528341,1528342
354,35400,'20260929',1553597,1553598,1553599
354,35400,'20260930',1553600,1553601,1553602
354,35400,'20261001',1553603,1553604,1553605
354,35400,'20261002',1476858,1476859,1476860
354,35400,'20261005',1499897,1499898,1499899
354,35400,'20261006',1528349,1528350,1528351
354,35400,'20261007',1528352,1528353,1528354
354,35400,'20261008',1528355,1528356,1528357
354,35400,'20261009',1528358,1528359,1528360
354,35401,'20260929',1553606,1553607
354,35401,'20260930',1553608,1553609
354,35401,'20261001',1553610,1553611
354,35401,'20261002',1476867,1476868
354,35401,'20261005',1499906,1499907
354,35401,'20261006',1528365,1528366
354,35401,'20261007',1528367,1528368
354,35401,'20261008',1528369,1528370
354,35401,'20261009',1528371,1528372
355,35500,'20260929',1553612,1553613,1553614
355,35500,'20260930',1553615,1553616,1553617
355,35500,'20261001',1553618,1553619,1553620
355,35500,'20261002',1476878,1476879,1476880
355,35500,'20261005',1499917,1499918,1499919
355,35500,'20261006',1528379,1528380,1528381
355,35500,'20261007',1528382,1528383,1528384
355,35500,'20261008',1528385,1528386,1528387
355,35500,'20261009',1528388,1528389,1528390
355,35501,'20260929',1553621,1553622
355,35501,'20260930',1553623,1553624
355,35501,'20261001',1553625,1553626
355,35501,'20261002',1476887,1476888
355,35501,'20261005',1499926,1499927
355,35501,'20261006',1528395,1528396
355,35501,'20261007',1528397,1528398
355,35501,'20261008',1528399,1528400
355,35501,'20261009',1528401,1528402
358,35800,'20260929',1553627,1553628,1553629
358,35800,'20260930',1553630,1553631,1553632
358,35800,'20261001',1553633,1553634,1553635
358,35800,'20261002',1476898,1476899,1476900
358,35800,'20261005',1499937,1499938,1499939
358,35800,'20261006',1528409,1528410,1528411
358,35800,'20261007',1528412,1528413,1528414
358,35800,'20261008',1528415,1528416,1528417
358,35800,'20261009',1528418,1528419,1528420
358,35801,'20260929',1553636,1553637
358,35801,'20260930',1553638,1553639
358,35801,'20261001',1553640,1553641
358,35801,'20261002',1476907,1476908
358,35801,'20261005',1499946,1499947
358,35801,'20261006',1528425,1528426
358,35801,'20261007',1528427,1528428
358,35801,'20261008',1528429,1528430
358,35801,'20261009',1528431,1528432
370,37000,'20260929',1553642,1553643,1553644,1553645,1553646,1553647
370,37000,'20260930',1553648,1553649,1553650,1553651,1553652,1553653
370,37000,'20261001',1553654,1553655,1553656,1553657,1553658,1553659
370,37000,'20261002',1476925,1476926,1476927,1476928,1476929
370,37000,'20261005',1499966,1499967,1499968,1499969,1499970
370,37000,'20261006',1528445,1528446,1528447,1528448,1528449
370,37000,'20261007',1528450,1528451,1528452,1528453,1528454
370,37000,'20261008',1528455,1528456,1528457,1528458,1528459
370,37000,'20261009',1528460,1528461,1528462,1528463,1528464
370,37001,'20260929',1553660,1553661,1553662,1553663,1553664,1553665,1553666,1553667,1553668
370,37001,'20260930',1553669,1553670,1553671,1553672,1553673,1553674,1553675,1553676,1553677
370,37001,'20261001',1553678,1553679,1553680,1553681,1553682,1553683,1553684,1553685,1553686
370,37001,'20261002',1476955,1476956,1476957,1476958,1476959,1476960,1476961,1476962
370,37001,'20261005',1499998,1499999,1500000,1500001,1500002,1500003,1500004,1500005
370,37001,'20261006',1528483,1528484,1528485,1528486,1528487,1528488,1528489,1528490
370,37001,'20261007',1528491,1528492,1528493,1528494,1528495,1528496,1528497,1528498
370,37001,'20261008',1528499,1528500,1528501,1528502,1528503,1528504,1528505,1528506
370,37001,'20261009',1528507,1528508,1528509,1528510,1528511,1528512,1528513,1528514
372,37200,'20260929',1553687,1553688,1553689,1553690
372,37200,'20260930',1553691,1553692,1553693,1553694
372,37200,'20261001',1553695,1553696,1553697,1553698
372,37200,'20261002',1476975,1476976,1476977,1476978
372,37200,'20261005',1500018,1500019,1500020,1500021
372,37200,'20261006',1528523,1528524,1528525,1528526
372,37200,'20261007',1528527,1528528,1528529,1528530
372,37200,'20261008',1528531,1528532,1528533,1528534
372,37200,'20261009',1528535,1528536,1528537,1528538
372,37201,'20260929',1553699,1553700,1553701,1553702,1553703
372,37201,'20260930',1553704,1553705,1553706,1553707,1553708
372,37201,'20261001',1553709,1553710,1553711,1553712,1553713
372,37201,'20261002',1476994,1476995,1476996,1476997,1476998
372,37201,'20261005',1500037,1500038,1500039,1500040,1500041
372,37201,'20261006',1528549,1528550,1528551,1528552,1528553
372,37201,'20261007',1528554,1528555,1528556,1528557,1528558
372,37201,'20261008',1528559,1528560,1528561,1528562,1528563
372,37201,'20261009',1528564,1528565,1528566,1528567,1528568
374,37400,'20260929',1553714,1553715,1553716
374,37400,'20260930',1553717,1553718,1553719
374,37400,'20261001',1553720,1553721,1553722
374,37400,'20261002',1477008,1477009,1477010
374,37400,'20261005',1500051,1500052,1500053
374,37400,'20261006',1528575,1528576,1528577
374,37400,'20261007',1528578,1528579,1528580
374,37400,'20261008',1528581,1528582,1528583
374,37400,'20261009',1528584,1528585,1528586
374,37401,'20260929',1553723,1553724,1553725
374,37401,'20260930',1553726,1553727,1553728
374,37401,'20261001',1553729,1553730,1553731
374,37401,'20261002',1477020,1477021,1477022
374,37401,'20261005',1500063,1500064,1500065
374,37401,'20261006',1528593,1528594,1528595
374,37401,'20261007',1528596,1528597,1528598
374,37401,'20261008',1528599,1528600,1528601
374,37401,'20261009',1528602,1528603,1528604
380,38000,'20260929',1553732,1553733,1553734,1553735
380,38000,'20260930',1553736,1553737,1553738,1553739
380,38000,'20261001',1553740,1553741,1553742,1553743
380,38000,'20261002',1477035,1477036,1477037,1477038
380,38000,'20261005',1500078,1500079,1500080,1500081
380,38000,'20261006',1528613,1528614,1528615,1528616
380,38000,'20261007',1528617,1528618,1528619,1528620
380,38000,'20261008',1528621,1528622,1528623,1528624
380,38000,'20261009',1528625,1528626,1528627,1528628
380,38001,'20260929',1553744,1553745,1553746,1553747
380,38001,'20260930',1553748,1553749,1553750,1553751
380,38001,'20261001',1553752,1553753,1553754,1553755
380,38001,'20261002',1477051,1477052,1477053,1477054
380,38001,'20261005',1500094,1500095,1500096,1500097
380,38001,'20261006',1528637,1528638,1528639,1528640
380,38001,'20261007',1528641,1528642,1528643,1528644
380,38001,'20261008',1528645,1528646,1528647,1528648
380,38001,'20261009',1528649,1528650,1528651,1528652
381,38100,'20260929',1553756,1553757,1553758,1553759
381,38100,'20260930',1553760,1553761,1553762,1553763
381,38100,'20261001',1553764,1553765,1553766,1553767
381,38100,'20261002',1477067,1477068,1477069,1477070
381,38100,'20261005',1500110,1500111,1500112,1500113
381,38100,'20261006',1528661,1528662,1528663,1528664
381,38100,'20261007',1528665,1528666,1528667,1528668
381,38100,'20261008',1528669,1528670,1528671,1528672
381,38100,'20261009',1528673,1528674,1528675,1528676
381,38101,'20260929',1553768,1553769,1553770,1553771,1553772
381,38101,'20260930',1553773,1553774,1553775,1553776,1553777
381,38101,'20261001',1553778,1553779,1553780,1553781,1553782
381,38101,'20261002',1477086,1477087,1477088,1477089,1477090
381,38101,'20261005',1500129,1500130,1500131,1500132,1500133
381,38101,'20261006',1528687,1528688,1528689,1528690,1528691
381,38101,'20261007',1528692,1528693,1528694,1528695,1528696
381,38101,'20261008',1528697,1528698,1528699,1528700,1528701
381,38101,'20261009',1528702,1528703,1528704,1528705,1528706
382,38200,'20260929',1553783,1553784,1553785,1553786
382,38200,'20260930',1553787,1553788,1553789,1553790
382,38200,'20261001',1553791,1553792,1553793,1553794
382,38200,'20261002',1477103,1477104,1477105,1477106
382,38200,'20261005',1500146,1500147,1500148,1500149
382,38200,'20261006',1528715,1528716,1528717,1528718
382,38200,'20261007',1528719,1528720,1528721,1528722
382,38200,'20261008',1528723,1528724,1528725,1528726
382,38200,'20261009',1528727,1528728,1528729,1528730
382,38201,'20260929',1553795,1553796,1553797,1553798,1553799,1553800,1553801,1553802
382,38201,'20260930',1553803,1553804,1553805,1553806,1553807,1553808,1553809,1553810
382,38201,'20261001',1553811,1553812,1553813,1553814,1553815,1553816,1553817,1553818
382,38201,'20261002',1477129,1477130,1477131,1477132,1477133,1477134,1477135
382,38201,'20261005',1500174,1500175,1500176,1500177,1500178,1500179,1500180
382,38201,'20261006',1528747,1528748,1528749,1528750,1528751,1528752,1528753
382,38201,'20261007',1528754,1528755,1528756,1528757,1528758,1528759,1528760
382,38201,'20261008',1528761,1528762,1528763,1528764,1528765,1528766,1528767
382,38201,'20261009',1528768,1528769,1528770,1528771,1528772,1528773,1528774
384,38400,'20260929',1553819,1553820,1553821,1553822
384,38400,'20260930',1553823,1553824,1553825,1553826
384,38400,'20261001',1553827,1553828,1553829,1553830
384,38400,'20261002',1477148,1477149,1477150,1477151
384,38400,'20261005',1500193,1500194,1500195,1500196
384,38400,'20261006',1528783,1528784,1528785,1528786
384,38400,'20261007',1528787,1528788,1528789,1528790
384,38400,'20261008',1528791,1528792,1528793,1528794
384,38400,'20261009',1528795,1528796,1528797,1528798
384,38401,'20260929',1553831,1553832,1553833,1553834
384,38401,'20260930',1553835,1553836,1553837,1553838
384,38401,'20261001',1553839,1553840,1553841,1553842
384,38401,'20261002',1477164,1477165,1477166,1477167
384,38401,'20261005',1500209,1500210,1500211,1500212
384,38401,'20261006',1528807,1528808,1528809,1528810
384,38401,'20261007',1528811,1528812,1528813,1528814
384,38401,'20261008',1528815,1528816,1528817,1528818
384,38401,'20261009',1528819,1528820,1528821,1528822
405,40500,'20260930',1553843
410,41001,'20260930',1553844
430,43001,'20260930',1553845
450,45001,'20260930',1553846
530,53000,'20260929',1553847,1553848,1553849,1553850,1553851,1553852,1553853,1553854,1553855
530,53000,'20260930',1553856,1553857,1553858,1553859,1553860,1553861,1553862,1553863,1553864
530,53000,'20261001',1553865,1553866,1553867,1553868,1553869,1553870,1553871,1553872,1553873
530,53000,'20261002',1477269,1477270,1477271,1477272,1477273,1477274,1477275,1477276,1477277
530,53000,'20261005',1500240,1500241,1500242,1500243,1500244,1500245,1500246,1500247,1500248
530,53000,'20261006',1528848,1528849,1528850,1528851,1528852,1528853,1528854,1528855,1528856
530,53000,'20261007',1528857,1528858,1528859,1528860,1528861,1528862,1528863,1528864,1528865
530,53000,'20261008',1528866,1528867,1528868,1528869,1528870,1528871,1528872,1528873,1528874
530,53000,'20261009',1528875,1528876,1528877,1528878,1528879,1528880,1528881,1528882,1528883
530,53001,'20260929',1553874,1553875,1553876,1553877,1553878,1553879,1553880,1553881
530,53001,'20260930',1553882,1553883,1553884,1553885,1553886,1553887,1553888,1553889
530,53001,'20261001',1553890,1553891,1553892,1553893,1553894,1553895,1553896,1553897
530,53001,'20261002',1477300,1477301,1477302,1477303,1477304,1477305,1477306
530,53001,'20261005',1500273,1500274,1500275,1500276,1500277,1500278,1500279
530,53001,'20261006',1528900,1528901,1528902,1528903,1528904,1528905,1528906
530,53001,'20261007',1528907,1528908,1528909,1528910,1528911,1528912,1528913
530,53001,'20261008',1528914,1528915,1528916,1528917,1528918,1528919,1528920
530,53001,'20261009',1528921,1528922,1528923,1528924,1528925,1528926,1528927
531,53100,'20260929',1553898,1553899,1553900
531,53100,'20260930',1553901,1553902,1553903
531,53100,'20261001',1553904,1553905,1553906
531,53100,'20261002',1477316,1477317,1477318
531,53100,'20261005',1500289,1500290,1500291
531,53100,'20261006',1528934,1528935,1528936
531,53100,'20261007',1528937,1528938,1528939
531,53100,'20261008',1528940,1528941,1528942
531,53100,'20261009',1528943,1528944,1528945
531,53101,'20260929',1553907,1553908,1553909
531,53101,'20260930',1553910,1553911,1553912
531,53101,'20261001',1553913,1553914,1553915
531,53101,'20261002',1477328,1477329,1477330
531,53101,'20261005',1500301,1500302,1500303
531,53101,'20261006',1528952,1528953,1528954
531,53101,'20261007',1528955,1528956,1528957
531,53101,'20261008',1528958,1528959,1528960
531,53101,'20261009',1528961,1528962,1528963
536,53600,'20260929',1553916,1553917,1553918
536,53600,'20260930',1553919,1553920,1553921
536,53600,'20261001',1553922,1553923,1553924
536,53600,'20261002',1477340,1477341,1477342
536,53600,'20261005',1500313,1500314,1500315
536,53600,'20261006',1528970,1528971,1528972
536,53600,'20261007',1528973,1528974,1528975
536,53600,'20261008',1528976,1528977,1528978
536,53600,'20261009',1528979,1528980,1528981
536,53601,'20260929',1553925,1553926
536,53601,'20260930',1553927,1553928
536,53601,'20261001',1553929,1553930
536,53601,'20261002',1477349,1477350
536,53601,'20261005',1500322,1500323
536,53601,'20261006',1528986,1528987
536,53601,'20261007',1528988,1528989
536,53601,'20261008',1528990,1528991
536,53601,'20261009',1528992,1528993
537,53700,'20260929',1553931,1553932,1553933,1553934
537,53700,'20260930',1553935,1553936,1553937,1553938
537,53700,'20261001',1553939,1553940,1553941,1553942
537,53700,'20261002',1477363,1477364,1477365,1477366
537,53700,'20261005',1500336,1500337,1500338,1500339
537,53700,'20261006',1529002,1529003,1529004,1529005
537,53700,'20261007',1529006,1529007,1529008,1529009
537,53700,'20261008',1529010,1529011,1529012,1529013
537,53700,'20261009',1529014,1529015,1529016,1529017
537,53701,'20260929',1553943,1553944
537,53701,'20260930',1553945,1553946
537,53701,'20261001',1553947,1553948
537,53701,'20261002',1477373,1477374
537,53701,'20261005',1500346,1500347
537,53701,'20261006',1529022,1529023
537,53701,'20261007',1529024,1529025
537,53701,'20261008',1529026,1529027
537,53701,'20261009',1529028,1529029
538,53800,'20260929',1553949,1553950,1553951
538,53800,'20260930',1553952,1553953,1553954
538,53800,'20261001',1553955,1553956,1553957
538,53800,'20261002',1477384,1477385,1477386
538,53800,'20261005',1500357,1500358,1500359
538,53800,'20261006',1529036,1529037,1529038
538,53800,'20261007',1529039,1529040,1529041
538,53800,'20261008',1529042,1529043,1529044
538,53800,'20261009',1529045,1529046,1529047
538,53801,'20260929',1553958,1553959,1553960
538,53801,'20260930',1553961,1553962,1553963
538,53801,'20261001',1553964,1553965,1553966
538,53801,'20261002',1477396,1477397,1477398
538,53801,'20261005',1500369,1500370,1500371
538,53801,'20261006',1529054,1529055,1529056
538,53801,'20261007',1529057,1529058,1529059
538,53801,'20261008',1529060,1529061,1529062
538,53801,'20261009',1529063,1529064,1529065
550,55000,'20260929',1553967,1553968,1553969,1553970,1553971
550,55000,'20260930',1553972,1553973,1553974,1553975,1553976
550,55000,'20261001',1553977,1553978,1553979,1553980,1553981
550,55000,'20261002',1477414,1477415,1477416,1477417,1477418
550,55000,'20261005',1500387,1500388,1500389,1500390,1500391
550,55000,'20261006',1529076,1529077,1529078,1529079,1529080
550,55000,'20261007',1529081,1529082,1529083,1529084,1529085
550,55000,'20261008',1529086,1529087,1529088,1529089,1529090
550,55000,'20261009',1529091,1529092,1529093,1529094,1529095
550,55001,'20260929',1553982,1553983,1553984,1553985
550,55001,'20260930',1553986,1553987,1553988,1553989
550,55001,'20261001',1553990,1553991,1553992,1553993
550,55001,'20261002',1477431,1477432,1477433,1477434
550,55001,'20261005',1500404,1500405,1500406,1500407
550,55001,'20261006',1529104,1529105,1529106,1529107
550,55001,'20261007',1529108,1529109,1529110,1529111
550,55001,'20261008',1529112,1529113,1529114,1529115
550,55001,'20261009',1529116,1529117,1529118,1529119
554,55400,'20260929',1553994,1553995,1553996,1553997
554,55400,'20260930',1553998,1553999,1554000,1554001
554,55400,'20261001',1554002,1554003,1554004,1554005
554,55400,'20261002',1477447,1477448,1477449,1477450
554,55400,'20261005',1500420,1500421,1500422,1500423
554,55400,'20261006',1529128,1529129,1529130,1529131
554,55400,'20261007',1529132,1529133,1529134,1529135
554,55400,'20261008',1529136,1529137,1529138,1529139
554,55400,'20261009',1529140,1529141,1529142,1529143
554,55401,'20260929',1554006,1554007
554,55401,'20260930',1554008,1554009
554,55401,'20261001',1554010,1554011
554,55401,'20261002',1477457,1477458
554,55401,'20261005',1500430,1500431
554,55401,'20261006',1529148,1529149
554,55401,'20261007',1529150,1529151
554,55401,'20261008',1529152,1529153
554,55401,'20261009',1529154,1529155
555,55500,'20260929',1554012,1554013,1554014
555,55500,'20260930',1554015,1554016,1554017
555,55500,'20261001',1554018,1554019,1554020
555,55500,'20261002',1477468,1477469,1477470
555,55500,'20261005',1500441,1500442,1500443
555,55500,'20261006',1529162,1529163,1529164
555,55500,'20261007',1529165,1529166,1529167
555,55500,'20261008',1529168,1529169,1529170
555,55500,'20261009',1529171,1529172,1529173
555,55501,'20260929',1554021,1554022
555,55501,'20260930',1554023,1554024
555,55501,'20261001',1554025,1554026
555,55501,'20261002',1477477,1477478
555,55501,'20261005',1500450,1500451
555,55501,'20261006',1529178,1529179
555,55501,'20261007',1529180,1529181
555,55501,'20261008',1529182,1529183
555,55501,'20261009',1529184,1529185
558,55800,'20260929',1554027,1554028,1554029
558,55800,'20260930',1554030,1554031,1554032
558,55800,'20261001',1554033,1554034,1554035
558,55800,'20261002',1477488,1477489,1477490
558,55800,'20261005',1500461,1500462,1500463
558,55800,'20261006',1529192,1529193,1529194
558,55800,'20261007',1529195,1529196,1529197
558,55800,'20261008',1529198,1529199,1529200
558,55800,'20261009',1529201,1529202,1529203
558,55801,'20260929',1554036,1554037
558,55801,'20260930',1554038,1554039
558,55801,'20261001',1554040,1554041
558,55801,'20261002',1477497,1477498
558,55801,'20261005',1500470,1500471
558,55801,'20261006',1529208,1529209
558,55801,'20261007',1529210,1529211
558,55801,'20261008',1529212,1529213
558,55801,'20261009',1529214,1529215
570,57000,'20260929',1554042,1554043,1554044,1554045,1554046
570,57000,'20260930',1554047,1554048,1554049,1554050,1554051
570,57000,'20261001',1554052,1554053,1554054,1554055,1554056
570,57000,'20261002',1477514,1477515,1477516,1477517,1477518
570,57000,'20261005',1500487,1500488,1500489,1500490,1500491
570,57000,'20261006',1529226,1529227,1529228,1529229,1529230
570,57000,'20261007',1529231,1529232,1529233,1529234,1529235
570,57000,'20261008',1529236,1529237,1529238,1529239,1529240
570,57000,'20261009',1529241,1529242,1529243,1529244,1529245
570,57001,'20260929',1554057,1554058,1554059
570,57001,'20260930',1554060,1554061,1554062
570,57001,'20261001',1554063,1554064,1554065
570,57001,'20261002',1477528,1477529,1477530
570,57001,'20261005',1500501,1500502,1500503
570,57001,'20261006',1529252,1529253,1529254
570,57001,'20261007',1529255,1529256,1529257
570,57001,'20261008',1529258,1529259,1529260
570,57001,'20261009',1529261,1529262,1529263
572,57200,'20260929',1554066,1554067,1554068,1554069
572,57200,'20260930',1554070,1554071,1554072,1554073
572,57200,'20261001',1554074,1554075,1554076,1554077
572,57200,'20261002',1477543,1477544,1477545,1477546
572,57200,'20261005',1500516,1500517,1500518,1500519
572,57200,'20261006',1529272,1529273,1529274,1529275
572,57200,'20261007',1529276,1529277,1529278,1529279
572,57200,'20261008',1529280,1529281,1529282,1529283
572,57200,'20261009',1529284,1529285,1529286,1529287
572,57201,'20260929',1554078,1554079,1554080
572,57201,'20260930',1554081,1554082,1554083
572,57201,'20261001',1554084,1554085,1554086
572,57201,'20261002',1477556,1477557,1477558
572,57201,'20261005',1500529,1500530,1500531
572,57201,'20261006',1529294,1529295,1529296
572,57201,'20261007',1529297,1529298,1529299
572,57201,'20261008',1529300,1529301,1529302
572,57201,'20261009',1529303,1529304,1529305
574,57400,'20260929',1554087,1554088,1554089,1554090
574,57400,'20260930',1554091,1554092,1554093,1554094
574,57400,'20261001',1554095,1554096,1554097,1554098
574,57400,'20261002',1477571,1477572,1477573,1477574
574,57400,'20261005',1500544,1500545,1500546,1500547
574,57400,'20261006',1529314,1529315,1529316,1529317
574,57400,'20261007',1529318,1529319,1529320,1529321
574,57400,'20261008',1529322,1529323,1529324,1529325
574,57400,'20261009',1529326,1529327,1529328,1529329
574,57401,'20260929',1554099,1554100,1554101
574,57401,'20260930',1554102,1554103,1554104
574,57401,'20261001',1554105,1554106,1554107
574,57401,'20261002',1477584,1477585,1477586
574,57401,'20261005',1500557,1500558,1500559
574,57401,'20261006',1529336,1529337,1529338
574,57401,'20261007',1529339,1529340,1529341
574,57401,'20261008',1529342,1529343,1529344
574,57401,'20261009',1529345,1529346,1529347
580,58000,'20260929',1554108,1554109,1554110,1554111
580,58000,'20260930',1554112,1554113,1554114,1554115
580,58000,'20261001',1554116,1554117,1554118,1554119
580,58000,'20261002',1477599,1477600,1477601,1477602
580,58000,'20261005',1500572,1500573,1500574,1500575
580,58000,'20261006',1529356,1529357,1529358,1529359
580,58000,'20261007',1529360,1529361,1529362,1529363
580,58000,'20261008',1529364,1529365,1529366,1529367
580,58000,'20261009',1529368,1529369,1529370,1529371
580,58001,'20260929',1554120,1554121,1554122
580,58001,'20260930',1554123,1554124,1554125
580,58001,'20261001',1554126,1554127,1554128
580,58001,'20261002',1477612,1477613,1477614
580,58001,'20261005',1500585,1500586,1500587
580,58001,'20261006',1529378,1529379,1529380
580,58001,'20261007',1529381,1529382,1529383
580,58001,'20261008',1529384,1529385,1529386
580,58001,'20261009',1529387,1529388,1529389
581,58100,'20260929',1554129,1554130,1554131
581,58100,'20260930',1554132,1554133,1554134
581,58100,'20261001',1554135,1554136,1554137
581,58100,'20261002',1477624,1477625,1477626
581,58100,'20261005',1500597,1500598,1500599
581,58100,'20261006',1529396,1529397,1529398
581,58100,'20261007',1529399,1529400,1529401
581,58100,'20261008',1529402,1529403,1529404
581,58100,'20261009',1529405,1529406,1529407
581,58101,'20260929',1554138,1554139,1554140
581,58101,'20260930',1554141,1554142,1554143
581,58101,'20261001',1554144,1554145,1554146
581,58101,'20261002',1477636,1477637,1477638
581,58101,'20261005',1500609,1500610,1500611
581,58101,'20261006',1529414,1529415,1529416
581,58101,'20261007',1529417,1529418,1529419
581,58101,'20261008',1529420,1529421,1529422
581,58101,'20261009',1529423,1529424,1529425
582,58200,'20260929',1554147,1554148,1554149,1554150,1554151
582,58200,'20260930',1554152,1554153,1554154,1554155,1554156
582,58200,'20261001',1554157,1554158,1554159,1554160,1554161
582,58200,'20261002',1477654,1477655,1477656,1477657,1477658
582,58200,'20261005',1500627,1500628,1500629,1500630,1500631
582,58200,'20261006',1529436,1529437,1529438,1529439,1529440
582,58200,'20261007',1529441,1529442,1529443,1529444,1529445
582,58200,'20261008',1529446,1529447,1529448,1529449,1529450
582,58200,'20261009',1529451,1529452,1529453,1529454,1529455
582,58201,'20260929',1554162,1554163,1554164,1554165,1554166
582,58201,'20260930',1554167,1554168,1554169,1554170,1554171
582,58201,'20261001',1554172,1554173,1554174,1554175,1554176
582,58201,'20261002',1477674,1477675,1477676,1477677,1477678
582,58201,'20261005',1500647,1500648,1500649,1500650,1500651
582,58201,'20261006',1529466,1529467,1529468,1529469,1529470
582,58201,'20261007',1529471,1529472,1529473,1529474,1529475
582,58201,'20261008',1529476,1529477,1529478,1529479,1529480
582,58201,'20261009',1529481,1529482,1529483,1529484,1529485
584,58400,'20260929',1554177,1554178,1554179,1554180
584,58400,'20260930',1554181,1554182,1554183,1554184
584,58400,'20261001',1554185,1554186,1554187,1554188
584,58400,'20261002',1477691,1477692,1477693,1477694
584,58400,'20261005',1500664,1500665,1500666,1500667
584,58400,'20261006',1529494,1529495,1529496,1529497
584,58400,'20261007',1529498,1529499,1529500,1529501
584,58400,'20261008',1529502,1529503,1529504,1529505
584,58400,'20261009',1529506,1529507,1529508,1529509
584,58401,'20260929',1554189,1554190,1554191
584,58401,'20260930',1554192,1554193,1554194
584,58401,'20261001',1554195,1554196,1554197
584,58401,'20261002',1477704,1477705,1477706
584,58401,'20261005',1500677,1500678,1500679
584,58401,'20261006',1529516,1529517,1529518
584,58401,'20261007',1529519,1529520,1529521
584,58401,'20261008',1529522,1529523,1529524
584,58401,'20261009',1529525,1529526,1529527
630,63000,'20260929',1554198,1554199,1554200,1554201,1554202,1554203,1554204
630,63000,'20260930',1554205,1554206,1554207,1554208,1554209,1554210,1554211
630,63000,'20261001',1554212,1554213,1554214,1554215,1554216,1554217,1554218
630,63000,'20261002',1477728,1477729,1477730,1477731,1477732,1477733,1477734
630,63000,'20261005',1500701,1500702,1500703,1500704,1500705,1500706,1500707
630,63000,'20261006',1529542,1529543,1529544,1529545,1529546,1529547,1529548
630,63000,'20261007',1529549,1529550,1529551,1529552,1529553,1529554,1529555
630,63000,'20261008',1529556,1529557,1529558,1529559,1529560,1529561,1529562
630,63000,'20261009',1529563,1529564,1529565,1529566,1529567,1529568,1529569
630,63001,'20260929',1554219,1554220,1554221,1554222,1554223,1554224,1554225
630,63001,'20260930',1554226,1554227,1554228,1554229,1554230,1554231,1554232
630,63001,'20261001',1554233,1554234,1554235,1554236,1554237,1554238,1554239
630,63001,'20261002',1477756,1477757,1477758,1477759,1477760,1477761,1477762
630,63001,'20261005',1500729,1500730,1500731,1500732,1500733,1500734,1500735
630,63001,'20261006',1529584,1529585,1529586,1529587,1529588,1529589,1529590
630,63001,'20261007',1529591,1529592,1529593,1529594,1529595,1529596,1529597
630,63001,'20261008',1529598,1529599,1529600,1529601,1529602,1529603,1529604
630,63001,'20261009',1529605,1529606,1529607,1529608,1529609,1529610,1529611
650,65000,'20260929',1554240,1554241,1554242
650,65000,'20260930',1554243,1554244,1554245
650,65000,'20261001',1554246,1554247,1554248
650,65000,'20261002',1477772,1477773,1477774
650,65000,'20261005',1500745,1500746,1500747
650,65000,'20261006',1529618,1529619,1529620
650,65000,'20261007',1529621,1529622,1529623
650,65000,'20261008',1529624,1529625,1529626
650,65000,'20261009',1529627,1529628,1529629
650,65001,'20260929',1554249,1554250,1554251
650,65001,'20260930',1554252,1554253,1554254
650,65001,'20261001',1554255,1554256,1554257
650,65001,'20261002',1477784,1477785,1477786
650,65001,'20261005',1500757,1500758,1500759
650,65001,'20261006',1529636,1529637,1529638
650,65001,'20261007',1529639,1529640,1529641
650,65001,'20261008',1529642,1529643,1529644
650,65001,'20261009',1529645,1529646,1529647
690,69002,'20260929',1554258,1554259,1554260
690,69002,'20260930',1554261,1554262,1554263
690,69002,'20261001',1554264,1554265,1554266
690,69002,'20261002',1477796,1477797,1477798
690,69002,'20261005',1500769,1500770,1500771
690,69002,'20261006',1529654,1529655,1529656
690,69002,'20261007',1529657,1529658,1529659
690,69002,'20261008',1529660,1529661,1529662
690,69002,'20261009',1529663,1529664,1529665
690,69003,'20260929',1554267,1554268,1554269
690,69003,'20260930',1554270,1554271,1554272
690,69003,'20261001',1554273,1554274,1554275
690,69003,'20261002',1477808,1477809,1477810
690,69003,'20261005',1500781,1500782,1500783
690,69003,'20261006',1529672,1529673,1529674
690,69003,'20261007',1529675,1529676,1529677
690,69003,'20261008',1529678,1529679,1529680
690,69003,'20261009',1529681,1529682,1529683
800,80002,'20260929',1554276,1554277,1554278,1554279,1554280,1554281,1554282,1554283,1554284,1554285,1554286,1554287,1554288,1554289,1554290,1554291,1554292,1554293,1554294,1554295,1554296,1554297,1554298,1554299,1554300,1554301,1554302,1554303,1554304,1554305,1554306,1554307,1554308,1554309,1554310,1554311,1554312,1554313,1554314,1554315,1554316,1554317,1554318,1554319,1554320,1554321,1554322,1554323,1554324,1554325,1554326,1554327,1554328,1554329,1554330,1554331,1554332,1554333,1554334,1554335,1554336,1554337,1554338,1554339,1554340,1554341,1554342,1554343,1554344,1554345,1554346,1554347,1554348,1554349,1554350,1554351,1554352,1554353,1554354,1554355,1554356,1554357,1554358,1554359,1554360,1554361,1554362,1554363,1554364,1554365,1554366,1554367
800,80002,'20260930',1554368,1554369,1554370,1554371,1554372,1554373,1554374,1554375,1554376,1554377,1554378,1554379,1554380,1554381,1554382,1554383,1554384,1554385,1554386,1554387,1554388,1554389,1554390,1554391,1554392,1554393,1554394,1554395,1554396,1554397,1554398,1554399,1554400,1554401,1554402,1554403,1554404,1554405,1554406,1554407,1554408,1554409,1554410,1554411,1554412,1554413,1554414,1554415,1554416,1554417,1554418,1554419,1554420,1554421,1554422,1554423,1554424,1554425,1554426,1554427,1554428,1554429,1554430,1554431,1554432,1554433,1554434,1554435,1554436,1554437,1554438,1554439,1554440,1554441,1554442,1554443,1554444,1554445,1554446,1554447,1554448,1554449,1554450,1554451,1554452,1554453,1554454,1554455,1554456,1554457,1554458,1554459
800,80002,'20261001',1554460,1554461,1554462,1554463,1554464,1554465,1554466,1554467,1554468,1554469,1554470,1554471,1554472,1554473,1554474,1554475,1554476,1554477,1554478,1554479,1554480,1554481,1554482,1554483,1554484,1554485,1554486,1554487,1554488,1554489,1554490,1554491,1554492,1554493,1554494,1554495,1554496,1554497,1554498,1554499,1554500,1554501,1554502,1554503,1554504,1554505,1554506,1554507,1554508,1554509,1554510,1554511,1554512,1554513,1554514,1554515,1554516,1554517,1554518,1554519,1554520,1554521,1554522,1554523,1554524,1554525,1554526,1554527,1554528,1554529,1554530,1554531,1554532,1554533,1554534,1554535,1554536,1554537,1554538,1554539,1554540,1554541,1554542,1554543,1554544,1554545,1554546,1554547,1554548,1554549,1554550,1554551
800,80002,'20261002',1478249,1478250,1478251,1478252,1478253,1478254,1478255,1478256,1478257,1478258,1478259,1478260,1478261,1478262,1478263,1478264,1478265,1478266,1478267,1478268,1478269,1478270,1478271,1478272,1478273,1478274,1478275,1478276,1478277,1478278,1478279,1478280,1478281,1478282,1478283,1478284,1478285,1478286,1478287,1478288,1478289,1478290,1478291,1478292,1478293,1478294,1478295,1478296,1478297,1478298,1478299,1478300,1478301,1478302,1478303,1478304,1478305,1478306,1478307,1478308,1478309,1478310,1478311,1478312,1478313,1478314,1478315,1478316,1478317,1478318,1478319,1478320,1478321,1478322,1478323,1478324,1478325,1478326,1478327,1478328,1478329,1478330,1478331,1478332,1478333,1478334,1478335,1478336,1478337,1478338,1478339,1478340
800,80002,'20261003',1501054,1501055,1501056,1501057,1501058,1501059,1501060,1501061,1501062,1501063,1501064,1501065,1501066,1501067,1501068,1501069,1501070,1501071,1501072,1501073,1501074,1501075,1501076,1501077,1501078,1501079,1501080,1501081,1501082,1501083,1501084,1501085,1501086,1501087,1501088,1501089,1501090,1501091,1501092,1501093,1501094,1501095,1501096,1501097,1501098,1501099,1501100,1501101,1501102,1501103,1501104,1501105,1501106,1501107,1501108,1501109,1501110,1501111,1501112,1501113,1501114,1501115,1501116,1501117,1501118,1501119,1501120,1501121,1501122,1501123,1501124,1501125,1501126,1501127,1501128,1501129,1501130,1501131,1501132,1501133,1501134
800,80002,'20261004',1501135,1501136,1501137,1501138,1501139,1501140,1501141,1501142,1501143,1501144,1501145,1501146,1501147,1501148,1501149,1501150,1501151,1501152,1501153,1501154,1501155,1501156,1501157,1501158,1501159,1501160,1501161,1501162,1501163,1501164,1501165,1501166,1501167,1501168,1501169,1501170,1501171,1501172,1501173,1501174,1501175,1501176,1501177,1501178,1501179,1501180,1501181,1501182,1501183,1501184,1501185,1501186,1501187,1501188,1501189,1501190,1501191,1501192,1501193,1501194,1501195,1501196,1501197,1501198,1501199,1501200,1501201,1501202,1501203,1501204,1501205,1501206,1501207,1501208,1501209,1501210,1501211,1501212,1501213,1501214,1501215
800,80002,'20261005',1501216,1501217,1501218,1501219,1501220,1501221,1501222,1501223,1501224,1501225,1501226,1501227,1501228,1501229,1501230,1501231,1501232,1501233,1501234,1501235,1501236,1501237,1501238,1501239,1501240,1501241,1501242,1501243,1501244,1501245,1501246,1501247,1501248,1501249,1501250,1501251,1501252,1501253,1501254,1501255,1501256,1501257,1501258,1501259,1501260,1501261,1501262,1501263,1501264,1501265,1501266,1501267,1501268,1501269,1501270,1501271,1501272,1501273,1501274,1501275,1501276,1501277,1501278,1501279,1501280,1501281,1501282,1501283,1501284,1501285,1501286,1501287,1501288,1501289,1501290,1501291,1501292,1501293,1501294,1501295,1501296,1501297,1501298,1501299,1501300,1501301,1501302,1501303,1501304,1501305,1501306,1501307
800,80002,'20261006',1530030,1530031,1530032,1530033,1530034,1530035,1530036,1530037,1530038,1530039,1530040,1530041,1530042,1530043,1530044,1530045,1530046,1530047,1530048,1530049,1530050,1530051,1530052,1530053,1530054,1530055,1530056,1530057,1530058,1530059,1530060,1530061,1530062,1530063,1530064,1530065,1530066,1530067,1530068,1530069,1530070,1530071,1530072,1530073,1530074,1530075,1530076,1530077,1530078,1530079,1530080,1530081,1530082,1530083,1530084,1530085,1530086,1530087,1530088,1530089,1530090,1530091,1530092,1530093,1530094,1530095,1530096,1530097,1530098,1530099,1530100,1530101,1530102,1530103,1530104,1530105,1530106,1530107,1530108,1530109,1530110,1530111,1530112,1530113,1530114,1530115,1530116,1530117,1530118,1530119,1530120,1530121
800,80002,'20261007',1530122,1530123,1530124,1530125,1530126,1530127,1530128,1530129,1530130,1530131,1530132,1530133,1530134,1530135,1530136,1530137,1530138,1530139,1530140,1530141,1530142,1530143,1530144,1530145,1530146,1530147,1530148,1530149,1530150,1530151,1530152,1530153,1530154,1530155,1530156,1530157,1530158,1530159,1530160,1530161,1530162,1530163,1530164,1530165,1530166,1530167,1530168,1530169,1530170,1530171,1530172,1530173,1530174,1530175,1530176,1530177,1530178,1530179,1530180,1530181,1530182,1530183,1530184,1530185,1530186,1530187,1530188,1530189,1530190,1530191,1530192,1530193,1530194,1530195,1530196,1530197,1530198,1530199,1530200,1530201,1530202,1530203,1530204,1530205,1530206,1530207,1530208,1530209,1530210,1530211,1530212,1530213
800,80002,'20261008',1530214,1530215,1530216,1530217,1530218,1530219,1530220,1530221,1530222,1530223,1530224,1530225,1530226,1530227,1530228,1530229,1530230,1530231,1530232,1530233,1530234,1530235,1530236,1530237,1530238,1530239,1530240,1530241,1530242,1530243,1530244,1530245,1530246,1530247,1530248,1530249,1530250,1530251,1530252,1530253,1530254,1530255,1530256,1530257,1530258,1530259,1530260,1530261,1530262,1530263,1530264,1530265,1530266,1530267,1530268,1530269,1530270,1530271,1530272,1530273,1530274,1530275,1530276,1530277,1530278,1530279,1530280,1530281,1530282,1530283,1530284,1530285,1530286,1530287,1530288,1530289,1530290,1530291,1530292,1530293,1530294,1530295,1530296,1530297,1530298,1530299,1530300,1530301,1530302,1530303,1530304,1530305
800,80002,'20261009',1530306,1530307,1530308,1530309,1530310,1530311,1530312,1530313,1530314,1530315,1530316,1530317,1530318,1530319,1530320,1530321,1530322,1530323,1530324,1530325,1530326,1530327,1530328,1530329,1530330,1530331,1530332,1530333,1530334,1530335,1530336,1530337,1530338,1530339,1530340,1530341,1530342,1530343,1530344,1530345,1530346,1530347,1530348,1530349,1530350,1530351,1530352,1530353,1530354,1530355,1530356,1530357,1530358,1530359,1530360,1530361,1530362,1530363,1530364,1530365,1530366,1530367,1530368,1530369,1530370,1530371,1530372,1530373,1530374,1530375,1530376,1530377,1530378,1530379,1530380,1530381,1530382,1530383,1530384,1530385,1530386,1530387,1530388,1530389,1530390,1530391,1530392,1530393,1530394,1530395,1530396,1530397
800,80002,'20261010',1554552,1554553,1554554,1554555,1554556,1554557,1554558,1554559,1554560,1554561,1554562,1554563,1554564,1554565,1554566,1554567,1554568,1554569,1554570,1554571,1554572,1554573,1554574,1554575,1554576,1554577,1554578,1554579,1554580,1554581,1554582,1554583,1554584,1554585,1554586,1554587,1554588,1554589,1554590,1554591,1554592,1554593,1554594,1554595,1554596,1554597,1554598,1554599,1554600,1554601,1554602,1554603,1554604,1554605,1554606,1554607,1554608,1554609,1554610,1554611,1554612,1554613,1554614,1554615,1554616,1554617,1554618,1554619,1554620,1554621,1554622,1554623,1554624,1554625,1554626,1554627,1554628,1554629,1554630,1554631,1554632
800,80002,'20261011',1554633,1554634,1554635,1554636,1554637,1554638,1554639,1554640,1554641,1554642,1554643,1554644,1554645,1554646,1554647,1554648,1554649,1554650,1554651,1554652,1554653,1554654,1554655,1554656,1554657,1554658,1554659,1554660,1554661,1554662,1554663,1554664,1554665,1554666,1554667,1554668,1554669,1554670,1554671,1554672,1554673,1554674,1554675,1554676,1554677,1554678,1554679,1554680,1554681,1554682,1554683,1554684,1554685,1554686,1554687,1554688,1554689,1554690,1554691,1554692,1554693,1554694,1554695,1554696,1554697,1554698,1554699,1554700,1554701,1554702,1554703,1554704,1554705,1554706,1554707,1554708,1554709,1554710,1554711,1554712,1554713
800,80002,'20261012',1554714,1554715,1554716,1554717,1554718,1554719,1554720,1554721,1554722,1554723,1554724,1554725,1554726,1554727,1554728,1554729,1554730,1554731,1554732,1554733,1554734,1554735,1554736,1554737,1554738,1554739,1554740,1554741,1554742,1554743,1554744,1554745,1554746,1554747,1554748,1554749,1554750,1554751,1554752,1554753,1554754,1554755,1554756,1554757,1554758,1554759,1554760,1554761,1554762,1554763,1554764,1554765,1554766,1554767,1554768,1554769,1554770,1554771,1554772,1554773,1554774,1554775,1554776,1554777,1554778,1554779,1554780,1554781,1554782,1554783,1554784,1554785,1554786,1554787,1554788,1554789,1554790,1554791,1554792,1554793,1554794
800,80003,'20260929',1554795,1554796,1554797,1554798,1554799,1554800,1554801,1554802,1554803,1554804,1554805,1554806,1554807,1554808,1554809,1554810,1554811,1554812,1554813,1554814,1554815,1554816,1554817,1554818,1554819,1554820,1554821,1554822,1554823,1554824,1554825,1554826,1554827,1554828,1554829,1554830,1554831,1554832,1554833,1554834,1554835,1554836,1554837,1554838,1554839,1554840,1554841,1554842,1554843,1554844,1554845,1554846,1554847,1554848,1554849,1554850,1554851,1554852,1554853,1554854,1554855,1554856,1554857,1554858,1554859,1554860,1554861,1554862,1554863,1554864,1554865,1554866,1554867,1554868,1554869,1554870,1554871,1554872,1554873,1554874,1554875,1554876,1554877,1554878,1554879,1554880,1554881,1554882,1554883,1554884,1554885,1554886
800,80003,'20260930',1554887,1554888,1554889,1554890,1554891,1554892,1554893,1554894,1554895,1554896,1554897,1554898,1554899,1554900,1554901,1554902,1554903,1554904,1554905,1554906,1554907,1554908,1554909,1554910,1554911,1554912,1554913,1554914,1554915,1554916,1554917,1554918,1554919,1554920,1554921,1554922,1554923,1554924,1554925,1554926,1554927,1554928,1554929,1554930,1554931,1554932,1554933,1554934,1554935,1554936,1554937,1554938,1554939,1554940,1554941,1554942,1554943,1554944,1554945,1554946,1554947,1554948,1554949,1554950,1554951,1554952,1554953,1554954,1554955,1554956,1554957,1554958,1554959,1554960,1554961,1554962,1554963,1554964,1554965,1554966,1554967,1554968,1554969,1554970,1554971,1554972,1554973,1554974,1554975,1554976,1554977,1554978
800,80003,'20261001',1554979,1554980,1554981,1554982,1554983,1554984,1554985,1554986,1554987,1554988,1554989,1554990,1554991,1554992,1554993,1554994,1554995,1554996,1554997,1554998,1554999,1555000,1555001,1555002,1555003,1555004,1555005,1555006,1555007,1555008,1555009,1555010,1555011,1555012,1555013,1555014,1555015,1555016,1555017,1555018,1555019,1555020,1555021,1555022,1555023,1555024,1555025,1555026,1555027,1555028,1555029,1555030,1555031,1555032,1555033,1555034,1555035,1555036,1555037,1555038,1555039,1555040,1555041,1555042,1555043,1555044,1555045,1555046,1555047,1555048,1555049,1555050,1555051,1555052,1555053,1555054,1555055,1555056,1555057,1555058,1555059,1555060,1555061,1555062,1555063,1555064,1555065,1555066,1555067,1555068,1555069,1555070
800,80003,'20261002',1478769,1478770,1478771,1478772,1478773,1478774,1478775,1478776,1478777,1478778,1478779,1478780,1478781,1478782,1478783,1478784,1478785,1478786,1478787,1478788,1478789,1478790,1478791,1478792,1478793,1478794,1478795,1478796,1478797,1478798,1478799,1478800,1478801,1478802,1478803,1478804,1478805,1478806,1478807,1478808,1478809,1478810,1478811,1478812,1478813,1478814,1478815,1478816,1478817,1478818,1478819,1478820,1478821,1478822,1478823,1478824,1478825,1478826,1478827,1478828,1478829,1478830,1478831,1478832,1478833,1478834,1478835,1478836,1478837,1478838,1478839,1478840,1478841,1478842,1478843,1478844,1478845,1478846,1478847,1478848,1478849,1478850,1478851,1478852,1478853,1478854,1478855,1478856,1478857,1478858,1478859
800,80003,'20261003',1501578,1501579,1501580,1501581,1501582,1501583,1501584,1501585,1501586,1501587,1501588,1501589,1501590,1501591,1501592,1501593,1501594,1501595,1501596,1501597,1501598,1501599,1501600,1501601,1501602,1501603,1501604,1501605,1501606,1501607,1501608,1501609,1501610,1501611,1501612,1501613,1501614,1501615,1501616,1501617,1501618,1501619,1501620,1501621,1501622,1501623,1501624,1501625,1501626,1501627,1501628,1501629,1501630,1501631,1501632,1501633,1501634,1501635,1501636,1501637,1501638,1501639,1501640,1501641,1501642,1501643,1501644,1501645,1501646,1501647,1501648,1501649,1501650,1501651,1501652,1501653,1501654
800,80003,'20261004',1501655,1501656,1501657,1501658,1501659,1501660,1501661,1501662,1501663,1501664,1501665,1501666,1501667,1501668,1501669,1501670,1501671,1501672,1501673,1501674,1501675,1501676,1501677,1501678,1501679,1501680,1501681,1501682,1501683,1501684,1501685,1501686,1501687,1501688,1501689,1501690,1501691,1501692,1501693,1501694,1501695,1501696,1501697,1501698,1501699,1501700,1501701,1501702,1501703,1501704,1501705,1501706,1501707,1501708,1501709,1501710,1501711,1501712,1501713,1501714,1501715,1501716,1501717,1501718,1501719,1501720,1501721,1501722,1501723,1501724,1501725,1501726,1501727,1501728,1501729,1501730,1501731
800,80003,'20261005',1501732,1501733,1501734,1501735,1501736,1501737,1501738,1501739,1501740,1501741,1501742,1501743,1501744,1501745,1501746,1501747,1501748,1501749,1501750,1501751,1501752,1501753,1501754,1501755,1501756,1501757,1501758,1501759,1501760,1501761,1501762,1501763,1501764,1501765,1501766,1501767,1501768,1501769,1501770,1501771,1501772,1501773,1501774,1501775,1501776,1501777,1501778,1501779,1501780,1501781,1501782,1501783,1501784,1501785,1501786,1501787,1501788,1501789,1501790,1501791,1501792,1501793,1501794,1501795,1501796,1501797,1501798,1501799,1501800,1501801,1501802,1501803,1501804,1501805,1501806,1501807,1501808,1501809,1501810,1501811,1501812,1501813,1501814,1501815,1501816,1501817,1501818,1501819,1501820,1501821,1501822
800,80003,'20261006',1530736,1530737,1530738,1530739,1530740,1530741,1530742,1530743,1530744,1530745,1530746,1530747,1530748,1530749,1530750,1530751,1530752,1530753,1530754,1530755,1530756,1530757,1530758,1530759,1530760,1530761,1530762,1530763,1530764,1530765,1530766,1530767,1530768,1530769,1530770,1530771,1530772,1530773,1530774,1530775,1530776,1530777,1530778,1530779,1530780,1530781,1530782,1530783,1530784,1530785,1530786,1530787,1530788,1530789,1530790,1530791,1530792,1530793,1530794,1530795,1530796,1530797,1530798,1530799,1530800,1530801,1530802,1530803,1530804,1530805,1530806,1530807,1530808,1530809,1530810,1530811,1530812,1530813,1530814,1530815,1530816,1530817,1530818,1530819,1530820,1530821,1530822,1530823,1530824,1530825,1530826
800,80003,'20261007',1530827,1530828,1530829,1530830,1530831,1530832,1530833,1530834,1530835,1530836,1530837,1530838,1530839,1530840,1530841,1530842,1530843,1530844,1530845,1530846,1530847,1530848,1530849,1530850,1530851,1530852,1530853,1530854,1530855,1530856,1530857,1530858,1530859,1530860,1530861,1530862,1530863,1530864,1530865,1530866,1530867,1530868,1530869,1530870,1530871,1530872,1530873,1530874,1530875,1530876,1530877,1530878,1530879,1530880,1530881,1530882,1530883,1530884,1530885,1530886,1530887,1530888,1530889,1530890,1530891,1530892,1530893,1530894,1530895,1530896,1530897,1530898,1530899,1530900,1530901,1530902,1530903,1530904,1530905,1530906,1530907,1530908,1530909,1530910,1530911,1530912,1530913,1530914,1530915,1530916,1530917
800,80003,'20261008',1530918,1530919,1530920,1530921,1530922,1530923,1530924,1530925,1530926,1530927,1530928,1530929,1530930,1530931,1530932,1530933,1530934,1530935,1530936,1530937,1530938,1530939,1530940,1530941,1530942,1530943,1530944,1530945,1530946,1530947,1530948,1530949,1530950,1530951,1530952,1530953,1530954,1530955,1530956,1530957,1530958,1530959,1530960,1530961,1530962,1530963,1530964,1530965,1530966,1530967,1530968,1530969,1530970,1530971,1530972,1530973,1530974,1530975,1530976,1530977,1530978,1530979,1530980,1530981,1530982,1530983,1530984,1530985,1530986,1530987,1530988,1530989,1530990,1530991,1530992,1530993,1530994,1530995,1530996,1530997,1530998,1530999,1531000,1531001,1531002,1531003,1531004,1531005,1531006,1531007,1531008
800,80003,'20261009',1531009,1531010,1531011,1531012,1531013,1531014,1531015,1531016,1531017,1531018,1531019,1531020,1531021,1531022,1531023,1531024,1531025,1531026,1531027,1531028,1531029,1531030,1531031,1531032,1531033,1531034,1531035,1531036,1531037,1531038,1531039,1531040,1531041,1531042,1531043,1531044,1531045,1531046,1531047,1531048,1531049,1531050,1531051,1531052,1531053,1531054,1531055,1531056,1531057,1531058,1531059,1531060,1531061,1531062,1531063,1531064,1531065,1531066,1531067,1531068,1531069,1531070,1531071,1531072,1531073,1531074,1531075,1531076,1531077,1531078,1531079,1531080,1531081,1531082,1531083,1531084,1531085,1531086,1531087,1531088,1531089,1531090,1531091,1531092,1531093,1531094,1531095,1531096,1531097,1531098,1531099
800,80003,'20261010',1555071,1555072,1555073,1555074,1555075,1555076,1555077,1555078,1555079,1555080,1555081,1555082,1555083,1555084,1555085,1555086,1555087,1555088,1555089,1555090,1555091,1555092,1555093,1555094,1555095,1555096,1555097,1555098,1555099,1555100,1555101,1555102,1555103,1555104,1555105,1555106,1555107,1555108,1555109,1555110,1555111,1555112,1555113,1555114,1555115,1555116,1555117,1555118,1555119,1555120,1555121,1555122,1555123,1555124,1555125,1555126,1555127,1555128,1555129,1555130,1555131,1555132,1555133,1555134,1555135,1555136,1555137,1555138,1555139,1555140,1555141,1555142,1555143,1555144,1555145,1555146,1555147
800,80003,'20261011',1555148,1555149,1555150,1555151,1555152,1555153,1555154,1555155,1555156,1555157,1555158,1555159,1555160,1555161,1555162,1555163,1555164,1555165,1555166,1555167,1555168,1555169,1555170,1555171,1555172,1555173,1555174,1555175,1555176,1555177,1555178,1555179,1555180,1555181,1555182,1555183,1555184,1555185,1555186,1555187,1555188,1555189,1555190,1555191,1555192,1555193,1555194,1555195,1555196,1555197,1555198,1555199,1555200,1555201,1555202,1555203,1555204,1555205,1555206,1555207,1555208,1555209,1555210,1555211,1555212,1555213,1555214,1555215,1555216,1555217,1555218,1555219,1555220,1555221,1555222,1555223,1555224
800,80003,'20261012',1555225,1555226,1555227,1555228,1555229,1555230,1555231,1555232,1555233,1555234,1555235,1555236,1555237,1555238,1555239,1555240,1555241,1555242,1555243,1555244,1555245,1555246,1555247,1555248,1555249,1555250,1555251,1555252,1555253,1555254,1555255,1555256,1555257,1555258,1555259,1555260,1555261,1555262,1555263,1555264,1555265,1555266,1555267,1555268,1555269,1555270,1555271,1555272,1555273,1555274,1555275,1555276,1555277,1555278,1555279,1555280,1555281,1555282,1555283,1555284,1555285,1555286,1555287,1555288,1555289,1555290,1555291,1555292,1555293,1555294,1555295,1555296,1555297,1555298,1555299,1555300,1555301
801,80102,'20260929',1555302,1555303,1555304,1555305,1555306,1555307,1555308,1555309,1555310,1555311,1555312,1555313,1555314,1555315,1555316,1555317,1555318,1555319,1555320,1555321,1555322,1555323,1555324,1555325,1555326,1555327,1555328,1555329,1555330,1555331,1555332,1555333,1555334,1555335,1555336,1555337,1555338,1555339,1555340,1555341,1555342,1555343,1555344,1555345,1555346,1555347,1555348,1555349,1555350,1555351,1555352,1555353,1555354,1555355,1555356,1555357,1555358,1555359,1555360,1555361,1555362,1555363,1555364,1555365,1555366,1555367,1555368,1555369,1555370,1555371,1555372,1555373,1555374,1555375,1555376,1555377,1555378,1555379,1555380,1555381,1555382,1555383,1555384,1555385,1555386,1555387,1555388,1555389,1555390,1555391,1555392,1555393,1555394,1555395,1555396,1555397,1555398,1555399,1555400,1555401,1555402,1555403,1555404,1555405,1555406,1555407,1555408,1555409
801,80102,'20260930',1555410,1555411,1555412,1555413,1555414,1555415,1555416,1555417,1555418,1555419,1555420,1555421,1555422,1555423,1555424,1555425,1555426,1555427,1555428,1555429,1555430,1555431,1555432,1555433,1555434,1555435,1555436,1555437,1555438,1555439,1555440,1555441,1555442,1555443,1555444,1555445,1555446,1555447,1555448,1555449,1555450,1555451,1555452,1555453,1555454,1555455,1555456,1555457,1555458,1555459,1555460,1555461,1555462,1555463,1555464,1555465,1555466,1555467,1555468,1555469,1555470,1555471,1555472,1555473,1555474,1555475,1555476,1555477,1555478,1555479,1555480,1555481,1555482,1555483,1555484,1555485,1555486,1555487,1555488,1555489,1555490,1555491,1555492,1555493,1555494,1555495,1555496,1555497,1555498,1555499,1555500,1555501,1555502,1555503,1555504,1555505,1555506,1555507,1555508,1555509,1555510,1555511,1555512,1555513,1555514,1555515,1555516,1555517
801,80102,'20261001',1555518,1555519,1555520,1555521,1555522,1555523,1555524,1555525,1555526,1555527,1555528,1555529,1555530,1555531,1555532,1555533,1555534,1555535,1555536,1555537,1555538,1555539,1555540,1555541,1555542,1555543,1555544,1555545,1555546,1555547,1555548,1555549,1555550,1555551,1555552,1555553,1555554,1555555,1555556,1555557,1555558,1555559,1555560,1555561,1555562,1555563,1555564,1555565,1555566,1555567,1555568,1555569,1555570,1555571,1555572,1555573,1555574,1555575,1555576,1555577,1555578,1555579,1555580,1555581,1555582,1555583,1555584,1555585,1555586,1555587,1555588,1555589,1555590,1555591,1555592,1555593,1555594,1555595,1555596,1555597,1555598,1555599,1555600,1555601,1555602,1555603,1555604,1555605,1555606,1555607,1555608,1555609,1555610,1555611,1555612,1555613,1555614,1555615,1555616,1555617,1555618,1555619,1555620,1555621,1555622,1555623,1555624,1555625
801,80102,'20261002',1479316,1479317,1479318,1479319,1479320,1479321,1479322,1479323,1479324,1479325,1479326,1479327,1479328,1479329,1479330,1479331,1479332,1479333,1479334,1479335,1479336,1479337,1479338,1479339,1479340,1479341,1479342,1479343,1479344,1479345,1479346,1479347,1479348,1479349,1479350,1479351,1479352,1479353,1479354,1479355,1479356,1479357,1479358,1479359,1479360,1479361,1479362,1479363,1479364,1479365,1479366,1479367,1479368,1479369,1479370,1479371,1479372,1479373,1479374,1479375,1479376,1479377,1479378,1479379,1479380,1479381,1479382,1479383,1479384,1479385,1479386,1479387,1479388,1479389,1479390,1479391,1479392,1479393,1479394,1479395,1479396,1479397,1479398,1479399,1479400,1479401,1479402,1479403,1479404,1479405,1479406,1479407,1479408,1479409,1479410,1479411
801,80102,'20261003',1502146,1502147,1502148,1502149,1502150,1502151,1502152,1502153,1502154,1502155,1502156,1502157,1502158,1502159,1502160,1502161,1502162,1502163,1502164,1502165,1502166,1502167,1502168,1502169,1502170,1502171,1502172,1502173,1502174,1502175,1502176,1502177,1502178,1502179,1502180,1502181,1502182,1502183,1502184,1502185,1502186,1502187,1502188,1502189,1502190,1502191,1502192,1502193,1502194,1502195,1502196,1502197,1502198,1502199,1502200,1502201,1502202,1502203,1502204,1502205,1502206,1502207,1502208,1502209,1502210,1502211,1502212,1502213,1502214,1502215,1502216,1502217,1502218,1502219,1502220,1502221,1502222,1502223
801,80102,'20261004',1502224,1502225,1502226,1502227,1502228,1502229,1502230,1502231,1502232,1502233,1502234,1502235,1502236,1502237,1502238,1502239,1502240,1502241,1502242,1502243,1502244,1502245,1502246,1502247,1502248,1502249,1502250,1502251,1502252,1502253,1502254,1502255,1502256,1502257,1502258,1502259,1502260,1502261,1502262,1502263,1502264,1502265,1502266,1502267,1502268,1502269,1502270,1502271,1502272,1502273,1502274,1502275,1502276,1502277,1502278,1502279,1502280,1502281,1502282,1502283,1502284,1502285,1502286,1502287,1502288,1502289,1502290,1502291,1502292,1502293,1502294,1502295,1502296,1502297,1502298,1502299,1502300,1502301
801,80102,'20261005',1502302,1502303,1502304,1502305,1502306,1502307,1502308,1502309,1502310,1502311,1502312,1502313,1502314,1502315,1502316,1502317,1502318,1502319,1502320,1502321,1502322,1502323,1502324,1502325,1502326,1502327,1502328,1502329,1502330,1502331,1502332,1502333,1502334,1502335,1502336,1502337,1502338,1502339,1502340,1502341,1502342,1502343,1502344,1502345,1502346,1502347,1502348,1502349,1502350,1502351,1502352,1502353,1502354,1502355,1502356,1502357,1502358,1502359,1502360,1502361,1502362,1502363,1502364,1502365,1502366,1502367,1502368,1502369,1502370,1502371,1502372,1502373,1502374,1502375,1502376,1502377,1502378,1502379,1502380,1502381,1502382,1502383,1502384,1502385,1502386,1502387,1502388,1502389,1502390,1502391,1502392,1502393,1502394,1502395,1502396,1502397
801,80102,'20261006',1531472,1531473,1531474,1531475,1531476,1531477,1531478,1531479,1531480,1531481,1531482,1531483,1531484,1531485,1531486,1531487,1531488,1531489,1531490,1531491,1531492,1531493,1531494,1531495,1531496,1531497,1531498,1531499,1531500,1531501,1531502,1531503,1531504,1531505,1531506,1531507,1531508,1531509,1531510,1531511,1531512,1531513,1531514,1531515,1531516,1531517,1531518,1531519,1531520,1531521,1531522,1531523,1531524,1531525,1531526,1531527,1531528,1531529,1531530,1531531,1531532,1531533,1531534,1531535,1531536,1531537,1531538,1531539,1531540,1531541,1531542,1531543,1531544,1531545,1531546,1531547,1531548,1531549,1531550,1531551,1531552,1531553,1531554,1531555,1531556,1531557,1531558,1531559,1531560,1531561,1531562,1531563,1531564,1531565,1531566,1531567
801,80102,'20261007',1531568,1531569,1531570,1531571,1531572,1531573,1531574,1531575,1531576,1531577,1531578,1531579,1531580,1531581,1531582,1531583,1531584,1531585,1531586,1531587,1531588,1531589,1531590,1531591,1531592,1531593,1531594,1531595,1531596,1531597,1531598,1531599,1531600,1531601,1531602,1531603,1531604,1531605,1531606,1531607,1531608,1531609,1531610,1531611,1531612,1531613,1531614,1531615,1531616,1531617,1531618,1531619,1531620,1531621,1531622,1531623,1531624,1531625,1531626,1531627,1531628,1531629,1531630,1531631,1531632,1531633,1531634,1531635,1531636,1531637,1531638,1531639,1531640,1531641,1531642,1531643,1531644,1531645,1531646,1531647,1531648,1531649,1531650,1531651,1531652,1531653,1531654,1531655,1531656,1531657,1531658,1531659,1531660,1531661,1531662,1531663
801,80102,'20261008',1531664,1531665,1531666,1531667,1531668,1531669,1531670,1531671,1531672,1531673,1531674,1531675,1531676,1531677,1531678,1531679,1531680,1531681,1531682,1531683,1531684,1531685,1531686,1531687,1531688,1531689,1531690,1531691,1531692,1531693,1531694,1531695,1531696,1531697,1531698,1531699,1531700,1531701,1531702,1531703,1531704,1531705,1531706,1531707,1531708,1531709,1531710,1531711,1531712,1531713,1531714,1531715,1531716,1531717,1531718,1531719,1531720,1531721,1531722,1531723,1531724,1531725,1531726,1531727,1531728,1531729,1531730,1531731,1531732,1531733,1531734,1531735,1531736,1531737,1531738,1531739,1531740,1531741,1531742,1531743,1531744,1531745,1531746,1531747,1531748,1531749,1531750,1531751,1531752,1531753,1531754,1531755,1531756,1531757,1531758,1531759
801,80102,'20261009',1531760,1531761,1531762,1531763,1531764,1531765,1531766,1531767,1531768,1531769,1531770,1531771,1531772,1531773,1531774,1531775,1531776,1531777,1531778,1531779,1531780,1531781,1531782,1531783,1531784,1531785,1531786,1531787,1531788,1531789,1531790,1531791,1531792,1531793,1531794,1531795,1531796,1531797,1531798,1531799,1531800,1531801,1531802,1531803,1531804,1531805,1531806,1531807,1531808,1531809,1531810,1531811,1531812,1531813,1531814,1531815,1531816,1531817,1531818,1531819,1531820,1531821,1531822,1531823,1531824,1531825,1531826,1531827,1531828,1531829,1531830,1531831,1531832,1531833,1531834,1531835,1531836,1531837,1531838,1531839,1531840,1531841,1531842,1531843,1531844,1531845,1531846,1531847,1531848,1531849,1531850,1531851,1531852,1531853,1531854,1531855
801,80102,'20261010',1555626,1555627,1555628,1555629,1555630,1555631,1555632,1555633,1555634,1555635,1555636,1555637,1555638,1555639,1555640,1555641,1555642,1555643,1555644,1555645,1555646,1555647,1555648,1555649,1555650,1555651,1555652,1555653,1555654,1555655,1555656,1555657,1555658,1555659,1555660,1555661,1555662,1555663,1555664,1555665,1555666,1555667,1555668,1555669,1555670,1555671,1555672,1555673,1555674,1555675,1555676,1555677,1555678,1555679,1555680,1555681,1555682,1555683,1555684,1555685,1555686,1555687,1555688,1555689,1555690,1555691,1555692,1555693,1555694,1555695,1555696,1555697,1555698,1555699,1555700,1555701,1555702,1555703
801,80102,'20261011',1555704,1555705,1555706,1555707,1555708,1555709,1555710,1555711,1555712,1555713,1555714,1555715,1555716,1555717,1555718,1555719,1555720,1555721,1555722,1555723,1555724,1555725,1555726,1555727,1555728,1555729,1555730,1555731,1555732,1555733,1555734,1555735,1555736,1555737,1555738,1555739,1555740,1555741,1555742,1555743,1555744,1555745,1555746,1555747,1555748,1555749,1555750,1555751,1555752,1555753,1555754,1555755,1555756,1555757,1555758,1555759,1555760,1555761,1555762,1555763,1555764,1555765,1555766,1555767,1555768,1555769,1555770,1555771,1555772,1555773,1555774,1555775,1555776,1555777,1555778,1555779,1555780,1555781
801,80102,'20261012',1555782,1555783,1555784,1555785,1555786,1555787,1555788,1555789,1555790,1555791,1555792,1555793,1555794,1555795,1555796,1555797,1555798,1555799,1555800,1555801,1555802,1555803,1555804,1555805,1555806,1555807,1555808,1555809,1555810,1555811,1555812,1555813,1555814,1555815,1555816,1555817,1555818,1555819,1555820,1555821,1555822,1555823,1555824,1555825,1555826,1555827,1555828,1555829,1555830,1555831,1555832,1555833,1555834,1555835,1555836,1555837,1555838,1555839,1555840,1555841,1555842,1555843,1555844,1555845,1555846,1555847,1555848,1555849,1555850,1555851,1555852,1555853,1555854,1555855,1555856,1555857,1555858,1555859
801,80103,'20260929',1555860,1555861,1555862,1555863,1555864,1555865,1555866,1555867,1555868,1555869,1555870,1555871,1555872,1555873,1555874,1555875,1555876,1555877,1555878,1555879,1555880,1555881,1555882,1555883,1555884,1555885,1555886,1555887,1555888,1555889,1555890,1555891,1555892,1555893,1555894,1555895,1555896,1555897,1555898,1555899,1555900,1555901,1555902,1555903,1555904,1555905,1555906,1555907,1555908,1555909,1555910,1555911,1555912,1555913,1555914,1555915,1555916,1555917,1555918,1555919,1555920,1555921,1555922,1555923,1555924,1555925,1555926,1555927,1555928,1555929,1555930,1555931,1555932,1555933,1555934,1555935,1555936,1555937,1555938,1555939,1555940,1555941,1555942,1555943,1555944,1555945,1555946,1555947,1555948,1555949,1555950,1555951,1555952,1555953,1555954,1555955
801,80103,'20260930',1555956,1555957,1555958,1555959,1555960,1555961,1555962,1555963,1555964,1555965,1555966,1555967,1555968,1555969,1555970,1555971,1555972,1555973,1555974,1555975,1555976,1555977,1555978,1555979,1555980,1555981,1555982,1555983,1555984,1555985,1555986,1555987,1555988,1555989,1555990,1555991,1555992,1555993,1555994,1555995,1555996,1555997,1555998,1555999,1556000,1556001,1556002,1556003,1556004,1556005,1556006,1556007,1556008,1556009,1556010,1556011,1556012,1556013,1556014,1556015,1556016,1556017,1556018,1556019,1556020,1556021,1556022,1556023,1556024,1556025,1556026,1556027,1556028,1556029,1556030,1556031,1556032,1556033,1556034,1556035,1556036,1556037,1556038,1556039,1556040,1556041,1556042,1556043,1556044,1556045,1556046,1556047,1556048,1556049,1556050,1556051
801,80103,'20261001',1556052,1556053,1556054,1556055,1556056,1556057,1556058,1556059,1556060,1556061,1556062,1556063,1556064,1556065,1556066,1556067,1556068,1556069,1556070,1556071,1556072,1556073,1556074,1556075,1556076,1556077,1556078,1556079,1556080,1556081,1556082,1556083,1556084,1556085,1556086,1556087,1556088,1556089,1556090,1556091,1556092,1556093,1556094,1556095,1556096,1556097,1556098,1556099,1556100,1556101,1556102,1556103,1556104,1556105,1556106,1556107,1556108,1556109,1556110,1556111,1556112,1556113,1556114,1556115,1556116,1556117,1556118,1556119,1556120,1556121,1556122,1556123,1556124,1556125,1556126,1556127,1556128,1556129,1556130,1556131,1556132,1556133,1556134,1556135,1556136,1556137,1556138,1556139,1556140,1556141,1556142,1556143,1556144,1556145,1556146,1556147
801,80103,'20261002',1479854,1479855,1479856,1479857,1479858,1479859,1479860,1479861,1479862,1479863,1479864,1479865,1479866,1479867,1479868,1479869,1479870,1479871,1479872,1479873,1479874,1479875,1479876,1479877,1479878,1479879,1479880,1479881,1479882,1479883,1479884,1479885,1479886,1479887,1479888,1479889,1479890,1479891,1479892,1479893,1479894,1479895,1479896,1479897,1479898,1479899,1479900,1479901,1479902,1479903,1479904,1479905,1479906,1479907,1479908,1479909,1479910,1479911,1479912,1479913,1479914,1479915,1479916,1479917,1479918,1479919,1479920,1479921,1479922,1479923,1479924,1479925,1479926,1479927,1479928,1479929,1479930,1479931,1479932,1479933,1479934,1479935,1479936,1479937,1479938,1479939,1479940,1479941,1479942,1479943,1479944,1479945,1479946,1479947,1479948,1479949
801,80103,'20261003',1502685,1502686,1502687,1502688,1502689,1502690,1502691,1502692,1502693,1502694,1502695,1502696,1502697,1502698,1502699,1502700,1502701,1502702,1502703,1502704,1502705,1502706,1502707,1502708,1502709,1502710,1502711,1502712,1502713,1502714,1502715,1502716,1502717,1502718,1502719,1502720,1502721,1502722,1502723,1502724,1502725,1502726,1502727,1502728,1502729,1502730,1502731,1502732,1502733,1502734,1502735,1502736,1502737,1502738,1502739,1502740,1502741,1502742,1502743,1502744,1502745,1502746,1502747,1502748,1502749,1502750,1502751,1502752,1502753,1502754,1502755,1502756,1502757,1502758,1502759,1502760,1502761
801,80103,'20261004',1502762,1502763,1502764,1502765,1502766,1502767,1502768,1502769,1502770,1502771,1502772,1502773,1502774,1502775,1502776,1502777,1502778,1502779,1502780,1502781,1502782,1502783,1502784,1502785,1502786,1502787,1502788,1502789,1502790,1502791,1502792,1502793,1502794,1502795,1502796,1502797,1502798,1502799,1502800,1502801,1502802,1502803,1502804,1502805,1502806,1502807,1502808,1502809,1502810,1502811,1502812,1502813,1502814,1502815,1502816,1502817,1502818,1502819,1502820,1502821,1502822,1502823,1502824,1502825,1502826,1502827,1502828,1502829,1502830,1502831,1502832,1502833,1502834,1502835,1502836,1502837,1502838
801,80103,'20261005',1502839,1502840,1502841,1502842,1502843,1502844,1502845,1502846,1502847,1502848,1502849,1502850,1502851,1502852,1502853,1502854,1502855,1502856,1502857,1502858,1502859,1502860,1502861,1502862,1502863,1502864,1502865,1502866,1502867,1502868,1502869,1502870,1502871,1502872,1502873,1502874,1502875,1502876,1502877,1502878,1502879,1502880,1502881,1502882,1502883,1502884,1502885,1502886,1502887,1502888,1502889,1502890,1502891,1502892,1502893,1502894,1502895,1502896,1502897,1502898,1502899,1502900,1502901,1502902,1502903,1502904,1502905,1502906,1502907,1502908,1502909,1502910,1502911,1502912,1502913,1502914,1502915,1502916,1502917,1502918,1502919,1502920,1502921,1502922,1502923,1502924,1502925,1502926,1502927,1502928,1502929,1502930,1502931,1502932,1502933,1502934
801,80103,'20261006',1532202,1532203,1532204,1532205,1532206,1532207,1532208,1532209,1532210,1532211,1532212,1532213,1532214,1532215,1532216,1532217,1532218,1532219,1532220,1532221,1532222,1532223,1532224,1532225,1532226,1532227,1532228,1532229,1532230,1532231,1532232,1532233,1532234,1532235,1532236,1532237,1532238,1532239,1532240,1532241,1532242,1532243,1532244,1532245,1532246,1532247,1532248,1532249,1532250,1532251,1532252,1532253,1532254,1532255,1532256,1532257,1532258,1532259,1532260,1532261,1532262,1532263,1532264,1532265,1532266,1532267,1532268,1532269,1532270,1532271,1532272,1532273,1532274,1532275,1532276,1532277,1532278,1532279,1532280,1532281,1532282,1532283,1532284,1532285,1532286,1532287,1532288,1532289,1532290,1532291,1532292,1532293,1532294,1532295,1532296,1532297
801,80103,'20261007',1532298,1532299,1532300,1532301,1532302,1532303,1532304,1532305,1532306,1532307,1532308,1532309,1532310,1532311,1532312,1532313,1532314,1532315,1532316,1532317,1532318,1532319,1532320,1532321,1532322,1532323,1532324,1532325,1532326,1532327,1532328,1532329,1532330,1532331,1532332,1532333,1532334,1532335,1532336,1532337,1532338,1532339,1532340,1532341,1532342,1532343,1532344,1532345,1532346,1532347,1532348,1532349,1532350,1532351,1532352,1532353,1532354,1532355,1532356,1532357,1532358,1532359,1532360,1532361,1532362,1532363,1532364,1532365,1532366,1532367,1532368,1532369,1532370,1532371,1532372,1532373,1532374,1532375,1532376,1532377,1532378,1532379,1532380,1532381,1532382,1532383,1532384,1532385,1532386,1532387,1532388,1532389,1532390,1532391,1532392,1532393
801,80103,'20261008',1532394,1532395,1532396,1532397,1532398,1532399,1532400,1532401,1532402,1532403,1532404,1532405,1532406,1532407,1532408,1532409,1532410,1532411,1532412,1532413,1532414,1532415,1532416,1532417,1532418,1532419,1532420,1532421,1532422,1532423,1532424,1532425,1532426,1532427,1532428,1532429,1532430,1532431,1532432,1532433,1532434,1532435,1532436,1532437,1532438,1532439,1532440,1532441,1532442,1532443,1532444,1532445,1532446,1532447,1532448,1532449,1532450,1532451,1532452,1532453,1532454,1532455,1532456,1532457,1532458,1532459,1532460,1532461,1532462,1532463,1532464,1532465,1532466,1532467,1532468,1532469,1532470,1532471,1532472,1532473,1532474,1532475,1532476,1532477,1532478,1532479,1532480,1532481,1532482,1532483,1532484,1532485,1532486,1532487,1532488,1532489
801,80103,'20261009',1532490,1532491,1532492,1532493,1532494,1532495,1532496,1532497,1532498,1532499,1532500,1532501,1532502,1532503,1532504,1532505,1532506,1532507,1532508,1532509,1532510,1532511,1532512,1532513,1532514,1532515,1532516,1532517,1532518,1532519,1532520,1532521,1532522,1532523,1532524,1532525,1532526,1532527,1532528,1532529,1532530,1532531,1532532,1532533,1532534,1532535,1532536,1532537,1532538,1532539,1532540,1532541,1532542,1532543,1532544,1532545,1532546,1532547,1532548,1532549,1532550,1532551,1532552,1532553,1532554,1532555,1532556,1532557,1532558,1532559,1532560,1532561,1532562,1532563,1532564,1532565,1532566,1532567,1532568,1532569,1532570,1532571,1532572,1532573,1532574,1532575,1532576,1532577,1532578,1532579,1532580,1532581,1532582,1532583,1532584,1532585
801,80103,'20261010',1556148,1556149,1556150,1556151,1556152,1556153,1556154,1556155,1556156,1556157,1556158,1556159,1556160,1556161,1556162,1556163,1556164,1556165,1556166,1556167,1556168,1556169,1556170,1556171,1556172,1556173,1556174,1556175,1556176,1556177,1556178,1556179,1556180,1556181,1556182,1556183,1556184,1556185,1556186,1556187,1556188,1556189,1556190,1556191,1556192,1556193,1556194,1556195,1556196,1556197,1556198,1556199,1556200,1556201,1556202,1556203,1556204,1556205,1556206,1556207,1556208,1556209,1556210,1556211,1556212,1556213,1556214,1556215,1556216,1556217,1556218,1556219,1556220,1556221,1556222,1556223,1556224
801,80103,'20261011',1556225,1556226,1556227,1556228,1556229,1556230,1556231,1556232,1556233,1556234,1556235,1556236,1556237,1556238,1556239,1556240,1556241,1556242,1556243,1556244,1556245,1556246,1556247,1556248,1556249,1556250,1556251,1556252,1556253,1556254,1556255,1556256,1556257,1556258,1556259,1556260,1556261,1556262,1556263,1556264,1556265,1556266,1556267,1556268,1556269,1556270,1556271,1556272,1556273,1556274,1556275,1556276,1556277,1556278,1556279,1556280,1556281,1556282,1556283,1556284,1556285,1556286,1556287,1556288,1556289,1556290,1556291,1556292,1556293,1556294,1556295,1556296,1556297,1556298,1556299,1556300,1556301
801,80103,'20261012',1556302,1556303,1556304,1556305,1556306,1556307,1556308,1556309,1556310,1556311,1556312,1556313,1556314,1556315,1556316,1556317,1556318,1556319,1556320,1556321,1556322,1556323,1556324,1556325,1556326,1556327,1556328,1556329,1556330,1556331,1556332,1556333,1556334,1556335,1556336,1556337,1556338,1556339,1556340,1556341,1556342,1556343,1556344,1556345,1556346,1556347,1556348,1556349,1556350,1556351,1556352,1556353,1556354,1556355,1556356,1556357,1556358,1556359,1556360,1556361,1556362,1556363,1556364,1556365,1556366,1556367,1556368,1556369,1556370,1556371,1556372,1556373,1556374,1556375,1556376,1556377,1556378
802,80202,'20260929',1556379,1556380,1556381,1556382,1556383,1556384,1556385,1556386,1556387,1556388,1556389,1556390,1556391,1556392,1556393,1556394,1556395,1556396,1556397,1556398,1556399,1556400,1556401,1556402,1556403,1556404,1556405,1556406,1556407,1556408,1556409,1556410,1556411,1556412,1556413,1556414,1556415,1556416,1556417,1556418,1556419,1556420,1556421,1556422,1556423,1556424,1556425,1556426,1556427,1556428,1556429,1556430,1556431,1556432,1556433,1556434,1556435,1556436,1556437,1556438,1556439,1556440,1556441,1556442,1556443,1556444,1556445,1556446,1556447,1556448,1556449,1556450,1556451,1556452,1556453,1556454,1556455,1556456,1556457,1556458,1556459,1556460,1556461,1556462,1556463,1556464,1556465,1556466,1556467
802,80202,'20260930',1556468,1556469,1556470,1556471,1556472,1556473,1556474,1556475,1556476,1556477,1556478,1556479,1556480,1556481,1556482,1556483,1556484,1556485,1556486,1556487,1556488,1556489,1556490,1556491,1556492,1556493,1556494,1556495,1556496,1556497,1556498,1556499,1556500,1556501,1556502,1556503,1556504,1556505,1556506,1556507,1556508,1556509,1556510,1556511,1556512,1556513,1556514,1556515,1556516,1556517,1556518,1556519,1556520,1556521,1556522,1556523,1556524,1556525,1556526,1556527,1556528,1556529,1556530,1556531,1556532,1556533,1556534,1556535,1556536,1556537,1556538,1556539,1556540,1556541,1556542,1556543,1556544,1556545,1556546,1556547,1556548,1556549,1556550,1556551,1556552,1556553,1556554,1556555,1556556
802,80202,'20261001',1556557,1556558,1556559,1556560,1556561,1556562,1556563,1556564,1556565,1556566,1556567,1556568,1556569,1556570,1556571,1556572,1556573,1556574,1556575,1556576,1556577,1556578,1556579,1556580,1556581,1556582,1556583,1556584,1556585,1556586,1556587,1556588,1556589,1556590,1556591,1556592,1556593,1556594,1556595,1556596,1556597,1556598,1556599,1556600,1556601,1556602,1556603,1556604,1556605,1556606,1556607,1556608,1556609,1556610,1556611,1556612,1556613,1556614,1556615,1556616,1556617,1556618,1556619,1556620,1556621,1556622,1556623,1556624,1556625,1556626,1556627,1556628,1556629,1556630,1556631,1556632,1556633,1556634,1556635,1556636,1556637,1556638,1556639,1556640,1556641,1556642,1556643,1556644,1556645
802,80202,'20261002',1480373,1480374,1480375,1480376,1480377,1480378,1480379,1480380,1480381,1480382,1480383,1480384,1480385,1480386,1480387,1480388,1480389,1480390,1480391,1480392,1480393,1480394,1480395,1480396,1480397,1480398,1480399,1480400,1480401,1480402,1480403,1480404,1480405,1480406,1480407,1480408,1480409,1480410,1480411,1480412,1480413,1480414,1480415,1480416,1480417,1480418,1480419,1480420,1480421,1480422,1480423,1480424,1480425,1480426,1480427,1480428,1480429,1480430,1480431,1480432,1480433,1480434,1480435,1480436,1480437,1480438,1480439,1480440,1480441,1480442,1480443,1480444,1480445,1480446,1480447,1480448,1480449,1480450,1480451,1480452,1480453,1480454,1480455,1480456,1480457,1480458,1480459,1480460,1480461
802,80202,'20261003',1503196,1503197,1503198,1503199,1503200,1503201,1503202,1503203,1503204,1503205,1503206,1503207,1503208,1503209,1503210,1503211,1503212,1503213,1503214,1503215,1503216,1503217,1503218,1503219,1503220,1503221,1503222,1503223,1503224,1503225,1503226,1503227,1503228,1503229,1503230,1503231,1503232,1503233,1503234,1503235,1503236,1503237,1503238,1503239,1503240,1503241,1503242,1503243,1503244,1503245,1503246,1503247,1503248,1503249,1503250,1503251,1503252,1503253,1503254,1503255,1503256,1503257,1503258,1503259,1503260,1503261,1503262,1503263,1503264,1503265,1503266,1503267,1503268,1503269,1503270,1503271,1503272,1503273
802,80202,'20261004',1503274,1503275,1503276,1503277,1503278,1503279,1503280,1503281,1503282,1503283,1503284,1503285,1503286,1503287,1503288,1503289,1503290,1503291,1503292,1503293,1503294,1503295,1503296,1503297,1503298,1503299,1503300,1503301,1503302,1503303,1503304,1503305,1503306,1503307,1503308,1503309,1503310,1503311,1503312,1503313,1503314,1503315,1503316,1503317,1503318,1503319,1503320,1503321,1503322,1503323,1503324,1503325,1503326,1503327,1503328,1503329,1503330,1503331,1503332,1503333,1503334,1503335,1503336,1503337,1503338,1503339,1503340,1503341,1503342,1503343,1503344,1503345,1503346,1503347,1503348,1503349,1503350,1503351
802,80202,'20261005',1503352,1503353,1503354,1503355,1503356,1503357,1503358,1503359,1503360,1503361,1503362,1503363,1503364,1503365,1503366,1503367,1503368,1503369,1503370,1503371,1503372,1503373,1503374,1503375,1503376,1503377,1503378,1503379,1503380,1503381,1503382,1503383,1503384,1503385,1503386,1503387,1503388,1503389,1503390,1503391,1503392,1503393,1503394,1503395,1503396,1503397,1503398,1503399,1503400,1503401,1503402,1503403,1503404,1503405,1503406,1503407,1503408,1503409,1503410,1503411,1503412,1503413,1503414,1503415,1503416,1503417,1503418,1503419,1503420,1503421,1503422,1503423,1503424,1503425,1503426,1503427,1503428,1503429,1503430,1503431,1503432,1503433,1503434,1503435,1503436,1503437,1503438,1503439,1503440
802,80202,'20261006',1532920,1532921,1532922,1532923,1532924,1532925,1532926,1532927,1532928,1532929,1532930,1532931,1532932,1532933,1532934,1532935,1532936,1532937,1532938,1532939,1532940,1532941,1532942,1532943,1532944,1532945,1532946,1532947,1532948,1532949,1532950,1532951,1532952,1532953,1532954,1532955,1532956,1532957,1532958,1532959,1532960,1532961,1532962,1532963,1532964,1532965,1532966,1532967,1532968,1532969,1532970,1532971,1532972,1532973,1532974,1532975,1532976,1532977,1532978,1532979,1532980,1532981,1532982,1532983,1532984,1532985,1532986,1532987,1532988,1532989,1532990,1532991,1532992,1532993,1532994,1532995,1532996,1532997,1532998,1532999,1533000,1533001,1533002,1533003,1533004,1533005,1533006,1533007,1533008
802,80202,'20261007',1533009,1533010,1533011,1533012,1533013,1533014,1533015,1533016,1533017,1533018,1533019,1533020,1533021,1533022,1533023,1533024,1533025,1533026,1533027,1533028,1533029,1533030,1533031,1533032,1533033,1533034,1533035,1533036,1533037,1533038,1533039,1533040,1533041,1533042,1533043,1533044,1533045,1533046,1533047,1533048,1533049,1533050,1533051,1533052,1533053,1533054,1533055,1533056,1533057,1533058,1533059,1533060,1533061,1533062,1533063,1533064,1533065,1533066,1533067,1533068,1533069,1533070,1533071,1533072,1533073,1533074,1533075,1533076,1533077,1533078,1533079,1533080,1533081,1533082,1533083,1533084,1533085,1533086,1533087,1533088,1533089,1533090,1533091,1533092,1533093,1533094,1533095,1533096,1533097
802,80202,'20261008',1533098,1533099,1533100,1533101,1533102,1533103,1533104,1533105,1533106,1533107,1533108,1533109,1533110,1533111,1533112,1533113,1533114,1533115,1533116,1533117,1533118,1533119,1533120,1533121,1533122,1533123,1533124,1533125,1533126,1533127,1533128,1533129,1533130,1533131,1533132,1533133,1533134,1533135,1533136,1533137,1533138,1533139,1533140,1533141,1533142,1533143,1533144,1533145,1533146,1533147,1533148,1533149,1533150,1533151,1533152,1533153,1533154,1533155,1533156,1533157,1533158,1533159,1533160,1533161,1533162,1533163,1533164,1533165,1533166,1533167,1533168,1533169,1533170,1533171,1533172,1533173,1533174,1533175,1533176,1533177,1533178,1533179,1533180,1533181,1533182,1533183,1533184,1533185,1533186
802,80202,'20261009',1533187,1533188,1533189,1533190,1533191,1533192,1533193,1533194,1533195,1533196,1533197,1533198,1533199,1533200,1533201,1533202,1533203,1533204,1533205,1533206,1533207,1533208,1533209,1533210,1533211,1533212,1533213,1533214,1533215,1533216,1533217,1533218,1533219,1533220,1533221,1533222,1533223,1533224,1533225,1533226,1533227,1533228,1533229,1533230,1533231,1533232,1533233,1533234,1533235,1533236,1533237,1533238,1533239,1533240,1533241,1533242,1533243,1533244,1533245,1533246,1533247,1533248,1533249,1533250,1533251,1533252,1533253,1533254,1533255,1533256,1533257,1533258,1533259,1533260,1533261,1533262,1533263,1533264,1533265,1533266,1533267,1533268,1533269,1533270,1533271,1533272,1533273,1533274,1533275
802,80202,'20261010',1556646,1556647,1556648,1556649,1556650,1556651,1556652,1556653,1556654,1556655,1556656,1556657,1556658,1556659,1556660,1556661,1556662,1556663,1556664,1556665,1556666,1556667,1556668,1556669,1556670,1556671,1556672,1556673,1556674,1556675,1556676,1556677,1556678,1556679,1556680,1556681,1556682,1556683,1556684,1556685,1556686,1556687,1556688,1556689,1556690,1556691,1556692,1556693,1556694,1556695,1556696,1556697,1556698,1556699,1556700,1556701,1556702,1556703,1556704,1556705,1556706,1556707,1556708,1556709,1556710,1556711,1556712,1556713,1556714,1556715,1556716,1556717,1556718,1556719,1556720,1556721,1556722,1556723
802,80202,'20261011',1556724,1556725,1556726,1556727,1556728,1556729,1556730,1556731,1556732,1556733,1556734,1556735,1556736,1556737,1556738,1556739,1556740,1556741,1556742,1556743,1556744,1556745,1556746,1556747,1556748,1556749,1556750,1556751,1556752,1556753,1556754,1556755,1556756,1556757,1556758,1556759,1556760,1556761,1556762,1556763,1556764,1556765,1556766,1556767,1556768,1556769,1556770,1556771,1556772,1556773,1556774,1556775,1556776,1556777,1556778,1556779,1556780,1556781,1556782,1556783,1556784,1556785,1556786,1556787,1556788,1556789,1556790,1556791,1556792,1556793,1556794,1556795,1556796,1556797,1556798,1556799,1556800,1556801
802,80202,'20261012',1556802,1556803,1556804,1556805,1556806,1556807,1556808,1556809,1556810,1556811,1556812,1556813,1556814,1556815,1556816,1556817,1556818,1556819,1556820,1556821,1556822,1556823,1556824,1556825,1556826,1556827,1556828,1556829,1556830,1556831,1556832,1556833,1556834,1556835,1556836,1556837,1556838,1556839,1556840,1556841,1556842,1556843,1556844,1556845,1556846,1556847,1556848,1556849,1556850,1556851,1556852,1556853,1556854,1556855,1556856,1556857,1556858,1556859,1556860,1556861,1556862,1556863,1556864,1556865,1556866,1556867,1556868,1556869,1556870,1556871,1556872,1556873,1556874,1556875,1556876,1556877,1556878,1556879
802,80203,'20260929',1556880,1556881,1556882,1556883,1556884,1556885,1556886,1556887,1556888,1556889,1556890,1556891,1556892,1556893,1556894,1556895,1556896,1556897,1556898,1556899,1556900,1556901,1556902,1556903,1556904,1556905,1556906,1556907,1556908,1556909,1556910,1556911,1556912,1556913,1556914,1556915,1556916,1556917,1556918,1556919,1556920,1556921,1556922,1556923,1556924,1556925,1556926,1556927,1556928,1556929,1556930,1556931,1556932,1556933,1556934,1556935,1556936,1556937,1556938,1556939,1556940,1556941,1556942,1556943,1556944,1556945,1556946,1556947,1556948,1556949,1556950,1556951,1556952,1556953,1556954,1556955,1556956,1556957,1556958,1556959,1556960,1556961,1556962,1556963,1556964,1556965,1556966,1556967,1556968
802,80203,'20260930',1556969,1556970,1556971,1556972,1556973,1556974,1556975,1556976,1556977,1556978,1556979,1556980,1556981,1556982,1556983,1556984,1556985,1556986,1556987,1556988,1556989,1556990,1556991,1556992,1556993,1556994,1556995,1556996,1556997,1556998,1556999,1557000,1557001,1557002,1557003,1557004,1557005,1557006,1557007,1557008,1557009,1557010,1557011,1557012,1557013,1557014,1557015,1557016,1557017,1557018,1557019,1557020,1557021,1557022,1557023,1557024,1557025,1557026,1557027,1557028,1557029,1557030,1557031,1557032,1557033,1557034,1557035,1557036,1557037,1557038,1557039,1557040,1557041,1557042,1557043,1557044,1557045,1557046,1557047,1557048,1557049,1557050,1557051,1557052,1557053,1557054,1557055,1557056,1557057
802,80203,'20261001',1557058,1557059,1557060,1557061,1557062,1557063,1557064,1557065,1557066,1557067,1557068,1557069,1557070,1557071,1557072,1557073,1557074,1557075,1557076,1557077,1557078,1557079,1557080,1557081,1557082,1557083,1557084,1557085,1557086,1557087,1557088,1557089,1557090,1557091,1557092,1557093,1557094,1557095,1557096,1557097,1557098,1557099,1557100,1557101,1557102,1557103,1557104,1557105,1557106,1557107,1557108,1557109,1557110,1557111,1557112,1557113,1557114,1557115,1557116,1557117,1557118,1557119,1557120,1557121,1557122,1557123,1557124,1557125,1557126,1557127,1557128,1557129,1557130,1557131,1557132,1557133,1557134,1557135,1557136,1557137,1557138,1557139,1557140,1557141,1557142,1557143,1557144,1557145,1557146
802,80203,'20261002',1480883,1480884,1480885,1480886,1480887,1480888,1480889,1480890,1480891,1480892,1480893,1480894,1480895,1480896,1480897,1480898,1480899,1480900,1480901,1480902,1480903,1480904,1480905,1480906,1480907,1480908,1480909,1480910,1480911,1480912,1480913,1480914,1480915,1480916,1480917,1480918,1480919,1480920,1480921,1480922,1480923,1480924,1480925,1480926,1480927,1480928,1480929,1480930,1480931,1480932,1480933,1480934,1480935,1480936,1480937,1480938,1480939,1480940,1480941,1480942,1480943,1480944,1480945,1480946,1480947,1480948,1480949,1480950,1480951,1480952,1480953,1480954,1480955,1480956,1480957,1480958,1480959,1480960,1480961,1480962,1480963,1480964,1480965,1480966,1480967,1480968,1480969,1480970,1480971
802,80203,'20261003',1503699,1503700,1503701,1503702,1503703,1503704,1503705,1503706,1503707,1503708,1503709,1503710,1503711,1503712,1503713,1503714,1503715,1503716,1503717,1503718,1503719,1503720,1503721,1503722,1503723,1503724,1503725,1503726,1503727,1503728,1503729,1503730,1503731,1503732,1503733,1503734,1503735,1503736,1503737,1503738,1503739,1503740,1503741,1503742,1503743,1503744,1503745,1503746,1503747,1503748,1503749,1503750,1503751,1503752,1503753,1503754,1503755,1503756,1503757,1503758,1503759,1503760,1503761,1503762,1503763,1503764,1503765,1503766,1503767,1503768,1503769,1503770,1503771,1503772,1503773,1503774,1503775
802,80203,'20261004',1503776,1503777,1503778,1503779,1503780,1503781,1503782,1503783,1503784,1503785,1503786,1503787,1503788,1503789,1503790,1503791,1503792,1503793,1503794,1503795,1503796,1503797,1503798,1503799,1503800,1503801,1503802,1503803,1503804,1503805,1503806,1503807,1503808,1503809,1503810,1503811,1503812,1503813,1503814,1503815,1503816,1503817,1503818,1503819,1503820,1503821,1503822,1503823,1503824,1503825,1503826,1503827,1503828,1503829,1503830,1503831,1503832,1503833,1503834,1503835,1503836,1503837,1503838,1503839,1503840,1503841,1503842,1503843,1503844,1503845,1503846,1503847,1503848,1503849,1503850,1503851,1503852
802,80203,'20261005',1503853,1503854,1503855,1503856,1503857,1503858,1503859,1503860,1503861,1503862,1503863,1503864,1503865,1503866,1503867,1503868,1503869,1503870,1503871,1503872,1503873,1503874,1503875,1503876,1503877,1503878,1503879,1503880,1503881,1503882,1503883,1503884,1503885,1503886,1503887,1503888,1503889,1503890,1503891,1503892,1503893,1503894,1503895,1503896,1503897,1503898,1503899,1503900,1503901,1503902,1503903,1503904,1503905,1503906,1503907,1503908,1503909,1503910,1503911,1503912,1503913,1503914,1503915,1503916,1503917,1503918,1503919,1503920,1503921,1503922,1503923,1503924,1503925,1503926,1503927,1503928,1503929,1503930,1503931,1503932,1503933,1503934,1503935,1503936,1503937,1503938,1503939,1503940,1503941
802,80203,'20261006',1533608,1533609,1533610,1533611,1533612,1533613,1533614,1533615,1533616,1533617,1533618,1533619,1533620,1533621,1533622,1533623,1533624,1533625,1533626,1533627,1533628,1533629,1533630,1533631,1533632,1533633,1533634,1533635,1533636,1533637,1533638,1533639,1533640,1533641,1533642,1533643,1533644,1533645,1533646,1533647,1533648,1533649,1533650,1533651,1533652,1533653,1533654,1533655,1533656,1533657,1533658,1533659,1533660,1533661,1533662,1533663,1533664,1533665,1533666,1533667,1533668,1533669,1533670,1533671,1533672,1533673,1533674,1533675,1533676,1533677,1533678,1533679,1533680,1533681,1533682,1533683,1533684,1533685,1533686,1533687,1533688,1533689,1533690,1533691,1533692,1533693,1533694,1533695,1533696
802,80203,'20261007',1533697,1533698,1533699,1533700,1533701,1533702,1533703,1533704,1533705,1533706,1533707,1533708,1533709,1533710,1533711,1533712,1533713,1533714,1533715,1533716,1533717,1533718,1533719,1533720,1533721,1533722,1533723,1533724,1533725,1533726,1533727,1533728,1533729,1533730,1533731,1533732,1533733,1533734,1533735,1533736,1533737,1533738,1533739,1533740,1533741,1533742,1533743,1533744,1533745,1533746,1533747,1533748,1533749,1533750,1533751,1533752,1533753,1533754,1533755,1533756,1533757,1533758,1533759,1533760,1533761,1533762,1533763,1533764,1533765,1533766,1533767,1533768,1533769,1533770,1533771,1533772,1533773,1533774,1533775,1533776,1533777,1533778,1533779,1533780,1533781,1533782,1533783,1533784,1533785
802,80203,'20261008',1533786,1533787,1533788,1533789,1533790,1533791,1533792,1533793,1533794,1533795,1533796,1533797,1533798,1533799,1533800,1533801,1533802,1533803,1533804,1533805,1533806,1533807,1533808,1533809,1533810,1533811,1533812,1533813,1533814,1533815,1533816,1533817,1533818,1533819,1533820,1533821,1533822,1533823,1533824,1533825,1533826,1533827,1533828,1533829,1533830,1533831,1533832,1533833,1533834,1533835,1533836,1533837,1533838,1533839,1533840,1533841,1533842,1533843,1533844,1533845,1533846,1533847,1533848,1533849,1533850,1533851,1533852,1533853,1533854,1533855,1533856,1533857,1533858,1533859,1533860,1533861,1533862,1533863,1533864,1533865,1533866,1533867,1533868,1533869,1533870,1533871,1533872,1533873,1533874
802,80203,'20261009',1533875,1533876,1533877,1533878,1533879,1533880,1533881,1533882,1533883,1533884,1533885,1533886,1533887,1533888,1533889,1533890,1533891,1533892,1533893,1533894,1533895,1533896,1533897,1533898,1533899,1533900,1533901,1533902,1533903,1533904,1533905,1533906,1533907,1533908,1533909,1533910,1533911,1533912,1533913,1533914,1533915,1533916,1533917,1533918,1533919,1533920,1533921,1533922,1533923,1533924,1533925,1533926,1533927,1533928,1533929,1533930,1533931,1533932,1533933,1533934,1533935,1533936,1533937,1533938,1533939,1533940,1533941,1533942,1533943,1533944,1533945,1533946,1533947,1533948,1533949,1533950,1533951,1533952,1533953,1533954,1533955,1533956,1533957,1533958,1533959,1533960,1533961,1533962,1533963
802,80203,'20261010',1557147,1557148,1557149,1557150,1557151,1557152,1557153,1557154,1557155,1557156,1557157,1557158,1557159,1557160,1557161,1557162,1557163,1557164,1557165,1557166,1557167,1557168,1557169,1557170,1557171,1557172,1557173,1557174,1557175,1557176,1557177,1557178,1557179,1557180,1557181,1557182,1557183,1557184,1557185,1557186,1557187,1557188,1557189,1557190,1557191,1557192,1557193,1557194,1557195,1557196,1557197,1557198,1557199,1557200,1557201,1557202,1557203,1557204,1557205,1557206,1557207,1557208,1557209,1557210,1557211,1557212,1557213,1557214,1557215,1557216,1557217,1557218,1557219,1557220,1557221,1557222,1557223
802,80203,'20261011',1557224,1557225,1557226,1557227,1557228,1557229,1557230,1557231,1557232,1557233,1557234,1557235,1557236,1557237,1557238,1557239,1557240,1557241,1557242,1557243,1557244,1557245,1557246,1557247,1557248,1557249,1557250,1557251,1557252,1557253,1557254,1557255,1557256,1557257,1557258,1557259,1557260,1557261,1557262,1557263,1557264,1557265,1557266,1557267,1557268,1557269,1557270,1557271,1557272,1557273,1557274,1557275,1557276,1557277,1557278,1557279,1557280,1557281,1557282,1557283,1557284,1557285,1557286,1557287,1557288,1557289,1557290,1557291,1557292,1557293,1557294,1557295,1557296,1557297,1557298,1557299,1557300
802,80203,'20261012',1557301,1557302,1557303,1557304,1557305,1557306,1557307,1557308,1557309,1557310,1557311,1557312,1557313,1557314,1557315,1557316,1557317,1557318,1557319,1557320,1557321,1557322,1557323,1557324,1557325,1557326,1557327,1557328,1557329,1557330,1557331,1557332,1557333,1557334,1557335,1557336,1557337,1557338,1557339,1557340,1557341,1557342,1557343,1557344,1557345,1557346,1557347,1557348,1557349,1557350,1557351,1557352,1557353,1557354,1557355,1557356,1557357,1557358,1557359,1557360,1557361,1557362,1557363,1557364,1557365,1557366,1557367,1557368,1557369,1557370,1557371,1557372,1557373,1557374,1557375,1557376,1557377
803,80302,'20260929',1557378,1557379,1557380,1557381,1557382,1557383,1557384,1557385,1557386,1557387,1557388,1557389,1557390,1557391,1557392,1557393,1557394,1557395,1557396,1557397,1557398,1557399,1557400,1557401,1557402,1557403,1557404,1557405,1557406,1557407,1557408,1557409,1557410,1557411,1557412,1557413,1557414,1557415,1557416,1557417,1557418,1557419,1557420,1557421,1557422,1557423,1557424,1557425,1557426,1557427,1557428,1557429,1557430,1557431,1557432,1557433,1557434,1557435,1557436,1557437,1557438,1557439,1557440,1557441,1557442,1557443,1557444,1557445,1557446,1557447,1557448,1557449,1557450,1557451,1557452,1557453,1557454,1557455,1557456,1557457,1557458,1557459,1557460,1557461,1557462,1557463,1557464,1557465,1557466,1557467,1557468,1557469,1557470,1557471,1557472,1557473,1557474,1557475
803,80302,'20260930',1557476,1557477,1557478,1557479,1557480,1557481,1557482,1557483,1557484,1557485,1557486,1557487,1557488,1557489,1557490,1557491,1557492,1557493,1557494,1557495,1557496,1557497,1557498,1557499,1557500,1557501,1557502,1557503,1557504,1557505,1557506,1557507,1557508,1557509,1557510,1557511,1557512,1557513,1557514,1557515,1557516,1557517,1557518,1557519,1557520,1557521,1557522,1557523,1557524,1557525,1557526,1557527,1557528,1557529,1557530,1557531,1557532,1557533,1557534,1557535,1557536,1557537,1557538,1557539,1557540,1557541,1557542,1557543,1557544,1557545,1557546,1557547,1557548,1557549,1557550,1557551,1557552,1557553,1557554,1557555,1557556,1557557,1557558,1557559,1557560,1557561,1557562,1557563,1557564,1557565,1557566,1557567,1557568,1557569,1557570,1557571,1557572,1557573
803,80302,'20261001',1557574,1557575,1557576,1557577,1557578,1557579,1557580,1557581,1557582,1557583,1557584,1557585,1557586,1557587,1557588,1557589,1557590,1557591,1557592,1557593,1557594,1557595,1557596,1557597,1557598,1557599,1557600,1557601,1557602,1557603,1557604,1557605,1557606,1557607,1557608,1557609,1557610,1557611,1557612,1557613,1557614,1557615,1557616,1557617,1557618,1557619,1557620,1557621,1557622,1557623,1557624,1557625,1557626,1557627,1557628,1557629,1557630,1557631,1557632,1557633,1557634,1557635,1557636,1557637,1557638,1557639,1557640,1557641,1557642,1557643,1557644,1557645,1557646,1557647,1557648,1557649,1557650,1557651,1557652,1557653,1557654,1557655,1557656,1557657,1557658,1557659,1557660,1557661,1557662,1557663,1557664,1557665,1557666,1557667,1557668,1557669,1557670,1557671
803,80302,'20261002',1481420,1481421,1481422,1481423,1481424,1481425,1481426,1481427,1481428,1481429,1481430,1481431,1481432,1481433,1481434,1481435,1481436,1481437,1481438,1481439,1481440,1481441,1481442,1481443,1481444,1481445,1481446,1481447,1481448,1481449,1481450,1481451,1481452,1481453,1481454,1481455,1481456,1481457,1481458,1481459,1481460,1481461,1481462,1481463,1481464,1481465,1481466,1481467,1481468,1481469,1481470,1481471,1481472,1481473,1481474,1481475,1481476,1481477,1481478,1481479,1481480,1481481,1481482,1481483,1481484,1481485,1481486,1481487,1481488,1481489,1481490,1481491,1481492,1481493,1481494,1481495,1481496,1481497,1481498,1481499,1481500,1481501,1481502,1481503,1481504,1481505,1481506,1481507,1481508,1481509,1481510,1481511,1481512,1481513,1481514,1481515,1481516,1481517
803,80302,'20261003',1504236,1504237,1504238,1504239,1504240,1504241,1504242,1504243,1504244,1504245,1504246,1504247,1504248,1504249,1504250,1504251,1504252,1504253,1504254,1504255,1504256,1504257,1504258,1504259,1504260,1504261,1504262,1504263,1504264,1504265,1504266,1504267,1504268,1504269,1504270,1504271,1504272,1504273,1504274,1504275,1504276,1504277,1504278,1504279,1504280,1504281,1504282,1504283,1504284,1504285,1504286,1504287,1504288,1504289,1504290,1504291,1504292,1504293,1504294,1504295,1504296,1504297,1504298,1504299,1504300,1504301,1504302,1504303,1504304,1504305,1504306,1504307,1504308,1504309,1504310,1504311,1504312
803,80302,'20261004',1504313,1504314,1504315,1504316,1504317,1504318,1504319,1504320,1504321,1504322,1504323,1504324,1504325,1504326,1504327,1504328,1504329,1504330,1504331,1504332,1504333,1504334,1504335,1504336,1504337,1504338,1504339,1504340,1504341,1504342,1504343,1504344,1504345,1504346,1504347,1504348,1504349,1504350,1504351,1504352,1504353,1504354,1504355,1504356,1504357,1504358,1504359,1504360,1504361,1504362,1504363,1504364,1504365,1504366,1504367,1504368,1504369,1504370,1504371,1504372,1504373,1504374,1504375,1504376,1504377,1504378,1504379,1504380,1504381,1504382,1504383,1504384,1504385,1504386,1504387,1504388,1504389
803,80302,'20261005',1504390,1504391,1504392,1504393,1504394,1504395,1504396,1504397,1504398,1504399,1504400,1504401,1504402,1504403,1504404,1504405,1504406,1504407,1504408,1504409,1504410,1504411,1504412,1504413,1504414,1504415,1504416,1504417,1504418,1504419,1504420,1504421,1504422,1504423,1504424,1504425,1504426,1504427,1504428,1504429,1504430,1504431,1504432,1504433,1504434,1504435,1504436,1504437,1504438,1504439,1504440,1504441,1504442,1504443,1504444,1504445,1504446,1504447,1504448,1504449,1504450,1504451,1504452,1504453,1504454,1504455,1504456,1504457,1504458,1504459,1504460,1504461,1504462,1504463,1504464,1504465,1504466,1504467,1504468,1504469,1504470,1504471,1504472,1504473,1504474,1504475,1504476,1504477,1504478,1504479,1504480,1504481,1504482,1504483,1504484,1504485,1504486,1504487
803,80302,'20261006',1534314,1534315,1534316,1534317,1534318,1534319,1534320,1534321,1534322,1534323,1534324,1534325,1534326,1534327,1534328,1534329,1534330,1534331,1534332,1534333,1534334,1534335,1534336,1534337,1534338,1534339,1534340,1534341,1534342,1534343,1534344,1534345,1534346,1534347,1534348,1534349,1534350,1534351,1534352,1534353,1534354,1534355,1534356,1534357,1534358,1534359,1534360,1534361,1534362,1534363,1534364,1534365,1534366,1534367,1534368,1534369,1534370,1534371,1534372,1534373,1534374,1534375,1534376,1534377,1534378,1534379,1534380,1534381,1534382,1534383,1534384,1534385,1534386,1534387,1534388,1534389,1534390,1534391,1534392,1534393,1534394,1534395,1534396,1534397,1534398,1534399,1534400,1534401,1534402,1534403,1534404,1534405,1534406,1534407,1534408,1534409,1534410,1534411
803,80302,'20261007',1534412,1534413,1534414,1534415,1534416,1534417,1534418,1534419,1534420,1534421,1534422,1534423,1534424,1534425,1534426,1534427,1534428,1534429,1534430,1534431,1534432,1534433,1534434,1534435,1534436,1534437,1534438,1534439,1534440,1534441,1534442,1534443,1534444,1534445,1534446,1534447,1534448,1534449,1534450,1534451,1534452,1534453,1534454,1534455,1534456,1534457,1534458,1534459,1534460,1534461,1534462,1534463,1534464,1534465,1534466,1534467,1534468,1534469,1534470,1534471,1534472,1534473,1534474,1534475,1534476,1534477,1534478,1534479,1534480,1534481,1534482,1534483,1534484,1534485,1534486,1534487,1534488,1534489,1534490,1534491,1534492,1534493,1534494,1534495,1534496,1534497,1534498,1534499,1534500,1534501,1534502,1534503,1534504,1534505,1534506,1534507,1534508,1534509
803,80302,'20261008',1534510,1534511,1534512,1534513,1534514,1534515,1534516,1534517,1534518,1534519,1534520,1534521,1534522,1534523,1534524,1534525,1534526,1534527,1534528,1534529,1534530,1534531,1534532,1534533,1534534,1534535,1534536,1534537,1534538,1534539,1534540,1534541,1534542,1534543,1534544,1534545,1534546,1534547,1534548,1534549,1534550,1534551,1534552,1534553,1534554,1534555,1534556,1534557,1534558,1534559,1534560,1534561,1534562,1534563,1534564,1534565,1534566,1534567,1534568,1534569,1534570,1534571,1534572,1534573,1534574,1534575,1534576,1534577,1534578,1534579,1534580,1534581,1534582,1534583,1534584,1534585,1534586,1534587,1534588,1534589,1534590,1534591,1534592,1534593,1534594,1534595,1534596,1534597,1534598,1534599,1534600,1534601,1534602,1534603,1534604,1534605,1534606,1534607
803,80302,'20261009',1534608,1534609,1534610,1534611,1534612,1534613,1534614,1534615,1534616,1534617,1534618,1534619,1534620,1534621,1534622,1534623,1534624,1534625,1534626,1534627,1534628,1534629,1534630,1534631,1534632,1534633,1534634,1534635,1534636,1534637,1534638,1534639,1534640,1534641,1534642,1534643,1534644,1534645,1534646,1534647,1534648,1534649,1534650,1534651,1534652,1534653,1534654,1534655,1534656,1534657,1534658,1534659,1534660,1534661,1534662,1534663,1534664,1534665,1534666,1534667,1534668,1534669,1534670,1534671,1534672,1534673,1534674,1534675,1534676,1534677,1534678,1534679,1534680,1534681,1534682,1534683,1534684,1534685,1534686,1534687,1534688,1534689,1534690,1534691,1534692,1534693,1534694,1534695,1534696,1534697,1534698,1534699,1534700,1534701,1534702,1534703,1534704,1534705
803,80302,'20261010',1557672,1557673,1557674,1557675,1557676,1557677,1557678,1557679,1557680,1557681,1557682,1557683,1557684,1557685,1557686,1557687,1557688,1557689,1557690,1557691,1557692,1557693,1557694,1557695,1557696,1557697,1557698,1557699,1557700,1557701,1557702,1557703,1557704,1557705,1557706,1557707,1557708,1557709,1557710,1557711,1557712,1557713,1557714,1557715,1557716,1557717,1557718,1557719,1557720,1557721,1557722,1557723,1557724,1557725,1557726,1557727,1557728,1557729,1557730,1557731,1557732,1557733,1557734,1557735,1557736,1557737,1557738,1557739,1557740,1557741,1557742,1557743,1557744,1557745,1557746,1557747,1557748
803,80302,'20261011',1557749,1557750,1557751,1557752,1557753,1557754,1557755,1557756,1557757,1557758,1557759,1557760,1557761,1557762,1557763,1557764,1557765,1557766,1557767,1557768,1557769,1557770,1557771,1557772,1557773,1557774,1557775,1557776,1557777,1557778,1557779,1557780,1557781,1557782,1557783,1557784,1557785,1557786,1557787,1557788,1557789,1557790,1557791,1557792,1557793,1557794,1557795,1557796,1557797,1557798,1557799,1557800,1557801,1557802,1557803,1557804,1557805,1557806,1557807,1557808,1557809,1557810,1557811,1557812,1557813,1557814,1557815,1557816,1557817,1557818,1557819,1557820,1557821,1557822,1557823,1557824,1557825
803,80302,'20261012',1557826,1557827,1557828,1557829,1557830,1557831,1557832,1557833,1557834,1557835,1557836,1557837,1557838,1557839,1557840,1557841,1557842,1557843,1557844,1557845,1557846,1557847,1557848,1557849,1557850,1557851,1557852,1557853,1557854,1557855,1557856,1557857,1557858,1557859,1557860,1557861,1557862,1557863,1557864,1557865,1557866,1557867,1557868,1557869,1557870,1557871,1557872,1557873,1557874,1557875,1557876,1557877,1557878,1557879,1557880,1557881,1557882,1557883,1557884,1557885,1557886,1557887,1557888,1557889,1557890,1557891,1557892,1557893,1557894,1557895,1557896,1557897,1557898,1557899,1557900,1557901,1557902
803,80303,'20260929',1557903,1557904,1557905,1557906,1557907,1557908,1557909,1557910,1557911,1557912,1557913,1557914,1557915,1557916,1557917,1557918,1557919,1557920,1557921,1557922,1557923,1557924,1557925,1557926,1557927,1557928,1557929,1557930,1557931,1557932,1557933,1557934,1557935,1557936,1557937,1557938,1557939,1557940,1557941,1557942,1557943,1557944,1557945,1557946,1557947,1557948,1557949,1557950,1557951,1557952,1557953,1557954,1557955,1557956,1557957,1557958,1557959,1557960,1557961,1557962,1557963,1557964,1557965,1557966,1557967,1557968,1557969,1557970,1557971,1557972,1557973,1557974,1557975,1557976,1557977,1557978,1557979,1557980,1557981,1557982,1557983,1557984,1557985,1557986,1557987,1557988,1557989,1557990,1557991,1557992,1557993,1557994,1557995,1557996,1557997,1557998,1557999,1558000
803,80303,'20260930',1558001,1558002,1558003,1558004,1558005,1558006,1558007,1558008,1558009,1558010,1558011,1558012,1558013,1558014,1558015,1558016,1558017,1558018,1558019,1558020,1558021,1558022,1558023,1558024,1558025,1558026,1558027,1558028,1558029,1558030,1558031,1558032,1558033,1558034,1558035,1558036,1558037,1558038,1558039,1558040,1558041,1558042,1558043,1558044,1558045,1558046,1558047,1558048,1558049,1558050,1558051,1558052,1558053,1558054,1558055,1558056,1558057,1558058,1558059,1558060,1558061,1558062,1558063,1558064,1558065,1558066,1558067,1558068,1558069,1558070,1558071,1558072,1558073,1558074,1558075,1558076,1558077,1558078,1558079,1558080,1558081,1558082,1558083,1558084,1558085,1558086,1558087,1558088,1558089,1558090,1558091,1558092,1558093,1558094,1558095,1558096,1558097,1558098
803,80303,'20261001',1558099,1558100,1558101,1558102,1558103,1558104,1558105,1558106,1558107,1558108,1558109,1558110,1558111,1558112,1558113,1558114,1558115,1558116,1558117,1558118,1558119,1558120,1558121,1558122,1558123,1558124,1558125,1558126,1558127,1558128,1558129,1558130,1558131,1558132,1558133,1558134,1558135,1558136,1558137,1558138,1558139,1558140,1558141,1558142,1558143,1558144,1558145,1558146,1558147,1558148,1558149,1558150,1558151,1558152,1558153,1558154,1558155,1558156,1558157,1558158,1558159,1558160,1558161,1558162,1558163,1558164,1558165,1558166,1558167,1558168,1558169,1558170,1558171,1558172,1558173,1558174,1558175,1558176,1558177,1558178,1558179,1558180,1558181,1558182,1558183,1558184,1558185,1558186,1558187,1558188,1558189,1558190,1558191,1558192,1558193,1558194,1558195,1558196
803,80303,'20261002',1481966,1481967,1481968,1481969,1481970,1481971,1481972,1481973,1481974,1481975,1481976,1481977,1481978,1481979,1481980,1481981,1481982,1481983,1481984,1481985,1481986,1481987,1481988,1481989,1481990,1481991,1481992,1481993,1481994,1481995,1481996,1481997,1481998,1481999,1482000,1482001,1482002,1482003,1482004,1482005,1482006,1482007,1482008,1482009,1482010,1482011,1482012,1482013,1482014,1482015,1482016,1482017,1482018,1482019,1482020,1482021,1482022,1482023,1482024,1482025,1482026,1482027,1482028,1482029,1482030,1482031,1482032,1482033,1482034,1482035,1482036,1482037,1482038,1482039,1482040,1482041,1482042,1482043,1482044,1482045,1482046,1482047,1482048,1482049,1482050,1482051,1482052,1482053,1482054,1482055,1482056,1482057,1482058,1482059,1482060,1482061,1482062,1482063
803,80303,'20261003',1504782,1504783,1504784,1504785,1504786,1504787,1504788,1504789,1504790,1504791,1504792,1504793,1504794,1504795,1504796,1504797,1504798,1504799,1504800,1504801,1504802,1504803,1504804,1504805,1504806,1504807,1504808,1504809,1504810,1504811,1504812,1504813,1504814,1504815,1504816,1504817,1504818,1504819,1504820,1504821,1504822,1504823,1504824,1504825,1504826,1504827,1504828,1504829,1504830,1504831,1504832,1504833,1504834,1504835,1504836,1504837,1504838,1504839,1504840,1504841,1504842,1504843,1504844,1504845,1504846,1504847,1504848,1504849,1504850,1504851,1504852,1504853,1504854,1504855,1504856,1504857,1504858
803,80303,'20261004',1504859,1504860,1504861,1504862,1504863,1504864,1504865,1504866,1504867,1504868,1504869,1504870,1504871,1504872,1504873,1504874,1504875,1504876,1504877,1504878,1504879,1504880,1504881,1504882,1504883,1504884,1504885,1504886,1504887,1504888,1504889,1504890,1504891,1504892,1504893,1504894,1504895,1504896,1504897,1504898,1504899,1504900,1504901,1504902,1504903,1504904,1504905,1504906,1504907,1504908,1504909,1504910,1504911,1504912,1504913,1504914,1504915,1504916,1504917,1504918,1504919,1504920,1504921,1504922,1504923,1504924,1504925,1504926,1504927,1504928,1504929,1504930,1504931,1504932,1504933,1504934,1504935
803,80303,'20261005',1504936,1504937,1504938,1504939,1504940,1504941,1504942,1504943,1504944,1504945,1504946,1504947,1504948,1504949,1504950,1504951,1504952,1504953,1504954,1504955,1504956,1504957,1504958,1504959,1504960,1504961,1504962,1504963,1504964,1504965,1504966,1504967,1504968,1504969,1504970,1504971,1504972,1504973,1504974,1504975,1504976,1504977,1504978,1504979,1504980,1504981,1504982,1504983,1504984,1504985,1504986,1504987,1504988,1504989,1504990,1504991,1504992,1504993,1504994,1504995,1504996,1504997,1504998,1504999,1505000,1505001,1505002,1505003,1505004,1505005,1505006,1505007,1505008,1505009,1505010,1505011,1505012,1505013,1505014,1505015,1505016,1505017,1505018,1505019,1505020,1505021,1505022,1505023,1505024,1505025,1505026,1505027,1505028,1505029,1505030,1505031,1505032,1505033
803,80303,'20261006',1535056,1535057,1535058,1535059,1535060,1535061,1535062,1535063,1535064,1535065,1535066,1535067,1535068,1535069,1535070,1535071,1535072,1535073,1535074,1535075,1535076,1535077,1535078,1535079,1535080,1535081,1535082,1535083,1535084,1535085,1535086,1535087,1535088,1535089,1535090,1535091,1535092,1535093,1535094,1535095,1535096,1535097,1535098,1535099,1535100,1535101,1535102,1535103,1535104,1535105,1535106,1535107,1535108,1535109,1535110,1535111,1535112,1535113,1535114,1535115,1535116,1535117,1535118,1535119,1535120,1535121,1535122,1535123,1535124,1535125,1535126,1535127,1535128,1535129,1535130,1535131,1535132,1535133,1535134,1535135,1535136,1535137,1535138,1535139,1535140,1535141,1535142,1535143,1535144,1535145,1535146,1535147,1535148,1535149,1535150,1535151,1535152,1535153
803,80303,'20261007',1535154,1535155,1535156,1535157,1535158,1535159,1535160,1535161,1535162,1535163,1535164,1535165,1535166,1535167,1535168,1535169,1535170,1535171,1535172,1535173,1535174,1535175,1535176,1535177,1535178,1535179,1535180,1535181,1535182,1535183,1535184,1535185,1535186,1535187,1535188,1535189,1535190,1535191,1535192,1535193,1535194,1535195,1535196,1535197,1535198,1535199,1535200,1535201,1535202,1535203,1535204,1535205,1535206,1535207,1535208,1535209,1535210,1535211,1535212,1535213,1535214,1535215,1535216,1535217,1535218,1535219,1535220,1535221,1535222,1535223,1535224,1535225,1535226,1535227,1535228,1535229,1535230,1535231,1535232,1535233,1535234,1535235,1535236,1535237,1535238,1535239,1535240,1535241,1535242,1535243,1535244,1535245,1535246,1535247,1535248,1535249,1535250,1535251
803,80303,'20261008',1535252,1535253,1535254,1535255,1535256,1535257,1535258,1535259,1535260,1535261,1535262,1535263,1535264,1535265,1535266,1535267,1535268,1535269,1535270,1535271,1535272,1535273,1535274,1535275,1535276,1535277,1535278,1535279,1535280,1535281,1535282,1535283,1535284,1535285,1535286,1535287,1535288,1535289,1535290,1535291,1535292,1535293,1535294,1535295,1535296,1535297,1535298,1535299,1535300,1535301,1535302,1535303,1535304,1535305,1535306,1535307,1535308,1535309,1535310,1535311,1535312,1535313,1535314,1535315,1535316,1535317,1535318,1535319,1535320,1535321,1535322,1535323,1535324,1535325,1535326,1535327,1535328,1535329,1535330,1535331,1535332,1535333,1535334,1535335,1535336,1535337,1535338,1535339,1535340,1535341,1535342,1535343,1535344,1535345,1535346,1535347,1535348,1535349
803,80303,'20261009',1535350,1535351,1535352,1535353,1535354,1535355,1535356,1535357,1535358,1535359,1535360,1535361,1535362,1535363,1535364,1535365,1535366,1535367,1535368,1535369,1535370,1535371,1535372,1535373,1535374,1535375,1535376,1535377,1535378,1535379,1535380,1535381,1535382,1535383,1535384,1535385,1535386,1535387,1535388,1535389,1535390,1535391,1535392,1535393,1535394,1535395,1535396,1535397,1535398,1535399,1535400,1535401,1535402,1535403,1535404,1535405,1535406,1535407,1535408,1535409,1535410,1535411,1535412,1535413,1535414,1535415,1535416,1535417,1535418,1535419,1535420,1535421,1535422,1535423,1535424,1535425,1535426,1535427,1535428,1535429,1535430,1535431,1535432,1535433,1535434,1535435,1535436,1535437,1535438,1535439,1535440,1535441,1535442,1535443,1535444,1535445,1535446,1535447
803,80303,'20261010',1558197,1558198,1558199,1558200,1558201,1558202,1558203,1558204,1558205,1558206,1558207,1558208,1558209,1558210,1558211,1558212,1558213,1558214,1558215,1558216,1558217,1558218,1558219,1558220,1558221,1558222,1558223,1558224,1558225,1558226,1558227,1558228,1558229,1558230,1558231,1558232,1558233,1558234,1558235,1558236,1558237,1558238,1558239,1558240,1558241,1558242,1558243,1558244,1558245,1558246,1558247,1558248,1558249,1558250,1558251,1558252,1558253,1558254,1558255,1558256,1558257,1558258,1558259,1558260,1558261,1558262,1558263,1558264,1558265,1558266,1558267,1558268,1558269,1558270,1558271,1558272,1558273
803,80303,'20261011',1558274,1558275,1558276,1558277,1558278,1558279,1558280,1558281,1558282,1558283,1558284,1558285,1558286,1558287,1558288,1558289,1558290,1558291,1558292,1558293,1558294,1558295,1558296,1558297,1558298,1558299,1558300,1558301,1558302,1558303,1558304,1558305,1558306,1558307,1558308,1558309,1558310,1558311,1558312,1558313,1558314,1558315,1558316,1558317,1558318,1558319,1558320,1558321,1558322,1558323,1558324,1558325,1558326,1558327,1558328,1558329,1558330,1558331,1558332,1558333,1558334,1558335,1558336,1558337,1558338,1558339,1558340,1558341,1558342,1558343,1558344,1558345,1558346,1558347,1558348,1558349,1558350
803,80303,'20261012',1558351,1558352,1558353,1558354,1558355,1558356,1558357,1558358,1558359,1558360,1558361,1558362,1558363,1558364,1558365,1558366,1558367,1558368,1558369,1558370,1558371,1558372,1558373,1558374,1558375,1558376,1558377,1558378,1558379,1558380,1558381,1558382,1558383,1558384,1558385,1558386,1558387,1558388,1558389,1558390,1558391,1558392,1558393,1558394,1558395,1558396,1558397,1558398,1558399,1558400,1558401,1558402,1558403,1558404,1558405,1558406,1558407,1558408,1558409,1558410,1558411,1558412,1558413,1558414,1558415,1558416,1558417,1558418,1558419,1558420,1558421,1558422,1558423,1558424,1558425,1558426,1558427
804,80400,'20260929',1558428,1558429,1558430,1558431,1558432,1558433,1558434,1558435,1558436,1558437,1558438,1558439,1558440,1558441,1558442,1558443,1558444,1558445,1558446,1558447,1558448,1558449,1558450,1558451,1558452,1558453,1558454,1558455,1558456,1558457,1558458,1558459,1558460,1558461,1558462,1558463,1558464,1558465,1558466,1558467,1558468,1558469,1558470,1558471,1558472,1558473,1558474,1558475,1558476,1558477,1558478,1558479,1558480,1558481,1558482,1558483,1558484,1558485,1558486,1558487,1558488,1558489,1558490,1558491,1558492,1558493,1558494,1558495,1558496,1558497,1558498,1558499,1558500,1558501,1558502,1558503,1558504
804,80400,'20260930',1558505,1558506,1558507,1558508,1558509,1558510,1558511,1558512,1558513,1558514,1558515,1558516,1558517,1558518,1558519,1558520,1558521,1558522,1558523,1558524,1558525,1558526,1558527,1558528,1558529,1558530,1558531,1558532,1558533,1558534,1558535,1558536,1558537,1558538,1558539,1558540,1558541,1558542,1558543,1558544,1558545,1558546,1558547,1558548,1558549,1558550,1558551,1558552,1558553,1558554,1558555,1558556,1558557,1558558,1558559,1558560,1558561,1558562,1558563,1558564,1558565,1558566,1558567,1558568,1558569,1558570,1558571,1558572,1558573,1558574,1558575,1558576,1558577,1558578,1558579,1558580,1558581
804,80400,'20261001',1558582,1558583,1558584,1558585,1558586,1558587,1558588,1558589,1558590,1558591,1558592,1558593,1558594,1558595,1558596,1558597,1558598,1558599,1558600,1558601,1558602,1558603,1558604,1558605,1558606,1558607,1558608,1558609,1558610,1558611,1558612,1558613,1558614,1558615,1558616,1558617,1558618,1558619,1558620,1558621,1558622,1558623,1558624,1558625,1558626,1558627,1558628,1558629,1558630,1558631,1558632,1558633,1558634,1558635,1558636,1558637,1558638,1558639,1558640,1558641,1558642,1558643,1558644,1558645,1558646,1558647,1558648,1558649,1558650,1558651,1558652,1558653,1558654,1558655,1558656,1558657,1558658
804,80400,'20261002',1482423,1482424,1482425,1482426,1482427,1482428,1482429,1482430,1482431,1482432,1482433,1482434,1482435,1482436,1482437,1482438,1482439,1482440,1482441,1482442,1482443,1482444,1482445,1482446,1482447,1482448,1482449,1482450,1482451,1482452,1482453,1482454,1482455,1482456,1482457,1482458,1482459,1482460,1482461,1482462,1482463,1482464,1482465,1482466,1482467,1482468,1482469,1482470,1482471,1482472,1482473,1482474,1482475,1482476,1482477,1482478,1482479,1482480,1482481,1482482,1482483,1482484,1482485,1482486,1482487,1482488,1482489,1482490,1482491,1482492,1482493,1482494,1482495,1482496,1482497,1482498
804,80400,'20261003',1505265,1505266,1505267,1505268,1505269,1505270,1505271,1505272,1505273,1505274,1505275,1505276,1505277,1505278,1505279,1505280,1505281,1505282,1505283,1505284,1505285,1505286,1505287,1505288,1505289,1505290,1505291,1505292,1505293,1505294,1505295,1505296,1505297,1505298,1505299,1505300,1505301,1505302,1505303,1505304,1505305,1505306,1505307,1505308,1505309,1505310,1505311,1505312,1505313,1505314,1505315,1505316,1505317,1505318,1505319,1505320,1505321,1505322,1505323,1505324,1505325,1505326,1505327,1505328,1505329
804,80400,'20261004',1505330,1505331,1505332,1505333,1505334,1505335,1505336,1505337,1505338,1505339,1505340,1505341,1505342,1505343,1505344,1505345,1505346,1505347,1505348,1505349,1505350,1505351,1505352,1505353,1505354,1505355,1505356,1505357,1505358,1505359,1505360,1505361,1505362,1505363,1505364,1505365,1505366,1505367,1505368,1505369,1505370,1505371,1505372,1505373,1505374,1505375,1505376,1505377,1505378,1505379,1505380,1505381,1505382,1505383,1505384,1505385,1505386,1505387,1505388,1505389,1505390,1505391,1505392,1505393,1505394
804,80400,'20261005',1505395,1505396,1505397,1505398,1505399,1505400,1505401,1505402,1505403,1505404,1505405,1505406,1505407,1505408,1505409,1505410,1505411,1505412,1505413,1505414,1505415,1505416,1505417,1505418,1505419,1505420,1505421,1505422,1505423,1505424,1505425,1505426,1505427,1505428,1505429,1505430,1505431,1505432,1505433,1505434,1505435,1505436,1505437,1505438,1505439,1505440,1505441,1505442,1505443,1505444,1505445,1505446,1505447,1505448,1505449,1505450,1505451,1505452,1505453,1505454,1505455,1505456,1505457,1505458,1505459,1505460,1505461,1505462,1505463,1505464,1505465,1505466,1505467,1505468,1505469,1505470
804,80400,'20261006',1535732,1535733,1535734,1535735,1535736,1535737,1535738,1535739,1535740,1535741,1535742,1535743,1535744,1535745,1535746,1535747,1535748,1535749,1535750,1535751,1535752,1535753,1535754,1535755,1535756,1535757,1535758,1535759,1535760,1535761,1535762,1535763,1535764,1535765,1535766,1535767,1535768,1535769,1535770,1535771,1535772,1535773,1535774,1535775,1535776,1535777,1535778,1535779,1535780,1535781,1535782,1535783,1535784,1535785,1535786,1535787,1535788,1535789,1535790,1535791,1535792,1535793,1535794,1535795,1535796,1535797,1535798,1535799,1535800,1535801,1535802,1535803,1535804,1535805,1535806,1535807
804,80400,'20261007',1535808,1535809,1535810,1535811,1535812,1535813,1535814,1535815,1535816,1535817,1535818,1535819,1535820,1535821,1535822,1535823,1535824,1535825,1535826,1535827,1535828,1535829,1535830,1535831,1535832,1535833,1535834,1535835,1535836,1535837,1535838,1535839,1535840,1535841,1535842,1535843,1535844,1535845,1535846,1535847,1535848,1535849,1535850,1535851,1535852,1535853,1535854,1535855,1535856,1535857,1535858,1535859,1535860,1535861,1535862,1535863,1535864,1535865,1535866,1535867,1535868,1535869,1535870,1535871,1535872,1535873,1535874,1535875,1535876,1535877,1535878,1535879,1535880,1535881,1535882,1535883
804,80400,'20261008',1535884,1535885,1535886,1535887,1535888,1535889,1535890,1535891,1535892,1535893,1535894,1535895,1535896,1535897,1535898,1535899,1535900,1535901,1535902,1535903,1535904,1535905,1535906,1535907,1535908,1535909,1535910,1535911,1535912,1535913,1535914,1535915,1535916,1535917,1535918,1535919,1535920,1535921,1535922,1535923,1535924,1535925,1535926,1535927,1535928,1535929,1535930,1535931,1535932,1535933,1535934,1535935,1535936,1535937,1535938,1535939,1535940,1535941,1535942,1535943,1535944,1535945,1535946,1535947,1535948,1535949,1535950,1535951,1535952,1535953,1535954,1535955,1535956,1535957,1535958,1535959
804,80400,'20261009',1535960,1535961,1535962,1535963,1535964,1535965,1535966,1535967,1535968,1535969,1535970,1535971,1535972,1535973,1535974,1535975,1535976,1535977,1535978,1535979,1535980,1535981,1535982,1535983,1535984,1535985,1535986,1535987,1535988,1535989,1535990,1535991,1535992,1535993,1535994,1535995,1535996,1535997,1535998,1535999,1536000,1536001,1536002,1536003,1536004,1536005,1536006,1536007,1536008,1536009,1536010,1536011,1536012,1536013,1536014,1536015,1536016,1536017,1536018,1536019,1536020,1536021,1536022,1536023,1536024,1536025,1536026,1536027,1536028,1536029,1536030,1536031,1536032,1536033,1536034,1536035
804,80400,'20261010',1558659,1558660,1558661,1558662,1558663,1558664,1558665,1558666,1558667,1558668,1558669,1558670,1558671,1558672,1558673,1558674,1558675,1558676,1558677,1558678,1558679,1558680,1558681,1558682,1558683,1558684,1558685,1558686,1558687,1558688,1558689,1558690,1558691,1558692,1558693,1558694,1558695,1558696,1558697,1558698,1558699,1558700,1558701,1558702,1558703,1558704,1558705,1558706,1558707,1558708,1558709,1558710,1558711,1558712,1558713,1558714,1558715,1558716,1558717,1558718,1558719,1558720,1558721,1558722,1558723
804,80400,'20261011',1558724,1558725,1558726,1558727,1558728,1558729,1558730,1558731,1558732,1558733,1558734,1558735,1558736,1558737,1558738,1558739,1558740,1558741,1558742,1558743,1558744,1558745,1558746,1558747,1558748,1558749,1558750,1558751,1558752,1558753,1558754,1558755,1558756,1558757,1558758,1558759,1558760,1558761,1558762,1558763,1558764,1558765,1558766,1558767,1558768,1558769,1558770,1558771,1558772,1558773,1558774,1558775,1558776,1558777,1558778,1558779,1558780,1558781,1558782,1558783,1558784,1558785,1558786,1558787,1558788
804,80400,'20261012',1558789,1558790,1558791,1558792,1558793,1558794,1558795,1558796,1558797,1558798,1558799,1558800,1558801,1558802,1558803,1558804,1558805,1558806,1558807,1558808,1558809,1558810,1558811,1558812,1558813,1558814,1558815,1558816,1558817,1558818,1558819,1558820,1558821,1558822,1558823,1558824,1558825,1558826,1558827,1558828,1558829,1558830,1558831,1558832,1558833,1558834,1558835,1558836,1558837,1558838,1558839,1558840,1558841,1558842,1558843,1558844,1558845,1558846,1558847,1558848,1558849,1558850,1558851,1558852,1558853
804,80401,'20260929',1558854,1558855,1558856,1558857,1558858,1558859,1558860,1558861,1558862,1558863,1558864,1558865,1558866,1558867,1558868,1558869,1558870,1558871,1558872,1558873,1558874,1558875,1558876,1558877,1558878,1558879,1558880,1558881,1558882,1558883,1558884,1558885,1558886,1558887,1558888,1558889,1558890,1558891,1558892,1558893,1558894,1558895,1558896,1558897,1558898,1558899,1558900,1558901,1558902,1558903,1558904,1558905,1558906,1558907,1558908,1558909,1558910,1558911,1558912,1558913,1558914,1558915,1558916,1558917,1558918,1558919,1558920,1558921,1558922,1558923,1558924,1558925,1558926,1558927,1558928,1558929,1558930,1558931
804,80401,'20260930',1558932,1558933,1558934,1558935,1558936,1558937,1558938,1558939,1558940,1558941,1558942,1558943,1558944,1558945,1558946,1558947,1558948,1558949,1558950,1558951,1558952,1558953,1558954,1558955,1558956,1558957,1558958,1558959,1558960,1558961,1558962,1558963,1558964,1558965,1558966,1558967,1558968,1558969,1558970,1558971,1558972,1558973,1558974,1558975,1558976,1558977,1558978,1558979,1558980,1558981,1558982,1558983,1558984,1558985,1558986,1558987,1558988,1558989,1558990,1558991,1558992,1558993,1558994,1558995,1558996,1558997,1558998,1558999,1559000,1559001,1559002,1559003,1559004,1559005,1559006,1559007,1559008,1559009
804,80401,'20261001',1559010,1559011,1559012,1559013,1559014,1559015,1559016,1559017,1559018,1559019,1559020,1559021,1559022,1559023,1559024,1559025,1559026,1559027,1559028,1559029,1559030,1559031,1559032,1559033,1559034,1559035,1559036,1559037,1559038,1559039,1559040,1559041,1559042,1559043,1559044,1559045,1559046,1559047,1559048,1559049,1559050,1559051,1559052,1559053,1559054,1559055,1559056,1559057,1559058,1559059,1559060,1559061,1559062,1559063,1559064,1559065,1559066,1559067,1559068,1559069,1559070,1559071,1559072,1559073,1559074,1559075,1559076,1559077,1559078,1559079,1559080,1559081,1559082,1559083,1559084,1559085,1559086,1559087
804,80401,'20261002',1482863,1482864,1482865,1482866,1482867,1482868,1482869,1482870,1482871,1482872,1482873,1482874,1482875,1482876,1482877,1482878,1482879,1482880,1482881,1482882,1482883,1482884,1482885,1482886,1482887,1482888,1482889,1482890,1482891,1482892,1482893,1482894,1482895,1482896,1482897,1482898,1482899,1482900,1482901,1482902,1482903,1482904,1482905,1482906,1482907,1482908,1482909,1482910,1482911,1482912,1482913,1482914,1482915,1482916,1482917,1482918,1482919,1482920,1482921,1482922,1482923,1482924,1482925,1482926,1482927,1482928,1482929,1482930,1482931,1482932,1482933,1482934,1482935,1482936,1482937,1482938,1482939,1482940
804,80401,'20261003',1505705,1505706,1505707,1505708,1505709,1505710,1505711,1505712,1505713,1505714,1505715,1505716,1505717,1505718,1505719,1505720,1505721,1505722,1505723,1505724,1505725,1505726,1505727,1505728,1505729,1505730,1505731,1505732,1505733,1505734,1505735,1505736,1505737,1505738,1505739,1505740,1505741,1505742,1505743,1505744,1505745,1505746,1505747,1505748,1505749,1505750,1505751,1505752,1505753,1505754,1505755,1505756,1505757,1505758,1505759,1505760,1505761,1505762,1505763,1505764,1505765,1505766,1505767,1505768,1505769
804,80401,'20261004',1505770,1505771,1505772,1505773,1505774,1505775,1505776,1505777,1505778,1505779,1505780,1505781,1505782,1505783,1505784,1505785,1505786,1505787,1505788,1505789,1505790,1505791,1505792,1505793,1505794,1505795,1505796,1505797,1505798,1505799,1505800,1505801,1505802,1505803,1505804,1505805,1505806,1505807,1505808,1505809,1505810,1505811,1505812,1505813,1505814,1505815,1505816,1505817,1505818,1505819,1505820,1505821,1505822,1505823,1505824,1505825,1505826,1505827,1505828,1505829,1505830,1505831,1505832,1505833,1505834
804,80401,'20261005',1505835,1505836,1505837,1505838,1505839,1505840,1505841,1505842,1505843,1505844,1505845,1505846,1505847,1505848,1505849,1505850,1505851,1505852,1505853,1505854,1505855,1505856,1505857,1505858,1505859,1505860,1505861,1505862,1505863,1505864,1505865,1505866,1505867,1505868,1505869,1505870,1505871,1505872,1505873,1505874,1505875,1505876,1505877,1505878,1505879,1505880,1505881,1505882,1505883,1505884,1505885,1505886,1505887,1505888,1505889,1505890,1505891,1505892,1505893,1505894,1505895,1505896,1505897,1505898,1505899,1505900,1505901,1505902,1505903,1505904,1505905,1505906,1505907,1505908,1505909,1505910,1505911,1505912
804,80401,'20261006',1536322,1536323,1536324,1536325,1536326,1536327,1536328,1536329,1536330,1536331,1536332,1536333,1536334,1536335,1536336,1536337,1536338,1536339,1536340,1536341,1536342,1536343,1536344,1536345,1536346,1536347,1536348,1536349,1536350,1536351,1536352,1536353,1536354,1536355,1536356,1536357,1536358,1536359,1536360,1536361,1536362,1536363,1536364,1536365,1536366,1536367,1536368,1536369,1536370,1536371,1536372,1536373,1536374,1536375,1536376,1536377,1536378,1536379,1536380,1536381,1536382,1536383,1536384,1536385,1536386,1536387,1536388,1536389,1536390,1536391,1536392,1536393,1536394,1536395,1536396,1536397,1536398,1536399
804,80401,'20261007',1536400,1536401,1536402,1536403,1536404,1536405,1536406,1536407,1536408,1536409,1536410,1536411,1536412,1536413,1536414,1536415,1536416,1536417,1536418,1536419,1536420,1536421,1536422,1536423,1536424,1536425,1536426,1536427,1536428,1536429,1536430,1536431,1536432,1536433,1536434,1536435,1536436,1536437,1536438,1536439,1536440,1536441,1536442,1536443,1536444,1536445,1536446,1536447,1536448,1536449,1536450,1536451,1536452,1536453,1536454,1536455,1536456,1536457,1536458,1536459,1536460,1536461,1536462,1536463,1536464,1536465,1536466,1536467,1536468,1536469,1536470,1536471,1536472,1536473,1536474,1536475,1536476,1536477
804,80401,'20261008',1536478,1536479,1536480,1536481,1536482,1536483,1536484,1536485,1536486,1536487,1536488,1536489,1536490,1536491,1536492,1536493,1536494,1536495,1536496,1536497,1536498,1536499,1536500,1536501,1536502,1536503,1536504,1536505,1536506,1536507,1536508,1536509,1536510,1536511,1536512,1536513,1536514,1536515,1536516,1536517,1536518,1536519,1536520,1536521,1536522,1536523,1536524,1536525,1536526,1536527,1536528,1536529,1536530,1536531,1536532,1536533,1536534,1536535,1536536,1536537,1536538,1536539,1536540,1536541,1536542,1536543,1536544,1536545,1536546,1536547,1536548,1536549,1536550,1536551,1536552,1536553,1536554,1536555
804,80401,'20261009',1536556,1536557,1536558,1536559,1536560,1536561,1536562,1536563,1536564,1536565,1536566,1536567,1536568,1536569,1536570,1536571,1536572,1536573,1536574,1536575,1536576,1536577,1536578,1536579,1536580,1536581,1536582,1536583,1536584,1536585,1536586,1536587,1536588,1536589,1536590,1536591,1536592,1536593,1536594,1536595,1536596,1536597,1536598,1536599,1536600,1536601,1536602,1536603,1536604,1536605,1536606,1536607,1536608,1536609,1536610,1536611,1536612,1536613,1536614,1536615,1536616,1536617,1536618,1536619,1536620,1536621,1536622,1536623,1536624,1536625,1536626,1536627,1536628,1536629,1536630,1536631,1536632,1536633
804,80401,'20261010',1559088,1559089,1559090,1559091,1559092,1559093,1559094,1559095,1559096,1559097,1559098,1559099,1559100,1559101,1559102,1559103,1559104,1559105,1559106,1559107,1559108,1559109,1559110,1559111,1559112,1559113,1559114,1559115,1559116,1559117,1559118,1559119,1559120,1559121,1559122,1559123,1559124,1559125,1559126,1559127,1559128,1559129,1559130,1559131,1559132,1559133,1559134,1559135,1559136,1559137,1559138,1559139,1559140,1559141,1559142,1559143,1559144,1559145,1559146,1559147,1559148,1559149,1559150,1559151,1559152
804,80401,'20261011',1559153,1559154,1559155,1559156,1559157,1559158,1559159,1559160,1559161,1559162,1559163,1559164,1559165,1559166,1559167,1559168,1559169,1559170,1559171,1559172,1559173,1559174,1559175,1559176,1559177,1559178,1559179,1559180,1559181,1559182,1559183,1559184,1559185,1559186,1559187,1559188,1559189,1559190,1559191,1559192,1559193,1559194,1559195,1559196,1559197,1559198,1559199,1559200,1559201,1559202,1559203,1559204,1559205,1559206,1559207,1559208,1559209,1559210,1559211,1559212,1559213,1559214,1559215,1559216,1559217
804,80401,'20261012',1559218,1559219,1559220,1559221,1559222,1559223,1559224,1559225,1559226,1559227,1559228,1559229,1559230,1559231,1559232,1559233,1559234,1559235,1559236,1559237,1559238,1559239,1559240,1559241,1559242,1559243,1559244,1559245,1559246,1559247,1559248,1559249,1559250,1559251,1559252,1559253,1559254,1559255,1559256,1559257,1559258,1559259,1559260,1559261,1559262,1559263,1559264,1559265,1559266,1559267,1559268,1559269,1559270,1559271,1559272,1559273,1559274,1559275,1559276,1559277,1559278,1559279,1559280,1559281,1559282
805,80502,'20260929',1559283,1559284,1559285,1559286,1559287,1559288,1559289,1559290,1559291,1559292,1559293,1559294,1559295,1559296,1559297,1559298,1559299,1559300,1559301,1559302,1559303,1559304,1559305,1559306,1559307,1559308,1559309,1559310,1559311,1559312,1559313,1559314,1559315,1559316,1559317,1559318,1559319,1559320,1559321,1559322,1559323,1559324,1559325,1559326,1559327,1559328,1559329,1559330,1559331,1559332,1559333,1559334,1559335,1559336,1559337,1559338,1559339,1559340,1559341,1559342,1559343,1559344,1559345,1559346,1559347,1559348,1559349,1559350,1559351,1559352,1559353,1559354,1559355,1559356,1559357,1559358,1559359,1559360,1559361,1559362,1559363,1559364,1559365,1559366,1559367,1559368,1559369,1559370,1559371,1559372,1559373,1559374,1559375,1559376,1559377,1559378,1559379,1559380,1559381,1559382,1559383,1559384,1559385,1559386,1559387,1559388,1559389,1559390,1559391,1559392,1559393,1559394,1559395,1559396,1559397,1559398,1559399,1559400,1559401,1559402,1559403,1559404,1559405,1559406,1559407,1559408,1559409,1559410,1559411,1559412,1559413,1559414,1559415
805,80502,'20260930',1559416,1559417,1559418,1559419,1559420,1559421,1559422,1559423,1559424,1559425,1559426,1559427,1559428,1559429,1559430,1559431,1559432,1559433,1559434,1559435,1559436,1559437,1559438,1559439,1559440,1559441,1559442,1559443,1559444,1559445,1559446,1559447,1559448,1559449,1559450,1559451,1559452,1559453,1559454,1559455,1559456,1559457,1559458,1559459,1559460,1559461,1559462,1559463,1559464,1559465,1559466,1559467,1559468,1559469,1559470,1559471,1559472,1559473,1559474,1559475,1559476,1559477,1559478,1559479,1559480,1559481,1559482,1559483,1559484,1559485,1559486,1559487,1559488,1559489,1559490,1559491,1559492,1559493,1559494,1559495,1559496,1559497,1559498,1559499,1559500,1559501,1559502,1559503,1559504,1559505,1559506,1559507,1559508,1559509,1559510,1559511,1559512,1559513,1559514,1559515,1559516,1559517,1559518,1559519,1559520,1559521,1559522,1559523,1559524,1559525,1559526,1559527,1559528,1559529,1559530,1559531,1559532,1559533,1559534,1559535,1559536,1559537,1559538,1559539,1559540,1559541,1559542,1559543,1559544,1559545,1559546,1559547,1559548
805,80502,'20261001',1559549,1559550,1559551,1559552,1559553,1559554,1559555,1559556,1559557,1559558,1559559,1559560,1559561,1559562,1559563,1559564,1559565,1559566,1559567,1559568,1559569,1559570,1559571,1559572,1559573,1559574,1559575,1559576,1559577,1559578,1559579,1559580,1559581,1559582,1559583,1559584,1559585,1559586,1559587,1559588,1559589,1559590,1559591,1559592,1559593,1559594,1559595,1559596,1559597,1559598,1559599,1559600,1559601,1559602,1559603,1559604,1559605,1559606,1559607,1559608,1559609,1559610,1559611,1559612,1559613,1559614,1559615,1559616,1559617,1559618,1559619,1559620,1559621,1559622,1559623,1559624,1559625,1559626,1559627,1559628,1559629,1559630,1559631,1559632,1559633,1559634,1559635,1559636,1559637,1559638,1559639,1559640,1559641,1559642,1559643,1559644,1559645,1559646,1559647,1559648,1559649,1559650,1559651,1559652,1559653,1559654,1559655,1559656,1559657,1559658,1559659,1559660,1559661,1559662,1559663,1559664,1559665,1559666,1559667,1559668,1559669,1559670,1559671,1559672,1559673,1559674,1559675,1559676,1559677,1559678,1559679,1559680,1559681
805,80502,'20261002',1483574,1483575,1483576,1483577,1483578,1483579,1483580,1483581,1483582,1483583,1483584,1483585,1483586,1483587,1483588,1483589,1483590,1483591,1483592,1483593,1483594,1483595,1483596,1483597,1483598,1483599,1483600,1483601,1483602,1483603,1483604,1483605,1483606,1483607,1483608,1483609,1483610,1483611,1483612,1483613,1483614,1483615,1483616,1483617,1483618,1483619,1483620,1483621,1483622,1483623,1483624,1483625,1483626,1483627,1483628,1483629,1483630,1483631,1483632,1483633,1483634,1483635,1483636,1483637,1483638,1483639,1483640,1483641,1483642,1483643,1483644,1483645,1483646,1483647,1483648,1483649,1483650,1483651,1483652,1483653,1483654,1483655,1483656,1483657,1483658,1483659,1483660,1483661,1483662,1483663,1483664,1483665,1483666,1483667,1483668,1483669,1483670,1483671,1483672,1483673,1483674,1483675,1483676,1483677,1483678,1483679,1483680,1483681,1483682,1483683,1483684,1483685,1483686,1483687,1483688,1483689,1483690,1483691,1483692,1483693,1483694,1483695,1483696,1483697,1483698,1483699,1483700,1483701,1483702,1483703,1483704,1483705
805,80502,'20261003',1506312,1506313,1506314,1506315,1506316,1506317,1506318,1506319,1506320,1506321,1506322,1506323,1506324,1506325,1506326,1506327,1506328,1506329,1506330,1506331,1506332,1506333,1506334,1506335,1506336,1506337,1506338,1506339,1506340,1506341,1506342,1506343,1506344,1506345,1506346,1506347,1506348,1506349,1506350,1506351,1506352,1506353,1506354,1506355,1506356,1506357,1506358,1506359,1506360,1506361,1506362,1506363,1506364,1506365,1506366,1506367,1506368,1506369,1506370,1506371,1506372,1506373,1506374,1506375,1506376,1506377,1506378,1506379,1506380,1506381,1506382,1506383,1506384,1506385,1506386,1506387,1506388,1506389,1506390,1506391,1506392,1506393,1506394,1506395,1506396,1506397,1506398,1506399,1506400,1506401,1506402,1506403,1506404,1506405,1506406,1506407,1506408,1506409,1506410,1506411,1506412,1506413,1506414,1506415,1506416,1506417,1506418,1506419,1506420,1506421,1506422,1506423,1506424,1506425,1506426,1506427,1506428,1506429
805,80502,'20261004',1506430,1506431,1506432,1506433,1506434,1506435,1506436,1506437,1506438,1506439,1506440,1506441,1506442,1506443,1506444,1506445,1506446,1506447,1506448,1506449,1506450,1506451,1506452,1506453,1506454,1506455,1506456,1506457,1506458,1506459,1506460,1506461,1506462,1506463,1506464,1506465,1506466,1506467,1506468,1506469,1506470,1506471,1506472,1506473,1506474,1506475,1506476,1506477,1506478,1506479,1506480,1506481,1506482,1506483,1506484,1506485,1506486,1506487,1506488,1506489,1506490,1506491,1506492,1506493,1506494,1506495,1506496,1506497,1506498,1506499,1506500,1506501,1506502,1506503,1506504,1506505,1506506,1506507,1506508,1506509,1506510,1506511,1506512,1506513,1506514,1506515,1506516,1506517,1506518,1506519,1506520,1506521,1506522,1506523,1506524,1506525,1506526,1506527,1506528,1506529,1506530,1506531,1506532,1506533,1506534,1506535,1506536,1506537,1506538,1506539,1506540,1506541,1506542,1506543,1506544,1506545,1506546,1506547
805,80502,'20261005',1506548,1506549,1506550,1506551,1506552,1506553,1506554,1506555,1506556,1506557,1506558,1506559,1506560,1506561,1506562,1506563,1506564,1506565,1506566,1506567,1506568,1506569,1506570,1506571,1506572,1506573,1506574,1506575,1506576,1506577,1506578,1506579,1506580,1506581,1506582,1506583,1506584,1506585,1506586,1506587,1506588,1506589,1506590,1506591,1506592,1506593,1506594,1506595,1506596,1506597,1506598,1506599,1506600,1506601,1506602,1506603,1506604,1506605,1506606,1506607,1506608,1506609,1506610,1506611,1506612,1506613,1506614,1506615,1506616,1506617,1506618,1506619,1506620,1506621,1506622,1506623,1506624,1506625,1506626,1506627,1506628,1506629,1506630,1506631,1506632,1506633,1506634,1506635,1506636,1506637,1506638,1506639,1506640,1506641,1506642,1506643,1506644,1506645,1506646,1506647,1506648,1506649,1506650,1506651,1506652,1506653,1506654,1506655,1506656,1506657,1506658,1506659,1506660,1506661,1506662,1506663,1506664,1506665,1506666,1506667,1506668,1506669,1506670,1506671,1506672,1506673,1506674,1506675,1506676,1506677,1506678,1506679
805,80502,'20261006',1537136,1537137,1537138,1537139,1537140,1537141,1537142,1537143,1537144,1537145,1537146,1537147,1537148,1537149,1537150,1537151,1537152,1537153,1537154,1537155,1537156,1537157,1537158,1537159,1537160,1537161,1537162,1537163,1537164,1537165,1537166,1537167,1537168,1537169,1537170,1537171,1537172,1537173,1537174,1537175,1537176,1537177,1537178,1537179,1537180,1537181,1537182,1537183,1537184,1537185,1537186,1537187,1537188,1537189,1537190,1537191,1537192,1537193,1537194,1537195,1537196,1537197,1537198,1537199,1537200,1537201,1537202,1537203,1537204,1537205,1537206,1537207,1537208,1537209,1537210,1537211,1537212,1537213,1537214,1537215,1537216,1537217,1537218,1537219,1537220,1537221,1537222,1537223,1537224,1537225,1537226,1537227,1537228,1537229,1537230,1537231,1537232,1537233,1537234,1537235,1537236,1537237,1537238,1537239,1537240,1537241,1537242,1537243,1537244,1537245,1537246,1537247,1537248,1537249,1537250,1537251,1537252,1537253,1537254,1537255,1537256,1537257,1537258,1537259,1537260,1537261,1537262,1537263,1537264,1537265,1537266,1537267
805,80502,'20261007',1537268,1537269,1537270,1537271,1537272,1537273,1537274,1537275,1537276,1537277,1537278,1537279,1537280,1537281,1537282,1537283,1537284,1537285,1537286,1537287,1537288,1537289,1537290,1537291,1537292,1537293,1537294,1537295,1537296,1537297,1537298,1537299,1537300,1537301,1537302,1537303,1537304,1537305,1537306,1537307,1537308,1537309,1537310,1537311,1537312,1537313,1537314,1537315,1537316,1537317,1537318,1537319,1537320,1537321,1537322,1537323,1537324,1537325,1537326,1537327,1537328,1537329,1537330,1537331,1537332,1537333,1537334,1537335,1537336,1537337,1537338,1537339,1537340,1537341,1537342,1537343,1537344,1537345,1537346,1537347,1537348,1537349,1537350,1537351,1537352,1537353,1537354,1537355,1537356,1537357,1537358,1537359,1537360,1537361,1537362,1537363,1537364,1537365,1537366,1537367,1537368,1537369,1537370,1537371,1537372,1537373,1537374,1537375,1537376,1537377,1537378,1537379,1537380,1537381,1537382,1537383,1537384,1537385,1537386,1537387,1537388,1537389,1537390,1537391,1537392,1537393,1537394,1537395,1537396,1537397,1537398,1537399
805,80502,'20261008',1537400,1537401,1537402,1537403,1537404,1537405,1537406,1537407,1537408,1537409,1537410,1537411,1537412,1537413,1537414,1537415,1537416,1537417,1537418,1537419,1537420,1537421,1537422,1537423,1537424,1537425,1537426,1537427,1537428,1537429,1537430,1537431,1537432,1537433,1537434,1537435,1537436,1537437,1537438,1537439,1537440,1537441,1537442,1537443,1537444,1537445,1537446,1537447,1537448,1537449,1537450,1537451,1537452,1537453,1537454,1537455,1537456,1537457,1537458,1537459,1537460,1537461,1537462,1537463,1537464,1537465,1537466,1537467,1537468,1537469,1537470,1537471,1537472,1537473,1537474,1537475,1537476,1537477,1537478,1537479,1537480,1537481,1537482,1537483,1537484,1537485,1537486,1537487,1537488,1537489,1537490,1537491,1537492,1537493,1537494,1537495,1537496,1537497,1537498,1537499,1537500,1537501,1537502,1537503,1537504,1537505,1537506,1537507,1537508,1537509,1537510,1537511,1537512,1537513,1537514,1537515,1537516,1537517,1537518,1537519,1537520,1537521,1537522,1537523,1537524,1537525,1537526,1537527,1537528,1537529,1537530,1537531
805,80502,'20261009',1537532,1537533,1537534,1537535,1537536,1537537,1537538,1537539,1537540,1537541,1537542,1537543,1537544,1537545,1537546,1537547,1537548,1537549,1537550,1537551,1537552,1537553,1537554,1537555,1537556,1537557,1537558,1537559,1537560,1537561,1537562,1537563,1537564,1537565,1537566,1537567,1537568,1537569,1537570,1537571,1537572,1537573,1537574,1537575,1537576,1537577,1537578,1537579,1537580,1537581,1537582,1537583,1537584,1537585,1537586,1537587,1537588,1537589,1537590,1537591,1537592,1537593,1537594,1537595,1537596,1537597,1537598,1537599,1537600,1537601,1537602,1537603,1537604,1537605,1537606,1537607,1537608,1537609,1537610,1537611,1537612,1537613,1537614,1537615,1537616,1537617,1537618,1537619,1537620,1537621,1537622,1537623,1537624,1537625,1537626,1537627,1537628,1537629,1537630,1537631,1537632,1537633,1537634,1537635,1537636,1537637,1537638,1537639,1537640,1537641,1537642,1537643,1537644,1537645,1537646,1537647,1537648,1537649,1537650,1537651,1537652,1537653,1537654,1537655,1537656,1537657,1537658,1537659,1537660,1537661,1537662,1537663
805,80502,'20261010',1559682,1559683,1559684,1559685,1559686,1559687,1559688,1559689,1559690,1559691,1559692,1559693,1559694,1559695,1559696,1559697,1559698,1559699,1559700,1559701,1559702,1559703,1559704,1559705,1559706,1559707,1559708,1559709,1559710,1559711,1559712,1559713,1559714,1559715,1559716,1559717,1559718,1559719,1559720,1559721,1559722,1559723,1559724,1559725,1559726,1559727,1559728,1559729,1559730,1559731,1559732,1559733,1559734,1559735,1559736,1559737,1559738,1559739,1559740,1559741,1559742,1559743,1559744,1559745,1559746,1559747,1559748,1559749,1559750,1559751,1559752,1559753,1559754,1559755,1559756,1559757,1559758,1559759,1559760,1559761,1559762,1559763,1559764,1559765,1559766,1559767,1559768,1559769,1559770,1559771,1559772,1559773,1559774,1559775,1559776,1559777,1559778,1559779,1559780,1559781,1559782,1559783,1559784,1559785,1559786,1559787,1559788,1559789,1559790,1559791,1559792,1559793,1559794,1559795,1559796,1559797,1559798,1559799
805,80502,'20261011',1559800,1559801,1559802,1559803,1559804,1559805,1559806,1559807,1559808,1559809,1559810,1559811,1559812,1559813,1559814,1559815,1559816,1559817,1559818,1559819,1559820,1559821,1559822,1559823,1559824,1559825,1559826,1559827,1559828,1559829,1559830,1559831,1559832,1559833,1559834,1559835,1559836,1559837,1559838,1559839,1559840,1559841,1559842,1559843,1559844,1559845,1559846,1559847,1559848,1559849,1559850,1559851,1559852,1559853,1559854,1559855,1559856,1559857,1559858,1559859,1559860,1559861,1559862,1559863,1559864,1559865,1559866,1559867,1559868,1559869,1559870,1559871,1559872,1559873,1559874,1559875,1559876,1559877,1559878,1559879,1559880,1559881,1559882,1559883,1559884,1559885,1559886,1559887,1559888,1559889,1559890,1559891,1559892,1559893,1559894,1559895,1559896,1559897,1559898,1559899,1559900,1559901,1559902,1559903,1559904,1559905,1559906,1559907,1559908,1559909,1559910,1559911,1559912,1559913,1559914,1559915,1559916,1559917
805,80502,'20261012',1559918,1559919,1559920,1559921,1559922,1559923,1559924,1559925,1559926,1559927,1559928,1559929,1559930,1559931,1559932,1559933,1559934,1559935,1559936,1559937,1559938,1559939,1559940,1559941,1559942,1559943,1559944,1559945,1559946,1559947,1559948,1559949,1559950,1559951,1559952,1559953,1559954,1559955,1559956,1559957,1559958,1559959,1559960,1559961,1559962,1559963,1559964,1559965,1559966,1559967,1559968,1559969,1559970,1559971,1559972,1559973,1559974,1559975,1559976,1559977,1559978,1559979,1559980,1559981,1559982,1559983,1559984,1559985,1559986,1559987,1559988,1559989,1559990,1559991,1559992,1559993,1559994,1559995,1559996,1559997,1559998,1559999,1560000,1560001,1560002,1560003,1560004,1560005,1560006,1560007,1560008,1560009,1560010,1560011,1560012,1560013,1560014,1560015,1560016,1560017,1560018,1560019,1560020,1560021,1560022,1560023,1560024,1560025,1560026,1560027,1560028,1560029,1560030,1560031,1560032,1560033,1560034,1560035
805,80503,'20260929',1560036,1560037,1560038,1560039,1560040,1560041,1560042,1560043,1560044,1560045,1560046,1560047,1560048,1560049,1560050,1560051,1560052,1560053,1560054,1560055,1560056,1560057,1560058,1560059,1560060,1560061,1560062,1560063,1560064,1560065,1560066,1560067,1560068,1560069,1560070,1560071,1560072,1560073,1560074,1560075,1560076,1560077,1560078,1560079,1560080,1560081,1560082,1560083,1560084,1560085,1560086,1560087,1560088,1560089,1560090,1560091,1560092,1560093,1560094,1560095,1560096,1560097,1560098,1560099,1560100,1560101,1560102,1560103,1560104,1560105,1560106,1560107,1560108,1560109,1560110,1560111,1560112,1560113,1560114,1560115,1560116,1560117,1560118,1560119,1560120,1560121,1560122,1560123,1560124,1560125,1560126,1560127,1560128,1560129,1560130,1560131,1560132,1560133,1560134,1560135,1560136,1560137,1560138,1560139,1560140,1560141,1560142,1560143,1560144,1560145,1560146,1560147,1560148,1560149,1560150,1560151,1560152,1560153,1560154,1560155,1560156,1560157,1560158,1560159,1560160,1560161,1560162,1560163,1560164,1560165,1560166,1560167,1560168,1560169,1560170,1560171,1560172,1560173,1560174
805,80503,'20260930',1560175,1560176,1560177,1560178,1560179,1560180,1560181,1560182,1560183,1560184,1560185,1560186,1560187,1560188,1560189,1560190,1560191,1560192,1560193,1560194,1560195,1560196,1560197,1560198,1560199,1560200,1560201,1560202,1560203,1560204,1560205,1560206,1560207,1560208,1560209,1560210,1560211,1560212,1560213,1560214,1560215,1560216,1560217,1560218,1560219,1560220,1560221,1560222,1560223,1560224,1560225,1560226,1560227,1560228,1560229,1560230,1560231,1560232,1560233,1560234,1560235,1560236,1560237,1560238,1560239,1560240,1560241,1560242,1560243,1560244,1560245,1560246,1560247,1560248,1560249,1560250,1560251,1560252,1560253,1560254,1560255,1560256,1560257,1560258,1560259,1560260,1560261,1560262,1560263,1560264,1560265,1560266,1560267,1560268,1560269,1560270,1560271,1560272,1560273,1560274,1560275,1560276,1560277,1560278,1560279,1560280,1560281,1560282,1560283,1560284,1560285,1560286,1560287,1560288,1560289,1560290,1560291,1560292,1560293,1560294,1560295,1560296,1560297,1560298,1560299,1560300,1560301,1560302,1560303,1560304,1560305,1560306,1560307,1560308,1560309,1560310,1560311,1560312,1560313
805,80503,'20261001',1560314,1560315,1560316,1560317,1560318,1560319,1560320,1560321,1560322,1560323,1560324,1560325,1560326,1560327,1560328,1560329,1560330,1560331,1560332,1560333,1560334,1560335,1560336,1560337,1560338,1560339,1560340,1560341,1560342,1560343,1560344,1560345,1560346,1560347,1560348,1560349,1560350,1560351,1560352,1560353,1560354,1560355,1560356,1560357,1560358,1560359,1560360,1560361,1560362,1560363,1560364,1560365,1560366,1560367,1560368,1560369,1560370,1560371,1560372,1560373,1560374,1560375,1560376,1560377,1560378,1560379,1560380,1560381,1560382,1560383,1560384,1560385,1560386,1560387,1560388,1560389,1560390,1560391,1560392,1560393,1560394,1560395,1560396,1560397,1560398,1560399,1560400,1560401,1560402,1560403,1560404,1560405,1560406,1560407,1560408,1560409,1560410,1560411,1560412,1560413,1560414,1560415,1560416,1560417,1560418,1560419,1560420,1560421,1560422,1560423,1560424,1560425,1560426,1560427,1560428,1560429,1560430,1560431,1560432,1560433,1560434,1560435,1560436,1560437,1560438,1560439,1560440,1560441,1560442,1560443,1560444,1560445,1560446,1560447,1560448,1560449,1560450,1560451,1560452
805,80503,'20261002',1484361,1484362,1484363,1484364,1484365,1484366,1484367,1484368,1484369,1484370,1484371,1484372,1484373,1484374,1484375,1484376,1484377,1484378,1484379,1484380,1484381,1484382,1484383,1484384,1484385,1484386,1484387,1484388,1484389,1484390,1484391,1484392,1484393,1484394,1484395,1484396,1484397,1484398,1484399,1484400,1484401,1484402,1484403,1484404,1484405,1484406,1484407,1484408,1484409,1484410,1484411,1484412,1484413,1484414,1484415,1484416,1484417,1484418,1484419,1484420,1484421,1484422,1484423,1484424,1484425,1484426,1484427,1484428,1484429,1484430,1484431,1484432,1484433,1484434,1484435,1484436,1484437,1484438,1484439,1484440,1484441,1484442,1484443,1484444,1484445,1484446,1484447,1484448,1484449,1484450,1484451,1484452,1484453,1484454,1484455,1484456,1484457,1484458,1484459,1484460,1484461,1484462,1484463,1484464,1484465,1484466,1484467,1484468,1484469,1484470,1484471,1484472,1484473,1484474,1484475,1484476,1484477,1484478,1484479,1484480,1484481,1484482,1484483,1484484,1484485,1484486,1484487,1484488,1484489,1484490,1484491,1484492,1484493,1484494,1484495,1484496,1484497,1484498,1484499
805,80503,'20261003',1507097,1507098,1507099,1507100,1507101,1507102,1507103,1507104,1507105,1507106,1507107,1507108,1507109,1507110,1507111,1507112,1507113,1507114,1507115,1507116,1507117,1507118,1507119,1507120,1507121,1507122,1507123,1507124,1507125,1507126,1507127,1507128,1507129,1507130,1507131,1507132,1507133,1507134,1507135,1507136,1507137,1507138,1507139,1507140,1507141,1507142,1507143,1507144,1507145,1507146,1507147,1507148,1507149,1507150,1507151,1507152,1507153,1507154,1507155,1507156,1507157,1507158,1507159,1507160,1507161,1507162,1507163,1507164,1507165,1507166,1507167,1507168,1507169,1507170,1507171,1507172,1507173,1507174,1507175,1507176,1507177,1507178,1507179,1507180,1507181,1507182,1507183,1507184,1507185,1507186,1507187,1507188,1507189,1507190,1507191,1507192,1507193,1507194,1507195,1507196,1507197,1507198,1507199,1507200,1507201,1507202,1507203,1507204,1507205,1507206,1507207,1507208,1507209,1507210,1507211,1507212,1507213,1507214,1507215
805,80503,'20261004',1507216,1507217,1507218,1507219,1507220,1507221,1507222,1507223,1507224,1507225,1507226,1507227,1507228,1507229,1507230,1507231,1507232,1507233,1507234,1507235,1507236,1507237,1507238,1507239,1507240,1507241,1507242,1507243,1507244,1507245,1507246,1507247,1507248,1507249,1507250,1507251,1507252,1507253,1507254,1507255,1507256,1507257,1507258,1507259,1507260,1507261,1507262,1507263,1507264,1507265,1507266,1507267,1507268,1507269,1507270,1507271,1507272,1507273,1507274,1507275,1507276,1507277,1507278,1507279,1507280,1507281,1507282,1507283,1507284,1507285,1507286,1507287,1507288,1507289,1507290,1507291,1507292,1507293,1507294,1507295,1507296,1507297,1507298,1507299,1507300,1507301,1507302,1507303,1507304,1507305,1507306,1507307,1507308,1507309,1507310,1507311,1507312,1507313,1507314,1507315,1507316,1507317,1507318,1507319,1507320,1507321,1507322,1507323,1507324,1507325,1507326,1507327,1507328,1507329,1507330,1507331,1507332,1507333,1507334
805,80503,'20261005',1507335,1507336,1507337,1507338,1507339,1507340,1507341,1507342,1507343,1507344,1507345,1507346,1507347,1507348,1507349,1507350,1507351,1507352,1507353,1507354,1507355,1507356,1507357,1507358,1507359,1507360,1507361,1507362,1507363,1507364,1507365,1507366,1507367,1507368,1507369,1507370,1507371,1507372,1507373,1507374,1507375,1507376,1507377,1507378,1507379,1507380,1507381,1507382,1507383,1507384,1507385,1507386,1507387,1507388,1507389,1507390,1507391,1507392,1507393,1507394,1507395,1507396,1507397,1507398,1507399,1507400,1507401,1507402,1507403,1507404,1507405,1507406,1507407,1507408,1507409,1507410,1507411,1507412,1507413,1507414,1507415,1507416,1507417,1507418,1507419,1507420,1507421,1507422,1507423,1507424,1507425,1507426,1507427,1507428,1507429,1507430,1507431,1507432,1507433,1507434,1507435,1507436,1507437,1507438,1507439,1507440,1507441,1507442,1507443,1507444,1507445,1507446,1507447,1507448,1507449,1507450,1507451,1507452,1507453,1507454,1507455,1507456,1507457,1507458,1507459,1507460,1507461,1507462,1507463,1507464,1507465,1507466,1507467,1507468,1507469,1507470,1507471,1507472,1507473
805,80503,'20261006',1538180,1538181,1538182,1538183,1538184,1538185,1538186,1538187,1538188,1538189,1538190,1538191,1538192,1538193,1538194,1538195,1538196,1538197,1538198,1538199,1538200,1538201,1538202,1538203,1538204,1538205,1538206,1538207,1538208,1538209,1538210,1538211,1538212,1538213,1538214,1538215,1538216,1538217,1538218,1538219,1538220,1538221,1538222,1538223,1538224,1538225,1538226,1538227,1538228,1538229,1538230,1538231,1538232,1538233,1538234,1538235,1538236,1538237,1538238,1538239,1538240,1538241,1538242,1538243,1538244,1538245,1538246,1538247,1538248,1538249,1538250,1538251,1538252,1538253,1538254,1538255,1538256,1538257,1538258,1538259,1538260,1538261,1538262,1538263,1538264,1538265,1538266,1538267,1538268,1538269,1538270,1538271,1538272,1538273,1538274,1538275,1538276,1538277,1538278,1538279,1538280,1538281,1538282,1538283,1538284,1538285,1538286,1538287,1538288,1538289,1538290,1538291,1538292,1538293,1538294,1538295,1538296,1538297,1538298,1538299,1538300,1538301,1538302,1538303,1538304,1538305,1538306,1538307,1538308,1538309,1538310,1538311,1538312,1538313,1538314,1538315,1538316,1538317,1538318
805,80503,'20261007',1538319,1538320,1538321,1538322,1538323,1538324,1538325,1538326,1538327,1538328,1538329,1538330,1538331,1538332,1538333,1538334,1538335,1538336,1538337,1538338,1538339,1538340,1538341,1538342,1538343,1538344,1538345,1538346,1538347,1538348,1538349,1538350,1538351,1538352,1538353,1538354,1538355,1538356,1538357,1538358,1538359,1538360,1538361,1538362,1538363,1538364,1538365,1538366,1538367,1538368,1538369,1538370,1538371,1538372,1538373,1538374,1538375,1538376,1538377,1538378,1538379,1538380,1538381,1538382,1538383,1538384,1538385,1538386,1538387,1538388,1538389,1538390,1538391,1538392,1538393,1538394,1538395,1538396,1538397,1538398,1538399,1538400,1538401,1538402,1538403,1538404,1538405,1538406,1538407,1538408,1538409,1538410,1538411,1538412,1538413,1538414,1538415,1538416,1538417,1538418,1538419,1538420,1538421,1538422,1538423,1538424,1538425,1538426,1538427,1538428,1538429,1538430,1538431,1538432,1538433,1538434,1538435,1538436,1538437,1538438,1538439,1538440,1538441,1538442,1538443,1538444,1538445,1538446,1538447,1538448,1538449,1538450,1538451,1538452,1538453,1538454,1538455,1538456,1538457
805,80503,'20261008',1538458,1538459,1538460,1538461,1538462,1538463,1538464,1538465,1538466,1538467,1538468,1538469,1538470,1538471,1538472,1538473,1538474,1538475,1538476,1538477,1538478,1538479,1538480,1538481,1538482,1538483,1538484,1538485,1538486,1538487,1538488,1538489,1538490,1538491,1538492,1538493,1538494,1538495,1538496,1538497,1538498,1538499,1538500,1538501,1538502,1538503,1538504,1538505,1538506,1538507,1538508,1538509,1538510,1538511,1538512,1538513,1538514,1538515,1538516,1538517,1538518,1538519,1538520,1538521,1538522,1538523,1538524,1538525,1538526,1538527,1538528,1538529,1538530,1538531,1538532,1538533,1538534,1538535,1538536,1538537,1538538,1538539,1538540,1538541,1538542,1538543,1538544,1538545,1538546,1538547,1538548,1538549,1538550,1538551,1538552,1538553,1538554,1538555,1538556,1538557,1538558,1538559,1538560,1538561,1538562,1538563,1538564,1538565,1538566,1538567,1538568,1538569,1538570,1538571,1538572,1538573,1538574,1538575,1538576,1538577,1538578,1538579,1538580,1538581,1538582,1538583,1538584,1538585,1538586,1538587,1538588,1538589,1538590,1538591,1538592,1538593,1538594,1538595,1538596
805,80503,'20261009',1538597,1538598,1538599,1538600,1538601,1538602,1538603,1538604,1538605,1538606,1538607,1538608,1538609,1538610,1538611,1538612,1538613,1538614,1538615,1538616,1538617,1538618,1538619,1538620,1538621,1538622,1538623,1538624,1538625,1538626,1538627,1538628,1538629,1538630,1538631,1538632,1538633,1538634,1538635,1538636,1538637,1538638,1538639,1538640,1538641,1538642,1538643,1538644,1538645,1538646,1538647,1538648,1538649,1538650,1538651,1538652,1538653,1538654,1538655,1538656,1538657,1538658,1538659,1538660,1538661,1538662,1538663,1538664,1538665,1538666,1538667,1538668,1538669,1538670,1538671,1538672,1538673,1538674,1538675,1538676,1538677,1538678,1538679,1538680,1538681,1538682,1538683,1538684,1538685,1538686,1538687,1538688,1538689,1538690,1538691,1538692,1538693,1538694,1538695,1538696,1538697,1538698,1538699,1538700,1538701,1538702,1538703,1538704,1538705,1538706,1538707,1538708,1538709,1538710,1538711,1538712,1538713,1538714,1538715,1538716,1538717,1538718,1538719,1538720,1538721,1538722,1538723,1538724,1538725,1538726,1538727,1538728,1538729,1538730,1538731,1538732,1538733,1538734,1538735
805,80503,'20261010',1560453,1560454,1560455,1560456,1560457,1560458,1560459,1560460,1560461,1560462,1560463,1560464,1560465,1560466,1560467,1560468,1560469,1560470,1560471,1560472,1560473,1560474,1560475,1560476,1560477,1560478,1560479,1560480,1560481,1560482,1560483,1560484,1560485,1560486,1560487,1560488,1560489,1560490,1560491,1560492,1560493,1560494,1560495,1560496,1560497,1560498,1560499,1560500,1560501,1560502,1560503,1560504,1560505,1560506,1560507,1560508,1560509,1560510,1560511,1560512,1560513,1560514,1560515,1560516,1560517,1560518,1560519,1560520,1560521,1560522,1560523,1560524,1560525,1560526,1560527,1560528,1560529,1560530,1560531,1560532,1560533,1560534,1560535,1560536,1560537,1560538,1560539,1560540,1560541,1560542,1560543,1560544,1560545,1560546,1560547,1560548,1560549,1560550,1560551,1560552,1560553,1560554,1560555,1560556,1560557,1560558,1560559,1560560,1560561,1560562,1560563,1560564,1560565,1560566,1560567,1560568,1560569,1560570,1560571
805,80503,'20261011',1560572,1560573,1560574,1560575,1560576,1560577,1560578,1560579,1560580,1560581,1560582,1560583,1560584,1560585,1560586,1560587,1560588,1560589,1560590,1560591,1560592,1560593,1560594,1560595,1560596,1560597,1560598,1560599,1560600,1560601,1560602,1560603,1560604,1560605,1560606,1560607,1560608,1560609,1560610,1560611,1560612,1560613,1560614,1560615,1560616,1560617,1560618,1560619,1560620,1560621,1560622,1560623,1560624,1560625,1560626,1560627,1560628,1560629,1560630,1560631,1560632,1560633,1560634,1560635,1560636,1560637,1560638,1560639,1560640,1560641,1560642,1560643,1560644,1560645,1560646,1560647,1560648,1560649,1560650,1560651,1560652,1560653,1560654,1560655,1560656,1560657,1560658,1560659,1560660,1560661,1560662,1560663,1560664,1560665,1560666,1560667,1560668,1560669,1560670,1560671,1560672,1560673,1560674,1560675,1560676,1560677,1560678,1560679,1560680,1560681,1560682,1560683,1560684,1560685,1560686,1560687,1560688,1560689,1560690
805,80503,'20261012',1560691,1560692,1560693,1560694,1560695,1560696,1560697,1560698,1560699,1560700,1560701,1560702,1560703,1560704,1560705,1560706,1560707,1560708,1560709,1560710,1560711,1560712,1560713,1560714,1560715,1560716,1560717,1560718,1560719,1560720,1560721,1560722,1560723,1560724,1560725,1560726,1560727,1560728,1560729,1560730,1560731,1560732,1560733,1560734,1560735,1560736,1560737,1560738,1560739,1560740,1560741,1560742,1560743,1560744,1560745,1560746,1560747,1560748,1560749,1560750,1560751,1560752,1560753,1560754,1560755,1560756,1560757,1560758,1560759,1560760,1560761,1560762,1560763,1560764,1560765,1560766,1560767,1560768,1560769,1560770,1560771,1560772,1560773,1560774,1560775,1560776,1560777,1560778,1560779,1560780,1560781,1560782,1560783,1560784,1560785,1560786,1560787,1560788,1560789,1560790,1560791,1560792,1560793,1560794,1560795,1560796,1560797,1560798,1560799,1560800,1560801,1560802,1560803,1560804,1560805,1560806,1560807,1560808,1560809
807,80702,'20260929',1560810,1560811,1560812,1560813,1560814,1560815,1560816,1560817,1560818,1560819,1560820,1560821,1560822,1560823,1560824,1560825,1560826,1560827,1560828,1560829,1560830,1560831,1560832,1560833,1560834,1560835,1560836,1560837,1560838,1560839,1560840,1560841,1560842,1560843,1560844,1560845,1560846,1560847,1560848,1560849,1560850,1560851,1560852,1560853,1560854,1560855,1560856,1560857,1560858,1560859,1560860,1560861,1560862,1560863,1560864,1560865,1560866,1560867,1560868,1560869,1560870,1560871,1560872,1560873,1560874,1560875,1560876,1560877,1560878,1560879,1560880,1560881,1560882,1560883,1560884,1560885,1560886,1560887,1560888,1560889,1560890,1560891,1560892,1560893,1560894,1560895,1560896,1560897,1560898,1560899,1560900,1560901,1560902,1560903,1560904,1560905
807,80702,'20260930',1560906,1560907,1560908,1560909,1560910,1560911,1560912,1560913,1560914,1560915,1560916,1560917,1560918,1560919,1560920,1560921,1560922,1560923,1560924,1560925,1560926,1560927,1560928,1560929,1560930,1560931,1560932,1560933,1560934,1560935,1560936,1560937,1560938,1560939,1560940,1560941,1560942,1560943,1560944,1560945,1560946,1560947,1560948,1560949,1560950,1560951,1560952,1560953,1560954,1560955,1560956,1560957,1560958,1560959,1560960,1560961,1560962,1560963,1560964,1560965,1560966,1560967,1560968,1560969,1560970,1560971,1560972,1560973,1560974,1560975,1560976,1560977,1560978,1560979,1560980,1560981,1560982,1560983,1560984,1560985,1560986,1560987,1560988,1560989,1560990,1560991,1560992,1560993,1560994,1560995,1560996,1560997,1560998,1560999,1561000,1561001
807,80702,'20261001',1561002,1561003,1561004,1561005,1561006,1561007,1561008,1561009,1561010,1561011,1561012,1561013,1561014,1561015,1561016,1561017,1561018,1561019,1561020,1561021,1561022,1561023,1561024,1561025,1561026,1561027,1561028,1561029,1561030,1561031,1561032,1561033,1561034,1561035,1561036,1561037,1561038,1561039,1561040,1561041,1561042,1561043,1561044,1561045,1561046,1561047,1561048,1561049,1561050,1561051,1561052,1561053,1561054,1561055,1561056,1561057,1561058,1561059,1561060,1561061,1561062,1561063,1561064,1561065,1561066,1561067,1561068,1561069,1561070,1561071,1561072,1561073,1561074,1561075,1561076,1561077,1561078,1561079,1561080,1561081,1561082,1561083,1561084,1561085,1561086,1561087,1561088,1561089,1561090,1561091,1561092,1561093,1561094,1561095,1561096,1561097
807,80702,'20261002',1484944,1484945,1484946,1484947,1484948,1484949,1484950,1484951,1484952,1484953,1484954,1484955,1484956,1484957,1484958,1484959,1484960,1484961,1484962,1484963,1484964,1484965,1484966,1484967,1484968,1484969,1484970,1484971,1484972,1484973,1484974,1484975,1484976,1484977,1484978,1484979,1484980,1484981,1484982,1484983,1484984,1484985,1484986,1484987,1484988,1484989,1484990,1484991,1484992,1484993,1484994,1484995,1484996,1484997,1484998,1484999,1485000,1485001,1485002,1485003,1485004,1485005,1485006,1485007,1485008,1485009,1485010,1485011,1485012,1485013,1485014,1485015,1485016,1485017,1485018,1485019,1485020,1485021,1485022,1485023,1485024,1485025,1485026,1485027,1485028,1485029,1485030,1485031,1485032,1485033,1485034,1485035,1485036,1485037,1485038,1485039
807,80702,'20261003',1507762,1507763,1507764,1507765,1507766,1507767,1507768,1507769,1507770,1507771,1507772,1507773,1507774,1507775,1507776,1507777,1507778,1507779,1507780,1507781,1507782,1507783,1507784,1507785,1507786,1507787,1507788,1507789,1507790,1507791,1507792,1507793,1507794,1507795,1507796,1507797,1507798,1507799,1507800,1507801,1507802,1507803,1507804,1507805,1507806,1507807,1507808,1507809,1507810,1507811,1507812,1507813,1507814,1507815,1507816,1507817,1507818,1507819,1507820,1507821,1507822,1507823,1507824,1507825,1507826,1507827,1507828,1507829,1507830,1507831,1507832,1507833,1507834,1507835,1507836,1507837,1507838,1507839
807,80702,'20261004',1507840,1507841,1507842,1507843,1507844,1507845,1507846,1507847,1507848,1507849,1507850,1507851,1507852,1507853,1507854,1507855,1507856,1507857,1507858,1507859,1507860,1507861,1507862,1507863,1507864,1507865,1507866,1507867,1507868,1507869,1507870,1507871,1507872,1507873,1507874,1507875,1507876,1507877,1507878,1507879,1507880,1507881,1507882,1507883,1507884,1507885,1507886,1507887,1507888,1507889,1507890,1507891,1507892,1507893,1507894,1507895,1507896,1507897,1507898,1507899,1507900,1507901,1507902,1507903,1507904,1507905,1507906,1507907,1507908,1507909,1507910,1507911,1507912,1507913,1507914,1507915,1507916,1507917
807,80702,'20261005',1507918,1507919,1507920,1507921,1507922,1507923,1507924,1507925,1507926,1507927,1507928,1507929,1507930,1507931,1507932,1507933,1507934,1507935,1507936,1507937,1507938,1507939,1507940,1507941,1507942,1507943,1507944,1507945,1507946,1507947,1507948,1507949,1507950,1507951,1507952,1507953,1507954,1507955,1507956,1507957,1507958,1507959,1507960,1507961,1507962,1507963,1507964,1507965,1507966,1507967,1507968,1507969,1507970,1507971,1507972,1507973,1507974,1507975,1507976,1507977,1507978,1507979,1507980,1507981,1507982,1507983,1507984,1507985,1507986,1507987,1507988,1507989,1507990,1507991,1507992,1507993,1507994,1507995,1507996,1507997,1507998,1507999,1508000,1508001,1508002,1508003,1508004,1508005,1508006,1508007,1508008,1508009,1508010,1508011,1508012,1508013
807,80702,'20261006',1539084,1539085,1539086,1539087,1539088,1539089,1539090,1539091,1539092,1539093,1539094,1539095,1539096,1539097,1539098,1539099,1539100,1539101,1539102,1539103,1539104,1539105,1539106,1539107,1539108,1539109,1539110,1539111,1539112,1539113,1539114,1539115,1539116,1539117,1539118,1539119,1539120,1539121,1539122,1539123,1539124,1539125,1539126,1539127,1539128,1539129,1539130,1539131,1539132,1539133,1539134,1539135,1539136,1539137,1539138,1539139,1539140,1539141,1539142,1539143,1539144,1539145,1539146,1539147,1539148,1539149,1539150,1539151,1539152,1539153,1539154,1539155,1539156,1539157,1539158,1539159,1539160,1539161,1539162,1539163,1539164,1539165,1539166,1539167,1539168,1539169,1539170,1539171,1539172,1539173,1539174,1539175,1539176,1539177,1539178,1539179
807,80702,'20261007',1539180,1539181,1539182,1539183,1539184,1539185,1539186,1539187,1539188,1539189,1539190,1539191,1539192,1539193,1539194,1539195,1539196,1539197,1539198,1539199,1539200,1539201,1539202,1539203,1539204,1539205,1539206,1539207,1539208,1539209,1539210,1539211,1539212,1539213,1539214,1539215,1539216,1539217,1539218,1539219,1539220,1539221,1539222,1539223,1539224,1539225,1539226,1539227,1539228,1539229,1539230,1539231,1539232,1539233,1539234,1539235,1539236,1539237,1539238,1539239,1539240,1539241,1539242,1539243,1539244,1539245,1539246,1539247,1539248,1539249,1539250,1539251,1539252,1539253,1539254,1539255,1539256,1539257,1539258,1539259,1539260,1539261,1539262,1539263,1539264,1539265,1539266,1539267,1539268,1539269,1539270,1539271,1539272,1539273,1539274,1539275
807,80702,'20261008',1539276,1539277,1539278,1539279,1539280,1539281,1539282,1539283,1539284,1539285,1539286,1539287,1539288,1539289,1539290,1539291,1539292,1539293,1539294,1539295,1539296,1539297,1539298,1539299,1539300,1539301,1539302,1539303,1539304,1539305,1539306,1539307,1539308,1539309,1539310,1539311,1539312,1539313,1539314,1539315,1539316,1539317,1539318,1539319,1539320,1539321,1539322,1539323,1539324,1539325,1539326,1539327,1539328,1539329,1539330,1539331,1539332,1539333,1539334,1539335,1539336,1539337,1539338,1539339,1539340,1539341,1539342,1539343,1539344,1539345,1539346,1539347,1539348,1539349,1539350,1539351,1539352,1539353,1539354,1539355,1539356,1539357,1539358,1539359,1539360,1539361,1539362,1539363,1539364,1539365,1539366,1539367,1539368,1539369,1539370,1539371
807,80702,'20261009',1539372,1539373,1539374,1539375,1539376,1539377,1539378,1539379,1539380,1539381,1539382,1539383,1539384,1539385,1539386,1539387,1539388,1539389,1539390,1539391,1539392,1539393,1539394,1539395,1539396,1539397,1539398,1539399,1539400,1539401,1539402,1539403,1539404,1539405,1539406,1539407,1539408,1539409,1539410,1539411,1539412,1539413,1539414,1539415,1539416,1539417,1539418,1539419,1539420,1539421,1539422,1539423,1539424,1539425,1539426,1539427,1539428,1539429,1539430,1539431,1539432,1539433,1539434,1539435,1539436,1539437,1539438,1539439,1539440,1539441,1539442,1539443,1539444,1539445,1539446,1539447,1539448,1539449,1539450,1539451,1539452,1539453,1539454,1539455,1539456,1539457,1539458,1539459,1539460,1539461,1539462,1539463,1539464,1539465,1539466,1539467
807,80702,'20261010',1561098,1561099,1561100,1561101,1561102,1561103,1561104,1561105,1561106,1561107,1561108,1561109,1561110,1561111,1561112,1561113,1561114,1561115,1561116,1561117,1561118,1561119,1561120,1561121,1561122,1561123,1561124,1561125,1561126,1561127,1561128,1561129,1561130,1561131,1561132,1561133,1561134,1561135,1561136,1561137,1561138,1561139,1561140,1561141,1561142,1561143,1561144,1561145,1561146,1561147,1561148,1561149,1561150,1561151,1561152,1561153,1561154,1561155,1561156,1561157,1561158,1561159,1561160,1561161,1561162,1561163,1561164,1561165,1561166,1561167,1561168,1561169,1561170,1561171,1561172,1561173,1561174,1561175
807,80702,'20261011',1561176,1561177,1561178,1561179,1561180,1561181,1561182,1561183,1561184,1561185,1561186,1561187,1561188,1561189,1561190,1561191,1561192,1561193,1561194,1561195,1561196,1561197,1561198,1561199,1561200,1561201,1561202,1561203,1561204,1561205,1561206,1561207,1561208,1561209,1561210,1561211,1561212,1561213,1561214,1561215,1561216,1561217,1561218,1561219,1561220,1561221,1561222,1561223,1561224,1561225,1561226,1561227,1561228,1561229,1561230,1561231,1561232,1561233,1561234,1561235,1561236,1561237,1561238,1561239,1561240,1561241,1561242,1561243,1561244,1561245,1561246,1561247,1561248,1561249,1561250,1561251,1561252,1561253
807,80702,'20261012',1561254,1561255,1561256,1561257,1561258,1561259,1561260,1561261,1561262,1561263,1561264,1561265,1561266,1561267,1561268,1561269,1561270,1561271,1561272,1561273,1561274,1561275,1561276,1561277,1561278,1561279,1561280,1561281,1561282,1561283,1561284,1561285,1561286,1561287,1561288,1561289,1561290,1561291,1561292,1561293,1561294,1561295,1561296,1561297,1561298,1561299,1561300,1561301,1561302,1561303,1561304,1561305,1561306,1561307,1561308,1561309,1561310,1561311,1561312,1561313,1561314,1561315,1561316,1561317,1561318,1561319,1561320,1561321,1561322,1561323,1561324,1561325,1561326,1561327,1561328,1561329,1561330,1561331
807,80703,'20260929',1561332,1561333,1561334,1561335,1561336,1561337,1561338,1561339,1561340,1561341,1561342,1561343,1561344,1561345,1561346,1561347,1561348,1561349,1561350,1561351,1561352,1561353,1561354,1561355,1561356,1561357,1561358,1561359,1561360,1561361,1561362,1561363,1561364,1561365,1561366,1561367,1561368,1561369,1561370,1561371,1561372,1561373,1561374,1561375,1561376,1561377,1561378,1561379,1561380,1561381,1561382,1561383,1561384,1561385,1561386,1561387,1561388,1561389,1561390,1561391,1561392,1561393,1561394,1561395,1561396,1561397,1561398,1561399,1561400,1561401,1561402,1561403,1561404,1561405,1561406,1561407,1561408,1561409,1561410,1561411,1561412,1561413,1561414,1561415,1561416,1561417,1561418,1561419,1561420,1561421,1561422,1561423,1561424,1561425,1561426
807,80703,'20260930',1561427,1561428,1561429,1561430,1561431,1561432,1561433,1561434,1561435,1561436,1561437,1561438,1561439,1561440,1561441,1561442,1561443,1561444,1561445,1561446,1561447,1561448,1561449,1561450,1561451,1561452,1561453,1561454,1561455,1561456,1561457,1561458,1561459,1561460,1561461,1561462,1561463,1561464,1561465,1561466,1561467,1561468,1561469,1561470,1561471,1561472,1561473,1561474,1561475,1561476,1561477,1561478,1561479,1561480,1561481,1561482,1561483,1561484,1561485,1561486,1561487,1561488,1561489,1561490,1561491,1561492,1561493,1561494,1561495,1561496,1561497,1561498,1561499,1561500,1561501,1561502,1561503,1561504,1561505,1561506,1561507,1561508,1561509,1561510,1561511,1561512,1561513,1561514,1561515,1561516,1561517,1561518,1561519,1561520,1561521
807,80703,'20261001',1561522,1561523,1561524,1561525,1561526,1561527,1561528,1561529,1561530,1561531,1561532,1561533,1561534,1561535,1561536,1561537,1561538,1561539,1561540,1561541,1561542,1561543,1561544,1561545,1561546,1561547,1561548,1561549,1561550,1561551,1561552,1561553,1561554,1561555,1561556,1561557,1561558,1561559,1561560,1561561,1561562,1561563,1561564,1561565,1561566,1561567,1561568,1561569,1561570,1561571,1561572,1561573,1561574,1561575,1561576,1561577,1561578,1561579,1561580,1561581,1561582,1561583,1561584,1561585,1561586,1561587,1561588,1561589,1561590,1561591,1561592,1561593,1561594,1561595,1561596,1561597,1561598,1561599,1561600,1561601,1561602,1561603,1561604,1561605,1561606,1561607,1561608,1561609,1561610,1561611,1561612,1561613,1561614,1561615,1561616
807,80703,'20261002',1485481,1485482,1485483,1485484,1485485,1485486,1485487,1485488,1485489,1485490,1485491,1485492,1485493,1485494,1485495,1485496,1485497,1485498,1485499,1485500,1485501,1485502,1485503,1485504,1485505,1485506,1485507,1485508,1485509,1485510,1485511,1485512,1485513,1485514,1485515,1485516,1485517,1485518,1485519,1485520,1485521,1485522,1485523,1485524,1485525,1485526,1485527,1485528,1485529,1485530,1485531,1485532,1485533,1485534,1485535,1485536,1485537,1485538,1485539,1485540,1485541,1485542,1485543,1485544,1485545,1485546,1485547,1485548,1485549,1485550,1485551,1485552,1485553,1485554,1485555,1485556,1485557,1485558,1485559,1485560,1485561,1485562,1485563,1485564,1485565,1485566,1485567,1485568,1485569,1485570,1485571,1485572,1485573,1485574,1485575
807,80703,'20261003',1508299,1508300,1508301,1508302,1508303,1508304,1508305,1508306,1508307,1508308,1508309,1508310,1508311,1508312,1508313,1508314,1508315,1508316,1508317,1508318,1508319,1508320,1508321,1508322,1508323,1508324,1508325,1508326,1508327,1508328,1508329,1508330,1508331,1508332,1508333,1508334,1508335,1508336,1508337,1508338,1508339,1508340,1508341,1508342,1508343,1508344,1508345,1508346,1508347,1508348,1508349,1508350,1508351,1508352,1508353,1508354,1508355,1508356,1508357,1508358,1508359,1508360,1508361,1508362,1508363,1508364,1508365,1508366,1508367,1508368,1508369,1508370,1508371,1508372,1508373,1508374,1508375,1508376
807,80703,'20261004',1508377,1508378,1508379,1508380,1508381,1508382,1508383,1508384,1508385,1508386,1508387,1508388,1508389,1508390,1508391,1508392,1508393,1508394,1508395,1508396,1508397,1508398,1508399,1508400,1508401,1508402,1508403,1508404,1508405,1508406,1508407,1508408,1508409,1508410,1508411,1508412,1508413,1508414,1508415,1508416,1508417,1508418,1508419,1508420,1508421,1508422,1508423,1508424,1508425,1508426,1508427,1508428,1508429,1508430,1508431,1508432,1508433,1508434,1508435,1508436,1508437,1508438,1508439,1508440,1508441,1508442,1508443,1508444,1508445,1508446,1508447,1508448,1508449,1508450,1508451,1508452,1508453,1508454
807,80703,'20261005',1508455,1508456,1508457,1508458,1508459,1508460,1508461,1508462,1508463,1508464,1508465,1508466,1508467,1508468,1508469,1508470,1508471,1508472,1508473,1508474,1508475,1508476,1508477,1508478,1508479,1508480,1508481,1508482,1508483,1508484,1508485,1508486,1508487,1508488,1508489,1508490,1508491,1508492,1508493,1508494,1508495,1508496,1508497,1508498,1508499,1508500,1508501,1508502,1508503,1508504,1508505,1508506,1508507,1508508,1508509,1508510,1508511,1508512,1508513,1508514,1508515,1508516,1508517,1508518,1508519,1508520,1508521,1508522,1508523,1508524,1508525,1508526,1508527,1508528,1508529,1508530,1508531,1508532,1508533,1508534,1508535,1508536,1508537,1508538,1508539,1508540,1508541,1508542,1508543,1508544,1508545,1508546,1508547,1508548,1508549
807,80703,'20261006',1539814,1539815,1539816,1539817,1539818,1539819,1539820,1539821,1539822,1539823,1539824,1539825,1539826,1539827,1539828,1539829,1539830,1539831,1539832,1539833,1539834,1539835,1539836,1539837,1539838,1539839,1539840,1539841,1539842,1539843,1539844,1539845,1539846,1539847,1539848,1539849,1539850,1539851,1539852,1539853,1539854,1539855,1539856,1539857,1539858,1539859,1539860,1539861,1539862,1539863,1539864,1539865,1539866,1539867,1539868,1539869,1539870,1539871,1539872,1539873,1539874,1539875,1539876,1539877,1539878,1539879,1539880,1539881,1539882,1539883,1539884,1539885,1539886,1539887,1539888,1539889,1539890,1539891,1539892,1539893,1539894,1539895,1539896,1539897,1539898,1539899,1539900,1539901,1539902,1539903,1539904,1539905,1539906,1539907,1539908
807,80703,'20261007',1539909,1539910,1539911,1539912,1539913,1539914,1539915,1539916,1539917,1539918,1539919,1539920,1539921,1539922,1539923,1539924,1539925,1539926,1539927,1539928,1539929,1539930,1539931,1539932,1539933,1539934,1539935,1539936,1539937,1539938,1539939,1539940,1539941,1539942,1539943,1539944,1539945,1539946,1539947,1539948,1539949,1539950,1539951,1539952,1539953,1539954,1539955,1539956,1539957,1539958,1539959,1539960,1539961,1539962,1539963,1539964,1539965,1539966,1539967,1539968,1539969,1539970,1539971,1539972,1539973,1539974,1539975,1539976,1539977,1539978,1539979,1539980,1539981,1539982,1539983,1539984,1539985,1539986,1539987,1539988,1539989,1539990,1539991,1539992,1539993,1539994,1539995,1539996,1539997,1539998,1539999,1540000,1540001,1540002,1540003
807,80703,'20261008',1540004,1540005,1540006,1540007,1540008,1540009,1540010,1540011,1540012,1540013,1540014,1540015,1540016,1540017,1540018,1540019,1540020,1540021,1540022,1540023,1540024,1540025,1540026,1540027,1540028,1540029,1540030,1540031,1540032,1540033,1540034,1540035,1540036,1540037,1540038,1540039,1540040,1540041,1540042,1540043,1540044,1540045,1540046,1540047,1540048,1540049,1540050,1540051,1540052,1540053,1540054,1540055,1540056,1540057,1540058,1540059,1540060,1540061,1540062,1540063,1540064,1540065,1540066,1540067,1540068,1540069,1540070,1540071,1540072,1540073,1540074,1540075,1540076,1540077,1540078,1540079,1540080,1540081,1540082,1540083,1540084,1540085,1540086,1540087,1540088,1540089,1540090,1540091,1540092,1540093,1540094,1540095,1540096,1540097,1540098
807,80703,'20261009',1540099,1540100,1540101,1540102,1540103,1540104,1540105,1540106,1540107,1540108,1540109,1540110,1540111,1540112,1540113,1540114,1540115,1540116,1540117,1540118,1540119,1540120,1540121,1540122,1540123,1540124,1540125,1540126,1540127,1540128,1540129,1540130,1540131,1540132,1540133,1540134,1540135,1540136,1540137,1540138,1540139,1540140,1540141,1540142,1540143,1540144,1540145,1540146,1540147,1540148,1540149,1540150,1540151,1540152,1540153,1540154,1540155,1540156,1540157,1540158,1540159,1540160,1540161,1540162,1540163,1540164,1540165,1540166,1540167,1540168,1540169,1540170,1540171,1540172,1540173,1540174,1540175,1540176,1540177,1540178,1540179,1540180,1540181,1540182,1540183,1540184,1540185,1540186,1540187,1540188,1540189,1540190,1540191,1540192,1540193
807,80703,'20261010',1561617,1561618,1561619,1561620,1561621,1561622,1561623,1561624,1561625,1561626,1561627,1561628,1561629,1561630,1561631,1561632,1561633,1561634,1561635,1561636,1561637,1561638,1561639,1561640,1561641,1561642,1561643,1561644,1561645,1561646,1561647,1561648,1561649,1561650,1561651,1561652,1561653,1561654,1561655,1561656,1561657,1561658,1561659,1561660,1561661,1561662,1561663,1561664,1561665,1561666,1561667,1561668,1561669,1561670,1561671,1561672,1561673,1561674,1561675,1561676,1561677,1561678,1561679,1561680,1561681,1561682,1561683,1561684,1561685,1561686,1561687,1561688,1561689,1561690,1561691,1561692,1561693,1561694
807,80703,'20261011',1561695,1561696,1561697,1561698,1561699,1561700,1561701,1561702,1561703,1561704,1561705,1561706,1561707,1561708,1561709,1561710,1561711,1561712,1561713,1561714,1561715,1561716,1561717,1561718,1561719,1561720,1561721,1561722,1561723,1561724,1561725,1561726,1561727,1561728,1561729,1561730,1561731,1561732,1561733,1561734,1561735,1561736,1561737,1561738,1561739,1561740,1561741,1561742,1561743,1561744,1561745,1561746,1561747,1561748,1561749,1561750,1561751,1561752,1561753,1561754,1561755,1561756,1561757,1561758,1561759,1561760,1561761,1561762,1561763,1561764,1561765,1561766,1561767,1561768,1561769,1561770,1561771,1561772
807,80703,'20261012',1561773,1561774,1561775,1561776,1561777,1561778,1561779,1561780,1561781,1561782,1561783,1561784,1561785,1561786,1561787,1561788,1561789,1561790,1561791,1561792,1561793,1561794,1561795,1561796,1561797,1561798,1561799,1561800,1561801,1561802,1561803,1561804,1561805,1561806,1561807,1561808,1561809,1561810,1561811,1561812,1561813,1561814,1561815,1561816,1561817,1561818,1561819,1561820,1561821,1561822,1561823,1561824,1561825,1561826,1561827,1561828,1561829,1561830,1561831,1561832,1561833,1561834,1561835,1561836,1561837,1561838,1561839,1561840,1561841,1561842,1561843,1561844,1561845,1561846,1561847,1561848,1561849,1561850
904,90400,'20261002',1485577
904,90400,'20261003',1508550
904,90400,'20261009',1540196
904,90400,'20261010',1561851
907,90702,'20261002',1485580,1485581
907,90702,'20261003',1508551,1508552
907,90702,'20261009',1540201,1540202
907,90702,'20261010',1561852,1561853
907,90703,'20261002',1485584,1485585
907,90703,'20261003',1508553,1508554
907,90703,'20261009',1540207,1540208
907,90703,'20261010',1561854,1561855
925,92503,'20261002',1485588,1485589
925,92503,'20261003',1508555,1508556
925,92503,'20261009',1540213,1540214
925,92503,'20261010',1561856,1561857
931,93100,'20261002',1485592,1485593
931,93100,'20261003',1508557,1508558
931,93100,'20261009',1540219,1540220
931,93100,'20261010',1561858,1561859
931,93101,'20261002',1485595
931,93101,'20261003',1508559
931,93101,'20261009',1540223
931,93101,'20261010',1561860
936,93600,'20261002',1485597
936,93600,'20261003',1508560
936,93600,'20261009',1540226
936,93600,'20261010',1561861
950,95002,'20261002',1485600,1485601
950,95002,'20261003',1508561,1508562
950,95002,'20261009',1540231,1540232
950,95002,'20261010',1561862,1561863
954,95400,'20261002',1485604,1485605
954,95400,'20261003',1508563,1508564
954,95400,'20261009',1540237,1540238
954,95400,'20261010',1561864,1561865
972,97203,'20261002',1485607
972,97203,'20261003',1508565
972,97203,'20261009',1540241
972,97203,'20261010',1561866
980,98000,'20261002',1485609
980,98000,'20261003',1508566
980,98000,'20261009',1540244
980,98000,'20261010',1561867
982,98200,'20261002',1485611
982,98200,'20261003',1508567
982,98200,'20261009',1540247
982,98200,'20261010',1561868
984,98400,'20261002',1485613
984,98400,'20261003',1508568
984,98400,'20261009',1540250
984,98400,'20261010',1561869
991,99103,'20261002',1485616,1485617
991,99103,'20261003',1508569,1508570
991,99103,'20261009',1540255,1540256
991,99103,'20261010',1561870,1561871
992,99203,'20261002',1485620,1485621
992,99203,'20261003',1508571,1508572
992,99203,'20261009',1540261,1540262
992,99203,'20261010',1561872,1561873
10003,1000300,'20260929',1561874
10003,1000300,'20260930',1561875
10003,1000300,'20261001',1561876
10003,1000300,'20261002',1485624
10003,1000300,'20261005',1508576
10003,1000300,'20261006',1540265
10003,1000300,'20261007',1540266
10003,1000300,'20261008',1540267
10003,1000300,'20261009',1540268
10003,1000301,'20260929',1561877
10003,1000301,'20260930',1561878
10003,1000301,'20261001',1561879
10003,1000301,'20261002',1485627
10003,1000301,'20261005',1508580
10003,1000301,'20261006',1540271
10003,1000301,'20261007',1540272
10003,1000301,'20261008',1540273
10003,1000301,'20261009',1540274
10082,1008200,'20260929',1561880
10082,1008200,'20260930',1561881
10082,1008200,'20261001',1561882
10082,1008200,'20261002',1485630
10082,1008200,'20261005',1508584
10082,1008200,'20261006',1540277
10082,1008200,'20261007',1540278
10082,1008200,'20261008',1540279
10082,1008200,'20261009',1540280
10082,1008201,'20260929',1561883
10082,1008201,'20260930',1561884
10082,1008201,'20261001',1561885
10082,1008201,'20261002',1485633
10082,1008201,'20261005',1508588
10082,1008201,'20261006',1540283
10082,1008201,'20261007',1540284
10082,1008201,'20261008',1540285
10082,1008201,'20261009',1540286
20079,2007900,'20260929',1561886,1561887
20079,2007900,'20260930',1561888,1561889
20079,2007900,'20261001',1561890,1561891
20079,2007900,'20261002',1485636
20079,2007900,'20261005',1508595
20079,2007900,'20261006',1540291
20079,2007900,'20261007',1540292
20079,2007900,'20261008',1540293
20079,2007900,'20261009',1540294
20079,2007901,'20260929',1561892,1561893
20079,2007901,'20260930',1561894,1561895
20079,2007901,'20261001',1561896,1561897
20079,2007901,'20261002',1485639
20079,2007901,'20261005',1508602
20079,2007901,'20261006',1540299
20079,2007901,'20261007',1540300
20079,2007901,'20261008',1540301
20079,2007901,'20261009',1540302
40013,4001302,'20260929',1561898,1561899,1561900
40013,4001302,'20260930',1561901,1561902,1561903
40013,4001302,'20261001',1561904,1561905,1561906
40013,4001302,'20261002',1485645
40013,4001302,'20261005',1508612
40013,4001302,'20261006',1540309
40013,4001302,'20261007',1540310
40013,4001302,'20261008',1540311
40013,4001302,'20261009',1540312
40013,4001303,'20260929',1561907,1561908,1561909
40013,4001303,'20260930',1561910,1561911,1561912
40013,4001303,'20261001',1561913,1561914,1561915
40013,4001303,'20261002',1485651
40013,4001303,'20261005',1508622
40013,4001303,'20261006',1540319
40013,4001303,'20261007',1540320
40013,4001303,'20261008',1540321
40013,4001303,'20261009',1540322
40082,4008200,'20260929',1561916,1561917,1561918
40082,4008200,'20260930',1561919,1561920,1561921
40082,4008200,'20261001',1561922,1561923,1561924
40082,4008200,'20261002',1485657
40082,4008200,'20261005',1508632
40082,4008200,'20261006',1540329
40082,4008200,'20261007',1540330
40082,4008200,'20261008',1540331
40082,4008200,'20261009',1540332
40082,4008201,'20260929',1561925,1561926,1561927
40082,4008201,'20260930',1561928,1561929,1561930
40082,4008201,'20261001',1561931,1561932,1561933
40082,4008201,'20261002',1485663
40082,4008201,'20261005',1508642
40082,4008201,'20261006',1540339
40082,4008201,'20261007',1540340
40082,4008201,'20261008',1540341
40082,4008201,'20261009',1540342
70054,7005400,'20260929',1561934,1561935
70054,7005400,'20260930',1561936,1561937
70054,7005400,'20261001',1561938,1561939
70054,7005400,'20261002',1485668
70054,7005400,'20261005',1508649
70054,7005400,'20261006',1540347
70054,7005400,'20261007',1540348
70054,7005400,'20261008',1540349
70054,7005400,'20261009',1540350
70054,7005401,'20260929',1561940,1561941
70054,7005401,'20260930',1561942,1561943
70054,7005401,'20261001',1561944,1561945
70054,7005401,'20261002',1485673
70054,7005401,'20261005',1508656
70054,7005401,'20261006',1540355
70054,7005401,'20261007',1540356
70054,7005401,'20261008',1540357
70054,7005401,'20261009',1540358
70055,7005500,'20260929',1561946,1561947
70055,7005500,'20260930',1561948,1561949
70055,7005500,'20261001',1561950,1561951
70055,7005500,'20261002',1485678
70055,7005500,'20261005',1508663
70055,7005500,'20261006',1540363
70055,7005500,'20261007',1540364
70055,7005500,'20261008',1540365
70055,7005500,'20261009',1540366
70055,7005501,'20260929',1561952,1561953
70055,7005501,'20260930',1561954,1561955
70055,7005501,'20261001',1561956,1561957
70055,7005501,'20261002',1485683
70055,7005501,'20261005',1508670
70055,7005501,'20261006',1540371
70055,7005501,'20261007',1540372
70055,7005501,'20261008',1540373
70055,7005501,'20261009',1540374
70080,7008000,'20260929',1561958
70080,7008000,'20260930',1561959
70080,7008000,'20261001',1561960
70080,7008000,'20261002',1485687
70080,7008000,'20261005',1508674
70080,7008000,'20261006',1540377
70080,7008000,'20261007',1540378
70080,7008000,'20261008',1540379
70080,7008000,'20261009',1540380
70080,7008001,'20260929',1561961
70080,7008001,'20260930',1561962
70080,7008001,'20261001',1561963
70080,7008001,'20261002',1485691
70080,7008001,'20261005',1508678
70080,7008001,'20261006',1540383
70080,7008001,'20261007',1540384
70080,7008001,'20261008',1540385
70080,7008001,'20261009',1540386
70084,7008400,'20260929',1561964,1561965
70084,7008400,'20260930',1561966,1561967
70084,7008400,'20261001',1561968,1561969
70084,7008400,'20261002',1485696
70084,7008400,'20261005',1508685
70084,7008400,'20261006',1540391
70084,7008400,'20261007',1540392
70084,7008400,'20261008',1540393
70084,7008400,'20261009',1540394
70084,7008401,'20260929',1561970,1561971
70084,7008401,'20260930',1561972,1561973
70084,7008401,'20261001',1561974,1561975
70084,7008401,'20261002',1485701
70084,7008401,'20261005',1508692
70084,7008401,'20261006',1540399
70084,7008401,'20261007',1540400
70084,7008401,'20261008',1540401
70084,7008401,'20261009',1540402
70090,7009002,'20260929',1561976,1561977
70090,7009002,'20260930',1561978,1561979
70090,7009002,'20261001',1561980,1561981
70090,7009002,'20261002',1485708,1485709
70090,7009002,'20261005',1508699,1508700
70090,7009002,'20261006',1540407,1540408
70090,7009002,'20261007',1540409,1540410
70090,7009002,'20261008',1540411,1540412
70090,7009002,'20261009',1540413,1540414
70090,7009003,'20260929',1561982,1561983
70090,7009003,'20260930',1561984,1561985
70090,7009003,'20261001',1561986,1561987
70090,7009003,'20261002',1485716,1485717
70090,7009003,'20261005',1508707,1508708
70090,7009003,'20261006',1540419,1540420
70090,7009003,'20261007',1540421,1540422
70090,7009003,'20261008',1540423,1540424
70090,7009003,'20261009',1540425,1540426
130082,13008200,'20260929',1561988,1561989
130082,13008200,'20260930',1561990,1561991
130082,13008200,'20261001',1561992,1561993
130082,13008200,'20261002',1485722
130082,13008200,'20261005',1508715
130082,13008200,'20261006',1540431
130082,13008200,'20261007',1540432
130082,13008200,'20261008',1540433
130082,13008200,'20261009',1540434
130082,13008201,'20260929',1561994,1561995
130082,13008201,'20260930',1561996,1561997
130082,13008201,'20261001',1561998,1561999
130082,13008201,'20261002',1485727
130082,13008201,'20261005',1508722
130082,13008201,'20261006',1540439
130082,13008201,'20261007',1540440
130082,13008201,'20261008',1540441
130082,13008201,'20261009',1540442
