503,'20261009',647,,1595667,9,,,0,74,,1595668,9,,,0,35,,1595669,9,,,0,65,,1595670,9,,,0,28,,1595671,9,,,0,68,,1595672,9,,,0,602,,1595673,9,,,0,32,,1595674,9,,,0,74,,1595675,9,,,0,27,,1595676,9,,,0,72,,1595677,9,,,0,27,,1595678,9,,,0,67,,1595679,9,,,0
503,'20261013',647,,1563954,9,,,0,74,,1563955,9,,,0,35,,1563956,9,,,0,65,,1563957,9,,,0,28,,1563958,9,,,0,68,,1563959,9,,,0,602,,1563960,9,,,0,32,,1563961,9,,,0,74,,1563962,9,,,0,27,,1563963,9,,,0,72,,1563964,9,,,0,27,,1563965,9,,,0,67,,1563966,9,,,0
503,'20261014',647,,1563967,9,,,0,74,,1563968,9,,,0,35,,1563969,9,,,0,65,,1563970,9,,,0,28,,1563971,9,,,0,68,,1563972,9,,,0,602,,1563973,9,,,0,32,,1563974,9,,,0,74,,1563975,9,,,0,27,,1563976,9,,,0,72,,1563977,9,,,0,27,,1563978,9,,,0,67,,1563979,9,,,0
503,'20261015',647,,1563980,9,,,0,74,,1563981,9,,,0,35,,1563982,9,,,0,65,,1563983,9,,,0,28,,1563984,9,,,0,68,,1563985,9,,,0,602,,1563986,9,,,0,32,,1563987,9,,,0,74,,1563988,9,,,0,27,,1563989,9,,,0,72,,1563990,9,,,0,27,,1563991,9,,,0,67,,1563992,9,,,0
503,'20261016',647,,1563993,9,,,0,74,,1563994,9,,,0,35,,1563995,9,,,0,65,,1563996,9,,,0,28,,1563997,9,,,0,68,,1563998,9,,,0,602,,1563999,9,,,0,32,,1564000,9,,,0,74,,1564001,9,,,0,27,,1564002,9,,,0,72,,1564003,9,,,0,27,,1564004,9,,,0,67,,1564005,9,,,0
503,'20261019',647,,1595680,9,,,0,74,,1595681,9,,,0,35,,1595682,9,,,0,65,,1595683,9,,,0,28,,1595684,9,,,0,68,,1595685,9,,,0,602,,1595686,9,,,0,32,,1595687,9,,,0,74,,1595688,9,,,0,27,,1595689,9,,,0,72,,1595690,9,,,0,27,,1595691,9,,,0,67,,1595692,9,,,0
503,'20261020',647,,1595693,9,,,0,74,,1595694,9,,,0,35,,1595695,9,,,0,65,,1595696,9,,,0,28,,1595697,9,,,0,68,,1595698,9,,,0,602,,1595699,9,,,0,32,,1595700,9,,,0,74,,1595701,9,,,0,27,,1595702,9,,,0,72,,1595703,9,,,0,27,,1595704,9,,,0,67,,1595705,9,,,0
503,'20261021',647,,1626852,9,,,0,74,,1626853,9,,,0,35,,1626854,9,,,0,65,,1626855,9,,,0,28,,1626856,9,,,0,68,,1626857,9,,,0,602,,1626858,9,,,0,32,,1626859,9,,,0,74,,1626860,9,,,0,27,,1626861,9,,,0,72,,1626862,9,,,0,27,,1626863,9,,,0,67,,1626864,9,,,0
503,'20261022',647,,1626865,9,,,0,74,,1626866,9,,,0,35,,1626867,9,,,0,65,,1626868,9,,,0,28,,1626869,9,,,0,68,,1626870,9,,,0,602,,1626871,9,,,0,32,,1626872,9,,,0,74,,1626873,9,,,0,27,,1626874,9,,,0,72,,1626875,9,,,0,27,,1626876,9,,,0,67,,1626877,9,,,0
503,'20261023',647,,1626878,9,,,0,74,,1626879,9,,,0,35,,1626880,9,,,0,65,,1626881,9,,,0,28,,1626882,9,,,0,68,,1626883,9,,,0,602,,1626884,9,,,0,32,,1626885,9,,,0,74,,1626886,9,,,0,27,,1626887,9,,,0,72,,1626888,9,,,0,27,,1626889,9,,,0,67,,1626890,9,,,0
1103,'20261009',557,,1596777,3,,,1,70,,1596778,3,,,1,28,,1596779,3,,,1,56,,1596780,3,,,1,15,,1596781,3,,,1,14,,1596782,3,,,1,14,,1596783,3,,,1,68,,1596784,3,,,1,30,,1596785,3,,,1,70,,1596786,3,,,1,30,,1596787,3,,,1,70,,1596788,3,,,1,30,,1596789,3,,,1,70,,1596790,3,,,1,30,,1596791,3,,,1,70,,1596792,3,,,1,30,,1596793,3,,,1,70,,1596794,3,,,1,31,,1596795,3,,,1,71,,1596796,3,,,1,30,,1596797,3,,,1,46,,1596798,3,,,1,4,,1596799,3,,,1,7,,1596800,3,,,1,5,,1596801,3,,,1,15,,1596802,3,,,1,15,,1596803,3,,,1,55,,1596804,3,,,1,16,,1596805,3,,,1,15,,1596806,3,,,1,14,,1596807,3,,,1,75,,1596808,3,,,1,28,,1596809,3,,,1,70,,1596810,3,,,1,31,,1596811,3,,,1,70,,1596812,3,,,1,31,,1596813,3,,,1,101,,1596814,3,,,1,100,,1596815,3,,,1,100,,1596816,3,,,1,99,,1596817,3,,,1
1103,'20261010',556,,1627563,3,,,1,100,,1627564,3,,,1,99,,1627565,3,,,1,70,,1627566,3,,,1,30,,1627567,3,,,1,70,,1627568,3,,,1,30,,1627569,3,,,1,69,,1627570,3,,,1,30,,1627571,3,,,1,69,,1627572,3,,,1,29,,1627573,3,,,1,69,,1627574,3,,,1,30,,1627575,3,,,1,70,,1627576,3,,,1,30,,1627577,3,,,1,71,,1627578,3,,,1,29,,1627579,3,,,1,73,,1627580,3,,,1,26,,1627581,3,,,1,70,,1627582,3,,,1,30,,1627583,3,,,1,74,,1627584,3,,,1,29,,1627585,3,,,1,70,,1627586,3,,,1,30,,1627587,3,,,1,70,,1627588,3,,,1,31,,1627589,3,,,1,101,,1627590,3,,,1,100,,1627591,3,,,1,101,,1627592,3,,,1,100,,1627593,3,,,1
1103,'20261011',556,,1627594,3,,,1,100,,1627595,3,,,1,99,,1627596,3,,,1,70,,1627597,3,,,1,30,,1627598,3,,,1,70,,1627599,3,,,1,30,,1627600,3,,,1,69,,1627601,3,,,1,30,,1627602,3,,,1,69,,1627603,3,,,1,29,,1627604,3,,,1,69,,1627605,3,,,1,30,,1627606,3,,,1,70,,1627607,3,,,1,30,,1627608,3,,,1,71,,1627609,3,,,1,29,,1627610,3,,,1,73,,1627611,3,,,1,26,,1627612,3,,,1,70,,1627613,3,,,1,30,,1627614,3,,,1,74,,1627615,3,,,1,29,,1627616,3,,,1,70,,1627617,3,,,1,30,,1627618,3,,,1,70,,1627619,3,,,1,31,,1627620,3,,,1,101,,1627621,3,,,1,100,,1627622,3,,,1,101,,1627623,3,,,1,100,,1627624,3,,,1
1103,'20261012',556,,1627625,3,,,1,100,,1627626,3,,,1,99,,1627627,3,,,1,70,,1627628,3,,,1,30,,1627629,3,,,1,70,,1627630,3,,,1,30,,1627631,3,,,1,69,,1627632,3,,,1,30,,1627633,3,,,1,69,,1627634,3,,,1,29,,1627635,3,,,1,69,,1627636,3,,,1,30,,1627637,3,,,1,70,,1627638,3,,,1,30,,1627639,3,,,1,71,,1627640,3,,,1,29,,1627641,3,,,1,73,,1627642,3,,,1,26,,1627643,3,,,1,70,,1627644,3,,,1,30,,1627645,3,,,1,74,,1627646,3,,,1,29,,1627647,3,,,1,70,,1627648,3,,,1,30,,1627649,3,,,1,70,,1627650,3,,,1,31,,1627651,3,,,1,101,,1627652,3,,,1,100,,1627653,3,,,1,101,,1627654,3,,,1,100,,1627655,3,,,1
1103,'20261013',557,,1565095,3,,,1,70,,1565094,3,,,1,28,,1565096,3,,,1,56,,1565129,3,,,1,15,,1565097,3,,,1,14,,1565093,3,,,1,14,,1565098,3,,,1,68,,1565099,3,,,1,30,,1565100,3,,,1,70,,1565101,3,,,1,30,,1565102,3,,,1,70,,1565108,3,,,1,30,,1565103,3,,,1,70,,1565104,3,,,1,30,,1565105,3,,,1,70,,1565106,3,,,1,30,,1565107,3,,,1,70,,1565109,3,,,1,31,,1565115,3,,,1,71,,1565118,3,,,1,30,,1565123,3,,,1,46,,1565121,3,,,1,4,,1565114,3,,,1,7,,1565130,3,,,1,5,,1565133,3,,,1,15,,1565113,3,,,1,15,,1565120,3,,,1,55,,1565131,3,,,1,16,,1565112,3,,,1,15,,1565132,3,,,1,14,,1565124,3,,,1,75,,1565125,3,,,1,28,,1565110,3,,,1,70,,1565111,3,,,1,31,,1565116,3,,,1,70,,1565119,3,,,1,31,,1565126,3,,,1,101,,1565128,3,,,1,100,,1565122,3,,,1,100,,1565127,3,,,1,99,,1565117,3,,,1
1103,'20261014',557,,1565136,3,,,1,70,,1565135,3,,,1,28,,1565137,3,,,1,56,,1565170,3,,,1,15,,1565138,3,,,1,14,,1565134,3,,,1,14,,1565139,3,,,1,68,,1565140,3,,,1,30,,1565141,3,,,1,70,,1565142,3,,,1,30,,1565143,3,,,1,70,,1565149,3,,,1,30,,1565144,3,,,1,70,,1565145,3,,,1,30,,1565146,3,,,1,70,,1565147,3,,,1,30,,1565148,3,,,1,70,,1565150,3,,,1,31,,1565156,3,,,1,71,,1565159,3,,,1,30,,1565164,3,,,1,46,,1565162,3,,,1,4,,1565155,3,,,1,7,,1565171,3,,,1,5,,1565174,3,,,1,15,,1565154,3,,,1,15,,1565161,3,,,1,55,,1565172,3,,,1,16,,1565153,3,,,1,15,,1565173,3,,,1,14,,1565165,3,,,1,75,,1565166,3,,,1,28,,1565151,3,,,1,70,,1565152,3,,,1,31,,1565157,3,,,1,70,,1565160,3,,,1,31,,1565167,3,,,1,101,,1565169,3,,,1,100,,1565163,3,,,1,100,,1565168,3,,,1,99,,1565158,3,,,1
1103,'20261015',557,,1565177,3,,,1,70,,1565176,3,,,1,28,,1565178,3,,,1,56,,1565211,3,,,1,15,,1565179,3,,,1,14,,1565175,3,,,1,14,,1565180,3,,,1,68,,1565181,3,,,1,30,,1565182,3,,,1,70,,1565183,3,,,1,30,,1565184,3,,,1,70,,1565190,3,,,1,30,,1565185,3,,,1,70,,1565186,3,,,1,30,,1565187,3,,,1,70,,1565188,3,,,1,30,,1565189,3,,,1,70,,1565191,3,,,1,31,,1565197,3,,,1,71,,1565200,3,,,1,30,,1565205,3,,,1,46,,1565203,3,,,1,4,,1565196,3,,,1,7,,1565212,3,,,1,5,,1565215,3,,,1,15,,1565195,3,,,1,15,,1565202,3,,,1,55,,1565213,3,,,1,16,,1565194,3,,,1,15,,1565214,3,,,1,14,,1565206,3,,,1,75,,1565207,3,,,1,28,,1565192,3,,,1,70,,1565193,3,,,1,31,,1565198,3,,,1,70,,1565201,3,,,1,31,,1565208,3,,,1,101,,1565210,3,,,1,100,,1565204,3,,,1,100,,1565209,3,,,1,99,,1565199,3,,,1
1103,'20261016',557,,1565218,3,,,1,70,,1565217,3,,,1,28,,1565219,3,,,1,56,,1565252,3,,,1,15,,1565220,3,,,1,14,,1565216,3,,,1,14,,1565221,3,,,1,68,,1565222,3,,,1,30,,1565223,3,,,1,70,,1565224,3,,,1,30,,1565225,3,,,1,70,,1565231,3,,,1,30,,1565226,3,,,1,70,,1565227,3,,,1,30,,1565228,3,,,1,70,,1565229,3,,,1,30,,1565230,3,,,1,70,,1565232,3,,,1,31,,1565238,3,,,1,71,,1565241,3,,,1,30,,1565246,3,,,1,46,,1565244,3,,,1,4,,1565237,3,,,1,7,,1565253,3,,,1,5,,1565256,3,,,1,15,,1565236,3,,,1,15,,1565243,3,,,1,55,,1565254,3,,,1,16,,1565235,3,,,1,15,,1565255,3,,,1,14,,1565247,3,,,1,75,,1565248,3,,,1,28,,1565233,3,,,1,70,,1565234,3,,,1,31,,1565239,3,,,1,70,,1565242,3,,,1,31,,1565249,3,,,1,101,,1565251,3,,,1,100,,1565245,3,,,1,100,,1565250,3,,,1,99,,1565240,3,,,1
1103,'20261017',556,,1596843,3,,,1,100,,1596842,3,,,1,99,,1596818,3,,,1,70,,1596819,3,,,1,30,,1596820,3,,,1,70,,1596821,3,,,1,30,,1596822,3,,,1,69,,1596823,3,,,1,30,,1596824,3,,,1,69,,1596825,3,,,1,29,,1596826,3,,,1,69,,1596827,3,,,1,30,,1596828,3,,,1,70,,1596829,3,,,1,30,,1596830,3,,,1,71,,1596831,3,,,1,29,,1596832,3,,,1,73,,1596833,3,,,1,26,,1596834,3,,,1,70,,1596835,3,,,1,30,,1596836,3,,,1,74,,1596837,3,,,1,29,,1596838,3,,,1,70,,1596839,3,,,1,30,,1596844,3,,,1,70,,1596840,3,,,1,31,,1596845,3,,,1,101,,1596846,3,,,1,100,,1596847,3,,,1,101,,1596848,3,,,1,100,,1596841,3,,,1
1103,'20261018',556,,1596878,3,,,1,100,,1596849,3,,,1,99,,1596850,3,,,1,70,,1596851,3,,,1,30,,1596852,3,,,1,70,,1596853,3,,,1,30,,1596854,3,,,1,69,,1596856,3,,,1,30,,1596857,3,,,1,69,,1596858,3,,,1,29,,1596855,3,,,1,69,,1596859,3,,,1,30,,1596860,3,,,1,70,,1596861,3,,,1,30,,1596862,3,,,1,71,,1596863,3,,,1,29,,1596864,3,,,1,73,,1596865,3,,,1,26,,1596866,3,,,1,70,,1596867,3,,,1,30,,1596868,3,,,1,74,,1596869,3,,,1,29,,1596870,3,,,1,70,,1596871,3,,,1,30,,1596872,3,,,1,70,,1596879,3,,,1,31,,1596873,3,,,1,101,,1596874,3,,,1,100,,1596875,3,,,1,101,,1596876,3,,,1,100,,1596877,3,,,1
1103,'20261019',557,,1596882,3,,,1,70,,1596881,3,,,1,28,,1596883,3,,,1,56,,1596916,3,,,1,15,,1596884,3,,,1,14,,1596880,3,,,1,14,,1596885,3,,,1,68,,1596886,3,,,1,30,,1596887,3,,,1,70,,1596888,3,,,1,30,,1596889,3,,,1,70,,1596895,3,,,1,30,,1596890,3,,,1,70,,1596891,3,,,1,30,,1596892,3,,,1,70,,1596893,3,,,1,30,,1596894,3,,,1,70,,1596896,3,,,1,31,,1596902,3,,,1,71,,1596905,3,,,1,30,,1596910,3,,,1,46,,1596908,3,,,1,4,,1596901,3,,,1,7,,1596917,3,,,1,5,,1596920,3,,,1,15,,1596900,3,,,1,15,,1596907,3,,,1,55,,1596918,3,,,1,16,,1596899,3,,,1,15,,1596919,3,,,1,14,,1596911,3,,,1,75,,1596912,3,,,1,28,,1596897,3,,,1,70,,1596898,3,,,1,31,,1596903,3,,,1,70,,1596906,3,,,1,31,,1596913,3,,,1,101,,1596915,3,,,1,100,,1596909,3,,,1,100,,1596914,3,,,1,99,,1596904,3,,,1
1103,'20261020',557,,1596923,3,,,1,70,,1596922,3,,,1,28,,1596924,3,,,1,56,,1596957,3,,,1,15,,1596925,3,,,1,14,,1596921,3,,,1,14,,1596926,3,,,1,68,,1596927,3,,,1,30,,1596928,3,,,1,70,,1596929,3,,,1,30,,1596930,3,,,1,70,,1596936,3,,,1,30,,1596931,3,,,1,70,,1596932,3,,,1,30,,1596933,3,,,1,70,,1596934,3,,,1,30,,1596935,3,,,1,70,,1596937,3,,,1,31,,1596943,3,,,1,71,,1596946,3,,,1,30,,1596951,3,,,1,46,,1596949,3,,,1,4,,1596942,3,,,1,7,,1596958,3,,,1,5,,1596961,3,,,1,15,,1596941,3,,,1,15,,1596948,3,,,1,55,,1596959,3,,,1,16,,1596940,3,,,1,15,,1596960,3,,,1,14,,1596952,3,,,1,75,,1596953,3,,,1,28,,1596938,3,,,1,70,,1596939,3,,,1,31,,1596944,3,,,1,70,,1596947,3,,,1,31,,1596954,3,,,1,101,,1596956,3,,,1,100,,1596950,3,,,1,100,,1596955,3,,,1,99,,1596945,3,,,1
1103,'20261021',557,,1627658,3,,,1,70,,1627657,3,,,1,28,,1627659,3,,,1,56,,1627692,3,,,1,15,,1627660,3,,,1,14,,1627656,3,,,1,14,,1627661,3,,,1,68,,1627662,3,,,1,30,,1627663,3,,,1,70,,1627664,3,,,1,30,,1627665,3,,,1,70,,1627671,3,,,1,30,,1627666,3,,,1,70,,1627667,3,,,1,30,,1627668,3,,,1,70,,1627669,3,,,1,30,,1627670,3,,,1,70,,1627672,3,,,1,31,,1627678,3,,,1,71,,1627681,3,,,1,30,,1627686,3,,,1,46,,1627684,3,,,1,4,,1627677,3,,,1,7,,1627693,3,,,1,5,,1627696,3,,,1,15,,1627676,3,,,1,15,,1627683,3,,,1,55,,1627694,3,,,1,16,,1627675,3,,,1,15,,1627695,3,,,1,14,,1627687,3,,,1,75,,1627688,3,,,1,28,,1627673,3,,,1,70,,1627674,3,,,1,31,,1627679,3,,,1,70,,1627682,3,,,1,31,,1627689,3,,,1,101,,1627691,3,,,1,100,,1627685,3,,,1,100,,1627690,3,,,1,99,,1627680,3,,,1
1103,'20261022',557,,1627699,3,,,1,70,,1627698,3,,,1,28,,1627700,3,,,1,56,,1627733,3,,,1,15,,1627701,3,,,1,14,,1627697,3,,,1,14,,1627702,3,,,1,68,,1627703,3,,,1,30,,1627704,3,,,1,70,,1627705,3,,,1,30,,1627706,3,,,1,70,,1627712,3,,,1,30,,1627707,3,,,1,70,,1627708,3,,,1,30,,1627709,3,,,1,70,,1627710,3,,,1,30,,1627711,3,,,1,70,,1627713,3,,,1,31,,1627719,3,,,1,71,,1627722,3,,,1,30,,1627727,3,,,1,46,,1627725,3,,,1,4,,1627718,3,,,1,7,,1627734,3,,,1,5,,1627737,3,,,1,15,,1627717,3,,,1,15,,1627724,3,,,1,55,,1627735,3,,,1,16,,1627716,3,,,1,15,,1627736,3,,,1,14,,1627728,3,,,1,75,,1627729,3,,,1,28,,1627714,3,,,1,70,,1627715,3,,,1,31,,1627720,3,,,1,70,,1627723,3,,,1,31,,1627730,3,,,1,101,,1627732,3,,,1,100,,1627726,3,,,1,100,,1627731,3,,,1,99,,1627721,3,,,1
1103,'20261023',557,,1627740,3,,,1,70,,1627739,3,,,1,28,,1627741,3,,,1,56,,1627774,3,,,1,15,,1627742,3,,,1,14,,1627738,3,,,1,14,,1627743,3,,,1,68,,1627744,3,,,1,30,,1627745,3,,,1,70,,1627746,3,,,1,30,,1627747,3,,,1,70,,1627753,3,,,1,30,,1627748,3,,,1,70,,1627749,3,,,1,30,,1627750,3,,,1,70,,1627751,3,,,1,30,,1627752,3,,,1,70,,1627754,3,,,1,31,,1627760,3,,,1,71,,1627763,3,,,1,30,,1627768,3,,,1,46,,1627766,3,,,1,4,,1627759,3,,,1,7,,1627775,3,,,1,5,,1627778,3,,,1,15,,1627758,3,,,1,15,,1627765,3,,,1,55,,1627776,3,,,1,16,,1627757,3,,,1,15,,1627777,3,,,1,14,,1627769,3,,,1,75,,1627770,3,,,1,28,,1627755,3,,,1,70,,1627756,3,,,1,31,,1627761,3,,,1,70,,1627764,3,,,1,31,,1627771,3,,,1,101,,1627773,3,,,1,100,,1627767,3,,,1,100,,1627772,3,,,1,99,,1627762,3,,,1
23101,'20261009',709,,1611540,8,4,,0,29,,1611541,8,4,,0,73,,1611542,8,4,,0,22,,1611543,8,4,,0
23101,'20261013',709,,1579797,8,4,,0,29,,1579798,8,4,,0,73,,1579795,8,4,,0,22,,1579796,8,4,,0
23101,'20261014',709,,1579801,8,4,,0,29,,1579802,8,4,,0,73,,1579799,8,4,,0,22,,1579800,8,4,,0
23101,'20261015',709,,1579805,8,4,,0,29,,1579806,8,4,,0,73,,1579803,8,4,,0,22,,1579804,8,4,,0
23101,'20261016',709,,1579809,8,4,,0,29,,1579810,8,4,,0,73,,1579807,8,4,,0,22,,1579808,8,4,,0
23101,'20261019',709,,1611546,8,4,,0,29,,1611547,8,4,,0,73,,1611544,8,4,,0,22,,1611545,8,4,,0
23101,'20261020',709,,1611550,8,4,,0,29,,1611551,8,4,,0,73,,1611548,8,4,,0,22,,1611549,8,4,,0
23101,'20261021',709,,1637756,8,4,,0,29,,1637757,8,4,,0,73,,1637754,8,4,,0,22,,1637755,8,4,,0
23101,'20261022',709,,1637760,8,4,,0,29,,1637761,8,4,,0,73,,1637758,8,4,,0,22,,1637759,8,4,,0
23101,'20261023',709,,1637764,8,4,,0,29,,1637765,8,4,,0,73,,1637762,8,4,,0,22,,1637763,8,4,,0
23601,'20261009',701,,1611603,54,4,,0,12,,1611604,54,4,,0,28,,1611605,54,4,,0,69,,1611606,54,4,,0,33,,1611607,54,4,,0
23601,'20261013',701,,1579857,54,4,,0,12,,1579858,54,4,,0,28,,1579861,54,4,,0,69,,1579859,54,4,,0,33,,1579860,54,4,,0
23601,'20261014',701,,1579862,54,4,,0,12,,1579863,54,4,,0,28,,1579866,54,4,,0,69,,1579864,54,4,,0,33,,1579865,54,4,,0
23601,'20261015',701,,1579867,54,4,,0,12,,1579868,54,4,,0,28,,1579871,54,4,,0,69,,1579869,54,4,,0,33,,1579870,54,4,,0
23601,'20261016',701,,1579872,54,4,,0,12,,1579873,54,4,,0,28,,1579876,54,4,,0,69,,1579874,54,4,,0,33,,1579875,54,4,,0
23601,'20261019',701,,1611608,54,4,,0,12,,1611609,54,4,,0,28,,1611612,54,4,,0,69,,1611610,54,4,,0,33,,1611611,54,4,,0
23601,'20261020',701,,1611613,54,4,,0,12,,1611614,54,4,,0,28,,1611617,54,4,,0,69,,1611615,54,4,,0,33,,1611616,54,4,,0
23601,'20261021',701,,1637784,54,4,,0,12,,1637785,54,4,,0,28,,1637788,54,4,,0,69,,1637786,54,4,,0,33,,1637787,54,4,,0
23601,'20261022',701,,1637789,54,4,,0,12,,1637790,54,4,,0,28,,1637793,54,4,,0,69,,1637791,54,4,,0,33,,1637792,54,4,,0
23601,'20261023',701,,1637794,54,4,,0,12,,1637795,54,4,,0,28,,1637798,54,4,,0,69,,1637796,54,4,,0,33,,1637797,54,4,,0
23701,'20261009',641,,1611684,31,4,,0,15,,1611685,31,4,,0,71,,1611686,31,4,,0,25,,1611687,31,4,,0,61,,1611688,31,4,,0,27,,1611689,31,4,,0
23701,'20261013',641,,1579937,31,4,,0,15,,1579938,31,4,,0,71,,1579939,31,4,,0,25,,1579940,31,4,,0,61,,1579941,31,4,,0,27,,1579942,31,4,,0
23701,'20261014',641,,1579943,31,4,,0,15,,1579944,31,4,,0,71,,1579945,31,4,,0,25,,1579946,31,4,,0,61,,1579947,31,4,,0,27,,1579948,31,4,,0
23701,'20261015',641,,1579949,31,4,,0,15,,1579950,31,4,,0,71,,1579951,31,4,,0,25,,1579952,31,4,,0,61,,1579953,31,4,,0,27,,1579954,31,4,,0
23701,'20261016',641,,1579955,31,4,,0,15,,1579956,31,4,,0,71,,1579957,31,4,,0,25,,1579958,31,4,,0,61,,1579959,31,4,,0,27,,1579960,31,4,,0
23701,'20261019',641,,1611690,31,4,,0,15,,1611691,31,4,,0,71,,1611692,31,4,,0,25,,1611693,31,4,,0,61,,1611694,31,4,,0,27,,1611695,31,4,,0
23701,'20261020',641,,1611696,31,4,,0,15,,1611697,31,4,,0,71,,1611698,31,4,,0,25,,1611699,31,4,,0,61,,1611700,31,4,,0,27,,1611701,31,4,,0
23701,'20261021',641,,1637823,31,4,,0,15,,1637824,31,4,,0,71,,1637825,31,4,,0,25,,1637826,31,4,,0,61,,1637827,31,4,,0,27,,1637828,31,4,,0
23701,'20261022',641,,1637829,31,4,,0,15,,1637830,31,4,,0,71,,1637831,31,4,,0,25,,1637832,31,4,,0,61,,1637833,31,4,,0,27,,1637834,31,4,,0
23701,'20261023',641,,1637835,31,4,,0,15,,1637836,31,4,,0,71,,1637837,31,4,,0,25,,1637838,31,4,,0,61,,1637839,31,4,,0,27,,1637840,31,4,,0
23801,'20261009',710,,1611738,41,4,,0,17,,1611739,41,4,,0,13,,1611740,41,4,,0,67,,1611741,41,4,,0
23801,'20261013',710,,1579993,41,4,,0,17,,1579994,41,4,,0,13,,1579995,41,4,,0,67,,1579996,41,4,,0
23801,'20261014',710,,1579997,41,4,,0,17,,1579998,41,4,,0,13,,1579999,41,4,,0,67,,1580000,41,4,,0
23801,'20261015',710,,1580001,41,4,,0,17,,1580002,41,4,,0,13,,1580003,41,4,,0,67,,1580004,41,4,,0
23801,'20261016',710,,1580005,41,4,,0,17,,1580006,41,4,,0,13,,1580007,41,4,,0,67,,1580008,41,4,,0
23801,'20261019',710,,1611742,41,4,,0,17,,1611743,41,4,,0,13,,1611744,41,4,,0,67,,1611745,41,4,,0
23801,'20261020',710,,1611746,41,4,,0,17,,1611747,41,4,,0,13,,1611748,41,4,,0,67,,1611749,41,4,,0
23801,'20261021',710,,1637853,41,4,,0,17,,1637854,41,4,,0,13,,1637855,41,4,,0,67,,1637856,41,4,,0
23801,'20261022',710,,1637857,41,4,,0,17,,1637858,41,4,,0,13,,1637859,41,4,,0,67,,1637860,41,4,,0
23801,'20261023',710,,1637861,41,4,,0,17,,1637862,41,4,,0,13,,1637863,41,4,,0,67,,1637864,41,4,,0
25001,'20261009',640,,1611820,28,4,,0,67,,1611821,28,4,,0,28,,1611822,28,4,,0,71,,1611823,28,4,,0,17,,1611819,28,4,,0,15,,1611824,28,4,,0,1,,1611825,28,4,,0
25001,'20261013',640,,1580071,28,4,,0,67,,1580072,28,4,,0,28,,1580073,28,4,,0,71,,1580074,28,4,,0,32,,1580075,28,4,,0,1,,1580076,28,4,,0
25001,'20261014',640,,1580077,28,4,,0,67,,1580078,28,4,,0,28,,1580079,28,4,,0,71,,1580080,28,4,,0,32,,1580081,28,4,,0,1,,1580082,28,4,,0
25001,'20261015',640,,1580083,28,4,,0,67,,1580084,28,4,,0,28,,1580085,28,4,,0,71,,1580086,28,4,,0,32,,1580087,28,4,,0,1,,1580088,28,4,,0
25001,'20261016',640,,1580089,28,4,,0,67,,1580090,28,4,,0,28,,1580091,28,4,,0,71,,1580092,28,4,,0,32,,1580093,28,4,,0,1,,1580094,28,4,,0
25001,'20261019',640,,1611826,28,4,,0,67,,1611827,28,4,,0,28,,1611828,28,4,,0,71,,1611829,28,4,,0,32,,1611830,28,4,,0,1,,1611831,28,4,,0
25001,'20261020',640,,1611832,28,4,,0,67,,1611833,28,4,,0,28,,1611834,28,4,,0,71,,1611835,28,4,,0,32,,1611836,28,4,,0,1,,1611837,28,4,,0
25001,'20261021',640,,1637889,28,4,,0,67,,1637890,28,4,,0,28,,1637891,28,4,,0,71,,1637892,28,4,,0,32,,1637893,28,4,,0,1,,1637894,28,4,,0
25001,'20261022',640,,1637895,28,4,,0,67,,1637896,28,4,,0,28,,1637897,28,4,,0,71,,1637898,28,4,,0,32,,1637899,28,4,,0,1,,1637900,28,4,,0
25001,'20261023',640,,1637901,28,4,,0,67,,1637902,28,4,,0,28,,1637903,28,4,,0,71,,1637904,28,4,,0,32,,1637905,28,4,,0,1,,1637906,28,4,,0
25101,'20261009',709,,1611871,23,4,,0,29,,1611872,23,4,,0,71,,1611873,23,4,,0
25101,'20261013',709,,1580125,23,4,,0,29,,1580126,23,4,,0,71,,1580127,23,4,,0
25101,'20261014',709,,1580128,23,4,,0,29,,1580129,23,4,,0,71,,1580130,23,4,,0
25101,'20261015',709,,1580131,23,4,,0,29,,1580132,23,4,,0,71,,1580133,23,4,,0
25101,'20261016',709,,1580134,23,4,,0,29,,1580135,23,4,,0,71,,1580136,23,4,,0
25101,'20261019',709,,1611874,23,4,,0,29,,1611875,23,4,,0,71,,1611876,23,4,,0
25101,'20261020',709,,1611877,23,4,,0,29,,1611878,23,4,,0,71,,1611879,23,4,,0
25101,'20261021',709,,1637919,23,4,,0,29,,1637920,23,4,,0,71,,1637921,23,4,,0
25101,'20261022',709,,1637922,23,4,,0,29,,1637923,23,4,,0,71,,1637924,23,4,,0
25101,'20261023',709,,1637925,23,4,,0,29,,1637926,23,4,,0,71,,1637927,23,4,,0
25301,'20261009',708,,1611916,35,4,,0,28,,1611917,35,4,,0,71,,1611918,35,4,,0,32,,1611919,35,4,,0
25301,'20261013',708,,1580169,35,4,,0,28,,1580170,35,4,,0,71,,1580171,35,4,,0,32,,1580172,35,4,,0
25301,'20261014',708,,1580173,35,4,,0,28,,1580174,35,4,,0,71,,1580175,35,4,,0,32,,1580176,35,4,,0
25301,'20261015',708,,1580177,35,4,,0,28,,1580178,35,4,,0,71,,1580179,35,4,,0,32,,1580180,35,4,,0
25301,'20261016',708,,1580181,35,4,,0,28,,1580182,35,4,,0,71,,1580183,35,4,,0,32,,1580184,35,4,,0
25301,'20261019',708,,1611920,35,4,,0,28,,1611921,35,4,,0,71,,1611922,35,4,,0,32,,1611923,35,4,,0
25301,'20261020',708,,1611924,35,4,,0,28,,1611925,35,4,,0,71,,1611926,35,4,,0,32,,1611927,35,4,,0
25301,'20261021',708,,1637940,35,4,,0,28,,1637941,35,4,,0,71,,1637942,35,4,,0,32,,1637943,35,4,,0
25301,'20261022',708,,1637944,35,4,,0,28,,1637945,35,4,,0,71,,1637946,35,4,,0,32,,1637947,35,4,,0
25301,'20261023',708,,1637948,35,4,,0,28,,1637949,35,4,,0,71,,1637950,35,4,,0,32,,1637951,35,4,,0
25401,'20261009',641,,1611986,37,4,,0,69,,1611987,37,4,,0,29,,1611988,37,4,,0,19,,1611989,37,4,,0,51,,1611990,37,4,,0,31,,1611991,37,4,,0
25401,'20261013',641,,1580235,37,4,,0,69,,1580236,37,4,,0,29,,1580237,37,4,,0,19,,1580238,37,4,,0,51,,1580239,37,4,,0,31,,1580240,37,4,,0
25401,'20261014',641,,1580241,37,4,,0,69,,1580242,37,4,,0,29,,1580243,37,4,,0,19,,1580244,37,4,,0,51,,1580245,37,4,,0,31,,1580246,37,4,,0
25401,'20261015',641,,1580247,37,4,,0,69,,1580248,37,4,,0,29,,1580249,37,4,,0,19,,1580250,37,4,,0,51,,1580251,37,4,,0,31,,1580252,37,4,,0
25401,'20261016',641,,1580253,37,4,,0,69,,1580254,37,4,,0,29,,1580255,37,4,,0,19,,1580256,37,4,,0,51,,1580257,37,4,,0,31,,1580258,37,4,,0
25401,'20261019',641,,1611992,37,4,,0,69,,1611993,37,4,,0,29,,1611994,37,4,,0,19,,1611995,37,4,,0,51,,1611996,37,4,,0,31,,1611997,37,4,,0
25401,'20261020',641,,1611998,37,4,,0,69,,1611999,37,4,,0,29,,1612000,37,4,,0,19,,1612001,37,4,,0,51,,1612002,37,4,,0,31,,1612003,37,4,,0
25401,'20261021',641,,1637970,37,4,,0,69,,1637971,37,4,,0,29,,1637972,37,4,,0,19,,1637973,37,4,,0,51,,1637974,37,4,,0,31,,1637975,37,4,,0
25401,'20261022',641,,1637976,37,4,,0,69,,1637977,37,4,,0,29,,1637978,37,4,,0,19,,1637979,37,4,,0,51,,1637980,37,4,,0,31,,1637981,37,4,,0
25401,'20261023',641,,1637982,37,4,,0,69,,1637983,37,4,,0,29,,1637984,37,4,,0,19,,1637985,37,4,,0,51,,1637986,37,4,,0,31,,1637987,37,4,,0
25501,'20261009',708,,1612040,40,4,,0,29,,1612041,40,4,,0,19,,1612042,40,4,,0,53,,1612043,40,4,,0
25501,'20261013',708,,1580291,40,4,,0,29,,1580292,40,4,,0,19,,1580293,40,4,,0,53,,1580294,40,4,,0
25501,'20261014',708,,1580295,40,4,,0,29,,1580296,40,4,,0,19,,1580297,40,4,,0,53,,1580298,40,4,,0
25501,'20261015',708,,1580299,40,4,,0,29,,1580300,40,4,,0,19,,1580301,40,4,,0,53,,1580302,40,4,,0
25501,'20261016',708,,1580303,40,4,,0,29,,1580304,40,4,,0,19,,1580305,40,4,,0,53,,1580306,40,4,,0
25501,'20261019',708,,1612044,40,4,,0,29,,1612045,40,4,,0,19,,1612046,40,4,,0,53,,1612047,40,4,,0
25501,'20261020',708,,1612048,40,4,,0,29,,1612049,40,4,,0,19,,1612050,40,4,,0,53,,1612051,40,4,,0
25501,'20261021',708,,1638000,40,4,,0,29,,1638001,40,4,,0,19,,1638002,40,4,,0,53,,1638003,40,4,,0
25501,'20261022',708,,1638004,40,4,,0,29,,1638005,40,4,,0,19,,1638006,40,4,,0,53,,1638007,40,4,,0
25501,'20261023',708,,1638008,40,4,,0,29,,1638009,40,4,,0,19,,1638010,40,4,,0,53,,1638011,40,4,,0
25701,'20261009',710,,1612085,33,4,,0,26,,1612086,33,4,,0,70,,1612087,33,4,,0
25701,'20261013',710,,1580337,33,4,,0,26,,1580338,33,4,,0,70,,1580339,33,4,,0
25701,'20261014',710,,1580340,33,4,,0,26,,1580341,33,4,,0,70,,1580342,33,4,,0
25701,'20261015',710,,1580343,33,4,,0,26,,1580344,33,4,,0,70,,1580345,33,4,,0
25701,'20261016',710,,1580346,33,4,,0,26,,1580347,33,4,,0,70,,1580348,33,4,,0
25701,'20261019',710,,1612088,33,4,,0,26,,1612089,33,4,,0,70,,1612090,33,4,,0
25701,'20261020',710,,1612091,33,4,,0,26,,1612092,33,4,,0,70,,1612093,33,4,,0
25701,'20261021',710,,1638024,33,4,,0,26,,1638025,33,4,,0,70,,1638026,33,4,,0
25701,'20261022',710,,1638027,33,4,,0,26,,1638028,33,4,,0,70,,1638029,33,4,,0
25701,'20261023',710,,1638030,33,4,,0,26,,1638031,33,4,,0,70,,1638032,33,4,,0
25801,'20261009',710,,1612130,43,4,,0,21,,1612131,43,4,,0,76,,1612132,43,4,,0,33,,1612133,43,4,,0
25801,'20261013',710,,1580381,43,4,,0,21,,1580382,43,4,,0,76,,1580383,43,4,,0,33,,1580384,43,4,,0
25801,'20261014',710,,1580385,43,4,,0,21,,1580386,43,4,,0,76,,1580387,43,4,,0,33,,1580388,43,4,,0
25801,'20261015',710,,1580389,43,4,,0,21,,1580390,43,4,,0,76,,1580391,43,4,,0,33,,1580392,43,4,,0
25801,'20261016',710,,1580393,43,4,,0,21,,1580394,43,4,,0,76,,1580395,43,4,,0,33,,1580396,43,4,,0
25801,'20261019',710,,1612134,43,4,,0,21,,1612135,43,4,,0,76,,1612136,43,4,,0,33,,1612137,43,4,,0
25801,'20261020',710,,1612138,43,4,,0,21,,1612139,43,4,,0,76,,1612140,43,4,,0,33,,1612141,43,4,,0
25801,'20261021',710,,1638045,43,4,,0,21,,1638046,43,4,,0,76,,1638047,43,4,,0,33,,1638048,43,4,,0
25801,'20261022',710,,1638049,43,4,,0,21,,1638050,43,4,,0,76,,1638051,43,4,,0,33,,1638052,43,4,,0
25801,'20261023',710,,1638053,43,4,,0,21,,1638054,43,4,,0,76,,1638055,43,4,,0,33,,1638056,43,4,,0
27001,'20261009',642,,1612221,47,4,,0,13,,1612222,47,4,,0,47,,1612223,47,4,,0,17,,1612224,47,4,,0,13,,1612225,47,4,,0,25,,1612220,28,4,,0,2,,1612226,47,4,,0,48,,1612227,47,4,,0,16,,1612228,47,4,,0,19,,1612229,47,4,,0
27001,'20261013',642,,1580465,47,4,,0,13,,1580466,47,4,,0,47,,1580467,47,4,,0,17,,1580468,47,4,,0,13,,1580469,47,4,,0,27,,1580470,47,4,,0,48,,1580471,47,4,,0,16,,1580472,47,4,,0,19,,1580473,47,4,,0
27001,'20261014',642,,1580474,47,4,,0,13,,1580475,47,4,,0,47,,1580476,47,4,,0,17,,1580477,47,4,,0,13,,1580478,47,4,,0,27,,1580479,47,4,,0,48,,1580480,47,4,,0,16,,1580481,47,4,,0,19,,1580482,47,4,,0
27001,'20261015',642,,1580483,47,4,,0,13,,1580484,47,4,,0,47,,1580485,47,4,,0,17,,1580486,47,4,,0,13,,1580487,47,4,,0,27,,1580488,47,4,,0,48,,1580489,47,4,,0,16,,1580490,47,4,,0,19,,1580491,47,4,,0
27001,'20261016',642,,1580492,47,4,,0,13,,1580493,47,4,,0,47,,1580494,47,4,,0,17,,1580495,47,4,,0,13,,1580496,47,4,,0,27,,1580497,47,4,,0,48,,1580498,47,4,,0,16,,1580499,47,4,,0,19,,1580500,47,4,,0
27001,'20261019',642,,1612230,47,4,,0,13,,1612231,47,4,,0,47,,1612232,47,4,,0,17,,1612233,47,4,,0,13,,1612234,47,4,,0,27,,1612235,47,4,,0,48,,1612236,47,4,,0,16,,1612237,47,4,,0,19,,1612238,47,4,,0
27001,'20261020',642,,1612239,47,4,,0,13,,1612240,47,4,,0,47,,1612241,47,4,,0,17,,1612242,47,4,,0,13,,1612243,47,4,,0,27,,1612244,47,4,,0,48,,1612245,47,4,,0,16,,1612246,47,4,,0,19,,1612247,47,4,,0
27001,'20261021',642,,1638081,47,4,,0,13,,1638082,47,4,,0,47,,1638083,47,4,,0,17,,1638084,47,4,,0,13,,1638085,47,4,,0,27,,1638086,47,4,,0,48,,1638087,47,4,,0,16,,1638088,47,4,,0,19,,1638089,47,4,,0
27001,'20261022',642,,1638090,47,4,,0,13,,1638091,47,4,,0,47,,1638092,47,4,,0,17,,1638093,47,4,,0,13,,1638094,47,4,,0,27,,1638095,47,4,,0,48,,1638096,47,4,,0,16,,1638097,47,4,,0,19,,1638098,47,4,,0
27001,'20261023',642,,1638099,47,4,,0,13,,1638100,47,4,,0,47,,1638101,47,4,,0,17,,1638102,47,4,,0,13,,1638103,47,4,,0,27,,1638104,47,4,,0,48,,1638105,47,4,,0,16,,1638106,47,4,,0,19,,1638107,47,4,,0
27201,'20261009',701,,1612293,56,4,,0,26,,1612294,56,4,,0,32,,1612295,56,4,,0,54,,1612296,56,4,,0,28,,1612297,56,4,,0
27201,'20261013',701,,1580545,56,4,,0,26,,1580542,56,4,,0,32,,1580541,56,4,,0,54,,1580544,56,4,,0,28,,1580543,56,4,,0
27201,'20261014',701,,1580550,56,4,,0,26,,1580547,56,4,,0,32,,1580546,56,4,,0,54,,1580549,56,4,,0,28,,1580548,56,4,,0
27201,'20261015',701,,1580555,56,4,,0,26,,1580552,56,4,,0,32,,1580551,56,4,,0,54,,1580554,56,4,,0,28,,1580553,56,4,,0
27201,'20261016',701,,1580560,56,4,,0,26,,1580557,56,4,,0,32,,1580556,56,4,,0,54,,1580559,56,4,,0,28,,1580558,56,4,,0
27201,'20261019',701,,1612302,56,4,,0,26,,1612299,56,4,,0,32,,1612298,56,4,,0,54,,1612301,56,4,,0,28,,1612300,56,4,,0
27201,'20261020',701,,1612307,56,4,,0,26,,1612304,56,4,,0,32,,1612303,56,4,,0,54,,1612306,56,4,,0,28,,1612305,56,4,,0
27201,'20261021',701,,1638127,56,4,,0,26,,1638124,56,4,,0,32,,1638123,56,4,,0,54,,1638126,56,4,,0,28,,1638125,56,4,,0
27201,'20261022',701,,1638132,56,4,,0,26,,1638129,56,4,,0,32,,1638128,56,4,,0,54,,1638131,56,4,,0,28,,1638130,56,4,,0
27201,'20261023',701,,1638137,56,4,,0,26,,1638134,56,4,,0,32,,1638133,56,4,,0,54,,1638136,56,4,,0,28,,1638135,56,4,,0
27301,'20261009',657,,1612344,57,4,,0,67,,1612345,57,4,,0,91,,1612346,57,4,,0,29,,1612347,57,4,,0
27301,'20261013',657,,1580593,57,4,,0,67,,1580594,57,4,,0,91,,1580595,57,4,,0,29,,1580596,57,4,,0
27301,'20261014',657,,1580597,57,4,,0,67,,1580598,57,4,,0,91,,1580599,57,4,,0,29,,1580600,57,4,,0
27301,'20261015',657,,1580601,57,4,,0,67,,1580602,57,4,,0,91,,1580603,57,4,,0,29,,1580604,57,4,,0
27301,'20261016',657,,1580605,57,4,,0,67,,1580606,57,4,,0,91,,1580607,57,4,,0,29,,1580608,57,4,,0
27301,'20261019',657,,1612348,57,4,,0,67,,1612349,57,4,,0,91,,1612350,57,4,,0,29,,1612351,57,4,,0
27301,'20261020',657,,1612352,57,4,,0,67,,1612353,57,4,,0,91,,1612354,57,4,,0,29,,1612355,57,4,,0
27301,'20261021',657,,1638150,57,4,,0,67,,1638151,57,4,,0,91,,1638152,57,4,,0,29,,1638153,57,4,,0
27301,'20261022',657,,1638154,57,4,,0,67,,1638155,57,4,,0,91,,1638156,57,4,,0,29,,1638157,57,4,,0
27301,'20261023',657,,1638158,57,4,,0,67,,1638159,57,4,,0,91,,1638160,57,4,,0,29,,1638161,57,4,,0
27401,'20261009',709,,1612401,43,4,,0,28,,1612402,43,4,,0,71,,1612403,43,4,,0,7,,1612404,43,4,,0,31,,1612405,43,4,,0
27401,'20261013',709,,1580649,43,4,,0,28,,1580650,43,4,,0,71,,1580651,43,4,,0,7,,1580653,43,4,,0,31,,1580652,43,4,,0
27401,'20261014',709,,1580654,43,4,,0,28,,1580655,43,4,,0,71,,1580656,43,4,,0,7,,1580658,43,4,,0,31,,1580657,43,4,,0
27401,'20261015',709,,1580659,43,4,,0,28,,1580660,43,4,,0,71,,1580661,43,4,,0,7,,1580663,43,4,,0,31,,1580662,43,4,,0
27401,'20261016',709,,1580664,43,4,,0,28,,1580665,43,4,,0,71,,1580666,43,4,,0,7,,1580668,43,4,,0,31,,1580667,43,4,,0
27401,'20261019',709,,1612406,43,4,,0,28,,1612407,43,4,,0,71,,1612408,43,4,,0,7,,1612410,43,4,,0,31,,1612409,43,4,,0
27401,'20261020',709,,1612411,43,4,,0,28,,1612412,43,4,,0,71,,1612413,43,4,,0,7,,1612415,43,4,,0,31,,1612414,43,4,,0
27401,'20261021',709,,1638177,43,4,,0,28,,1638178,43,4,,0,71,,1638179,43,4,,0,7,,1638181,43,4,,0,31,,1638180,43,4,,0
27401,'20261022',709,,1638182,43,4,,0,28,,1638183,43,4,,0,71,,1638184,43,4,,0,7,,1638186,43,4,,0,31,,1638185,43,4,,0
27401,'20261023',709,,1638187,43,4,,0,28,,1638188,43,4,,0,71,,1638189,43,4,,0,7,,1638191,43,4,,0,31,,1638190,43,4,,0
27901,'20261009',656,,1612452,45,4,,0,90,,1612453,45,4,,0,77,,1612454,45,4,,0,23,,1612455,45,4,,0
27901,'20261013',656,,1580704,45,4,,0,90,,1580702,45,4,,0,77,,1580703,45,4,,0,23,,1580701,45,4,,0
27901,'20261014',656,,1580708,45,4,,0,90,,1580706,45,4,,0,77,,1580707,45,4,,0,23,,1580705,45,4,,0
27901,'20261015',656,,1580712,45,4,,0,90,,1580710,45,4,,0,77,,1580711,45,4,,0,23,,1580709,45,4,,0
27901,'20261016',656,,1580716,45,4,,0,90,,1580714,45,4,,0,77,,1580715,45,4,,0,23,,1580713,45,4,,0
27901,'20261019',656,,1612459,45,4,,0,90,,1612457,45,4,,0,77,,1612458,45,4,,0,23,,1612456,45,4,,0
27901,'20261020',656,,1612463,45,4,,0,90,,1612461,45,4,,0,77,,1612462,45,4,,0,23,,1612460,45,4,,0
27901,'20261021',656,,1638207,45,4,,0,90,,1638205,45,4,,0,77,,1638206,45,4,,0,23,,1638204,45,4,,0
27901,'20261022',656,,1638211,45,4,,0,90,,1638209,45,4,,0,77,,1638210,45,4,,0,23,,1638208,45,4,,0
27901,'20261023',656,,1638215,45,4,,0,90,,1638213,45,4,,0,77,,1638214,45,4,,0,23,,1638212,45,4,,0
28001,'20261009',656,,1612518,48,4,,0,82,,1612519,48,4,,0,65,,1612520,48,4,,0,19,,1612521,48,4,,0,14,,1612522,48,4,,0,6,,1612523,48,4,,0
28001,'20261013',656,,1580765,48,4,,0,82,,1580766,48,4,,0,65,,1580767,48,4,,0,19,,1580770,48,4,,0,14,,1580768,48,4,,0,6,,1580769,48,4,,0
28001,'20261014',656,,1580771,48,4,,0,82,,1580772,48,4,,0,65,,1580773,48,4,,0,19,,1580776,48,4,,0,14,,1580774,48,4,,0,6,,1580775,48,4,,0
28001,'20261015',656,,1580777,48,4,,0,82,,1580778,48,4,,0,65,,1580779,48,4,,0,19,,1580782,48,4,,0,14,,1580780,48,4,,0,6,,1580781,48,4,,0
28001,'20261016',656,,1580783,48,4,,0,82,,1580784,48,4,,0,65,,1580785,48,4,,0,19,,1580788,48,4,,0,14,,1580786,48,4,,0,6,,1580787,48,4,,0
28001,'20261019',656,,1612524,48,4,,0,82,,1612525,48,4,,0,65,,1612526,48,4,,0,19,,1612529,48,4,,0,14,,1612527,48,4,,0,6,,1612528,48,4,,0
28001,'20261020',656,,1612530,48,4,,0,82,,1612531,48,4,,0,65,,1612532,48,4,,0,19,,1612535,48,4,,0,14,,1612533,48,4,,0,6,,1612534,48,4,,0
28001,'20261021',656,,1638234,48,4,,0,82,,1638235,48,4,,0,65,,1638236,48,4,,0,19,,1638239,48,4,,0,14,,1638237,48,4,,0,6,,1638238,48,4,,0
28001,'20261022',656,,1638240,48,4,,0,82,,1638241,48,4,,0,65,,1638242,48,4,,0,19,,1638245,48,4,,0,14,,1638243,48,4,,0,6,,1638244,48,4,,0
28001,'20261023',656,,1638246,48,4,,0,82,,1638247,48,4,,0,65,,1638248,48,4,,0,19,,1638251,48,4,,0,14,,1638249,48,4,,0,6,,1638250,48,4,,0
28101,'20261009',708,,1612581,43,4,,0,24,,1612582,43,4,,0,81,,1612583,43,4,,0,13,,1612584,43,4,,0,17,,1612585,43,4,,0
28101,'20261013',708,,1580833,43,4,,0,24,,1580832,43,4,,0,81,,1580829,43,4,,0,13,,1580830,43,4,,0,17,,1580831,43,4,,0
28101,'20261014',708,,1580838,43,4,,0,24,,1580837,43,4,,0,81,,1580834,43,4,,0,13,,1580835,43,4,,0,17,,1580836,43,4,,0
28101,'20261015',708,,1580843,43,4,,0,24,,1580842,43,4,,0,81,,1580839,43,4,,0,13,,1580840,43,4,,0,17,,1580841,43,4,,0
28101,'20261016',708,,1580848,43,4,,0,24,,1580847,43,4,,0,81,,1580844,43,4,,0,13,,1580845,43,4,,0,17,,1580846,43,4,,0
28101,'20261019',708,,1612590,43,4,,0,24,,1612589,43,4,,0,81,,1612586,43,4,,0,13,,1612587,43,4,,0,17,,1612588,43,4,,0
28101,'20261020',708,,1612595,43,4,,0,24,,1612594,43,4,,0,81,,1612591,43,4,,0,13,,1612592,43,4,,0,17,,1612593,43,4,,0
28101,'20261021',708,,1638271,43,4,,0,24,,1638270,43,4,,0,81,,1638267,43,4,,0,13,,1638268,43,4,,0,17,,1638269,43,4,,0
28101,'20261022',708,,1638276,43,4,,0,24,,1638275,43,4,,0,81,,1638272,43,4,,0,13,,1638273,43,4,,0,17,,1638274,43,4,,0
28101,'20261023',708,,1638281,43,4,,0,24,,1638280,43,4,,0,81,,1638277,43,4,,0,13,,1638278,43,4,,0,17,,1638279,43,4,,0
28201,'20261009',641,,1612647,61,4,,0,61,,1612648,61,4,,0,43,,1612649,61,4,,0,64,,1612650,61,4,,0,35,,1612651,61,4,,0
28201,'20261013',641,,1580895,61,4,,0,61,,1580898,61,4,,0,43,,1580899,61,4,,0,64,,1580896,61,4,,0,35,,1580897,61,4,,0
28201,'20261014',641,,1580900,61,4,,0,61,,1580903,61,4,,0,43,,1580904,61,4,,0,64,,1580901,61,4,,0,35,,1580902,61,4,,0
28201,'20261015',641,,1580905,61,4,,0,61,,1580908,61,4,,0,43,,1580909,61,4,,0,64,,1580906,61,4,,0,35,,1580907,61,4,,0
28201,'20261016',641,,1580910,61,4,,0,61,,1580913,61,4,,0,43,,1580914,61,4,,0,64,,1580911,61,4,,0,35,,1580912,61,4,,0
28201,'20261019',641,,1612652,61,4,,0,61,,1612655,61,4,,0,43,,1612656,61,4,,0,64,,1612653,61,4,,0,35,,1612654,61,4,,0
28201,'20261020',641,,1612657,61,4,,0,61,,1612660,61,4,,0,43,,1612661,61,4,,0,64,,1612658,61,4,,0,35,,1612659,61,4,,0
28201,'20261021',641,,1638300,61,4,,0,61,,1638303,61,4,,0,43,,1638304,61,4,,0,64,,1638301,61,4,,0,35,,1638302,61,4,,0
28201,'20261022',641,,1638305,61,4,,0,61,,1638308,61,4,,0,43,,1638309,61,4,,0,64,,1638306,61,4,,0,35,,1638307,61,4,,0
28201,'20261023',641,,1638310,61,4,,0,61,,1638313,61,4,,0,43,,1638314,61,4,,0,64,,1638311,61,4,,0,35,,1638312,61,4,,0
28401,'20261009',711,,1612749,76,4,,0,31,,1612750,76,4,,0,68,,1612751,76,4,,0,18,,1612752,76,4,,0,19,,1612753,76,4,,0
28401,'20261013',711,,1581000,76,4,,0,31,,1580997,76,4,,0,68,,1581001,76,4,,0,18,,1580998,76,4,,0,19,,1580999,76,4,,0
28401,'20261014',711,,1581005,76,4,,0,31,,1581002,76,4,,0,68,,1581006,76,4,,0,18,,1581003,76,4,,0,19,,1581004,76,4,,0
28401,'20261015',711,,1581010,76,4,,0,31,,1581007,76,4,,0,68,,1581011,76,4,,0,18,,1581008,76,4,,0,19,,1581009,76,4,,0
28401,'20261016',711,,1581015,76,4,,0,31,,1581012,76,4,,0,68,,1581016,76,4,,0,18,,1581013,76,4,,0,19,,1581014,76,4,,0
28401,'20261019',711,,1612757,76,4,,0,31,,1612754,76,4,,0,68,,1612758,76,4,,0,18,,1612755,76,4,,0,19,,1612756,76,4,,0
28401,'20261020',711,,1612762,76,4,,0,31,,1612759,76,4,,0,68,,1612763,76,4,,0,18,,1612760,76,4,,0,19,,1612761,76,4,,0
28401,'20261021',711,,1638354,76,4,,0,31,,1638351,76,4,,0,68,,1638355,76,4,,0,18,,1638352,76,4,,0,19,,1638353,76,4,,0
28401,'20261022',711,,1638359,76,4,,0,31,,1638356,76,4,,0,68,,1638360,76,4,,0,18,,1638357,76,4,,0,19,,1638358,76,4,,0
28401,'20261023',711,,1638364,76,4,,0,31,,1638361,76,4,,0,68,,1638365,76,4,,0,18,,1638362,76,4,,0,19,,1638363,76,4,,0
28901,'20261009',710,,1612809,37,4,,0,32,,1612810,37,4,,0,60,,1612811,37,4,,0,17,,1612812,37,4,,0,25,,1612813,37,4,,0
28901,'20261013',710,,1581058,37,4,,0,32,,1581057,37,4,,0,60,,1581059,37,4,,0,17,,1581061,37,4,,0,25,,1581060,37,4,,0
28901,'20261014',710,,1581063,37,4,,0,32,,1581062,37,4,,0,60,,1581064,37,4,,0,17,,1581066,37,4,,0,25,,1581065,37,4,,0
28901,'20261015',710,,1581068,37,4,,0,32,,1581067,37,4,,0,60,,1581069,37,4,,0,17,,1581071,37,4,,0,25,,1581070,37,4,,0
28901,'20261016',710,,1581073,37,4,,0,32,,1581072,37,4,,0,60,,1581074,37,4,,0,17,,1581076,37,4,,0,25,,1581075,37,4,,0
28901,'20261019',710,,1612815,37,4,,0,32,,1612814,37,4,,0,60,,1612816,37,4,,0,17,,1612818,37,4,,0,25,,1612817,37,4,,0
28901,'20261020',710,,1612820,37,4,,0,32,,1612819,37,4,,0,60,,1612821,37,4,,0,17,,1612823,37,4,,0,25,,1612822,37,4,,0
28901,'20261021',710,,1638382,37,4,,0,32,,1638381,37,4,,0,60,,1638383,37,4,,0,17,,1638385,37,4,,0,25,,1638384,37,4,,0
28901,'20261022',710,,1638387,37,4,,0,32,,1638386,37,4,,0,60,,1638388,37,4,,0,17,,1638390,37,4,,0,25,,1638389,37,4,,0
28901,'20261023',710,,1638392,37,4,,0,32,,1638391,37,4,,0,60,,1638393,37,4,,0,17,,1638395,37,4,,0,25,,1638394,37,4,,0
80003,'20261009',521,,1615709,35,,,1,15,,1615710,35,,,1,15,,1615711,35,,,1,56,,1615712,35,,,1,13,,1615713,35,,,1,10,,1615714,35,,,1,10,,1615715,35,,,1,11,,1615716,35,,,1,50,,1615717,35,,,1,10,,1615718,35,,,1,12,,1615719,35,,,1,10,,1615720,35,,,1,12,,1615721,35,,,1,10,,1615722,35,,,1,48,,1615723,35,,,1,9,,1615724,35,,,1,10,,1615725,35,,,1,10,,1615726,35,,,1,13,,1615727,35,,,1,14,,1615728,35,,,1,54,,1615729,35,,,1,14,,1615730,35,,,1,14,,1615731,35,,,1,14,,1615732,35,,,1,55,,1615733,35,,,1,16,,1615734,35,,,1,13,,1615735,35,,,1,15,,1615736,35,,,1,55,,1615737,35,,,1,16,,1615738,35,,,1,15,,1615739,35,,,1,15,,1615740,35,,,1,55,,1615741,35,,,1,16,,1615742,35,,,1,15,,1615743,35,,,1,15,,1615744,35,,,1,55,,1615745,35,,,1,15,,1615746,35,,,1,15,,1615747,35,,,1,15,,1615748,35,,,1,55,,1615749,35,,,1,15,,1615750,35,,,1,15,,1615751,35,,,1,16,,1615752,35,,,1,56,,1615753,35,,,1,15,,1615754,35,,,1,12,,1615755,35,,,1,12,,1615756,35,,,1,51,,1615757,35,,,1,10,,1615758,35,,,1,10,,1615759,35,,,1,11,,1615760,35,,,1,10,,1615761,35,,,1,10,,1615762,35,,,1,50,,1615763,35,,,1,10,,1615764,35,,,1,9,,1615765,35,,,1,10,,1615766,35,,,1,10,,1615767,35,,,1,9,,1615768,35,,,1,49,,1615769,35,,,1,10,,1615770,35,,,1,11,,1615771,35,,,1,9,,1615772,35,,,1,13,,1615773,35,,,1,14,,1615774,35,,,1,54,,1615775,35,,,1,16,,1615776,35,,,1,14,,1615777,35,,,1,14,,1615778,35,,,1,53,,1615779,35,,,1,15,,1615780,35,,,1,15,,1615781,35,,,1,15,,1615782,35,,,1,55,,1615783,35,,,1,15,,1615784,35,,,1,16,,1615785,35,,,1,15,,1615786,35,,,1,54,,1615787,35,,,1,15,,1615788,35,,,1,14,,1615789,35,,,1,15,,1615790,35,,,1,55,,1615791,35,,,1,13,,1615792,35,,,1,15,,1615793,35,,,1,16,,1615794,35,,,1,55,,1615795,35,,,1,13,,1615796,35,,,1,16,,1615797,35,,,1,16,,1615798,35,,,1,55,,1615799,35,,,1
80003,'20261010',601,,1639856,35,,,1,15,,1639857,35,,,1,15,,1639858,35,,,1,15,,1639859,35,,,1,56,,1639860,35,,,1,16,,1639861,35,,,1,15,,1639862,35,,,1,15,,1639863,35,,,1,55,,1639864,35,,,1,15,,1639865,35,,,1,17,,1639866,35,,,1,15,,1639867,35,,,1,55,,1639868,35,,,1,16,,1639869,35,,,1,15,,1639870,35,,,1,15,,1639871,35,,,1,54,,1639872,35,,,1,15,,1639873,35,,,1,16,,1639874,35,,,1,16,,1639875,35,,,1,56,,1639876,35,,,1,15,,1639877,35,,,1,15,,1639878,35,,,1,15,,1639879,35,,,1,56,,1639880,35,,,1,16,,1639881,35,,,1,13,,1639882,35,,,1,15,,1639883,35,,,1,55,,1639884,35,,,1,15,,1639885,35,,,1,15,,1639886,35,,,1,14,,1639887,35,,,1,56,,1639888,35,,,1,15,,1639889,35,,,1,15,,1639890,35,,,1,15,,1639891,35,,,1,54,,1639892,35,,,1,15,,1639893,35,,,1,15,,1639894,35,,,1,15,,1639895,35,,,1,54,,1639896,35,,,1,16,,1639897,35,,,1,15,,1639898,35,,,1,16,,1639899,35,,,1,54,,1639900,35,,,1,16,,1639901,35,,,1,16,,1639902,35,,,1,14,,1639903,35,,,1,55,,1639904,35,,,1,16,,1639905,35,,,1,15,,1639906,35,,,1,16,,1639907,35,,,1,53,,1639908,35,,,1,14,,1639909,35,,,1,15,,1639910,35,,,1,14,,1639911,35,,,1,55,,1639912,35,,,1,15,,1639913,35,,,1,17,,1639914,35,,,1,17,,1639915,35,,,1,54,,1639916,35,,,1,14,,1639917,35,,,1,15,,1639918,35,,,1,15,,1639919,35,,,1,55,,1639920,35,,,1,15,,1639921,35,,,1,16,,1639922,35,,,1,13,,1639923,35,,,1,55,,1639924,35,,,1,15,,1639925,35,,,1,15,,1639926,35,,,1,15,,1639927,35,,,1,53,,1639928,35,,,1,15,,1639929,35,,,1,14,,1639930,35,,,1,15,,1639931,35,,,1,55,,1639932,35,,,1
80003,'20261011',601,,1639933,35,,,1,15,,1639934,35,,,1,15,,1639935,35,,,1,15,,1639936,35,,,1,56,,1639937,35,,,1,16,,1639938,35,,,1,15,,1639939,35,,,1,15,,1639940,35,,,1,55,,1639941,35,,,1,15,,1639942,35,,,1,17,,1639943,35,,,1,15,,1639944,35,,,1,55,,1639945,35,,,1,16,,1639946,35,,,1,15,,1639947,35,,,1,15,,1639948,35,,,1,54,,1639949,35,,,1,15,,1639950,35,,,1,16,,1639951,35,,,1,16,,1639952,35,,,1,56,,1639953,35,,,1,15,,1639954,35,,,1,15,,1639955,35,,,1,15,,1639956,35,,,1,56,,1639957,35,,,1,16,,1639958,35,,,1,13,,1639959,35,,,1,15,,1639960,35,,,1,55,,1639961,35,,,1,15,,1639962,35,,,1,15,,1639963,35,,,1,14,,1639964,35,,,1,56,,1639965,35,,,1,15,,1639966,35,,,1,15,,1639967,35,,,1,15,,1639968,35,,,1,54,,1639969,35,,,1,15,,1639970,35,,,1,15,,1639971,35,,,1,15,,1639972,35,,,1,54,,1639973,35,,,1,16,,1639974,35,,,1,15,,1639975,35,,,1,16,,1639976,35,,,1,54,,1639977,35,,,1,16,,1639978,35,,,1,16,,1639979,35,,,1,14,,1639980,35,,,1,55,,1639981,35,,,1,16,,1639982,35,,,1,15,,1639983,35,,,1,16,,1639984,35,,,1,53,,1639985,35,,,1,14,,1639986,35,,,1,15,,1639987,35,,,1,14,,1639988,35,,,1,55,,1639989,35,,,1,15,,1639990,35,,,1,17,,1639991,35,,,1,17,,1639992,35,,,1,54,,1639993,35,,,1,14,,1639994,35,,,1,15,,1639995,35,,,1,15,,1639996,35,,,1,55,,1639997,35,,,1,15,,1639998,35,,,1,16,,1639999,35,,,1,13,,1640000,35,,,1,55,,1640001,35,,,1,15,,1640002,35,,,1,15,,1640003,35,,,1,15,,1640004,35,,,1,53,,1640005,35,,,1,15,,1640006,35,,,1,14,,1640007,35,,,1,15,,1640008,35,,,1,55,,1640009,35,,,1
80003,'20261012',601,,1640010,35,,,1,15,,1640011,35,,,1,15,,1640012,35,,,1,15,,1640013,35,,,1,56,,1640014,35,,,1,16,,1640015,35,,,1,15,,1640016,35,,,1,15,,1640017,35,,,1,55,,1640018,35,,,1,15,,1640019,35,,,1,17,,1640020,35,,,1,15,,1640021,35,,,1,55,,1640022,35,,,1,16,,1640023,35,,,1,15,,1640024,35,,,1,15,,1640025,35,,,1,54,,1640026,35,,,1,15,,1640027,35,,,1,16,,1640028,35,,,1,16,,1640029,35,,,1,56,,1640030,35,,,1,15,,1640031,35,,,1,15,,1640032,35,,,1,15,,1640033,35,,,1,56,,1640034,35,,,1,16,,1640035,35,,,1,13,,1640036,35,,,1,15,,1640037,35,,,1,55,,1640038,35,,,1,15,,1640039,35,,,1,15,,1640040,35,,,1,14,,1640041,35,,,1,56,,1640042,35,,,1,15,,1640043,35,,,1,15,,1640044,35,,,1,15,,1640045,35,,,1,54,,1640046,35,,,1,15,,1640047,35,,,1,15,,1640048,35,,,1,15,,1640049,35,,,1,54,,1640050,35,,,1,16,,1640051,35,,,1,15,,1640052,35,,,1,16,,1640053,35,,,1,54,,1640054,35,,,1,16,,1640055,35,,,1,16,,1640056,35,,,1,14,,1640057,35,,,1,55,,1640058,35,,,1,16,,1640059,35,,,1,15,,1640060,35,,,1,16,,1640061,35,,,1,53,,1640062,35,,,1,14,,1640063,35,,,1,15,,1640064,35,,,1,14,,1640065,35,,,1,55,,1640066,35,,,1,15,,1640067,35,,,1,17,,1640068,35,,,1,17,,1640069,35,,,1,54,,1640070,35,,,1,14,,1640071,35,,,1,15,,1640072,35,,,1,15,,1640073,35,,,1,55,,1640074,35,,,1,15,,1640075,35,,,1,16,,1640076,35,,,1,13,,1640077,35,,,1,55,,1640078,35,,,1,15,,1640079,35,,,1,15,,1640080,35,,,1,15,,1640081,35,,,1,53,,1640082,35,,,1,15,,1640083,35,,,1,14,,1640084,35,,,1,15,,1640085,35,,,1,55,,1640086,35,,,1
80003,'20261013',521,,1584102,35,,,1,15,,1584015,35,,,1,15,,1584041,35,,,1,56,,1584038,35,,,1,13,,1584020,35,,,1,10,,1584040,35,,,1,10,,1584017,35,,,1,11,,1584028,35,,,1,50,,1584096,35,,,1,10,,1584095,35,,,1,12,,1584094,35,,,1,10,,1584093,35,,,1,12,,1584092,35,,,1,10,,1584091,35,,,1,48,,1584090,35,,,1,9,,1584089,35,,,1,10,,1584088,35,,,1,10,,1584087,35,,,1,13,,1584086,35,,,1,14,,1584085,35,,,1,54,,1584084,35,,,1,14,,1584083,35,,,1,14,,1584082,35,,,1,14,,1584081,35,,,1,55,,1584080,35,,,1,16,,1584079,35,,,1,13,,1584078,35,,,1,15,,1584077,35,,,1,55,,1584076,35,,,1,16,,1584075,35,,,1,15,,1584074,35,,,1,15,,1584073,35,,,1,55,,1584072,35,,,1,16,,1584071,35,,,1,15,,1584070,35,,,1,15,,1584069,35,,,1,55,,1584068,35,,,1,15,,1584067,35,,,1,15,,1584066,35,,,1,15,,1584065,35,,,1,55,,1584064,35,,,1,15,,1584063,35,,,1,15,,1584030,35,,,1,16,,1584062,35,,,1,56,,1584039,35,,,1,15,,1584036,35,,,1,12,,1584061,35,,,1,12,,1584043,35,,,1,51,,1584101,35,,,1,10,,1584098,35,,,1,10,,1584042,35,,,1,11,,1584025,35,,,1,10,,1584044,35,,,1,10,,1584060,35,,,1,50,,1584019,35,,,1,10,,1584012,35,,,1,9,,1584033,35,,,1,10,,1584059,35,,,1,10,,1584014,35,,,1,9,,1584013,35,,,1,49,,1584058,35,,,1,10,,1584057,35,,,1,11,,1584099,35,,,1,9,,1584016,35,,,1,13,,1584018,35,,,1,14,,1584056,35,,,1,54,,1584034,35,,,1,16,,1584100,35,,,1,14,,1584055,35,,,1,14,,1584022,35,,,1,53,,1584021,35,,,1,15,,1584054,35,,,1,15,,1584023,35,,,1,15,,1584053,35,,,1,55,,1584052,35,,,1,15,,1584024,35,,,1,16,,1584051,35,,,1,15,,1584027,35,,,1,54,,1584026,35,,,1,15,,1584050,35,,,1,14,,1584029,35,,,1,15,,1584049,35,,,1,55,,1584031,35,,,1,13,,1584048,35,,,1,15,,1584032,35,,,1,16,,1584047,35,,,1,55,,1584035,35,,,1,13,,1584046,35,,,1,16,,1584037,35,,,1,16,,1584045,35,,,1,55,,1584097,35,,,1
80003,'20261014',521,,1584193,35,,,1,15,,1584106,35,,,1,15,,1584132,35,,,1,56,,1584129,35,,,1,13,,1584111,35,,,1,10,,1584131,35,,,1,10,,1584108,35,,,1,11,,1584119,35,,,1,50,,1584187,35,,,1,10,,1584186,35,,,1,12,,1584185,35,,,1,10,,1584184,35,,,1,12,,1584183,35,,,1,10,,1584182,35,,,1,48,,1584181,35,,,1,9,,1584180,35,,,1,10,,1584179,35,,,1,10,,1584178,35,,,1,13,,1584177,35,,,1,14,,1584176,35,,,1,54,,1584175,35,,,1,14,,1584174,35,,,1,14,,1584173,35,,,1,14,,1584172,35,,,1,55,,1584171,35,,,1,16,,1584170,35,,,1,13,,1584169,35,,,1,15,,1584168,35,,,1,55,,1584167,35,,,1,16,,1584166,35,,,1,15,,1584165,35,,,1,15,,1584164,35,,,1,55,,1584163,35,,,1,16,,1584162,35,,,1,15,,1584161,35,,,1,15,,1584160,35,,,1,55,,1584159,35,,,1,15,,1584158,35,,,1,15,,1584157,35,,,1,15,,1584156,35,,,1,55,,1584155,35,,,1,15,,1584154,35,,,1,15,,1584121,35,,,1,16,,1584153,35,,,1,56,,1584130,35,,,1,15,,1584127,35,,,1,12,,1584152,35,,,1,12,,1584134,35,,,1,51,,1584192,35,,,1,10,,1584189,35,,,1,10,,1584133,35,,,1,11,,1584116,35,,,1,10,,1584135,35,,,1,10,,1584151,35,,,1,50,,1584110,35,,,1,10,,1584103,35,,,1,9,,1584124,35,,,1,10,,1584150,35,,,1,10,,1584105,35,,,1,9,,1584104,35,,,1,49,,1584149,35,,,1,10,,1584148,35,,,1,11,,1584190,35,,,1,9,,1584107,35,,,1,13,,1584109,35,,,1,14,,1584147,35,,,1,54,,1584125,35,,,1,16,,1584191,35,,,1,14,,1584146,35,,,1,14,,1584113,35,,,1,53,,1584112,35,,,1,15,,1584145,35,,,1,15,,1584114,35,,,1,15,,1584144,35,,,1,55,,1584143,35,,,1,15,,1584115,35,,,1,16,,1584142,35,,,1,15,,1584118,35,,,1,54,,1584117,35,,,1,15,,1584141,35,,,1,14,,1584120,35,,,1,15,,1584140,35,,,1,55,,1584122,35,,,1,13,,1584139,35,,,1,15,,1584123,35,,,1,16,,1584138,35,,,1,55,,1584126,35,,,1,13,,1584137,35,,,1,16,,1584128,35,,,1,16,,1584136,35,,,1,55,,1584188,35,,,1
80003,'20261015',521,,1584284,35,,,1,15,,1584197,35,,,1,15,,1584223,35,,,1,56,,1584220,35,,,1,13,,1584202,35,,,1,10,,1584222,35,,,1,10,,1584199,35,,,1,11,,1584210,35,,,1,50,,1584278,35,,,1,10,,1584277,35,,,1,12,,1584276,35,,,1,10,,1584275,35,,,1,12,,1584274,35,,,1,10,,1584273,35,,,1,48,,1584272,35,,,1,9,,1584271,35,,,1,10,,1584270,35,,,1,10,,1584269,35,,,1,13,,1584268,35,,,1,14,,1584267,35,,,1,54,,1584266,35,,,1,14,,1584265,35,,,1,14,,1584264,35,,,1,14,,1584263,35,,,1,55,,1584262,35,,,1,16,,1584261,35,,,1,13,,1584260,35,,,1,15,,1584259,35,,,1,55,,1584258,35,,,1,16,,1584257,35,,,1,15,,1584256,35,,,1,15,,1584255,35,,,1,55,,1584254,35,,,1,16,,1584253,35,,,1,15,,1584252,35,,,1,15,,1584251,35,,,1,55,,1584250,35,,,1,15,,1584249,35,,,1,15,,1584248,35,,,1,15,,1584247,35,,,1,55,,1584246,35,,,1,15,,1584245,35,,,1,15,,1584212,35,,,1,16,,1584244,35,,,1,56,,1584221,35,,,1,15,,1584218,35,,,1,12,,1584243,35,,,1,12,,1584225,35,,,1,51,,1584283,35,,,1,10,,1584280,35,,,1,10,,1584224,35,,,1,11,,1584207,35,,,1,10,,1584226,35,,,1,10,,1584242,35,,,1,50,,1584201,35,,,1,10,,1584194,35,,,1,9,,1584215,35,,,1,10,,1584241,35,,,1,10,,1584196,35,,,1,9,,1584195,35,,,1,49,,1584240,35,,,1,10,,1584239,35,,,1,11,,1584281,35,,,1,9,,1584198,35,,,1,13,,1584200,35,,,1,14,,1584238,35,,,1,54,,1584216,35,,,1,16,,1584282,35,,,1,14,,1584237,35,,,1,14,,1584204,35,,,1,53,,1584203,35,,,1,15,,1584236,35,,,1,15,,1584205,35,,,1,15,,1584235,35,,,1,55,,1584234,35,,,1,15,,1584206,35,,,1,16,,1584233,35,,,1,15,,1584209,35,,,1,54,,1584208,35,,,1,15,,1584232,35,,,1,14,,1584211,35,,,1,15,,1584231,35,,,1,55,,1584213,35,,,1,13,,1584230,35,,,1,15,,1584214,35,,,1,16,,1584229,35,,,1,55,,1584217,35,,,1,13,,1584228,35,,,1,16,,1584219,35,,,1,16,,1584227,35,,,1,55,,1584279,35,,,1
80003,'20261016',521,,1584375,35,,,1,15,,1584288,35,,,1,15,,1584314,35,,,1,56,,1584311,35,,,1,13,,1584293,35,,,1,10,,1584313,35,,,1,10,,1584290,35,,,1,11,,1584301,35,,,1,50,,1584369,35,,,1,10,,1584368,35,,,1,12,,1584367,35,,,1,10,,1584366,35,,,1,12,,1584365,35,,,1,10,,1584364,35,,,1,48,,1584363,35,,,1,9,,1584362,35,,,1,10,,1584361,35,,,1,10,,1584360,35,,,1,13,,1584359,35,,,1,14,,1584358,35,,,1,54,,1584357,35,,,1,14,,1584356,35,,,1,14,,1584355,35,,,1,14,,1584354,35,,,1,55,,1584353,35,,,1,16,,1584352,35,,,1,13,,1584351,35,,,1,15,,1584350,35,,,1,55,,1584349,35,,,1,16,,1584348,35,,,1,15,,1584347,35,,,1,15,,1584346,35,,,1,55,,1584345,35,,,1,16,,1584344,35,,,1,15,,1584343,35,,,1,15,,1584342,35,,,1,55,,1584341,35,,,1,15,,1584340,35,,,1,15,,1584339,35,,,1,15,,1584338,35,,,1,55,,1584337,35,,,1,15,,1584336,35,,,1,15,,1584303,35,,,1,16,,1584335,35,,,1,56,,1584312,35,,,1,15,,1584309,35,,,1,12,,1584334,35,,,1,12,,1584316,35,,,1,51,,1584374,35,,,1,10,,1584371,35,,,1,10,,1584315,35,,,1,11,,1584298,35,,,1,10,,1584317,35,,,1,10,,1584333,35,,,1,50,,1584292,35,,,1,10,,1584285,35,,,1,9,,1584306,35,,,1,10,,1584332,35,,,1,10,,1584287,35,,,1,9,,1584286,35,,,1,49,,1584331,35,,,1,10,,1584330,35,,,1,11,,1584372,35,,,1,9,,1584289,35,,,1,13,,1584291,35,,,1,14,,1584329,35,,,1,54,,1584307,35,,,1,16,,1584373,35,,,1,14,,1584328,35,,,1,14,,1584295,35,,,1,53,,1584294,35,,,1,15,,1584327,35,,,1,15,,1584296,35,,,1,15,,1584326,35,,,1,55,,1584325,35,,,1,15,,1584297,35,,,1,16,,1584324,35,,,1,15,,1584300,35,,,1,54,,1584299,35,,,1,15,,1584323,35,,,1,14,,1584302,35,,,1,15,,1584322,35,,,1,55,,1584304,35,,,1,13,,1584321,35,,,1,15,,1584305,35,,,1,16,,1584320,35,,,1,55,,1584308,35,,,1,13,,1584319,35,,,1,16,,1584310,35,,,1,16,,1584318,35,,,1,55,,1584370,35,,,1
80003,'20261017',601,,1615800,35,,,1,15,,1615801,35,,,1,15,,1615802,35,,,1,15,,1615803,35,,,1,56,,1615804,35,,,1,16,,1615805,35,,,1,15,,1615806,35,,,1,15,,1615808,35,,,1,55,,1615809,35,,,1,15,,1615810,35,,,1,17,,1615807,35,,,1,15,,1615811,35,,,1,55,,1615812,35,,,1,16,,1615813,35,,,1,15,,1615814,35,,,1,15,,1615815,35,,,1,54,,1615816,35,,,1,15,,1615817,35,,,1,16,,1615818,35,,,1,16,,1615820,35,,,1,56,,1615821,35,,,1,15,,1615822,35,,,1,15,,1615819,35,,,1,15,,1615823,35,,,1,56,,1615824,35,,,1,16,,1615825,35,,,1,13,,1615826,35,,,1,15,,1615827,35,,,1,55,,1615829,35,,,1,15,,1615828,35,,,1,15,,1615830,35,,,1,14,,1615831,35,,,1,56,,1615832,35,,,1,15,,1615833,35,,,1,15,,1615834,35,,,1,15,,1615835,35,,,1,54,,1615836,35,,,1,15,,1615838,35,,,1,15,,1615839,35,,,1,15,,1615840,35,,,1,54,,1615837,35,,,1,16,,1615841,35,,,1,15,,1615842,35,,,1,16,,1615843,35,,,1,54,,1615844,35,,,1,16,,1615845,35,,,1,16,,1615846,35,,,1,14,,1615847,35,,,1,55,,1615849,35,,,1,16,,1615850,35,,,1,15,,1615851,35,,,1,16,,1615848,35,,,1,53,,1615852,35,,,1,14,,1615853,35,,,1,15,,1615854,35,,,1,14,,1615855,35,,,1,55,,1615857,35,,,1,15,,1615858,35,,,1,17,,1615859,35,,,1,17,,1615856,35,,,1,54,,1615860,35,,,1,14,,1615861,35,,,1,15,,1615862,35,,,1,15,,1615863,35,,,1,55,,1615864,35,,,1,15,,1615865,35,,,1,16,,1615866,35,,,1,13,,1615868,35,,,1,55,,1615869,35,,,1,15,,1615870,35,,,1,15,,1615867,35,,,1,15,,1615871,35,,,1,53,,1615872,35,,,1,15,,1615873,35,,,1,14,,1615874,35,,,1,15,,1615875,35,,,1,55,,1615876,35,,,1
80003,'20261018',601,,1615894,35,,,1,15,,1615884,35,,,1,15,,1615889,35,,,1,15,,1615882,35,,,1,56,,1615895,35,,,1,16,,1615880,35,,,1,15,,1615879,35,,,1,15,,1615888,35,,,1,55,,1615896,35,,,1,15,,1615877,35,,,1,17,,1615890,35,,,1,15,,1615883,35,,,1,55,,1615878,35,,,1,16,,1615897,35,,,1,15,,1615898,35,,,1,15,,1615892,35,,,1,54,,1615885,35,,,1,15,,1615893,35,,,1,16,,1615886,35,,,1,16,,1615900,35,,,1,56,,1615881,35,,,1,15,,1615901,35,,,1,15,,1615899,35,,,1,15,,1615904,35,,,1,56,,1615902,35,,,1,16,,1615887,35,,,1,13,,1615909,35,,,1,15,,1615903,35,,,1,55,,1615910,35,,,1,15,,1615905,35,,,1,15,,1615906,35,,,1,14,,1615907,35,,,1,56,,1615908,35,,,1,15,,1615891,35,,,1,15,,1615911,35,,,1,15,,1615927,35,,,1,54,,1615920,35,,,1,15,,1615923,35,,,1,15,,1615917,35,,,1,15,,1615926,35,,,1,54,,1615918,35,,,1,16,,1615919,35,,,1,15,,1615913,35,,,1,16,,1615928,35,,,1,54,,1615929,35,,,1,16,,1615924,35,,,1,16,,1615914,35,,,1,14,,1615921,35,,,1,55,,1615925,35,,,1,16,,1615930,35,,,1,15,,1615931,35,,,1,16,,1615922,35,,,1,53,,1615912,35,,,1,14,,1615932,35,,,1,15,,1615933,35,,,1,14,,1615934,35,,,1,55,,1615935,35,,,1,15,,1615916,35,,,1,17,,1615945,35,,,1,17,,1615915,35,,,1,54,,1615950,35,,,1,14,,1615937,35,,,1,15,,1615939,35,,,1,15,,1615947,35,,,1,55,,1615941,35,,,1,15,,1615940,35,,,1,16,,1615948,35,,,1,13,,1615936,35,,,1,55,,1615944,35,,,1,15,,1615943,35,,,1,15,,1615942,35,,,1,15,,1615949,35,,,1,53,,1615951,35,,,1,15,,1615952,35,,,1,14,,1615938,35,,,1,15,,1615946,35,,,1,55,,1615953,35,,,1
80003,'20261019',521,,1616044,35,,,1,15,,1615957,35,,,1,15,,1615983,35,,,1,56,,1615980,35,,,1,13,,1615962,35,,,1,10,,1615982,35,,,1,10,,1615959,35,,,1,11,,1615970,35,,,1,50,,1616038,35,,,1,10,,1616037,35,,,1,12,,1616036,35,,,1,10,,1616035,35,,,1,12,,1616034,35,,,1,10,,1616033,35,,,1,48,,1616032,35,,,1,9,,1616031,35,,,1,10,,1616030,35,,,1,10,,1616029,35,,,1,13,,1616028,35,,,1,14,,1616027,35,,,1,54,,1616026,35,,,1,14,,1616025,35,,,1,14,,1616024,35,,,1,14,,1616023,35,,,1,55,,1616022,35,,,1,16,,1616021,35,,,1,13,,1616020,35,,,1,15,,1616019,35,,,1,55,,1616018,35,,,1,16,,1616017,35,,,1,15,,1616016,35,,,1,15,,1616015,35,,,1,55,,1616014,35,,,1,16,,1616013,35,,,1,15,,1616012,35,,,1,15,,1616011,35,,,1,55,,1616010,35,,,1,15,,1616009,35,,,1,15,,1616008,35,,,1,15,,1616007,35,,,1,55,,1616006,35,,,1,15,,1616005,35,,,1,15,,1615972,35,,,1,16,,1616004,35,,,1,56,,1615981,35,,,1,15,,1615978,35,,,1,12,,1616003,35,,,1,12,,1615985,35,,,1,51,,1616043,35,,,1,10,,1616040,35,,,1,10,,1615984,35,,,1,11,,1615967,35,,,1,10,,1615986,35,,,1,10,,1616002,35,,,1,50,,1615961,35,,,1,10,,1615954,35,,,1,9,,1615975,35,,,1,10,,1616001,35,,,1,10,,1615956,35,,,1,9,,1615955,35,,,1,49,,1616000,35,,,1,10,,1615999,35,,,1,11,,1616041,35,,,1,9,,1615958,35,,,1,13,,1615960,35,,,1,14,,1615998,35,,,1,54,,1615976,35,,,1,16,,1616042,35,,,1,14,,1615997,35,,,1,14,,1615964,35,,,1,53,,1615963,35,,,1,15,,1615996,35,,,1,15,,1615965,35,,,1,15,,1615995,35,,,1,55,,1615994,35,,,1,15,,1615966,35,,,1,16,,1615993,35,,,1,15,,1615969,35,,,1,54,,1615968,35,,,1,15,,1615992,35,,,1,14,,1615971,35,,,1,15,,1615991,35,,,1,55,,1615973,35,,,1,13,,1615990,35,,,1,15,,1615974,35,,,1,16,,1615989,35,,,1,55,,1615977,35,,,1,13,,1615988,35,,,1,16,,1615979,35,,,1,16,,1615987,35,,,1,55,,1616039,35,,,1
80003,'20261020',521,,1616135,35,,,1,15,,1616048,35,,,1,15,,1616074,35,,,1,56,,1616071,35,,,1,13,,1616053,35,,,1,10,,1616073,35,,,1,10,,1616050,35,,,1,11,,1616061,35,,,1,50,,1616129,35,,,1,10,,1616128,35,,,1,12,,1616127,35,,,1,10,,1616126,35,,,1,12,,1616125,35,,,1,10,,1616124,35,,,1,48,,1616123,35,,,1,9,,1616122,35,,,1,10,,1616121,35,,,1,10,,1616120,35,,,1,13,,1616119,35,,,1,14,,1616118,35,,,1,54,,1616117,35,,,1,14,,1616116,35,,,1,14,,1616115,35,,,1,14,,1616114,35,,,1,55,,1616113,35,,,1,16,,1616112,35,,,1,13,,1616111,35,,,1,15,,1616110,35,,,1,55,,1616109,35,,,1,16,,1616108,35,,,1,15,,1616107,35,,,1,15,,1616106,35,,,1,55,,1616105,35,,,1,16,,1616104,35,,,1,15,,1616103,35,,,1,15,,1616102,35,,,1,55,,1616101,35,,,1,15,,1616100,35,,,1,15,,1616099,35,,,1,15,,1616098,35,,,1,55,,1616097,35,,,1,15,,1616096,35,,,1,15,,1616063,35,,,1,16,,1616095,35,,,1,56,,1616072,35,,,1,15,,1616069,35,,,1,12,,1616094,35,,,1,12,,1616076,35,,,1,51,,1616134,35,,,1,10,,1616131,35,,,1,10,,1616075,35,,,1,11,,1616058,35,,,1,10,,1616077,35,,,1,10,,1616093,35,,,1,50,,1616052,35,,,1,10,,1616045,35,,,1,9,,1616066,35,,,1,10,,1616092,35,,,1,10,,1616047,35,,,1,9,,1616046,35,,,1,49,,1616091,35,,,1,10,,1616090,35,,,1,11,,1616132,35,,,1,9,,1616049,35,,,1,13,,1616051,35,,,1,14,,1616089,35,,,1,54,,1616067,35,,,1,16,,1616133,35,,,1,14,,1616088,35,,,1,14,,1616055,35,,,1,53,,1616054,35,,,1,15,,1616087,35,,,1,15,,1616056,35,,,1,15,,1616086,35,,,1,55,,1616085,35,,,1,15,,1616057,35,,,1,16,,1616084,35,,,1,15,,1616060,35,,,1,54,,1616059,35,,,1,15,,1616083,35,,,1,14,,1616062,35,,,1,15,,1616082,35,,,1,55,,1616064,35,,,1,13,,1616081,35,,,1,15,,1616065,35,,,1,16,,1616080,35,,,1,55,,1616068,35,,,1,13,,1616079,35,,,1,16,,1616070,35,,,1,16,,1616078,35,,,1,55,,1616130,35,,,1
80003,'20261021',521,,1640177,35,,,1,15,,1640090,35,,,1,15,,1640116,35,,,1,56,,1640113,35,,,1,13,,1640095,35,,,1,10,,1640115,35,,,1,10,,1640092,35,,,1,11,,1640103,35,,,1,50,,1640171,35,,,1,10,,1640170,35,,,1,12,,1640169,35,,,1,10,,1640168,35,,,1,12,,1640167,35,,,1,10,,1640166,35,,,1,48,,1640165,35,,,1,9,,1640164,35,,,1,10,,1640163,35,,,1,10,,1640162,35,,,1,13,,1640161,35,,,1,14,,1640160,35,,,1,54,,1640159,35,,,1,14,,1640158,35,,,1,14,,1640157,35,,,1,14,,1640156,35,,,1,55,,1640155,35,,,1,16,,1640154,35,,,1,13,,1640153,35,,,1,15,,1640152,35,,,1,55,,1640151,35,,,1,16,,1640150,35,,,1,15,,1640149,35,,,1,15,,1640148,35,,,1,55,,1640147,35,,,1,16,,1640146,35,,,1,15,,1640145,35,,,1,15,,1640144,35,,,1,55,,1640143,35,,,1,15,,1640142,35,,,1,15,,1640141,35,,,1,15,,1640140,35,,,1,55,,1640139,35,,,1,15,,1640138,35,,,1,15,,1640105,35,,,1,16,,1640137,35,,,1,56,,1640114,35,,,1,15,,1640111,35,,,1,12,,1640136,35,,,1,12,,1640118,35,,,1,51,,1640176,35,,,1,10,,1640173,35,,,1,10,,1640117,35,,,1,11,,1640100,35,,,1,10,,1640119,35,,,1,10,,1640135,35,,,1,50,,1640094,35,,,1,10,,1640087,35,,,1,9,,1640108,35,,,1,10,,1640134,35,,,1,10,,1640089,35,,,1,9,,1640088,35,,,1,49,,1640133,35,,,1,10,,1640132,35,,,1,11,,1640174,35,,,1,9,,1640091,35,,,1,13,,1640093,35,,,1,14,,1640131,35,,,1,54,,1640109,35,,,1,16,,1640175,35,,,1,14,,1640130,35,,,1,14,,1640097,35,,,1,53,,1640096,35,,,1,15,,1640129,35,,,1,15,,1640098,35,,,1,15,,1640128,35,,,1,55,,1640127,35,,,1,15,,1640099,35,,,1,16,,1640126,35,,,1,15,,1640102,35,,,1,54,,1640101,35,,,1,15,,1640125,35,,,1,14,,1640104,35,,,1,15,,1640124,35,,,1,55,,1640106,35,,,1,13,,1640123,35,,,1,15,,1640107,35,,,1,16,,1640122,35,,,1,55,,1640110,35,,,1,13,,1640121,35,,,1,16,,1640112,35,,,1,16,,1640120,35,,,1,55,,1640172,35,,,1
80003,'20261022',521,,1640268,35,,,1,15,,1640181,35,,,1,15,,1640207,35,,,1,56,,1640204,35,,,1,13,,1640186,35,,,1,10,,1640206,35,,,1,10,,1640183,35,,,1,11,,1640194,35,,,1,50,,1640262,35,,,1,10,,1640261,35,,,1,12,,1640260,35,,,1,10,,1640259,35,,,1,12,,1640258,35,,,1,10,,1640257,35,,,1,48,,1640256,35,,,1,9,,1640255,35,,,1,10,,1640254,35,,,1,10,,1640253,35,,,1,13,,1640252,35,,,1,14,,1640251,35,,,1,54,,1640250,35,,,1,14,,1640249,35,,,1,14,,1640248,35,,,1,14,,1640247,35,,,1,55,,1640246,35,,,1,16,,1640245,35,,,1,13,,1640244,35,,,1,15,,1640243,35,,,1,55,,1640242,35,,,1,16,,1640241,35,,,1,15,,1640240,35,,,1,15,,1640239,35,,,1,55,,1640238,35,,,1,16,,1640237,35,,,1,15,,1640236,35,,,1,15,,1640235,35,,,1,55,,1640234,35,,,1,15,,1640233,35,,,1,15,,1640232,35,,,1,15,,1640231,35,,,1,55,,1640230,35,,,1,15,,1640229,35,,,1,15,,1640196,35,,,1,16,,1640228,35,,,1,56,,1640205,35,,,1,15,,1640202,35,,,1,12,,1640227,35,,,1,12,,1640209,35,,,1,51,,1640267,35,,,1,10,,1640264,35,,,1,10,,1640208,35,,,1,11,,1640191,35,,,1,10,,1640210,35,,,1,10,,1640226,35,,,1,50,,1640185,35,,,1,10,,1640178,35,,,1,9,,1640199,35,,,1,10,,1640225,35,,,1,10,,1640180,35,,,1,9,,1640179,35,,,1,49,,1640224,35,,,1,10,,1640223,35,,,1,11,,1640265,35,,,1,9,,1640182,35,,,1,13,,1640184,35,,,1,14,,1640222,35,,,1,54,,1640200,35,,,1,16,,1640266,35,,,1,14,,1640221,35,,,1,14,,1640188,35,,,1,53,,1640187,35,,,1,15,,1640220,35,,,1,15,,1640189,35,,,1,15,,1640219,35,,,1,55,,1640218,35,,,1,15,,1640190,35,,,1,16,,1640217,35,,,1,15,,1640193,35,,,1,54,,1640192,35,,,1,15,,1640216,35,,,1,14,,1640195,35,,,1,15,,1640215,35,,,1,55,,1640197,35,,,1,13,,1640214,35,,,1,15,,1640198,35,,,1,16,,1640213,35,,,1,55,,1640201,35,,,1,13,,1640212,35,,,1,16,,1640203,35,,,1,16,,1640211,35,,,1,55,,1640263,35,,,1
80003,'20261023',521,,1640359,35,,,1,15,,1640272,35,,,1,15,,1640298,35,,,1,56,,1640295,35,,,1,13,,1640277,35,,,1,10,,1640297,35,,,1,10,,1640274,35,,,1,11,,1640285,35,,,1,50,,1640353,35,,,1,10,,1640352,35,,,1,12,,1640351,35,,,1,10,,1640350,35,,,1,12,,1640349,35,,,1,10,,1640348,35,,,1,48,,1640347,35,,,1,9,,1640346,35,,,1,10,,1640345,35,,,1,10,,1640344,35,,,1,13,,1640343,35,,,1,14,,1640342,35,,,1,54,,1640341,35,,,1,14,,1640340,35,,,1,14,,1640339,35,,,1,14,,1640338,35,,,1,55,,1640337,35,,,1,16,,1640336,35,,,1,13,,1640335,35,,,1,15,,1640334,35,,,1,55,,1640333,35,,,1,16,,1640332,35,,,1,15,,1640331,35,,,1,15,,1640330,35,,,1,55,,1640329,35,,,1,16,,1640328,35,,,1,15,,1640327,35,,,1,15,,1640326,35,,,1,55,,1640325,35,,,1,15,,1640324,35,,,1,15,,1640323,35,,,1,15,,1640322,35,,,1,55,,1640321,35,,,1,15,,1640320,35,,,1,15,,1640287,35,,,1,16,,1640319,35,,,1,56,,1640296,35,,,1,15,,1640293,35,,,1,12,,1640318,35,,,1,12,,1640300,35,,,1,51,,1640358,35,,,1,10,,1640355,35,,,1,10,,1640299,35,,,1,11,,1640282,35,,,1,10,,1640301,35,,,1,10,,1640317,35,,,1,50,,1640276,35,,,1,10,,1640269,35,,,1,9,,1640290,35,,,1,10,,1640316,35,,,1,10,,1640271,35,,,1,9,,1640270,35,,,1,49,,1640315,35,,,1,10,,1640314,35,,,1,11,,1640356,35,,,1,9,,1640273,35,,,1,13,,1640275,35,,,1,14,,1640313,35,,,1,54,,1640291,35,,,1,16,,1640357,35,,,1,14,,1640312,35,,,1,14,,1640279,35,,,1,53,,1640278,35,,,1,15,,1640311,35,,,1,15,,1640280,35,,,1,15,,1640310,35,,,1,55,,1640309,35,,,1,15,,1640281,35,,,1,16,,1640308,35,,,1,15,,1640284,35,,,1,54,,1640283,35,,,1,15,,1640307,35,,,1,14,,1640286,35,,,1,15,,1640306,35,,,1,55,,1640288,35,,,1,13,,1640305,35,,,1,15,,1640289,35,,,1,16,,1640304,35,,,1,55,,1640292,35,,,1,13,,1640303,35,,,1,16,,1640294,35,,,1,16,,1640302,35,,,1,55,,1640354,35,,,1
80103,'20261009',520,,1617248,35,,,1,16,,1617249,35,,,1,15,,1617250,35,,,1,56,,1617251,35,,,1,11,,1617252,35,,,1,11,,1617253,35,,,1,10,,1617254,35,,,1,9,,1617255,35,,,1,10,,1617256,35,,,1,51,,1617237,7,,,1,12,,1617258,35,,,1,2,,1617238,7,,,1,11,,1617259,35,,,1,2,,1617239,7,,,1,8,,1617260,35,,,1,3,,1617240,7,,,1,7,,1617261,35,,,1,3,,1617244,7,,,1,46,,1617262,35,,,1,8,,1617241,7,,,1,1,,1617263,35,,,1,7,,1617243,7,,,1,4,,1617264,35,,,1,5,,1617245,7,,,1,2,,1617265,35,,,1,3,,1617242,7,,,1,6,,1617266,35,,,1,11,,1617267,35,,,1,6,,1617247,7,,,1,2,,1617246,7,,,1,48,,1617269,35,,,1,8,,1617270,35,,,1,10,,1617271,35,,,1,13,,1617272,35,,,1,15,,1617273,35,,,1,55,,1617274,35,,,1,16,,1617275,35,,,1,14,,1617276,35,,,1,14,,1617277,35,,,1,55,,1617278,35,,,1,15,,1617279,35,,,1,15,,1617280,35,,,1,15,,1617281,35,,,1,55,,1617282,35,,,1,16,,1617283,35,,,1,15,,1617284,35,,,1,15,,1617285,35,,,1,56,,1617286,35,,,1,14,,1617287,35,,,1,15,,1617288,35,,,1,13,,1617289,35,,,1,55,,1617290,35,,,1,15,,1617291,35,,,1,15,,1617292,35,,,1,15,,1617293,35,,,1,54,,1617294,35,,,1,13,,1617295,35,,,1,13,,1617296,35,,,1,8,,1617297,35,,,1,9,,1617298,35,,,1,8,,1617299,35,,,1,49,,1617300,35,,,1,9,,1617301,35,,,1,10,,1617302,35,,,1,8,,1617303,35,,,1,9,,1617304,35,,,1,10,,1617305,35,,,1,9,,1617306,35,,,1,49,,1617307,35,,,1,9,,1617308,35,,,1,8,,1617309,35,,,1,9,,1617310,35,,,1,10,,1617311,35,,,1,10,,1617312,35,,,1,50,,1617313,35,,,1,10,,1617314,35,,,1,11,,1617315,35,,,1,14,,1617316,35,,,1,14,,1617317,35,,,1,54,,1617318,35,,,1,15,,1617319,35,,,1,15,,1617320,35,,,1,15,,1617321,35,,,1,55,,1617322,35,,,1,15,,1617323,35,,,1,15,,1617324,35,,,1,15,,1617325,35,,,1,55,,1617326,35,,,1,15,,1617327,35,,,1,15,,1617328,35,,,1,14,,1617329,35,,,1,55,,1617330,35,,,1,14,,1617331,35,,,1,15,,1617332,35,,,1,15,,1617333,35,,,1,55,,1617334,35,,,1,15,,1617335,35,,,1,15,,1617336,35,,,1,14,,1617337,35,,,1,55,,1617338,35,,,1,15,,1617339,35,,,1,15,,1617340,35,,,1,15,,1617341,35,,,1,55,,1617342,35,,,1,15,,1617343,35,,,1
80103,'20261010',605,,1640882,35,,,1,18,,1640883,35,,,1,14,,1640884,35,,,1,15,,1640885,35,,,1,55,,1640886,35,,,1,15,,1640887,35,,,1,15,,1640888,35,,,1,15,,1640889,35,,,1,55,,1640890,35,,,1,15,,1640891,35,,,1,15,,1640892,35,,,1,15,,1640893,35,,,1,55,,1640894,35,,,1,15,,1640895,35,,,1,16,,1640896,35,,,1,17,,1640897,35,,,1,57,,1640898,35,,,1,15,,1640899,35,,,1,15,,1640900,35,,,1,16,,1640901,35,,,1,56,,1640902,35,,,1,15,,1640903,35,,,1,16,,1640904,35,,,1,55,,1640905,35,,,1,15,,1640906,35,,,1,16,,1640907,35,,,1,15,,1640908,35,,,1,56,,1640909,35,,,1,17,,1640910,35,,,1,16,,1640911,35,,,1,16,,1640912,35,,,1,55,,1640913,35,,,1,15,,1640914,35,,,1,15,,1640915,35,,,1,15,,1640916,35,,,1,56,,1640917,35,,,1,16,,1640918,35,,,1,14,,1640919,35,,,1,14,,1640920,35,,,1,56,,1640921,35,,,1,15,,1640922,35,,,1,15,,1640923,35,,,1,16,,1640924,35,,,1,55,,1640925,35,,,1,15,,1640926,35,,,1,15,,1640927,35,,,1,15,,1640928,35,,,1,55,,1640929,35,,,1,15,,1640930,35,,,1,14,,1640931,35,,,1,16,,1640932,35,,,1,56,,1640933,35,,,1,14,,1640934,35,,,1,15,,1640935,35,,,1,14,,1640936,35,,,1,54,,1640937,35,,,1,14,,1640938,35,,,1,15,,1640939,35,,,1,15,,1640940,35,,,1,57,,1640941,35,,,1,15,,1640942,35,,,1,15,,1640943,35,,,1,15,,1640944,35,,,1,53,,1640945,35,,,1,15,,1640946,35,,,1,15,,1640947,35,,,1,15,,1640948,35,,,1,56,,1640949,35,,,1,15,,1640950,35,,,1,14,,1640951,35,,,1,15,,1640952,35,,,1,55,,1640953,35,,,1,15,,1640954,35,,,1,15,,1640955,35,,,1,15,,1640956,35,,,1,55,,1640957,35,,,1,14,,1640958,35,,,1
80103,'20261011',605,,1640959,35,,,1,18,,1640960,35,,,1,14,,1640961,35,,,1,15,,1640962,35,,,1,55,,1640963,35,,,1,15,,1640964,35,,,1,15,,1640965,35,,,1,15,,1640966,35,,,1,55,,1640967,35,,,1,15,,1640968,35,,,1,15,,1640969,35,,,1,15,,1640970,35,,,1,55,,1640971,35,,,1,15,,1640972,35,,,1,16,,1640973,35,,,1,17,,1640974,35,,,1,57,,1640975,35,,,1,15,,1640976,35,,,1,15,,1640977,35,,,1,16,,1640978,35,,,1,56,,1640979,35,,,1,15,,1640980,35,,,1,16,,1640981,35,,,1,55,,1640982,35,,,1,15,,1640983,35,,,1,16,,1640984,35,,,1,15,,1640985,35,,,1,56,,1640986,35,,,1,17,,1640987,35,,,1,16,,1640988,35,,,1,16,,1640989,35,,,1,55,,1640990,35,,,1,15,,1640991,35,,,1,15,,1640992,35,,,1,15,,1640993,35,,,1,56,,1640994,35,,,1,16,,1640995,35,,,1,14,,1640996,35,,,1,14,,1640997,35,,,1,56,,1640998,35,,,1,15,,1640999,35,,,1,15,,1641000,35,,,1,16,,1641001,35,,,1,55,,1641002,35,,,1,15,,1641003,35,,,1,15,,1641004,35,,,1,15,,1641005,35,,,1,55,,1641006,35,,,1,15,,1641007,35,,,1,14,,1641008,35,,,1,16,,1641009,35,,,1,56,,1641010,35,,,1,14,,1641011,35,,,1,15,,1641012,35,,,1,14,,1641013,35,,,1,54,,1641014,35,,,1,14,,1641015,35,,,1,15,,1641016,35,,,1,15,,1641017,35,,,1,57,,1641018,35,,,1,15,,1641019,35,,,1,15,,1641020,35,,,1,15,,1641021,35,,,1,53,,1641022,35,,,1,15,,1641023,35,,,1,15,,1641024,35,,,1,15,,1641025,35,,,1,56,,1641026,35,,,1,15,,1641027,35,,,1,14,,1641028,35,,,1,15,,1641029,35,,,1,55,,1641030,35,,,1,15,,1641031,35,,,1,15,,1641032,35,,,1,15,,1641033,35,,,1,55,,1641034,35,,,1,14,,1641035,35,,,1
80103,'20261012',605,,1641036,35,,,1,18,,1641037,35,,,1,14,,1641038,35,,,1,15,,1641039,35,,,1,55,,1641040,35,,,1,15,,1641041,35,,,1,15,,1641042,35,,,1,15,,1641043,35,,,1,55,,1641044,35,,,1,15,,1641045,35,,,1,15,,1641046,35,,,1,15,,1641047,35,,,1,55,,1641048,35,,,1,15,,1641049,35,,,1,16,,1641050,35,,,1,17,,1641051,35,,,1,57,,1641052,35,,,1,15,,1641053,35,,,1,15,,1641054,35,,,1,16,,1641055,35,,,1,56,,1641056,35,,,1,15,,1641057,35,,,1,16,,1641058,35,,,1,55,,1641059,35,,,1,15,,1641060,35,,,1,16,,1641061,35,,,1,15,,1641062,35,,,1,56,,1641063,35,,,1,17,,1641064,35,,,1,16,,1641065,35,,,1,16,,1641066,35,,,1,55,,1641067,35,,,1,15,,1641068,35,,,1,15,,1641069,35,,,1,15,,1641070,35,,,1,56,,1641071,35,,,1,16,,1641072,35,,,1,14,,1641073,35,,,1,14,,1641074,35,,,1,56,,1641075,35,,,1,15,,1641076,35,,,1,15,,1641077,35,,,1,16,,1641078,35,,,1,55,,1641079,35,,,1,15,,1641080,35,,,1,15,,1641081,35,,,1,15,,1641082,35,,,1,55,,1641083,35,,,1,15,,1641084,35,,,1,14,,1641085,35,,,1,16,,1641086,35,,,1,56,,1641087,35,,,1,14,,1641088,35,,,1,15,,1641089,35,,,1,14,,1641090,35,,,1,54,,1641091,35,,,1,14,,1641092,35,,,1,15,,1641093,35,,,1,15,,1641094,35,,,1,57,,1641095,35,,,1,15,,1641096,35,,,1,15,,1641097,35,,,1,15,,1641098,35,,,1,53,,1641099,35,,,1,15,,1641100,35,,,1,15,,1641101,35,,,1,15,,1641102,35,,,1,56,,1641103,35,,,1,15,,1641104,35,,,1,14,,1641105,35,,,1,15,,1641106,35,,,1,55,,1641107,35,,,1,15,,1641108,35,,,1,15,,1641109,35,,,1,15,,1641110,35,,,1,55,,1641111,35,,,1,14,,1641112,35,,,1
80103,'20261013',520,,1585584,35,,,1,16,,1585577,35,,,1,15,,1585490,35,,,1,56,,1585491,35,,,1,11,,1585489,35,,,1,11,,1585493,35,,,1,10,,1585494,35,,,1,9,,1585495,35,,,1,10,,1585492,35,,,1,51,,1585497,35,,,1,12,,1585583,35,,,1,13,,1585498,35,,,1,10,,1585499,35,,,1,10,,1585496,35,,,1,49,,1585500,35,,,1,9,,1585501,35,,,1,11,,1585502,35,,,1,7,,1585503,35,,,1,9,,1585504,35,,,1,11,,1585505,35,,,1,8,,1585506,35,,,1,48,,1585507,35,,,1,8,,1585508,35,,,1,10,,1585509,35,,,1,13,,1585510,35,,,1,15,,1585511,35,,,1,55,,1585512,35,,,1,16,,1585513,35,,,1,14,,1585514,35,,,1,14,,1585515,35,,,1,55,,1585518,35,,,1,15,,1585519,35,,,1,15,,1585520,35,,,1,15,,1585516,35,,,1,55,,1585517,35,,,1,16,,1585521,35,,,1,15,,1585523,35,,,1,15,,1585524,35,,,1,56,,1585522,35,,,1,14,,1585526,35,,,1,15,,1585527,35,,,1,13,,1585525,35,,,1,55,,1585528,35,,,1,15,,1585582,35,,,1,15,,1585529,35,,,1,15,,1585530,35,,,1,54,,1585531,35,,,1,13,,1585532,35,,,1,13,,1585580,35,,,1,8,,1585533,35,,,1,9,,1585534,35,,,1,8,,1585535,35,,,1,49,,1585536,35,,,1,9,,1585537,35,,,1,10,,1585538,35,,,1,8,,1585539,35,,,1,9,,1585541,35,,,1,10,,1585542,35,,,1,9,,1585543,35,,,1,49,,1585540,35,,,1,9,,1585581,35,,,1,8,,1585544,35,,,1,9,,1585545,35,,,1,10,,1585547,35,,,1,10,,1585548,35,,,1,50,,1585549,35,,,1,10,,1585578,35,,,1,11,,1585546,35,,,1,14,,1585550,35,,,1,14,,1585552,35,,,1,54,,1585554,35,,,1,15,,1585551,35,,,1,15,,1585555,35,,,1,15,,1585553,35,,,1,55,,1585556,35,,,1,15,,1585557,35,,,1,15,,1585558,35,,,1,15,,1585559,35,,,1,55,,1585560,35,,,1,15,,1585561,35,,,1,15,,1585562,35,,,1,14,,1585563,35,,,1,55,,1585564,35,,,1,14,,1585565,35,,,1,15,,1585566,35,,,1,15,,1585568,35,,,1,55,,1585569,35,,,1,15,,1585570,35,,,1,15,,1585567,35,,,1,14,,1585571,35,,,1,55,,1585572,35,,,1,15,,1585573,35,,,1,15,,1585574,35,,,1,15,,1585575,35,,,1,55,,1585576,35,,,1,15,,1585579,35,,,1
80103,'20261014',520,,1585680,35,,,1,16,,1585673,35,,,1,15,,1585586,35,,,1,56,,1585587,35,,,1,11,,1585585,35,,,1,11,,1585589,35,,,1,10,,1585590,35,,,1,9,,1585591,35,,,1,10,,1585588,35,,,1,51,,1585593,35,,,1,12,,1585679,35,,,1,13,,1585594,35,,,1,10,,1585595,35,,,1,10,,1585592,35,,,1,49,,1585596,35,,,1,9,,1585597,35,,,1,11,,1585598,35,,,1,7,,1585599,35,,,1,9,,1585600,35,,,1,11,,1585601,35,,,1,8,,1585602,35,,,1,48,,1585603,35,,,1,8,,1585604,35,,,1,10,,1585605,35,,,1,13,,1585606,35,,,1,15,,1585607,35,,,1,55,,1585608,35,,,1,16,,1585609,35,,,1,14,,1585610,35,,,1,14,,1585611,35,,,1,55,,1585614,35,,,1,15,,1585615,35,,,1,15,,1585616,35,,,1,15,,1585612,35,,,1,55,,1585613,35,,,1,16,,1585617,35,,,1,15,,1585619,35,,,1,15,,1585620,35,,,1,56,,1585618,35,,,1,14,,1585622,35,,,1,15,,1585623,35,,,1,13,,1585621,35,,,1,55,,1585624,35,,,1,15,,1585678,35,,,1,15,,1585625,35,,,1,15,,1585626,35,,,1,54,,1585627,35,,,1,13,,1585628,35,,,1,13,,1585676,35,,,1,8,,1585629,35,,,1,9,,1585630,35,,,1,8,,1585631,35,,,1,49,,1585632,35,,,1,9,,1585633,35,,,1,10,,1585634,35,,,1,8,,1585635,35,,,1,9,,1585637,35,,,1,10,,1585638,35,,,1,9,,1585639,35,,,1,49,,1585636,35,,,1,9,,1585677,35,,,1,8,,1585640,35,,,1,9,,1585641,35,,,1,10,,1585643,35,,,1,10,,1585644,35,,,1,50,,1585645,35,,,1,10,,1585674,35,,,1,11,,1585642,35,,,1,14,,1585646,35,,,1,14,,1585648,35,,,1,54,,1585650,35,,,1,15,,1585647,35,,,1,15,,1585651,35,,,1,15,,1585649,35,,,1,55,,1585652,35,,,1,15,,1585653,35,,,1,15,,1585654,35,,,1,15,,1585655,35,,,1,55,,1585656,35,,,1,15,,1585657,35,,,1,15,,1585658,35,,,1,14,,1585659,35,,,1,55,,1585660,35,,,1,14,,1585661,35,,,1,15,,1585662,35,,,1,15,,1585664,35,,,1,55,,1585665,35,,,1,15,,1585666,35,,,1,15,,1585663,35,,,1,14,,1585667,35,,,1,55,,1585668,35,,,1,15,,1585669,35,,,1,15,,1585670,35,,,1,15,,1585671,35,,,1,55,,1585672,35,,,1,15,,1585675,35,,,1
80103,'20261015',520,,1585776,35,,,1,16,,1585769,35,,,1,15,,1585682,35,,,1,56,,1585683,35,,,1,11,,1585681,35,,,1,11,,1585685,35,,,1,10,,1585686,35,,,1,9,,1585687,35,,,1,10,,1585684,35,,,1,51,,1585689,35,,,1,12,,1585775,35,,,1,13,,1585690,35,,,1,10,,1585691,35,,,1,10,,1585688,35,,,1,49,,1585692,35,,,1,9,,1585693,35,,,1,11,,1585694,35,,,1,7,,1585695,35,,,1,9,,1585696,35,,,1,11,,1585697,35,,,1,8,,1585698,35,,,1,48,,1585699,35,,,1,8,,1585700,35,,,1,10,,1585701,35,,,1,13,,1585702,35,,,1,15,,1585703,35,,,1,55,,1585704,35,,,1,16,,1585705,35,,,1,14,,1585706,35,,,1,14,,1585707,35,,,1,55,,1585710,35,,,1,15,,1585711,35,,,1,15,,1585712,35,,,1,15,,1585708,35,,,1,55,,1585709,35,,,1,16,,1585713,35,,,1,15,,1585715,35,,,1,15,,1585716,35,,,1,56,,1585714,35,,,1,14,,1585718,35,,,1,15,,1585719,35,,,1,13,,1585717,35,,,1,55,,1585720,35,,,1,15,,1585774,35,,,1,15,,1585721,35,,,1,15,,1585722,35,,,1,54,,1585723,35,,,1,13,,1585724,35,,,1,13,,1585772,35,,,1,8,,1585725,35,,,1,9,,1585726,35,,,1,8,,1585727,35,,,1,49,,1585728,35,,,1,9,,1585729,35,,,1,10,,1585730,35,,,1,8,,1585731,35,,,1,9,,1585733,35,,,1,10,,1585734,35,,,1,9,,1585735,35,,,1,49,,1585732,35,,,1,9,,1585773,35,,,1,8,,1585736,35,,,1,9,,1585737,35,,,1,10,,1585739,35,,,1,10,,1585740,35,,,1,50,,1585741,35,,,1,10,,1585770,35,,,1,11,,1585738,35,,,1,14,,1585742,35,,,1,14,,1585744,35,,,1,54,,1585746,35,,,1,15,,1585743,35,,,1,15,,1585747,35,,,1,15,,1585745,35,,,1,55,,1585748,35,,,1,15,,1585749,35,,,1,15,,1585750,35,,,1,15,,1585751,35,,,1,55,,1585752,35,,,1,15,,1585753,35,,,1,15,,1585754,35,,,1,14,,1585755,35,,,1,55,,1585756,35,,,1,14,,1585757,35,,,1,15,,1585758,35,,,1,15,,1585760,35,,,1,55,,1585761,35,,,1,15,,1585762,35,,,1,15,,1585759,35,,,1,14,,1585763,35,,,1,55,,1585764,35,,,1,15,,1585765,35,,,1,15,,1585766,35,,,1,15,,1585767,35,,,1,55,,1585768,35,,,1,15,,1585771,35,,,1
80103,'20261016',520,,1585872,35,,,1,16,,1585865,35,,,1,15,,1585778,35,,,1,56,,1585779,35,,,1,11,,1585777,35,,,1,11,,1585781,35,,,1,10,,1585782,35,,,1,9,,1585783,35,,,1,10,,1585780,35,,,1,51,,1585785,35,,,1,12,,1585871,35,,,1,13,,1585786,35,,,1,10,,1585787,35,,,1,10,,1585784,35,,,1,49,,1585788,35,,,1,9,,1585789,35,,,1,11,,1585790,35,,,1,7,,1585791,35,,,1,9,,1585792,35,,,1,11,,1585793,35,,,1,8,,1585794,35,,,1,48,,1585795,35,,,1,8,,1585796,35,,,1,10,,1585797,35,,,1,13,,1585798,35,,,1,15,,1585799,35,,,1,55,,1585800,35,,,1,16,,1585801,35,,,1,14,,1585802,35,,,1,14,,1585803,35,,,1,55,,1585806,35,,,1,15,,1585807,35,,,1,15,,1585808,35,,,1,15,,1585804,35,,,1,55,,1585805,35,,,1,16,,1585809,35,,,1,15,,1585811,35,,,1,15,,1585812,35,,,1,56,,1585810,35,,,1,14,,1585814,35,,,1,15,,1585815,35,,,1,13,,1585813,35,,,1,55,,1585816,35,,,1,15,,1585870,35,,,1,15,,1585817,35,,,1,15,,1585818,35,,,1,54,,1585819,35,,,1,13,,1585820,35,,,1,13,,1585868,35,,,1,8,,1585821,35,,,1,9,,1585822,35,,,1,8,,1585823,35,,,1,49,,1585824,35,,,1,9,,1585825,35,,,1,10,,1585826,35,,,1,8,,1585827,35,,,1,9,,1585829,35,,,1,10,,1585830,35,,,1,9,,1585831,35,,,1,49,,1585828,35,,,1,9,,1585869,35,,,1,8,,1585832,35,,,1,9,,1585833,35,,,1,10,,1585835,35,,,1,10,,1585836,35,,,1,50,,1585837,35,,,1,10,,1585866,35,,,1,11,,1585834,35,,,1,14,,1585838,35,,,1,14,,1585840,35,,,1,54,,1585842,35,,,1,15,,1585839,35,,,1,15,,1585843,35,,,1,15,,1585841,35,,,1,55,,1585844,35,,,1,15,,1585845,35,,,1,15,,1585846,35,,,1,15,,1585847,35,,,1,55,,1585848,35,,,1,15,,1585849,35,,,1,15,,1585850,35,,,1,14,,1585851,35,,,1,55,,1585852,35,,,1,14,,1585853,35,,,1,15,,1585854,35,,,1,15,,1585856,35,,,1,55,,1585857,35,,,1,15,,1585858,35,,,1,15,,1585855,35,,,1,14,,1585859,35,,,1,55,,1585860,35,,,1,15,,1585861,35,,,1,15,,1585862,35,,,1,15,,1585863,35,,,1,55,,1585864,35,,,1,15,,1585867,35,,,1
80103,'20261017',605,,1617344,35,,,1,18,,1617345,35,,,1,14,,1617346,35,,,1,15,,1617347,35,,,1,55,,1617348,35,,,1,15,,1617349,35,,,1,15,,1617350,35,,,1,15,,1617351,35,,,1,55,,1617352,35,,,1,15,,1617353,35,,,1,15,,1617354,35,,,1,15,,1617355,35,,,1,55,,1617356,35,,,1,15,,1617357,35,,,1,16,,1617358,35,,,1,17,,1617359,35,,,1,57,,1617360,35,,,1,15,,1617361,35,,,1,15,,1617362,35,,,1,16,,1617363,35,,,1,56,,1617364,35,,,1,15,,1617365,35,,,1,16,,1617367,35,,,1,55,,1617368,35,,,1,15,,1617369,35,,,1,16,,1617366,35,,,1,15,,1617370,35,,,1,56,,1617371,35,,,1,17,,1617372,35,,,1,16,,1617373,35,,,1,16,,1617374,35,,,1,55,,1617375,35,,,1,15,,1617376,35,,,1,15,,1617377,35,,,1,15,,1617378,35,,,1,56,,1617379,35,,,1,16,,1617380,35,,,1,14,,1617381,35,,,1,14,,1617382,35,,,1,56,,1617383,35,,,1,15,,1617384,35,,,1,15,,1617385,35,,,1,16,,1617386,35,,,1,55,,1617387,35,,,1,15,,1617388,35,,,1,15,,1617389,35,,,1,15,,1617390,35,,,1,55,,1617391,35,,,1,15,,1617392,35,,,1,14,,1617393,35,,,1,16,,1617394,35,,,1,56,,1617395,35,,,1,14,,1617397,35,,,1,15,,1617398,35,,,1,14,,1617399,35,,,1,54,,1617396,35,,,1,14,,1617400,35,,,1,15,,1617401,35,,,1,15,,1617402,35,,,1,57,,1617403,35,,,1,15,,1617404,35,,,1,15,,1617405,35,,,1,15,,1617406,35,,,1,53,,1617407,35,,,1,15,,1617408,35,,,1,15,,1617409,35,,,1,15,,1617410,35,,,1,56,,1617411,35,,,1,15,,1617412,35,,,1,14,,1617413,35,,,1,15,,1617414,35,,,1,55,,1617415,35,,,1,15,,1617416,35,,,1,15,,1617417,35,,,1,15,,1617418,35,,,1,55,,1617419,35,,,1,14,,1617420,35,,,1
80103,'20261018',605,,1617428,35,,,1,18,,1617421,35,,,1,14,,1617429,35,,,1,15,,1617422,35,,,1,55,,1617424,35,,,1,15,,1617423,35,,,1,15,,1617425,35,,,1,15,,1617426,35,,,1,55,,1617427,35,,,1,15,,1617435,35,,,1,15,,1617430,35,,,1,15,,1617438,35,,,1,55,,1617439,35,,,1,15,,1617436,35,,,1,16,,1617431,35,,,1,17,,1617433,35,,,1,57,,1617437,35,,,1,15,,1617432,35,,,1,15,,1617434,35,,,1,16,,1617449,35,,,1,56,,1617455,35,,,1,15,,1617454,35,,,1,16,,1617452,35,,,1,55,,1617442,35,,,1,15,,1617447,35,,,1,16,,1617451,35,,,1,15,,1617457,35,,,1,56,,1617458,35,,,1,17,,1617441,35,,,1,16,,1617459,35,,,1,16,,1617446,35,,,1,55,,1617456,35,,,1,15,,1617448,35,,,1,15,,1617440,35,,,1,15,,1617450,35,,,1,56,,1617443,35,,,1,16,,1617460,35,,,1,14,,1617453,35,,,1,14,,1617444,35,,,1,56,,1617445,35,,,1,15,,1617470,35,,,1,15,,1617471,35,,,1,16,,1617477,35,,,1,55,,1617475,35,,,1,15,,1617479,35,,,1,15,,1617478,35,,,1,15,,1617472,35,,,1,55,,1617473,35,,,1,15,,1617465,35,,,1,14,,1617474,35,,,1,16,,1617476,35,,,1,56,,1617480,35,,,1,14,,1617464,35,,,1,15,,1617461,35,,,1,14,,1617481,35,,,1,54,,1617468,35,,,1,14,,1617462,35,,,1,15,,1617466,35,,,1,15,,1617463,35,,,1,57,,1617467,35,,,1,15,,1617469,35,,,1,15,,1617482,35,,,1,15,,1617489,35,,,1,53,,1617495,35,,,1,15,,1617496,35,,,1,15,,1617483,35,,,1,15,,1617484,35,,,1,56,,1617490,35,,,1,15,,1617497,35,,,1,14,,1617485,35,,,1,15,,1617492,35,,,1,55,,1617486,35,,,1,15,,1617493,35,,,1,15,,1617487,35,,,1,15,,1617488,35,,,1,55,,1617494,35,,,1,14,,1617491,35,,,1
80103,'20261019',520,,1617593,35,,,1,16,,1617586,35,,,1,15,,1617499,35,,,1,56,,1617500,35,,,1,11,,1617498,35,,,1,11,,1617502,35,,,1,10,,1617503,35,,,1,9,,1617504,35,,,1,10,,1617501,35,,,1,51,,1617506,35,,,1,12,,1617592,35,,,1,13,,1617507,35,,,1,10,,1617508,35,,,1,10,,1617505,35,,,1,49,,1617509,35,,,1,9,,1617510,35,,,1,11,,1617511,35,,,1,7,,1617512,35,,,1,9,,1617513,35,,,1,11,,1617514,35,,,1,8,,1617515,35,,,1,48,,1617516,35,,,1,8,,1617517,35,,,1,10,,1617518,35,,,1,13,,1617519,35,,,1,15,,1617520,35,,,1,55,,1617521,35,,,1,16,,1617522,35,,,1,14,,1617523,35,,,1,14,,1617524,35,,,1,55,,1617527,35,,,1,15,,1617528,35,,,1,15,,1617529,35,,,1,15,,1617525,35,,,1,55,,1617526,35,,,1,16,,1617530,35,,,1,15,,1617532,35,,,1,15,,1617533,35,,,1,56,,1617531,35,,,1,14,,1617535,35,,,1,15,,1617536,35,,,1,13,,1617534,35,,,1,55,,1617537,35,,,1,15,,1617591,35,,,1,15,,1617538,35,,,1,15,,1617539,35,,,1,54,,1617540,35,,,1,13,,1617541,35,,,1,13,,1617589,35,,,1,8,,1617542,35,,,1,9,,1617543,35,,,1,8,,1617544,35,,,1,49,,1617545,35,,,1,9,,1617546,35,,,1,10,,1617547,35,,,1,8,,1617548,35,,,1,9,,1617550,35,,,1,10,,1617551,35,,,1,9,,1617552,35,,,1,49,,1617549,35,,,1,9,,1617590,35,,,1,8,,1617553,35,,,1,9,,1617554,35,,,1,10,,1617556,35,,,1,10,,1617557,35,,,1,50,,1617558,35,,,1,10,,1617587,35,,,1,11,,1617555,35,,,1,14,,1617559,35,,,1,14,,1617561,35,,,1,54,,1617563,35,,,1,15,,1617560,35,,,1,15,,1617564,35,,,1,15,,1617562,35,,,1,55,,1617565,35,,,1,15,,1617566,35,,,1,15,,1617567,35,,,1,15,,1617568,35,,,1,55,,1617569,35,,,1,15,,1617570,35,,,1,15,,1617571,35,,,1,14,,1617572,35,,,1,55,,1617573,35,,,1,14,,1617574,35,,,1,15,,1617575,35,,,1,15,,1617577,35,,,1,55,,1617578,35,,,1,15,,1617579,35,,,1,15,,1617576,35,,,1,14,,1617580,35,,,1,55,,1617581,35,,,1,15,,1617582,35,,,1,15,,1617583,35,,,1,15,,1617584,35,,,1,55,,1617585,35,,,1,15,,1617588,35,,,1
80103,'20261020',520,,1617689,35,,,1,16,,1617682,35,,,1,15,,1617595,35,,,1,56,,1617596,35,,,1,11,,1617594,35,,,1,11,,1617598,35,,,1,10,,1617599,35,,,1,9,,1617600,35,,,1,10,,1617597,35,,,1,51,,1617602,35,,,1,12,,1617688,35,,,1,13,,1617603,35,,,1,10,,1617604,35,,,1,10,,1617601,35,,,1,49,,1617605,35,,,1,9,,1617606,35,,,1,11,,1617607,35,,,1,7,,1617608,35,,,1,9,,1617609,35,,,1,11,,1617610,35,,,1,8,,1617611,35,,,1,48,,1617612,35,,,1,8,,1617613,35,,,1,10,,1617614,35,,,1,13,,1617615,35,,,1,15,,1617616,35,,,1,55,,1617617,35,,,1,16,,1617618,35,,,1,14,,1617619,35,,,1,14,,1617620,35,,,1,55,,1617623,35,,,1,15,,1617624,35,,,1,15,,1617625,35,,,1,15,,1617621,35,,,1,55,,1617622,35,,,1,16,,1617626,35,,,1,15,,1617628,35,,,1,15,,1617629,35,,,1,56,,1617627,35,,,1,14,,1617631,35,,,1,15,,1617632,35,,,1,13,,1617630,35,,,1,55,,1617633,35,,,1,15,,1617687,35,,,1,15,,1617634,35,,,1,15,,1617635,35,,,1,54,,1617636,35,,,1,13,,1617637,35,,,1,13,,1617685,35,,,1,8,,1617638,35,,,1,9,,1617639,35,,,1,8,,1617640,35,,,1,49,,1617641,35,,,1,9,,1617642,35,,,1,10,,1617643,35,,,1,8,,1617644,35,,,1,9,,1617646,35,,,1,10,,1617647,35,,,1,9,,1617648,35,,,1,49,,1617645,35,,,1,9,,1617686,35,,,1,8,,1617649,35,,,1,9,,1617650,35,,,1,10,,1617652,35,,,1,10,,1617653,35,,,1,50,,1617654,35,,,1,10,,1617683,35,,,1,11,,1617651,35,,,1,14,,1617655,35,,,1,14,,1617657,35,,,1,54,,1617659,35,,,1,15,,1617656,35,,,1,15,,1617660,35,,,1,15,,1617658,35,,,1,55,,1617661,35,,,1,15,,1617662,35,,,1,15,,1617663,35,,,1,15,,1617664,35,,,1,55,,1617665,35,,,1,15,,1617666,35,,,1,15,,1617667,35,,,1,14,,1617668,35,,,1,55,,1617669,35,,,1,14,,1617670,35,,,1,15,,1617671,35,,,1,15,,1617673,35,,,1,55,,1617674,35,,,1,15,,1617675,35,,,1,15,,1617672,35,,,1,14,,1617676,35,,,1,55,,1617677,35,,,1,15,,1617678,35,,,1,15,,1617679,35,,,1,15,,1617680,35,,,1,55,,1617681,35,,,1,15,,1617684,35,,,1
80103,'20261021',520,,1641208,35,,,1,16,,1641201,35,,,1,15,,1641114,35,,,1,56,,1641115,35,,,1,11,,1641113,35,,,1,11,,1641117,35,,,1,10,,1641118,35,,,1,9,,1641119,35,,,1,10,,1641116,35,,,1,51,,1641121,35,,,1,12,,1641207,35,,,1,13,,1641122,35,,,1,10,,1641123,35,,,1,10,,1641120,35,,,1,49,,1641124,35,,,1,9,,1641125,35,,,1,11,,1641126,35,,,1,7,,1641127,35,,,1,9,,1641128,35,,,1,11,,1641129,35,,,1,8,,1641130,35,,,1,48,,1641131,35,,,1,8,,1641132,35,,,1,10,,1641133,35,,,1,13,,1641134,35,,,1,15,,1641135,35,,,1,55,,1641136,35,,,1,16,,1641137,35,,,1,14,,1641138,35,,,1,14,,1641139,35,,,1,55,,1641142,35,,,1,15,,1641143,35,,,1,15,,1641144,35,,,1,15,,1641140,35,,,1,55,,1641141,35,,,1,16,,1641145,35,,,1,15,,1641147,35,,,1,15,,1641148,35,,,1,56,,1641146,35,,,1,14,,1641150,35,,,1,15,,1641151,35,,,1,13,,1641149,35,,,1,55,,1641152,35,,,1,15,,1641206,35,,,1,15,,1641153,35,,,1,15,,1641154,35,,,1,54,,1641155,35,,,1,13,,1641156,35,,,1,13,,1641204,35,,,1,8,,1641157,35,,,1,9,,1641158,35,,,1,8,,1641159,35,,,1,49,,1641160,35,,,1,9,,1641161,35,,,1,10,,1641162,35,,,1,8,,1641163,35,,,1,9,,1641165,35,,,1,10,,1641166,35,,,1,9,,1641167,35,,,1,49,,1641164,35,,,1,9,,1641205,35,,,1,8,,1641168,35,,,1,9,,1641169,35,,,1,10,,1641171,35,,,1,10,,1641172,35,,,1,50,,1641173,35,,,1,10,,1641202,35,,,1,11,,1641170,35,,,1,14,,1641174,35,,,1,14,,1641176,35,,,1,54,,1641178,35,,,1,15,,1641175,35,,,1,15,,1641179,35,,,1,15,,1641177,35,,,1,55,,1641180,35,,,1,15,,1641181,35,,,1,15,,1641182,35,,,1,15,,1641183,35,,,1,55,,1641184,35,,,1,15,,1641185,35,,,1,15,,1641186,35,,,1,14,,1641187,35,,,1,55,,1641188,35,,,1,14,,1641189,35,,,1,15,,1641190,35,,,1,15,,1641192,35,,,1,55,,1641193,35,,,1,15,,1641194,35,,,1,15,,1641191,35,,,1,14,,1641195,35,,,1,55,,1641196,35,,,1,15,,1641197,35,,,1,15,,1641198,35,,,1,15,,1641199,35,,,1,55,,1641200,35,,,1,15,,1641203,35,,,1
80103,'20261022',520,,1641304,35,,,1,16,,1641297,35,,,1,15,,1641210,35,,,1,56,,1641211,35,,,1,11,,1641209,35,,,1,11,,1641213,35,,,1,10,,1641214,35,,,1,9,,1641215,35,,,1,10,,1641212,35,,,1,51,,1641217,35,,,1,12,,1641303,35,,,1,13,,1641218,35,,,1,10,,1641219,35,,,1,10,,1641216,35,,,1,49,,1641220,35,,,1,9,,1641221,35,,,1,11,,1641222,35,,,1,7,,1641223,35,,,1,9,,1641224,35,,,1,11,,1641225,35,,,1,8,,1641226,35,,,1,48,,1641227,35,,,1,8,,1641228,35,,,1,10,,1641229,35,,,1,13,,1641230,35,,,1,15,,1641231,35,,,1,55,,1641232,35,,,1,16,,1641233,35,,,1,14,,1641234,35,,,1,14,,1641235,35,,,1,55,,1641238,35,,,1,15,,1641239,35,,,1,15,,1641240,35,,,1,15,,1641236,35,,,1,55,,1641237,35,,,1,16,,1641241,35,,,1,15,,1641243,35,,,1,15,,1641244,35,,,1,56,,1641242,35,,,1,14,,1641246,35,,,1,15,,1641247,35,,,1,13,,1641245,35,,,1,55,,1641248,35,,,1,15,,1641302,35,,,1,15,,1641249,35,,,1,15,,1641250,35,,,1,54,,1641251,35,,,1,13,,1641252,35,,,1,13,,1641300,35,,,1,8,,1641253,35,,,1,9,,1641254,35,,,1,8,,1641255,35,,,1,49,,1641256,35,,,1,9,,1641257,35,,,1,10,,1641258,35,,,1,8,,1641259,35,,,1,9,,1641261,35,,,1,10,,1641262,35,,,1,9,,1641263,35,,,1,49,,1641260,35,,,1,9,,1641301,35,,,1,8,,1641264,35,,,1,9,,1641265,35,,,1,10,,1641267,35,,,1,10,,1641268,35,,,1,50,,1641269,35,,,1,10,,1641298,35,,,1,11,,1641266,35,,,1,14,,1641270,35,,,1,14,,1641272,35,,,1,54,,1641274,35,,,1,15,,1641271,35,,,1,15,,1641275,35,,,1,15,,1641273,35,,,1,55,,1641276,35,,,1,15,,1641277,35,,,1,15,,1641278,35,,,1,15,,1641279,35,,,1,55,,1641280,35,,,1,15,,1641281,35,,,1,15,,1641282,35,,,1,14,,1641283,35,,,1,55,,1641284,35,,,1,14,,1641285,35,,,1,15,,1641286,35,,,1,15,,1641288,35,,,1,55,,1641289,35,,,1,15,,1641290,35,,,1,15,,1641287,35,,,1,14,,1641291,35,,,1,55,,1641292,35,,,1,15,,1641293,35,,,1,15,,1641294,35,,,1,15,,1641295,35,,,1,55,,1641296,35,,,1,15,,1641299,35,,,1
80103,'20261023',520,,1641400,35,,,1,16,,1641393,35,,,1,15,,1641306,35,,,1,56,,1641307,35,,,1,11,,1641305,35,,,1,11,,1641309,35,,,1,10,,1641310,35,,,1,9,,1641311,35,,,1,10,,1641308,35,,,1,51,,1641313,35,,,1,12,,1641399,35,,,1,13,,1641314,35,,,1,10,,1641315,35,,,1,10,,1641312,35,,,1,49,,1641316,35,,,1,9,,1641317,35,,,1,11,,1641318,35,,,1,7,,1641319,35,,,1,9,,1641320,35,,,1,11,,1641321,35,,,1,8,,1641322,35,,,1,48,,1641323,35,,,1,8,,1641324,35,,,1,10,,1641325,35,,,1,13,,1641326,35,,,1,15,,1641327,35,,,1,55,,1641328,35,,,1,16,,1641329,35,,,1,14,,1641330,35,,,1,14,,1641331,35,,,1,55,,1641334,35,,,1,15,,1641335,35,,,1,15,,1641336,35,,,1,15,,1641332,35,,,1,55,,1641333,35,,,1,16,,1641337,35,,,1,15,,1641339,35,,,1,15,,1641340,35,,,1,56,,1641338,35,,,1,14,,1641342,35,,,1,15,,1641343,35,,,1,13,,1641341,35,,,1,55,,1641344,35,,,1,15,,1641398,35,,,1,15,,1641345,35,,,1,15,,1641346,35,,,1,54,,1641347,35,,,1,13,,1641348,35,,,1,13,,1641396,35,,,1,8,,1641349,35,,,1,9,,1641350,35,,,1,8,,1641351,35,,,1,49,,1641352,35,,,1,9,,1641353,35,,,1,10,,1641354,35,,,1,8,,1641355,35,,,1,9,,1641357,35,,,1,10,,1641358,35,,,1,9,,1641359,35,,,1,49,,1641356,35,,,1,9,,1641397,35,,,1,8,,1641360,35,,,1,9,,1641361,35,,,1,10,,1641363,35,,,1,10,,1641364,35,,,1,50,,1641365,35,,,1,10,,1641394,35,,,1,11,,1641362,35,,,1,14,,1641366,35,,,1,14,,1641368,35,,,1,54,,1641370,35,,,1,15,,1641367,35,,,1,15,,1641371,35,,,1,15,,1641369,35,,,1,55,,1641372,35,,,1,15,,1641373,35,,,1,15,,1641374,35,,,1,15,,1641375,35,,,1,55,,1641376,35,,,1,15,,1641377,35,,,1,15,,1641378,35,,,1,14,,1641379,35,,,1,55,,1641380,35,,,1,14,,1641381,35,,,1,15,,1641382,35,,,1,15,,1641384,35,,,1,55,,1641385,35,,,1,15,,1641386,35,,,1,15,,1641383,35,,,1,14,,1641387,35,,,1,55,,1641388,35,,,1,15,,1641389,35,,,1,15,,1641390,35,,,1,15,,1641391,35,,,1,55,,1641392,35,,,1,15,,1641395,35,,,1
80503,'20261009',516,,1623193,7,,,0,9,,1623194,7,,,0,11,,1623195,7,,,0,10,,1623196,7,,,0,10,,1623197,7,,,0,50,,1623198,7,,,0,10,,1623199,7,,,0,10,,1623200,7,,,0,10,,1623201,7,,,0,5,,1623202,7,,,0,8,,1623203,7,,,0,8,,1623204,7,,,0,45,,1623205,7,,,0,6,,1623206,7,,,0,5,,1623207,7,,,0,5,,1623208,7,,,0,5,,1623209,7,,,0,5,,1623210,7,,,0,5,,1623211,7,,,0,5,,1623212,7,,,0,5,,1623213,7,,,0,4,,1623214,7,,,0,7,,1623215,7,,,0,5,,1623216,7,,,0,48,,1623217,7,,,0,8,,1623218,7,,,0,8,,1623219,7,,,0,8,,1623220,7,,,0,9,,1623221,7,,,0,8,,1623222,7,,,0,8,,1623223,7,,,0,49,,1623224,7,,,0,10,,1623225,7,,,0,11,,1623226,7,,,0,8,,1623227,7,,,0,10,,1623228,7,,,0,11,,1623229,7,,,0,50,,1623230,7,,,0,10,,1623231,7,,,0,10,,1623232,7,,,0,8,,1623233,7,,,0,10,,1623234,7,,,0,10,,1623235,7,,,0,50,,1623236,7,,,0,10,,1623237,7,,,0,10,,1623238,7,,,0,11,,1623239,7,,,0,10,,1623240,7,,,0,10,,1623241,7,,,0,50,,1623242,7,,,0,10,,1623243,7,,,0,10,,1623244,7,,,0,10,,1623245,7,,,0,10,,1623246,7,,,0,10,,1623247,7,,,0,50,,1623248,7,,,0,10,,1623249,7,,,0,10,,1623250,7,,,0,10,,1623251,7,,,0,10,,1623252,7,,,0,10,,1623253,7,,,0,50,,1623254,7,,,0,9,,1623255,7,,,0,10,,1623256,7,,,0,6,,1623257,7,,,0,6,,1623258,7,,,0,7,,1623259,7,,,0,6,,1623260,7,,,0,5,,1623261,7,,,0,6,,1623262,7,,,0,46,,1623263,7,,,0,6,,1623264,7,,,0,6,,1623265,7,,,0,7,,1623266,7,,,0,7,,1623267,7,,,0,5,,1623268,7,,,0,7,,1623269,7,,,0,5,,1623270,7,,,0,7,,1623271,7,,,0,48,,1623272,7,,,0,7,,1623273,7,,,0,8,,1623274,7,,,0,8,,1623275,7,,,0,7,,1623276,7,,,0,7,,1623277,7,,,0,7,,1623278,7,,,0,10,,1623279,7,,,0,48,,1623280,7,,,0,8,,1623281,7,,,0,9,,1623282,7,,,0,10,,1623283,7,,,0,11,,1623284,7,,,0,11,,1623285,7,,,0,50,,1623286,7,,,0,10,,1623287,7,,,0,10,,1623288,7,,,0,9,,1623289,7,,,0,9,,1623290,7,,,0,10,,1623291,7,,,0,49,,1623292,7,,,0,10,,1623293,7,,,0,9,,1623294,7,,,0,10,,1623295,7,,,0,9,,1623296,7,,,0,11,,1623297,7,,,0,50,,1623298,7,,,0,10,,1623299,7,,,0,10,,1623300,7,,,0,10,,1623301,7,,,0,10,,1623302,7,,,0,10,,1623303,7,,,0,50,,1623304,7,,,0,10,,1623305,7,,,0,10,,1623306,7,,,0,10,,1623307,7,,,0,10,,1623308,7,,,0,10,,1623309,7,,,0,50,,1623310,7,,,0,10,,1623311,7,,,0,10,,1623312,7,,,0,10,,1623313,7,,,0,10,,1623314,7,,,0,10,,1623315,7,,,0,50,,1623316,7,,,0,10,,1623317,7,,,0,10,,1623318,7,,,0,10,,1623319,7,,,0,10,,1623320,7,,,0,10,,1623321,7,,,0,50,,1623322,7,,,0,10,,1623323,7,,,0,10,,1623324,7,,,0,10,,1623325,7,,,0,10,,1623326,7,,,0,10,,1623327,7,,,0,50,,1623328,7,,,0,10,,1623329,7,,,0,10,,1623330,7,,,0,10,,1623331,7,,,0
80503,'20261010',538,,1645052,7,,,0,10,,1645053,7,,,0,10,,1645054,7,,,0,50,,1645055,7,,,0,10,,1645056,7,,,0,10,,1645057,7,,,0,10,,1645058,7,,,0,10,,1645059,7,,,0,10,,1645060,7,,,0,50,,1645061,7,,,0,10,,1645062,7,,,0,11,,1645063,7,,,0,10,,1645064,7,,,0,10,,1645065,7,,,0,9,,1645066,7,,,0,50,,1645067,7,,,0,9,,1645068,7,,,0,11,,1645069,7,,,0,10,,1645070,7,,,0,10,,1645071,7,,,0,9,,1645072,7,,,0,50,,1645073,7,,,0,11,,1645074,7,,,0,10,,1645075,7,,,0,10,,1645076,7,,,0,11,,1645077,7,,,0,10,,1645078,7,,,0,50,,1645079,7,,,0,10,,1645080,7,,,0,10,,1645081,7,,,0,11,,1645082,7,,,0,10,,1645083,7,,,0,50,,1645084,7,,,0,10,,1645085,7,,,0,11,,1645086,7,,,0,10,,1645087,7,,,0,10,,1645088,7,,,0,11,,1645089,7,,,0,50,,1645090,7,,,0,10,,1645091,7,,,0,10,,1645092,7,,,0,10,,1645093,7,,,0,10,,1645094,7,,,0,10,,1645095,7,,,0,50,,1645096,7,,,0,10,,1645097,7,,,0,10,,1645098,7,,,0,10,,1645099,7,,,0,10,,1645100,7,,,0,10,,1645101,7,,,0,51,,1645102,7,,,0,11,,1645103,7,,,0,8,,1645104,7,,,0,10,,1645105,7,,,0,10,,1645106,7,,,0,10,,1645107,7,,,0,49,,1645108,7,,,0,10,,1645109,7,,,0,10,,1645110,7,,,0,10,,1645111,7,,,0,9,,1645112,7,,,0,9,,1645113,7,,,0,10,,1645114,7,,,0,50,,1645115,7,,,0,10,,1645116,7,,,0,10,,1645117,7,,,0,10,,1645118,7,,,0,10,,1645119,7,,,0,9,,1645120,7,,,0,50,,1645121,7,,,0,10,,1645122,7,,,0,10,,1645123,7,,,0,11,,1645124,7,,,0,10,,1645125,7,,,0,10,,1645126,7,,,0,51,,1645127,7,,,0,10,,1645128,7,,,0,9,,1645129,7,,,0,9,,1645130,7,,,0,10,,1645131,7,,,0,10,,1645132,7,,,0,50,,1645133,7,,,0,10,,1645134,7,,,0,10,,1645135,7,,,0,10,,1645136,7,,,0,10,,1645137,7,,,0,10,,1645138,7,,,0,50,,1645139,7,,,0,10,,1645140,7,,,0,10,,1645141,7,,,0,11,,1645142,7,,,0,10,,1645143,7,,,0,10,,1645144,7,,,0,50,,1645145,7,,,0,10,,1645146,7,,,0,10,,1645147,7,,,0,10,,1645148,7,,,0,10,,1645149,7,,,0,10,,1645150,7,,,0,50,,1645151,7,,,0,10,,1645152,7,,,0,10,,1645153,7,,,0,10,,1645154,7,,,0,9,,1645155,7,,,0,10,,1645156,7,,,0,50,,1645157,7,,,0,10,,1645158,7,,,0,10,,1645159,7,,,0,10,,1645160,7,,,0,10,,1645161,7,,,0,10,,1645162,7,,,0,50,,1645163,7,,,0,10,,1645164,7,,,0,10,,1645165,7,,,0,10,,1645166,7,,,0,10,,1645167,7,,,0,10,,1645168,7,,,0,51,,1645169,7,,,0,12,,1645170,7,,,0
80503,'20261011',538,,1645171,7,,,0,10,,1645172,7,,,0,10,,1645173,7,,,0,50,,1645174,7,,,0,10,,1645175,7,,,0,10,,1645176,7,,,0,10,,1645177,7,,,0,10,,1645178,7,,,0,10,,1645179,7,,,0,50,,1645180,7,,,0,10,,1645181,7,,,0,11,,1645182,7,,,0,10,,1645183,7,,,0,10,,1645184,7,,,0,9,,1645185,7,,,0,50,,1645186,7,,,0,9,,1645187,7,,,0,11,,1645188,7,,,0,10,,1645189,7,,,0,10,,1645190,7,,,0,9,,1645191,7,,,0,50,,1645192,7,,,0,11,,1645193,7,,,0,10,,1645194,7,,,0,10,,1645195,7,,,0,11,,1645196,7,,,0,10,,1645197,7,,,0,50,,1645198,7,,,0,10,,1645199,7,,,0,10,,1645200,7,,,0,11,,1645201,7,,,0,10,,1645202,7,,,0,50,,1645203,7,,,0,10,,1645204,7,,,0,11,,1645205,7,,,0,10,,1645206,7,,,0,10,,1645207,7,,,0,11,,1645208,7,,,0,50,,1645209,7,,,0,10,,1645210,7,,,0,10,,1645211,7,,,0,10,,1645212,7,,,0,10,,1645213,7,,,0,10,,1645214,7,,,0,50,,1645215,7,,,0,10,,1645216,7,,,0,10,,1645217,7,,,0,10,,1645218,7,,,0,10,,1645219,7,,,0,10,,1645220,7,,,0,51,,1645221,7,,,0,11,,1645222,7,,,0,8,,1645223,7,,,0,10,,1645224,7,,,0,10,,1645225,7,,,0,10,,1645226,7,,,0,49,,1645227,7,,,0,10,,1645228,7,,,0,10,,1645229,7,,,0,10,,1645230,7,,,0,9,,1645231,7,,,0,9,,1645232,7,,,0,10,,1645233,7,,,0,50,,1645234,7,,,0,10,,1645235,7,,,0,10,,1645236,7,,,0,10,,1645237,7,,,0,10,,1645238,7,,,0,9,,1645239,7,,,0,50,,1645240,7,,,0,10,,1645241,7,,,0,10,,1645242,7,,,0,11,,1645243,7,,,0,10,,1645244,7,,,0,10,,1645245,7,,,0,51,,1645246,7,,,0,10,,1645247,7,,,0,9,,1645248,7,,,0,9,,1645249,7,,,0,10,,1645250,7,,,0,10,,1645251,7,,,0,50,,1645252,7,,,0,10,,1645253,7,,,0,10,,1645254,7,,,0,10,,1645255,7,,,0,10,,1645256,7,,,0,10,,1645257,7,,,0,50,,1645258,7,,,0,10,,1645259,7,,,0,10,,1645260,7,,,0,11,,1645261,7,,,0,10,,1645262,7,,,0,10,,1645263,7,,,0,50,,1645264,7,,,0,10,,1645265,7,,,0,10,,1645266,7,,,0,10,,1645267,7,,,0,10,,1645268,7,,,0,10,,1645269,7,,,0,50,,1645270,7,,,0,10,,1645271,7,,,0,10,,1645272,7,,,0,10,,1645273,7,,,0,9,,1645274,7,,,0,10,,1645275,7,,,0,50,,1645276,7,,,0,10,,1645277,7,,,0,10,,1645278,7,,,0,10,,1645279,7,,,0,10,,1645280,7,,,0,10,,1645281,7,,,0,50,,1645282,7,,,0,10,,1645283,7,,,0,10,,1645284,7,,,0,10,,1645285,7,,,0,10,,1645286,7,,,0,10,,1645287,7,,,0,51,,1645288,7,,,0,12,,1645289,7,,,0
80503,'20261012',538,,1645290,7,,,0,10,,1645291,7,,,0,10,,1645292,7,,,0,50,,1645293,7,,,0,10,,1645294,7,,,0,10,,1645295,7,,,0,10,,1645296,7,,,0,10,,1645297,7,,,0,10,,1645298,7,,,0,50,,1645299,7,,,0,10,,1645300,7,,,0,11,,1645301,7,,,0,10,,1645302,7,,,0,10,,1645303,7,,,0,9,,1645304,7,,,0,50,,1645305,7,,,0,9,,1645306,7,,,0,11,,1645307,7,,,0,10,,1645308,7,,,0,10,,1645309,7,,,0,9,,1645310,7,,,0,50,,1645311,7,,,0,11,,1645312,7,,,0,10,,1645313,7,,,0,10,,1645314,7,,,0,11,,1645315,7,,,0,10,,1645316,7,,,0,50,,1645317,7,,,0,10,,1645318,7,,,0,10,,1645319,7,,,0,11,,1645320,7,,,0,10,,1645321,7,,,0,50,,1645322,7,,,0,10,,1645323,7,,,0,11,,1645324,7,,,0,10,,1645325,7,,,0,10,,1645326,7,,,0,11,,1645327,7,,,0,50,,1645328,7,,,0,10,,1645329,7,,,0,10,,1645330,7,,,0,10,,1645331,7,,,0,10,,1645332,7,,,0,10,,1645333,7,,,0,50,,1645334,7,,,0,10,,1645335,7,,,0,10,,1645336,7,,,0,10,,1645337,7,,,0,10,,1645338,7,,,0,10,,1645339,7,,,0,51,,1645340,7,,,0,11,,1645341,7,,,0,8,,1645342,7,,,0,10,,1645343,7,,,0,10,,1645344,7,,,0,10,,1645345,7,,,0,49,,1645346,7,,,0,10,,1645347,7,,,0,10,,1645348,7,,,0,10,,1645349,7,,,0,9,,1645350,7,,,0,9,,1645351,7,,,0,10,,1645352,7,,,0,50,,1645353,7,,,0,10,,1645354,7,,,0,10,,1645355,7,,,0,10,,1645356,7,,,0,10,,1645357,7,,,0,9,,1645358,7,,,0,50,,1645359,7,,,0,10,,1645360,7,,,0,10,,1645361,7,,,0,11,,1645362,7,,,0,10,,1645363,7,,,0,10,,1645364,7,,,0,51,,1645365,7,,,0,10,,1645366,7,,,0,9,,1645367,7,,,0,9,,1645368,7,,,0,10,,1645369,7,,,0,10,,1645370,7,,,0,50,,1645371,7,,,0,10,,1645372,7,,,0,10,,1645373,7,,,0,10,,1645374,7,,,0,10,,1645375,7,,,0,10,,1645376,7,,,0,50,,1645377,7,,,0,10,,1645378,7,,,0,10,,1645379,7,,,0,11,,1645380,7,,,0,10,,1645381,7,,,0,10,,1645382,7,,,0,50,,1645383,7,,,0,10,,1645384,7,,,0,10,,1645385,7,,,0,10,,1645386,7,,,0,10,,1645387,7,,,0,10,,1645388,7,,,0,50,,1645389,7,,,0,10,,1645390,7,,,0,10,,1645391,7,,,0,10,,1645392,7,,,0,9,,1645393,7,,,0,10,,1645394,7,,,0,50,,1645395,7,,,0,10,,1645396,7,,,0,10,,1645397,7,,,0,10,,1645398,7,,,0,10,,1645399,7,,,0,10,,1645400,7,,,0,50,,1645401,7,,,0,10,,1645402,7,,,0,10,,1645403,7,,,0,10,,1645404,7,,,0,10,,1645405,7,,,0,10,,1645406,7,,,0,51,,1645407,7,,,0,12,,1645408,7,,,0
80503,'20261013',516,,1591590,7,,,0,9,,1591589,7,,,0,11,,1591467,7,,,0,10,,1591468,7,,,0,10,,1591469,7,,,0,50,,1591570,7,,,0,10,,1591470,7,,,0,10,,1591563,7,,,0,10,,1591471,7,,,0,5,,1591562,7,,,0,8,,1591472,7,,,0,8,,1591473,7,,,0,45,,1591474,7,,,0,6,,1591594,7,,,0,5,,1591599,7,,,0,5,,1591475,7,,,0,5,,1591600,7,,,0,5,,1591603,7,,,0,5,,1591560,7,,,0,5,,1591601,7,,,0,5,,1591561,7,,,0,4,,1591602,7,,,0,7,,1591476,7,,,0,5,,1591605,7,,,0,48,,1591477,7,,,0,8,,1591478,7,,,0,8,,1591479,7,,,0,8,,1591480,7,,,0,9,,1591559,7,,,0,8,,1591481,7,,,0,8,,1591482,7,,,0,49,,1591483,7,,,0,10,,1591485,7,,,0,11,,1591486,7,,,0,8,,1591484,7,,,0,10,,1591487,7,,,0,11,,1591568,7,,,0,50,,1591488,7,,,0,10,,1591489,7,,,0,10,,1591490,7,,,0,8,,1591491,7,,,0,10,,1591593,7,,,0,10,,1591572,7,,,0,50,,1591492,7,,,0,10,,1591494,7,,,0,10,,1591495,7,,,0,11,,1591573,7,,,0,10,,1591496,7,,,0,10,,1591493,7,,,0,50,,1591497,7,,,0,10,,1591498,7,,,0,10,,1591499,7,,,0,10,,1591500,7,,,0,10,,1591502,7,,,0,10,,1591503,7,,,0,50,,1591504,7,,,0,10,,1591574,7,,,0,10,,1591501,7,,,0,10,,1591575,7,,,0,10,,1591505,7,,,0,10,,1591506,7,,,0,50,,1591507,7,,,0,9,,1591508,7,,,0,10,,1591509,7,,,0,6,,1591564,7,,,0,6,,1591604,7,,,0,7,,1591510,7,,,0,6,,1591512,7,,,0,5,,1591595,7,,,0,6,,1591596,7,,,0,46,,1591513,7,,,0,6,,1591514,7,,,0,6,,1591511,7,,,0,7,,1591571,7,,,0,7,,1591598,7,,,0,5,,1591515,7,,,0,7,,1591566,7,,,0,5,,1591569,7,,,0,7,,1591516,7,,,0,48,,1591517,7,,,0,7,,1591518,7,,,0,8,,1591519,7,,,0,8,,1591520,7,,,0,7,,1591521,7,,,0,7,,1591522,7,,,0,7,,1591523,7,,,0,10,,1591524,7,,,0,48,,1591525,7,,,0,8,,1591526,7,,,0,9,,1591528,7,,,0,10,,1591529,7,,,0,11,,1591530,7,,,0,11,,1591527,7,,,0,50,,1591532,7,,,0,10,,1591533,7,,,0,10,,1591534,7,,,0,9,,1591531,7,,,0,9,,1591535,7,,,0,10,,1591576,7,,,0,49,,1591536,7,,,0,10,,1591537,7,,,0,9,,1591577,7,,,0,10,,1591538,7,,,0,9,,1591539,7,,,0,11,,1591578,7,,,0,50,,1591540,7,,,0,10,,1591541,7,,,0,10,,1591579,7,,,0,10,,1591542,7,,,0,10,,1591543,7,,,0,10,,1591580,7,,,0,50,,1591544,7,,,0,10,,1591545,7,,,0,10,,1591581,7,,,0,10,,1591546,7,,,0,10,,1591547,7,,,0,10,,1591582,7,,,0,50,,1591548,7,,,0,10,,1591549,7,,,0,10,,1591583,7,,,0,10,,1591550,7,,,0,10,,1591551,7,,,0,10,,1591584,7,,,0,50,,1591553,7,,,0,10,,1591554,7,,,0,10,,1591585,7,,,0,10,,1591555,7,,,0,10,,1591552,7,,,0,10,,1591586,7,,,0,50,,1591556,7,,,0,10,,1591557,7,,,0,10,,1591587,7,,,0,10,,1591558,7,,,0,10,,1591565,7,,,0,10,,1591588,7,,,0,50,,1591567,7,,,0,10,,1591591,7,,,0,10,,1591592,7,,,0,10,,1591597,7,,,0
80503,'20261014',516,,1591729,7,,,0,9,,1591728,7,,,0,11,,1591606,7,,,0,10,,1591607,7,,,0,10,,1591608,7,,,0,50,,1591709,7,,,0,10,,1591609,7,,,0,10,,1591702,7,,,0,10,,1591610,7,,,0,5,,1591701,7,,,0,8,,1591611,7,,,0,8,,1591612,7,,,0,45,,1591613,7,,,0,6,,1591733,7,,,0,5,,1591738,7,,,0,5,,1591614,7,,,0,5,,1591739,7,,,0,5,,1591742,7,,,0,5,,1591699,7,,,0,5,,1591740,7,,,0,5,,1591700,7,,,0,4,,1591741,7,,,0,7,,1591615,7,,,0,5,,1591744,7,,,0,48,,1591616,7,,,0,8,,1591617,7,,,0,8,,1591618,7,,,0,8,,1591619,7,,,0,9,,1591698,7,,,0,8,,1591620,7,,,0,8,,1591621,7,,,0,49,,1591622,7,,,0,10,,1591624,7,,,0,11,,1591625,7,,,0,8,,1591623,7,,,0,10,,1591626,7,,,0,11,,1591707,7,,,0,50,,1591627,7,,,0,10,,1591628,7,,,0,10,,1591629,7,,,0,8,,1591630,7,,,0,10,,1591732,7,,,0,10,,1591711,7,,,0,50,,1591631,7,,,0,10,,1591633,7,,,0,10,,1591634,7,,,0,11,,1591712,7,,,0,10,,1591635,7,,,0,10,,1591632,7,,,0,50,,1591636,7,,,0,10,,1591637,7,,,0,10,,1591638,7,,,0,10,,1591639,7,,,0,10,,1591641,7,,,0,10,,1591642,7,,,0,50,,1591643,7,,,0,10,,1591713,7,,,0,10,,1591640,7,,,0,10,,1591714,7,,,0,10,,1591644,7,,,0,10,,1591645,7,,,0,50,,1591646,7,,,0,9,,1591647,7,,,0,10,,1591648,7,,,0,6,,1591703,7,,,0,6,,1591743,7,,,0,7,,1591649,7,,,0,6,,1591651,7,,,0,5,,1591734,7,,,0,6,,1591735,7,,,0,46,,1591652,7,,,0,6,,1591653,7,,,0,6,,1591650,7,,,0,7,,1591710,7,,,0,7,,1591737,7,,,0,5,,1591654,7,,,0,7,,1591705,7,,,0,5,,1591708,7,,,0,7,,1591655,7,,,0,48,,1591656,7,,,0,7,,1591657,7,,,0,8,,1591658,7,,,0,8,,1591659,7,,,0,7,,1591660,7,,,0,7,,1591661,7,,,0,7,,1591662,7,,,0,10,,1591663,7,,,0,48,,1591664,7,,,0,8,,1591665,7,,,0,9,,1591667,7,,,0,10,,1591668,7,,,0,11,,1591669,7,,,0,11,,1591666,7,,,0,50,,1591671,7,,,0,10,,1591672,7,,,0,10,,1591673,7,,,0,9,,1591670,7,,,0,9,,1591674,7,,,0,10,,1591715,7,,,0,49,,1591675,7,,,0,10,,1591676,7,,,0,9,,1591716,7,,,0,10,,1591677,7,,,0,9,,1591678,7,,,0,11,,1591717,7,,,0,50,,1591679,7,,,0,10,,1591680,7,,,0,10,,1591718,7,,,0,10,,1591681,7,,,0,10,,1591682,7,,,0,10,,1591719,7,,,0,50,,1591683,7,,,0,10,,1591684,7,,,0,10,,1591720,7,,,0,10,,1591685,7,,,0,10,,1591686,7,,,0,10,,1591721,7,,,0,50,,1591687,7,,,0,10,,1591688,7,,,0,10,,1591722,7,,,0,10,,1591689,7,,,0,10,,1591690,7,,,0,10,,1591723,7,,,0,50,,1591692,7,,,0,10,,1591693,7,,,0,10,,1591724,7,,,0,10,,1591694,7,,,0,10,,1591691,7,,,0,10,,1591725,7,,,0,50,,1591695,7,,,0,10,,1591696,7,,,0,10,,1591726,7,,,0,10,,1591697,7,,,0,10,,1591704,7,,,0,10,,1591727,7,,,0,50,,1591706,7,,,0,10,,1591730,7,,,0,10,,1591731,7,,,0,10,,1591736,7,,,0
80503,'20261015',516,,1591868,7,,,0,9,,1591867,7,,,0,11,,1591745,7,,,0,10,,1591746,7,,,0,10,,1591747,7,,,0,50,,1591848,7,,,0,10,,1591748,7,,,0,10,,1591841,7,,,0,10,,1591749,7,,,0,5,,1591840,7,,,0,8,,1591750,7,,,0,8,,1591751,7,,,0,45,,1591752,7,,,0,6,,1591872,7,,,0,5,,1591877,7,,,0,5,,1591753,7,,,0,5,,1591878,7,,,0,5,,1591881,7,,,0,5,,1591838,7,,,0,5,,1591879,7,,,0,5,,1591839,7,,,0,4,,1591880,7,,,0,7,,1591754,7,,,0,5,,1591883,7,,,0,48,,1591755,7,,,0,8,,1591756,7,,,0,8,,1591757,7,,,0,8,,1591758,7,,,0,9,,1591837,7,,,0,8,,1591759,7,,,0,8,,1591760,7,,,0,49,,1591761,7,,,0,10,,1591763,7,,,0,11,,1591764,7,,,0,8,,1591762,7,,,0,10,,1591765,7,,,0,11,,1591846,7,,,0,50,,1591766,7,,,0,10,,1591767,7,,,0,10,,1591768,7,,,0,8,,1591769,7,,,0,10,,1591871,7,,,0,10,,1591850,7,,,0,50,,1591770,7,,,0,10,,1591772,7,,,0,10,,1591773,7,,,0,11,,1591851,7,,,0,10,,1591774,7,,,0,10,,1591771,7,,,0,50,,1591775,7,,,0,10,,1591776,7,,,0,10,,1591777,7,,,0,10,,1591778,7,,,0,10,,1591780,7,,,0,10,,1591781,7,,,0,50,,1591782,7,,,0,10,,1591852,7,,,0,10,,1591779,7,,,0,10,,1591853,7,,,0,10,,1591783,7,,,0,10,,1591784,7,,,0,50,,1591785,7,,,0,9,,1591786,7,,,0,10,,1591787,7,,,0,6,,1591842,7,,,0,6,,1591882,7,,,0,7,,1591788,7,,,0,6,,1591790,7,,,0,5,,1591873,7,,,0,6,,1591874,7,,,0,46,,1591791,7,,,0,6,,1591792,7,,,0,6,,1591789,7,,,0,7,,1591849,7,,,0,7,,1591876,7,,,0,5,,1591793,7,,,0,7,,1591844,7,,,0,5,,1591847,7,,,0,7,,1591794,7,,,0,48,,1591795,7,,,0,7,,1591796,7,,,0,8,,1591797,7,,,0,8,,1591798,7,,,0,7,,1591799,7,,,0,7,,1591800,7,,,0,7,,1591801,7,,,0,10,,1591802,7,,,0,48,,1591803,7,,,0,8,,1591804,7,,,0,9,,1591806,7,,,0,10,,1591807,7,,,0,11,,1591808,7,,,0,11,,1591805,7,,,0,50,,1591810,7,,,0,10,,1591811,7,,,0,10,,1591812,7,,,0,9,,1591809,7,,,0,9,,1591813,7,,,0,10,,1591854,7,,,0,49,,1591814,7,,,0,10,,1591815,7,,,0,9,,1591855,7,,,0,10,,1591816,7,,,0,9,,1591817,7,,,0,11,,1591856,7,,,0,50,,1591818,7,,,0,10,,1591819,7,,,0,10,,1591857,7,,,0,10,,1591820,7,,,0,10,,1591821,7,,,0,10,,1591858,7,,,0,50,,1591822,7,,,0,10,,1591823,7,,,0,10,,1591859,7,,,0,10,,1591824,7,,,0,10,,1591825,7,,,0,10,,1591860,7,,,0,50,,1591826,7,,,0,10,,1591827,7,,,0,10,,1591861,7,,,0,10,,1591828,7,,,0,10,,1591829,7,,,0,10,,1591862,7,,,0,50,,1591831,7,,,0,10,,1591832,7,,,0,10,,1591863,7,,,0,10,,1591833,7,,,0,10,,1591830,7,,,0,10,,1591864,7,,,0,50,,1591834,7,,,0,10,,1591835,7,,,0,10,,1591865,7,,,0,10,,1591836,7,,,0,10,,1591843,7,,,0,10,,1591866,7,,,0,50,,1591845,7,,,0,10,,1591869,7,,,0,10,,1591870,7,,,0,10,,1591875,7,,,0
80503,'20261016',516,,1592007,7,,,0,9,,1592006,7,,,0,11,,1591884,7,,,0,10,,1591885,7,,,0,10,,1591886,7,,,0,50,,1591987,7,,,0,10,,1591887,7,,,0,10,,1591980,7,,,0,10,,1591888,7,,,0,5,,1591979,7,,,0,8,,1591889,7,,,0,8,,1591890,7,,,0,45,,1591891,7,,,0,6,,1592011,7,,,0,5,,1592016,7,,,0,5,,1591892,7,,,0,5,,1592017,7,,,0,5,,1592020,7,,,0,5,,1591977,7,,,0,5,,1592018,7,,,0,5,,1591978,7,,,0,4,,1592019,7,,,0,7,,1591893,7,,,0,5,,1592022,7,,,0,48,,1591894,7,,,0,8,,1591895,7,,,0,8,,1591896,7,,,0,8,,1591897,7,,,0,9,,1591976,7,,,0,8,,1591898,7,,,0,8,,1591899,7,,,0,49,,1591900,7,,,0,10,,1591902,7,,,0,11,,1591903,7,,,0,8,,1591901,7,,,0,10,,1591904,7,,,0,11,,1591985,7,,,0,50,,1591905,7,,,0,10,,1591906,7,,,0,10,,1591907,7,,,0,8,,1591908,7,,,0,10,,1592010,7,,,0,10,,1591989,7,,,0,50,,1591909,7,,,0,10,,1591911,7,,,0,10,,1591912,7,,,0,11,,1591990,7,,,0,10,,1591913,7,,,0,10,,1591910,7,,,0,50,,1591914,7,,,0,10,,1591915,7,,,0,10,,1591916,7,,,0,10,,1591917,7,,,0,10,,1591919,7,,,0,10,,1591920,7,,,0,50,,1591921,7,,,0,10,,1591991,7,,,0,10,,1591918,7,,,0,10,,1591992,7,,,0,10,,1591922,7,,,0,10,,1591923,7,,,0,50,,1591924,7,,,0,9,,1591925,7,,,0,10,,1591926,7,,,0,6,,1591981,7,,,0,6,,1592021,7,,,0,7,,1591927,7,,,0,6,,1591929,7,,,0,5,,1592012,7,,,0,6,,1592013,7,,,0,46,,1591930,7,,,0,6,,1591931,7,,,0,6,,1591928,7,,,0,7,,1591988,7,,,0,7,,1592015,7,,,0,5,,1591932,7,,,0,7,,1591983,7,,,0,5,,1591986,7,,,0,7,,1591933,7,,,0,48,,1591934,7,,,0,7,,1591935,7,,,0,8,,1591936,7,,,0,8,,1591937,7,,,0,7,,1591938,7,,,0,7,,1591939,7,,,0,7,,1591940,7,,,0,10,,1591941,7,,,0,48,,1591942,7,,,0,8,,1591943,7,,,0,9,,1591945,7,,,0,10,,1591946,7,,,0,11,,1591947,7,,,0,11,,1591944,7,,,0,50,,1591949,7,,,0,10,,1591950,7,,,0,10,,1591951,7,,,0,9,,1591948,7,,,0,9,,1591952,7,,,0,10,,1591993,7,,,0,49,,1591953,7,,,0,10,,1591954,7,,,0,9,,1591994,7,,,0,10,,1591955,7,,,0,9,,1591956,7,,,0,11,,1591995,7,,,0,50,,1591957,7,,,0,10,,1591958,7,,,0,10,,1591996,7,,,0,10,,1591959,7,,,0,10,,1591960,7,,,0,10,,1591997,7,,,0,50,,1591961,7,,,0,10,,1591962,7,,,0,10,,1591998,7,,,0,10,,1591963,7,,,0,10,,1591964,7,,,0,10,,1591999,7,,,0,50,,1591965,7,,,0,10,,1591966,7,,,0,10,,1592000,7,,,0,10,,1591967,7,,,0,10,,1591968,7,,,0,10,,1592001,7,,,0,50,,1591970,7,,,0,10,,1591971,7,,,0,10,,1592002,7,,,0,10,,1591972,7,,,0,10,,1591969,7,,,0,10,,1592003,7,,,0,50,,1591973,7,,,0,10,,1591974,7,,,0,10,,1592004,7,,,0,10,,1591975,7,,,0,10,,1591982,7,,,0,10,,1592005,7,,,0,50,,1591984,7,,,0,10,,1592008,7,,,0,10,,1592009,7,,,0,10,,1592014,7,,,0
80503,'20261017',538,,1623332,7,,,0,10,,1623422,7,,,0,10,,1623417,7,,,0,50,,1623334,7,,,0,10,,1623423,7,,,0,10,,1623335,7,,,0,10,,1623336,7,,,0,10,,1623416,7,,,0,10,,1623424,7,,,0,50,,1623337,7,,,0,10,,1623338,7,,,0,11,,1623339,7,,,0,10,,1623418,7,,,0,10,,1623421,7,,,0,9,,1623425,7,,,0,50,,1623333,7,,,0,9,,1623415,7,,,0,11,,1623340,7,,,0,10,,1623341,7,,,0,10,,1623342,7,,,0,9,,1623426,7,,,0,50,,1623343,7,,,0,11,,1623344,7,,,0,10,,1623345,7,,,0,10,,1623346,7,,,0,11,,1623347,7,,,0,10,,1623427,7,,,0,50,,1623348,7,,,0,10,,1623420,7,,,0,10,,1623349,7,,,0,11,,1623350,7,,,0,10,,1623351,7,,,0,50,,1623428,7,,,0,10,,1623352,7,,,0,11,,1623450,7,,,0,10,,1623353,7,,,0,10,,1623354,7,,,0,11,,1623355,7,,,0,50,,1623356,7,,,0,10,,1623429,7,,,0,10,,1623357,7,,,0,10,,1623358,7,,,0,10,,1623359,7,,,0,10,,1623360,7,,,0,50,,1623361,7,,,0,10,,1623430,7,,,0,10,,1623414,7,,,0,10,,1623362,7,,,0,10,,1623364,7,,,0,10,,1623365,7,,,0,51,,1623366,7,,,0,11,,1623431,7,,,0,8,,1623363,7,,,0,10,,1623368,7,,,0,10,,1623369,7,,,0,10,,1623370,7,,,0,49,,1623367,7,,,0,10,,1623432,7,,,0,10,,1623371,7,,,0,10,,1623372,7,,,0,9,,1623373,7,,,0,9,,1623374,7,,,0,10,,1623375,7,,,0,50,,1623433,7,,,0,10,,1623376,7,,,0,10,,1623377,7,,,0,10,,1623378,7,,,0,10,,1623379,7,,,0,9,,1623380,7,,,0,50,,1623434,7,,,0,10,,1623381,7,,,0,10,,1623382,7,,,0,11,,1623383,7,,,0,10,,1623384,7,,,0,10,,1623435,7,,,0,51,,1623385,7,,,0,10,,1623386,7,,,0,9,,1623387,7,,,0,9,,1623436,7,,,0,10,,1623388,7,,,0,10,,1623389,7,,,0,50,,1623437,7,,,0,10,,1623390,7,,,0,10,,1623391,7,,,0,10,,1623438,7,,,0,10,,1623392,7,,,0,10,,1623394,7,,,0,50,,1623439,7,,,0,10,,1623395,7,,,0,10,,1623396,7,,,0,11,,1623440,7,,,0,10,,1623393,7,,,0,10,,1623398,7,,,0,50,,1623441,7,,,0,10,,1623399,7,,,0,10,,1623400,7,,,0,10,,1623442,7,,,0,10,,1623397,7,,,0,10,,1623401,7,,,0,50,,1623443,7,,,0,10,,1623402,7,,,0,10,,1623403,7,,,0,10,,1623444,7,,,0,9,,1623404,7,,,0,10,,1623405,7,,,0,50,,1623445,7,,,0,10,,1623406,7,,,0,10,,1623407,7,,,0,10,,1623447,7,,,0,10,,1623413,7,,,0,10,,1623408,7,,,0,50,,1623448,7,,,0,10,,1623409,7,,,0,10,,1623410,7,,,0,10,,1623449,7,,,0,10,,1623419,7,,,0,10,,1623411,7,,,0,51,,1623446,7,,,0,12,,1623412,7,,,0
80503,'20261018',538,,1623541,7,,,0,10,,1623535,7,,,0,10,,1623542,7,,,0,50,,1623533,7,,,0,10,,1623531,7,,,0,10,,1623544,7,,,0,10,,1623536,7,,,0,10,,1623534,7,,,0,10,,1623532,7,,,0,50,,1623537,7,,,0,10,,1623530,7,,,0,11,,1623545,7,,,0,10,,1623515,7,,,0,10,,1623520,7,,,0,9,,1623508,7,,,0,50,,1623529,7,,,0,9,,1623522,7,,,0,11,,1623546,7,,,0,10,,1623510,7,,,0,10,,1623528,7,,,0,9,,1623521,7,,,0,50,,1623513,7,,,0,11,,1623525,7,,,0,10,,1623543,7,,,0,10,,1623526,7,,,0,11,,1623524,7,,,0,10,,1623511,7,,,0,50,,1623509,7,,,0,10,,1623523,7,,,0,10,,1623547,7,,,0,11,,1623527,7,,,0,10,,1623518,7,,,0,50,,1623519,7,,,0,10,,1623512,7,,,0,11,,1623514,7,,,0,10,,1623548,7,,,0,10,,1623517,7,,,0,11,,1623516,7,,,0,50,,1623492,7,,,0,10,,1623498,7,,,0,10,,1623489,7,,,0,10,,1623549,7,,,0,10,,1623499,7,,,0,10,,1623490,7,,,0,50,,1623496,7,,,0,10,,1623497,7,,,0,10,,1623507,7,,,0,10,,1623550,7,,,0,10,,1623491,7,,,0,10,,1623495,7,,,0,51,,1623503,7,,,0,11,,1623506,7,,,0,8,,1623504,7,,,0,10,,1623551,7,,,0,10,,1623505,7,,,0,10,,1623502,7,,,0,49,,1623501,7,,,0,10,,1623500,7,,,0,10,,1623494,7,,,0,10,,1623552,7,,,0,9,,1623493,7,,,0,9,,1623474,7,,,0,10,,1623472,7,,,0,50,,1623482,7,,,0,10,,1623471,7,,,0,10,,1623553,7,,,0,10,,1623475,7,,,0,10,,1623470,7,,,0,9,,1623483,7,,,0,50,,1623473,7,,,0,10,,1623487,7,,,0,10,,1623554,7,,,0,11,,1623486,7,,,0,10,,1623481,7,,,0,10,,1623479,7,,,0,51,,1623555,7,,,0,10,,1623484,7,,,0,9,,1623477,7,,,0,9,,1623556,7,,,0,10,,1623488,7,,,0,10,,1623469,7,,,0,50,,1623557,7,,,0,10,,1623476,7,,,0,10,,1623468,7,,,0,10,,1623558,7,,,0,10,,1623480,7,,,0,10,,1623467,7,,,0,50,,1623559,7,,,0,10,,1623478,7,,,0,10,,1623485,7,,,0,11,,1623560,7,,,0,10,,1623462,7,,,0,10,,1623466,7,,,0,50,,1623561,7,,,0,10,,1623456,7,,,0,10,,1623465,7,,,0,10,,1623562,7,,,0,10,,1623464,7,,,0,10,,1623455,7,,,0,50,,1623563,7,,,0,10,,1623463,7,,,0,10,,1623538,7,,,0,10,,1623564,7,,,0,9,,1623460,7,,,0,10,,1623461,7,,,0,50,,1623565,7,,,0,10,,1623459,7,,,0,10,,1623458,7,,,0,10,,1623566,7,,,0,10,,1623457,7,,,0,10,,1623453,7,,,0,50,,1623567,7,,,0,10,,1623451,7,,,0,10,,1623452,7,,,0,10,,1623568,7,,,0,10,,1623454,7,,,0,10,,1623539,7,,,0,51,,1623540,7,,,0,12,,1623569,7,,,0
80503,'20261019',516,,1623693,7,,,0,9,,1623692,7,,,0,11,,1623570,7,,,0,10,,1623571,7,,,0,10,,1623572,7,,,0,50,,1623673,7,,,0,10,,1623573,7,,,0,10,,1623666,7,,,0,10,,1623574,7,,,0,5,,1623665,7,,,0,8,,1623575,7,,,0,8,,1623576,7,,,0,45,,1623577,7,,,0,6,,1623697,7,,,0,5,,1623702,7,,,0,5,,1623578,7,,,0,5,,1623703,7,,,0,5,,1623706,7,,,0,5,,1623663,7,,,0,5,,1623704,7,,,0,5,,1623664,7,,,0,4,,1623705,7,,,0,7,,1623579,7,,,0,5,,1623708,7,,,0,48,,1623580,7,,,0,8,,1623581,7,,,0,8,,1623582,7,,,0,8,,1623583,7,,,0,9,,1623662,7,,,0,8,,1623584,7,,,0,8,,1623585,7,,,0,49,,1623586,7,,,0,10,,1623588,7,,,0,11,,1623589,7,,,0,8,,1623587,7,,,0,10,,1623590,7,,,0,11,,1623671,7,,,0,50,,1623591,7,,,0,10,,1623592,7,,,0,10,,1623593,7,,,0,8,,1623594,7,,,0,10,,1623696,7,,,0,10,,1623675,7,,,0,50,,1623595,7,,,0,10,,1623597,7,,,0,10,,1623598,7,,,0,11,,1623676,7,,,0,10,,1623599,7,,,0,10,,1623596,7,,,0,50,,1623600,7,,,0,10,,1623601,7,,,0,10,,1623602,7,,,0,10,,1623603,7,,,0,10,,1623605,7,,,0,10,,1623606,7,,,0,50,,1623607,7,,,0,10,,1623677,7,,,0,10,,1623604,7,,,0,10,,1623678,7,,,0,10,,1623608,7,,,0,10,,1623609,7,,,0,50,,1623610,7,,,0,9,,1623611,7,,,0,10,,1623612,7,,,0,6,,1623667,7,,,0,6,,1623707,7,,,0,7,,1623613,7,,,0,6,,1623615,7,,,0,5,,1623698,7,,,0,6,,1623699,7,,,0,46,,1623616,7,,,0,6,,1623617,7,,,0,6,,1623614,7,,,0,7,,1623674,7,,,0,7,,1623701,7,,,0,5,,1623618,7,,,0,7,,1623669,7,,,0,5,,1623672,7,,,0,7,,1623619,7,,,0,48,,1623620,7,,,0,7,,1623621,7,,,0,8,,1623622,7,,,0,8,,1623623,7,,,0,7,,1623624,7,,,0,7,,1623625,7,,,0,7,,1623626,7,,,0,10,,1623627,7,,,0,48,,1623628,7,,,0,8,,1623629,7,,,0,9,,1623631,7,,,0,10,,1623632,7,,,0,11,,1623633,7,,,0,11,,1623630,7,,,0,50,,1623635,7,,,0,10,,1623636,7,,,0,10,,1623637,7,,,0,9,,1623634,7,,,0,9,,1623638,7,,,0,10,,1623679,7,,,0,49,,1623639,7,,,0,10,,1623640,7,,,0,9,,1623680,7,,,0,10,,1623641,7,,,0,9,,1623642,7,,,0,11,,1623681,7,,,0,50,,1623643,7,,,0,10,,1623644,7,,,0,10,,1623682,7,,,0,10,,1623645,7,,,0,10,,1623646,7,,,0,10,,1623683,7,,,0,50,,1623647,7,,,0,10,,1623648,7,,,0,10,,1623684,7,,,0,10,,1623649,7,,,0,10,,1623650,7,,,0,10,,1623685,7,,,0,50,,1623651,7,,,0,10,,1623652,7,,,0,10,,1623686,7,,,0,10,,1623653,7,,,0,10,,1623654,7,,,0,10,,1623687,7,,,0,50,,1623656,7,,,0,10,,1623657,7,,,0,10,,1623688,7,,,0,10,,1623658,7,,,0,10,,1623655,7,,,0,10,,1623689,7,,,0,50,,1623659,7,,,0,10,,1623660,7,,,0,10,,1623690,7,,,0,10,,1623661,7,,,0,10,,1623668,7,,,0,10,,1623691,7,,,0,50,,1623670,7,,,0,10,,1623694,7,,,0,10,,1623695,7,,,0,10,,1623700,7,,,0
80503,'20261020',516,,1623832,7,,,0,9,,1623831,7,,,0,11,,1623709,7,,,0,10,,1623710,7,,,0,10,,1623711,7,,,0,50,,1623812,7,,,0,10,,1623712,7,,,0,10,,1623805,7,,,0,10,,1623713,7,,,0,5,,1623804,7,,,0,8,,1623714,7,,,0,8,,1623715,7,,,0,45,,1623716,7,,,0,6,,1623836,7,,,0,5,,1623841,7,,,0,5,,1623717,7,,,0,5,,1623842,7,,,0,5,,1623845,7,,,0,5,,1623802,7,,,0,5,,1623843,7,,,0,5,,1623803,7,,,0,4,,1623844,7,,,0,7,,1623718,7,,,0,5,,1623847,7,,,0,48,,1623719,7,,,0,8,,1623720,7,,,0,8,,1623721,7,,,0,8,,1623722,7,,,0,9,,1623801,7,,,0,8,,1623723,7,,,0,8,,1623724,7,,,0,49,,1623725,7,,,0,10,,1623727,7,,,0,11,,1623728,7,,,0,8,,1623726,7,,,0,10,,1623729,7,,,0,11,,1623810,7,,,0,50,,1623730,7,,,0,10,,1623731,7,,,0,10,,1623732,7,,,0,8,,1623733,7,,,0,10,,1623835,7,,,0,10,,1623814,7,,,0,50,,1623734,7,,,0,10,,1623736,7,,,0,10,,1623737,7,,,0,11,,1623815,7,,,0,10,,1623738,7,,,0,10,,1623735,7,,,0,50,,1623739,7,,,0,10,,1623740,7,,,0,10,,1623741,7,,,0,10,,1623742,7,,,0,10,,1623744,7,,,0,10,,1623745,7,,,0,50,,1623746,7,,,0,10,,1623816,7,,,0,10,,1623743,7,,,0,10,,1623817,7,,,0,10,,1623747,7,,,0,10,,1623748,7,,,0,50,,1623749,7,,,0,9,,1623750,7,,,0,10,,1623751,7,,,0,6,,1623806,7,,,0,6,,1623846,7,,,0,7,,1623752,7,,,0,6,,1623754,7,,,0,5,,1623837,7,,,0,6,,1623838,7,,,0,46,,1623755,7,,,0,6,,1623756,7,,,0,6,,1623753,7,,,0,7,,1623813,7,,,0,7,,1623840,7,,,0,5,,1623757,7,,,0,7,,1623808,7,,,0,5,,1623811,7,,,0,7,,1623758,7,,,0,48,,1623759,7,,,0,7,,1623760,7,,,0,8,,1623761,7,,,0,8,,1623762,7,,,0,7,,1623763,7,,,0,7,,1623764,7,,,0,7,,1623765,7,,,0,10,,1623766,7,,,0,48,,1623767,7,,,0,8,,1623768,7,,,0,9,,1623770,7,,,0,10,,1623771,7,,,0,11,,1623772,7,,,0,11,,1623769,7,,,0,50,,1623774,7,,,0,10,,1623775,7,,,0,10,,1623776,7,,,0,9,,1623773,7,,,0,9,,1623777,7,,,0,10,,1623818,7,,,0,49,,1623778,7,,,0,10,,1623779,7,,,0,9,,1623819,7,,,0,10,,1623780,7,,,0,9,,1623781,7,,,0,11,,1623820,7,,,0,50,,1623782,7,,,0,10,,1623783,7,,,0,10,,1623821,7,,,0,10,,1623784,7,,,0,10,,1623785,7,,,0,10,,1623822,7,,,0,50,,1623786,7,,,0,10,,1623787,7,,,0,10,,1623823,7,,,0,10,,1623788,7,,,0,10,,1623789,7,,,0,10,,1623824,7,,,0,50,,1623790,7,,,0,10,,1623791,7,,,0,10,,1623825,7,,,0,10,,1623792,7,,,0,10,,1623793,7,,,0,10,,1623826,7,,,0,50,,1623795,7,,,0,10,,1623796,7,,,0,10,,1623827,7,,,0,10,,1623797,7,,,0,10,,1623794,7,,,0,10,,1623828,7,,,0,50,,1623798,7,,,0,10,,1623799,7,,,0,10,,1623829,7,,,0,10,,1623800,7,,,0,10,,1623807,7,,,0,10,,1623830,7,,,0,50,,1623809,7,,,0,10,,1623833,7,,,0,10,,1623834,7,,,0,10,,1623839,7,,,0
80503,'20261021',516,,1645532,7,,,0,9,,1645531,7,,,0,11,,1645409,7,,,0,10,,1645410,7,,,0,10,,1645411,7,,,0,50,,1645512,7,,,0,10,,1645412,7,,,0,10,,1645505,7,,,0,10,,1645413,7,,,0,5,,1645504,7,,,0,8,,1645414,7,,,0,8,,1645415,7,,,0,45,,1645416,7,,,0,6,,1645536,7,,,0,5,,1645541,7,,,0,5,,1645417,7,,,0,5,,1645542,7,,,0,5,,1645545,7,,,0,5,,1645502,7,,,0,5,,1645543,7,,,0,5,,1645503,7,,,0,4,,1645544,7,,,0,7,,1645418,7,,,0,5,,1645547,7,,,0,48,,1645419,7,,,0,8,,1645420,7,,,0,8,,1645421,7,,,0,8,,1645422,7,,,0,9,,1645501,7,,,0,8,,1645423,7,,,0,8,,1645424,7,,,0,49,,1645425,7,,,0,10,,1645427,7,,,0,11,,1645428,7,,,0,8,,1645426,7,,,0,10,,1645429,7,,,0,11,,1645510,7,,,0,50,,1645430,7,,,0,10,,1645431,7,,,0,10,,1645432,7,,,0,8,,1645433,7,,,0,10,,1645535,7,,,0,10,,1645514,7,,,0,50,,1645434,7,,,0,10,,1645436,7,,,0,10,,1645437,7,,,0,11,,1645515,7,,,0,10,,1645438,7,,,0,10,,1645435,7,,,0,50,,1645439,7,,,0,10,,1645440,7,,,0,10,,1645441,7,,,0,10,,1645442,7,,,0,10,,1645444,7,,,0,10,,1645445,7,,,0,50,,1645446,7,,,0,10,,1645516,7,,,0,10,,1645443,7,,,0,10,,1645517,7,,,0,10,,1645447,7,,,0,10,,1645448,7,,,0,50,,1645449,7,,,0,9,,1645450,7,,,0,10,,1645451,7,,,0,6,,1645506,7,,,0,6,,1645546,7,,,0,7,,1645452,7,,,0,6,,1645454,7,,,0,5,,1645537,7,,,0,6,,1645538,7,,,0,46,,1645455,7,,,0,6,,1645456,7,,,0,6,,1645453,7,,,0,7,,1645513,7,,,0,7,,1645540,7,,,0,5,,1645457,7,,,0,7,,1645508,7,,,0,5,,1645511,7,,,0,7,,1645458,7,,,0,48,,1645459,7,,,0,7,,1645460,7,,,0,8,,1645461,7,,,0,8,,1645462,7,,,0,7,,1645463,7,,,0,7,,1645464,7,,,0,7,,1645465,7,,,0,10,,1645466,7,,,0,48,,1645467,7,,,0,8,,1645468,7,,,0,9,,1645470,7,,,0,10,,1645471,7,,,0,11,,1645472,7,,,0,11,,1645469,7,,,0,50,,1645474,7,,,0,10,,1645475,7,,,0,10,,1645476,7,,,0,9,,1645473,7,,,0,9,,1645477,7,,,0,10,,1645518,7,,,0,49,,1645478,7,,,0,10,,1645479,7,,,0,9,,1645519,7,,,0,10,,1645480,7,,,0,9,,1645481,7,,,0,11,,1645520,7,,,0,50,,1645482,7,,,0,10,,1645483,7,,,0,10,,1645521,7,,,0,10,,1645484,7,,,0,10,,1645485,7,,,0,10,,1645522,7,,,0,50,,1645486,7,,,0,10,,1645487,7,,,0,10,,1645523,7,,,0,10,,1645488,7,,,0,10,,1645489,7,,,0,10,,1645524,7,,,0,50,,1645490,7,,,0,10,,1645491,7,,,0,10,,1645525,7,,,0,10,,1645492,7,,,0,10,,1645493,7,,,0,10,,1645526,7,,,0,50,,1645495,7,,,0,10,,1645496,7,,,0,10,,1645527,7,,,0,10,,1645497,7,,,0,10,,1645494,7,,,0,10,,1645528,7,,,0,50,,1645498,7,,,0,10,,1645499,7,,,0,10,,1645529,7,,,0,10,,1645500,7,,,0,10,,1645507,7,,,0,10,,1645530,7,,,0,50,,1645509,7,,,0,10,,1645533,7,,,0,10,,1645534,7,,,0,10,,1645539,7,,,0
80503,'20261022',516,,1645671,7,,,0,9,,1645670,7,,,0,11,,1645548,7,,,0,10,,1645549,7,,,0,10,,1645550,7,,,0,50,,1645651,7,,,0,10,,1645551,7,,,0,10,,1645644,7,,,0,10,,1645552,7,,,0,5,,1645643,7,,,0,8,,1645553,7,,,0,8,,1645554,7,,,0,45,,1645555,7,,,0,6,,1645675,7,,,0,5,,1645680,7,,,0,5,,1645556,7,,,0,5,,1645681,7,,,0,5,,1645684,7,,,0,5,,1645641,7,,,0,5,,1645682,7,,,0,5,,1645642,7,,,0,4,,1645683,7,,,0,7,,1645557,7,,,0,5,,1645686,7,,,0,48,,1645558,7,,,0,8,,1645559,7,,,0,8,,1645560,7,,,0,8,,1645561,7,,,0,9,,1645640,7,,,0,8,,1645562,7,,,0,8,,1645563,7,,,0,49,,1645564,7,,,0,10,,1645566,7,,,0,11,,1645567,7,,,0,8,,1645565,7,,,0,10,,1645568,7,,,0,11,,1645649,7,,,0,50,,1645569,7,,,0,10,,1645570,7,,,0,10,,1645571,7,,,0,8,,1645572,7,,,0,10,,1645674,7,,,0,10,,1645653,7,,,0,50,,1645573,7,,,0,10,,1645575,7,,,0,10,,1645576,7,,,0,11,,1645654,7,,,0,10,,1645577,7,,,0,10,,1645574,7,,,0,50,,1645578,7,,,0,10,,1645579,7,,,0,10,,1645580,7,,,0,10,,1645581,7,,,0,10,,1645583,7,,,0,10,,1645584,7,,,0,50,,1645585,7,,,0,10,,1645655,7,,,0,10,,1645582,7,,,0,10,,1645656,7,,,0,10,,1645586,7,,,0,10,,1645587,7,,,0,50,,1645588,7,,,0,9,,1645589,7,,,0,10,,1645590,7,,,0,6,,1645645,7,,,0,6,,1645685,7,,,0,7,,1645591,7,,,0,6,,1645593,7,,,0,5,,1645676,7,,,0,6,,1645677,7,,,0,46,,1645594,7,,,0,6,,1645595,7,,,0,6,,1645592,7,,,0,7,,1645652,7,,,0,7,,1645679,7,,,0,5,,1645596,7,,,0,7,,1645647,7,,,0,5,,1645650,7,,,0,7,,1645597,7,,,0,48,,1645598,7,,,0,7,,1645599,7,,,0,8,,1645600,7,,,0,8,,1645601,7,,,0,7,,1645602,7,,,0,7,,1645603,7,,,0,7,,1645604,7,,,0,10,,1645605,7,,,0,48,,1645606,7,,,0,8,,1645607,7,,,0,9,,1645609,7,,,0,10,,1645610,7,,,0,11,,1645611,7,,,0,11,,1645608,7,,,0,50,,1645613,7,,,0,10,,1645614,7,,,0,10,,1645615,7,,,0,9,,1645612,7,,,0,9,,1645616,7,,,0,10,,1645657,7,,,0,49,,1645617,7,,,0,10,,1645618,7,,,0,9,,1645658,7,,,0,10,,1645619,7,,,0,9,,1645620,7,,,0,11,,1645659,7,,,0,50,,1645621,7,,,0,10,,1645622,7,,,0,10,,1645660,7,,,0,10,,1645623,7,,,0,10,,1645624,7,,,0,10,,1645661,7,,,0,50,,1645625,7,,,0,10,,1645626,7,,,0,10,,1645662,7,,,0,10,,1645627,7,,,0,10,,1645628,7,,,0,10,,1645663,7,,,0,50,,1645629,7,,,0,10,,1645630,7,,,0,10,,1645664,7,,,0,10,,1645631,7,,,0,10,,1645632,7,,,0,10,,1645665,7,,,0,50,,1645634,7,,,0,10,,1645635,7,,,0,10,,1645666,7,,,0,10,,1645636,7,,,0,10,,1645633,7,,,0,10,,1645667,7,,,0,50,,1645637,7,,,0,10,,1645638,7,,,0,10,,1645668,7,,,0,10,,1645639,7,,,0,10,,1645646,7,,,0,10,,1645669,7,,,0,50,,1645648,7,,,0,10,,1645672,7,,,0,10,,1645673,7,,,0,10,,1645678,7,,,0
80503,'20261023',516,,1645810,7,,,0,9,,1645809,7,,,0,11,,1645687,7,,,0,10,,1645688,7,,,0,10,,1645689,7,,,0,50,,1645790,7,,,0,10,,1645690,7,,,0,10,,1645783,7,,,0,10,,1645691,7,,,0,5,,1645782,7,,,0,8,,1645692,7,,,0,8,,1645693,7,,,0,45,,1645694,7,,,0,6,,1645814,7,,,0,5,,1645819,7,,,0,5,,1645695,7,,,0,5,,1645820,7,,,0,5,,1645823,7,,,0,5,,1645780,7,,,0,5,,1645821,7,,,0,5,,1645781,7,,,0,4,,1645822,7,,,0,7,,1645696,7,,,0,5,,1645825,7,,,0,48,,1645697,7,,,0,8,,1645698,7,,,0,8,,1645699,7,,,0,8,,1645700,7,,,0,9,,1645779,7,,,0,8,,1645701,7,,,0,8,,1645702,7,,,0,49,,1645703,7,,,0,10,,1645705,7,,,0,11,,1645706,7,,,0,8,,1645704,7,,,0,10,,1645707,7,,,0,11,,1645788,7,,,0,50,,1645708,7,,,0,10,,1645709,7,,,0,10,,1645710,7,,,0,8,,1645711,7,,,0,10,,1645813,7,,,0,10,,1645792,7,,,0,50,,1645712,7,,,0,10,,1645714,7,,,0,10,,1645715,7,,,0,11,,1645793,7,,,0,10,,1645716,7,,,0,10,,1645713,7,,,0,50,,1645717,7,,,0,10,,1645718,7,,,0,10,,1645719,7,,,0,10,,1645720,7,,,0,10,,1645722,7,,,0,10,,1645723,7,,,0,50,,1645724,7,,,0,10,,1645794,7,,,0,10,,1645721,7,,,0,10,,1645795,7,,,0,10,,1645725,7,,,0,10,,1645726,7,,,0,50,,1645727,7,,,0,9,,1645728,7,,,0,10,,1645729,7,,,0,6,,1645784,7,,,0,6,,1645824,7,,,0,7,,1645730,7,,,0,6,,1645732,7,,,0,5,,1645815,7,,,0,6,,1645816,7,,,0,46,,1645733,7,,,0,6,,1645734,7,,,0,6,,1645731,7,,,0,7,,1645791,7,,,0,7,,1645818,7,,,0,5,,1645735,7,,,0,7,,1645786,7,,,0,5,,1645789,7,,,0,7,,1645736,7,,,0,48,,1645737,7,,,0,7,,1645738,7,,,0,8,,1645739,7,,,0,8,,1645740,7,,,0,7,,1645741,7,,,0,7,,1645742,7,,,0,7,,1645743,7,,,0,10,,1645744,7,,,0,48,,1645745,7,,,0,8,,1645746,7,,,0,9,,1645748,7,,,0,10,,1645749,7,,,0,11,,1645750,7,,,0,11,,1645747,7,,,0,50,,1645752,7,,,0,10,,1645753,7,,,0,10,,1645754,7,,,0,9,,1645751,7,,,0,9,,1645755,7,,,0,10,,1645796,7,,,0,49,,1645756,7,,,0,10,,1645757,7,,,0,9,,1645797,7,,,0,10,,1645758,7,,,0,9,,1645759,7,,,0,11,,1645798,7,,,0,50,,1645760,7,,,0,10,,1645761,7,,,0,10,,1645799,7,,,0,10,,1645762,7,,,0,10,,1645763,7,,,0,10,,1645800,7,,,0,50,,1645764,7,,,0,10,,1645765,7,,,0,10,,1645801,7,,,0,10,,1645766,7,,,0,10,,1645767,7,,,0,10,,1645802,7,,,0,50,,1645768,7,,,0,10,,1645769,7,,,0,10,,1645803,7,,,0,10,,1645770,7,,,0,10,,1645771,7,,,0,10,,1645804,7,,,0,50,,1645773,7,,,0,10,,1645774,7,,,0,10,,1645805,7,,,0,10,,1645775,7,,,0,10,,1645772,7,,,0,10,,1645806,7,,,0,50,,1645776,7,,,0,10,,1645777,7,,,0,10,,1645807,7,,,0,10,,1645778,7,,,0,10,,1645785,7,,,0,10,,1645808,7,,,0,50,,1645787,7,,,0,10,,1645811,7,,,0,10,,1645812,7,,,0,10,,1645817,7,,,0
92503,'20261009',2531,,1625316,3,,,0,170,,1625317,3,,,0
92503,'20261010',2531,,1646877,3,,,0,170,,1646878,3,,,0
92503,'20261016',2531,,1593500,3,,,0,170,,1593501,3,,,0
92503,'20261017',2531,,1625319,3,,,0,170,,1625318,3,,,0
92503,'20261023',2531,,1646879,3,,,0,170,,1646880,3,,,0
99103,'20261009',2532,,1625344,3,,,0,170,,1625345,3,,,0
99103,'20261010',2532,,1646905,3,,,0,170,,1646906,3,,,0
99103,'20261016',2532,,1593542,3,,,0,170,,1593543,3,,,0
99103,'20261017',2532,,1625346,3,,,0,170,,1625347,3,,,0
99103,'20261023',2532,,1646907,3,,,0,170,,1646908,3,,,0
99203,'20261009',2531,,1625348,3,,,0,170,,1625349,3,,,0
99203,'20261010',2531,,1646909,3,,,0,170,,1646910,3,,,0
99203,'20261016',2531,,1593548,3,,,0,170,,1593549,3,,,0
99203,'20261017',2531,,1625350,3,,,0,170,,1625351,3,,,0
99203,'20261023',2531,,1646911,3,,,0,170,,1646912,3,,,0
