23101,'20261002',706,,1579787,6,4,,0,28,,1579788,6,4,,0,73,,1579789,6,4,,0,22,,1579790,6,4,,0
23101,'20261005',706,,1579791,6,4,,0,28,,1579792,6,4,,0,73,,1579793,6,4,,0,22,,1579794,6,4,,0
23101,'20261006',706,,1526525,6,4,,0,28,,1526526,6,4,,0,73,,1526523,6,4,,0,22,,1526524,6,4,,0
23101,'20261007',706,,1526529,6,4,,0,28,,1526530,6,4,,0,73,,1526527,6,4,,0,22,,1526528,6,4,,0
23101,'20261008',706,,1526533,6,4,,0,28,,1526534,6,4,,0,73,,1526531,6,4,,0,22,,1526532,6,4,,0
23101,'20261009',706,,1526537,6,4,,0,28,,1526538,6,4,,0,73,,1526535,6,4,,0,22,,1526536,6,4,,0
23101,'20261013',706,,1579797,6,4,,0,28,,1579798,6,4,,0,73,,1579795,6,4,,0,22,,1579796,6,4,,0
23101,'20261014',706,,1579801,6,4,,0,28,,1579802,6,4,,0,73,,1579799,6,4,,0,22,,1579800,6,4,,0
23101,'20261015',706,,1579805,6,4,,0,28,,1579806,6,4,,0,73,,1579803,6,4,,0,22,,1579804,6,4,,0
23101,'20261016',706,,1579809,6,4,,0,28,,1579810,6,4,,0,73,,1579807,6,4,,0,22,,1579808,6,4,,0
23701,'20261002',638,,1579925,29,4,,0,15,,1579926,29,4,,0,70,,1579927,29,4,,0,25,,1579928,29,4,,0,61,,1579929,29,4,,0,27,,1579930,29,4,,0
23701,'20261005',638,,1579931,29,4,,0,15,,1579932,29,4,,0,70,,1579933,29,4,,0,25,,1579934,29,4,,0,61,,1579935,29,4,,0,27,,1579936,29,4,,0
23701,'20261006',638,,1526665,29,4,,0,15,,1526666,29,4,,0,70,,1526667,29,4,,0,25,,1526668,29,4,,0,61,,1526669,29,4,,0,27,,1526670,29,4,,0
23701,'20261007',638,,1526671,29,4,,0,15,,1526672,29,4,,0,70,,1526673,29,4,,0,25,,1526674,29,4,,0,61,,1526675,29,4,,0,27,,1526676,29,4,,0
23701,'20261008',638,,1526677,29,4,,0,15,,1526678,29,4,,0,70,,1526679,29,4,,0,25,,1526680,29,4,,0,61,,1526681,29,4,,0,27,,1526682,29,4,,0
23701,'20261009',638,,1526683,29,4,,0,15,,1526684,29,4,,0,70,,1526685,29,4,,0,25,,1526686,29,4,,0,61,,1526687,29,4,,0,27,,1526688,29,4,,0
23701,'20261013',638,,1579937,29,4,,0,15,,1579938,29,4,,0,70,,1579939,29,4,,0,25,,1579940,29,4,,0,61,,1579941,29,4,,0,27,,1579942,29,4,,0
23701,'20261014',638,,1579943,29,4,,0,15,,1579944,29,4,,0,70,,1579945,29,4,,0,25,,1579946,29,4,,0,61,,1579947,29,4,,0,27,,1579948,29,4,,0
23701,'20261015',638,,1579949,29,4,,0,15,,1579950,29,4,,0,70,,1579951,29,4,,0,25,,1579952,29,4,,0,61,,1579953,29,4,,0,27,,1579954,29,4,,0
23701,'20261016',638,,1579955,29,4,,0,15,,1579956,29,4,,0,70,,1579957,29,4,,0,25,,1579958,29,4,,0,61,,1579959,29,4,,0,27,,1579960,29,4,,0
27001,'20261002',639,,1580446,45,4,,0,13,,1580447,45,4,,0,7,,1580448,45,4,,0,57,,1580449,45,4,,0,13,,1580450,45,4,,0,25,,1580445,26,4,,0,2,,1580451,45,4,,0,47,,1580452,45,4,,0,16,,1580453,45,4,,0,19,,1580454,45,4,,0
27001,'20261005',639,,1580456,45,4,,0,13,,1580457,45,4,,0,7,,1580458,45,4,,0,57,,1580459,45,4,,0,13,,1580460,45,4,,0,25,,1580455,26,4,,0,2,,1580461,45,4,,0,47,,1580462,45,4,,0,16,,1580463,45,4,,0,19,,1580464,45,4,,0
27001,'20261006',639,,1527189,45,4,,0,13,,1527190,45,4,,0,7,,1527191,45,4,,0,57,,1527192,45,4,,0,13,,1527193,45,4,,0,27,,1527194,45,4,,0,47,,1527195,45,4,,0,16,,1527196,45,4,,0,19,,1527197,45,4,,0
27001,'20261007',639,,1527198,45,4,,0,13,,1527199,45,4,,0,7,,1527200,45,4,,0,57,,1527201,45,4,,0,13,,1527202,45,4,,0,27,,1527203,45,4,,0,47,,1527204,45,4,,0,16,,1527205,45,4,,0,19,,1527206,45,4,,0
27001,'20261008',639,,1527207,45,4,,0,13,,1527208,45,4,,0,7,,1527209,45,4,,0,57,,1527210,45,4,,0,13,,1527211,45,4,,0,27,,1527212,45,4,,0,47,,1527213,45,4,,0,16,,1527214,45,4,,0,19,,1527215,45,4,,0
27001,'20261009',639,,1527216,45,4,,0,13,,1527217,45,4,,0,7,,1527218,45,4,,0,57,,1527219,45,4,,0,13,,1527220,45,4,,0,27,,1527221,45,4,,0,47,,1527222,45,4,,0,16,,1527223,45,4,,0,19,,1527224,45,4,,0
27001,'20261013',639,,1580465,45,4,,0,13,,1580466,45,4,,0,7,,1580467,45,4,,0,57,,1580468,45,4,,0,13,,1580469,45,4,,0,27,,1580470,45,4,,0,47,,1580471,45,4,,0,16,,1580472,45,4,,0,19,,1580473,45,4,,0
27001,'20261014',639,,1580474,45,4,,0,13,,1580475,45,4,,0,7,,1580476,45,4,,0,57,,1580477,45,4,,0,13,,1580478,45,4,,0,27,,1580479,45,4,,0,47,,1580480,45,4,,0,16,,1580481,45,4,,0,19,,1580482,45,4,,0
27001,'20261015',639,,1580483,45,4,,0,13,,1580484,45,4,,0,7,,1580485,45,4,,0,57,,1580486,45,4,,0,13,,1580487,45,4,,0,27,,1580488,45,4,,0,47,,1580489,45,4,,0,16,,1580490,45,4,,0,19,,1580491,45,4,,0
27001,'20261016',639,,1580492,45,4,,0,13,,1580493,45,4,,0,7,,1580494,45,4,,0,57,,1580495,45,4,,0,13,,1580496,45,4,,0,27,,1580497,45,4,,0,47,,1580498,45,4,,0,16,,1580499,45,4,,0,19,,1580500,45,4,,0
27201,'20261002',658,,1580531,54,4,,0,65,,1580532,54,4,,0,32,,1580533,54,4,,0,54,,1580534,54,4,,0,28,,1580535,54,4,,0
27201,'20261005',658,,1580536,54,4,,0,65,,1580537,54,4,,0,32,,1580538,54,4,,0,54,,1580539,54,4,,0,28,,1580540,54,4,,0
27201,'20261006',658,,1527269,54,4,,0,65,,1527266,54,4,,0,32,,1527265,54,4,,0,54,,1527268,54,4,,0,28,,1527267,54,4,,0
27201,'20261007',658,,1527274,54,4,,0,65,,1527271,54,4,,0,32,,1527270,54,4,,0,54,,1527273,54,4,,0,28,,1527272,54,4,,0
27201,'20261008',658,,1527279,54,4,,0,65,,1527276,54,4,,0,32,,1527275,54,4,,0,54,,1527278,54,4,,0,28,,1527277,54,4,,0
27201,'20261009',658,,1527284,54,4,,0,65,,1527281,54,4,,0,32,,1527280,54,4,,0,54,,1527283,54,4,,0,28,,1527282,54,4,,0
27201,'20261013',658,,1580545,54,4,,0,65,,1580542,54,4,,0,32,,1580541,54,4,,0,54,,1580544,54,4,,0,28,,1580543,54,4,,0
27201,'20261014',658,,1580550,54,4,,0,65,,1580547,54,4,,0,32,,1580546,54,4,,0,54,,1580549,54,4,,0,28,,1580548,54,4,,0
27201,'20261015',658,,1580555,54,4,,0,65,,1580552,54,4,,0,32,,1580551,54,4,,0,54,,1580554,54,4,,0,28,,1580553,54,4,,0
27201,'20261016',658,,1580560,54,4,,0,65,,1580557,54,4,,0,32,,1580556,54,4,,0,54,,1580559,54,4,,0,28,,1580558,54,4,,0
27301,'20261002',654,,1580585,55,4,,0,66,,1580586,55,4,,0,91,,1580587,55,4,,0,29,,1580588,55,4,,0
27301,'20261005',654,,1580589,55,4,,0,66,,1580590,55,4,,0,91,,1580591,55,4,,0,29,,1580592,55,4,,0
27301,'20261006',654,,1527317,55,4,,0,66,,1527318,55,4,,0,91,,1527319,55,4,,0,29,,1527320,55,4,,0
27301,'20261007',654,,1527321,55,4,,0,66,,1527322,55,4,,0,91,,1527323,55,4,,0,29,,1527324,55,4,,0
27301,'20261008',654,,1527325,55,4,,0,66,,1527326,55,4,,0,91,,1527327,55,4,,0,29,,1527328,55,4,,0
27301,'20261009',654,,1527329,55,4,,0,66,,1527330,55,4,,0,91,,1527331,55,4,,0,29,,1527332,55,4,,0
27301,'20261013',654,,1580593,55,4,,0,66,,1580594,55,4,,0,91,,1580595,55,4,,0,29,,1580596,55,4,,0
27301,'20261014',654,,1580597,55,4,,0,66,,1580598,55,4,,0,91,,1580599,55,4,,0,29,,1580600,55,4,,0
27301,'20261015',654,,1580601,55,4,,0,66,,1580602,55,4,,0,91,,1580603,55,4,,0,29,,1580604,55,4,,0
27301,'20261016',654,,1580605,55,4,,0,66,,1580606,55,4,,0,91,,1580607,55,4,,0,29,,1580608,55,4,,0
27401,'20261002',706,,1580639,41,4,,0,27,,1580640,41,4,,0,71,,1580641,41,4,,0,7,,1580642,41,4,,0,31,,1580643,41,4,,0
27401,'20261005',706,,1580644,41,4,,0,27,,1580645,41,4,,0,71,,1580646,41,4,,0,7,,1580647,41,4,,0,31,,1580648,41,4,,0
27401,'20261006',706,,1527373,41,4,,0,27,,1527374,41,4,,0,71,,1527375,41,4,,0,7,,1527377,41,4,,0,31,,1527376,41,4,,0
27401,'20261007',706,,1527378,41,4,,0,27,,1527379,41,4,,0,71,,1527380,41,4,,0,7,,1527382,41,4,,0,31,,1527381,41,4,,0
27401,'20261008',706,,1527383,41,4,,0,27,,1527384,41,4,,0,71,,1527385,41,4,,0,7,,1527387,41,4,,0,31,,1527386,41,4,,0
27401,'20261009',706,,1527388,41,4,,0,27,,1527389,41,4,,0,71,,1527390,41,4,,0,7,,1527392,41,4,,0,31,,1527391,41,4,,0
27401,'20261013',706,,1580649,41,4,,0,27,,1580650,41,4,,0,71,,1580651,41,4,,0,7,,1580653,41,4,,0,31,,1580652,41,4,,0
27401,'20261014',706,,1580654,41,4,,0,27,,1580655,41,4,,0,71,,1580656,41,4,,0,7,,1580658,41,4,,0,31,,1580657,41,4,,0
27401,'20261015',706,,1580659,41,4,,0,27,,1580660,41,4,,0,71,,1580661,41,4,,0,7,,1580663,41,4,,0,31,,1580662,41,4,,0
27401,'20261016',706,,1580664,41,4,,0,27,,1580665,41,4,,0,71,,1580666,41,4,,0,7,,1580668,41,4,,0,31,,1580667,41,4,,0
27901,'20261002',653,,1580693,43,4,,0,90,,1580694,43,4,,0,76,,1580695,43,4,,0,23,,1580696,43,4,,0
27901,'20261005',653,,1580697,43,4,,0,90,,1580698,43,4,,0,76,,1580699,43,4,,0,23,,1580700,43,4,,0
27901,'20261006',653,,1527428,43,4,,0,90,,1527426,43,4,,0,76,,1527427,43,4,,0,23,,1527425,43,4,,0
27901,'20261007',653,,1527432,43,4,,0,90,,1527430,43,4,,0,76,,1527431,43,4,,0,23,,1527429,43,4,,0
27901,'20261008',653,,1527436,43,4,,0,90,,1527434,43,4,,0,76,,1527435,43,4,,0,23,,1527433,43,4,,0
27901,'20261009',653,,1527440,43,4,,0,90,,1527438,43,4,,0,76,,1527439,43,4,,0,23,,1527437,43,4,,0
27901,'20261013',653,,1580704,43,4,,0,90,,1580702,43,4,,0,76,,1580703,43,4,,0,23,,1580701,43,4,,0
27901,'20261014',653,,1580708,43,4,,0,90,,1580706,43,4,,0,76,,1580707,43,4,,0,23,,1580705,43,4,,0
27901,'20261015',653,,1580712,43,4,,0,90,,1580710,43,4,,0,76,,1580711,43,4,,0,23,,1580709,43,4,,0
27901,'20261016',653,,1580716,43,4,,0,90,,1580714,43,4,,0,76,,1580715,43,4,,0,23,,1580713,43,4,,0
28001,'20261002',653,,1580753,46,4,,0,81,,1580754,46,4,,0,25,,1580755,46,4,,0,59,,1580756,46,4,,0,14,,1580757,46,4,,0,7,,1580758,46,4,,0
28001,'20261005',653,,1580759,46,4,,0,81,,1580760,46,4,,0,25,,1580761,46,4,,0,59,,1580762,46,4,,0,14,,1580763,46,4,,0,7,,1580764,46,4,,0
28001,'20261006',653,,1527489,46,4,,0,81,,1527490,46,4,,0,25,,1527491,46,4,,0,59,,1527494,46,4,,0,14,,1527492,46,4,,0,7,,1527493,46,4,,0
28001,'20261007',653,,1527495,46,4,,0,81,,1527496,46,4,,0,25,,1527497,46,4,,0,59,,1527500,46,4,,0,14,,1527498,46,4,,0,7,,1527499,46,4,,0
28001,'20261008',653,,1527501,46,4,,0,81,,1527502,46,4,,0,25,,1527503,46,4,,0,59,,1527506,46,4,,0,14,,1527504,46,4,,0,7,,1527505,46,4,,0
28001,'20261009',653,,1527507,46,4,,0,81,,1527508,46,4,,0,25,,1527509,46,4,,0,59,,1527512,46,4,,0,14,,1527510,46,4,,0,7,,1527511,46,4,,0
28001,'20261013',653,,1580765,46,4,,0,81,,1580766,46,4,,0,25,,1580767,46,4,,0,59,,1580770,46,4,,0,14,,1580768,46,4,,0,7,,1580769,46,4,,0
28001,'20261014',653,,1580771,46,4,,0,81,,1580772,46,4,,0,25,,1580773,46,4,,0,59,,1580776,46,4,,0,14,,1580774,46,4,,0,7,,1580775,46,4,,0
28001,'20261015',653,,1580777,46,4,,0,81,,1580778,46,4,,0,25,,1580779,46,4,,0,59,,1580782,46,4,,0,14,,1580780,46,4,,0,7,,1580781,46,4,,0
28001,'20261016',653,,1580783,46,4,,0,81,,1580784,46,4,,0,25,,1580785,46,4,,0,59,,1580788,46,4,,0,14,,1580786,46,4,,0,7,,1580787,46,4,,0
28101,'20261002',705,,1580819,41,4,,0,24,,1580820,41,4,,0,80,,1580821,41,4,,0,13,,1580822,41,4,,0,17,,1580823,41,4,,0
28101,'20261005',705,,1580824,41,4,,0,24,,1580825,41,4,,0,80,,1580826,41,4,,0,13,,1580827,41,4,,0,17,,1580828,41,4,,0
28101,'20261006',705,,1527557,41,4,,0,24,,1527556,41,4,,0,80,,1527553,41,4,,0,13,,1527554,41,4,,0,17,,1527555,41,4,,0
28101,'20261007',705,,1527562,41,4,,0,24,,1527561,41,4,,0,80,,1527558,41,4,,0,13,,1527559,41,4,,0,17,,1527560,41,4,,0
28101,'20261008',705,,1527567,41,4,,0,24,,1527566,41,4,,0,80,,1527563,41,4,,0,13,,1527564,41,4,,0,17,,1527565,41,4,,0
28101,'20261009',705,,1527572,41,4,,0,24,,1527571,41,4,,0,80,,1527568,41,4,,0,13,,1527569,41,4,,0,17,,1527570,41,4,,0
28101,'20261013',705,,1580833,41,4,,0,24,,1580832,41,4,,0,80,,1580829,41,4,,0,13,,1580830,41,4,,0,17,,1580831,41,4,,0
28101,'20261014',705,,1580838,41,4,,0,24,,1580837,41,4,,0,80,,1580834,41,4,,0,13,,1580835,41,4,,0,17,,1580836,41,4,,0
28101,'20261015',705,,1580843,41,4,,0,24,,1580842,41,4,,0,80,,1580839,41,4,,0,13,,1580840,41,4,,0,17,,1580841,41,4,,0
28101,'20261016',705,,1580848,41,4,,0,24,,1580847,41,4,,0,80,,1580844,41,4,,0,13,,1580845,41,4,,0,17,,1580846,41,4,,0
28201,'20261002',638,,1580885,59,4,,0,21,,1580886,59,4,,0,82,,1580887,59,4,,0,64,,1580888,59,4,,0,35,,1580889,59,4,,0
28201,'20261005',638,,1580890,59,4,,0,21,,1580891,59,4,,0,82,,1580892,59,4,,0,64,,1580893,59,4,,0,35,,1580894,59,4,,0
28201,'20261006',638,,1527619,59,4,,0,21,,1527622,59,4,,0,82,,1527623,59,4,,0,64,,1527620,59,4,,0,35,,1527621,59,4,,0
28201,'20261007',638,,1527624,59,4,,0,21,,1527627,59,4,,0,82,,1527628,59,4,,0,64,,1527625,59,4,,0,35,,1527626,59,4,,0
28201,'20261008',638,,1527629,59,4,,0,21,,1527632,59,4,,0,82,,1527633,59,4,,0,64,,1527630,59,4,,0,35,,1527631,59,4,,0
28201,'20261009',638,,1527634,59,4,,0,21,,1527637,59,4,,0,82,,1527638,59,4,,0,64,,1527635,59,4,,0,35,,1527636,59,4,,0
28201,'20261013',638,,1580895,59,4,,0,21,,1580898,59,4,,0,82,,1580899,59,4,,0,64,,1580896,59,4,,0,35,,1580897,59,4,,0
28201,'20261014',638,,1580900,59,4,,0,21,,1580903,59,4,,0,82,,1580904,59,4,,0,64,,1580901,59,4,,0,35,,1580902,59,4,,0
28201,'20261015',638,,1580905,59,4,,0,21,,1580908,59,4,,0,82,,1580909,59,4,,0,64,,1580906,59,4,,0,35,,1580907,59,4,,0
28201,'20261016',638,,1580910,59,4,,0,21,,1580913,59,4,,0,82,,1580914,59,4,,0,64,,1580911,59,4,,0,35,,1580912,59,4,,0
28401,'20261002',708,,1580987,74,4,,0,30,,1580988,74,4,,0,68,,1580989,74,4,,0,18,,1580990,74,4,,0,19,,1580991,74,4,,0
28401,'20261005',708,,1580992,74,4,,0,30,,1580993,74,4,,0,68,,1580994,74,4,,0,18,,1580995,74,4,,0,19,,1580996,74,4,,0
28401,'20261006',708,,1527724,74,4,,0,30,,1527721,74,4,,0,68,,1527725,74,4,,0,18,,1527722,74,4,,0,19,,1527723,74,4,,0
28401,'20261007',708,,1527729,74,4,,0,30,,1527726,74,4,,0,68,,1527730,74,4,,0,18,,1527727,74,4,,0,19,,1527728,74,4,,0
28401,'20261008',708,,1527734,74,4,,0,30,,1527731,74,4,,0,68,,1527735,74,4,,0,18,,1527732,74,4,,0,19,,1527733,74,4,,0
28401,'20261009',708,,1527739,74,4,,0,30,,1527736,74,4,,0,68,,1527740,74,4,,0,18,,1527737,74,4,,0,19,,1527738,74,4,,0
28401,'20261013',708,,1581000,74,4,,0,30,,1580997,74,4,,0,68,,1581001,74,4,,0,18,,1580998,74,4,,0,19,,1580999,74,4,,0
28401,'20261014',708,,1581005,74,4,,0,30,,1581002,74,4,,0,68,,1581006,74,4,,0,18,,1581003,74,4,,0,19,,1581004,74,4,,0
28401,'20261015',708,,1581010,74,4,,0,30,,1581007,74,4,,0,68,,1581011,74,4,,0,18,,1581008,74,4,,0,19,,1581009,74,4,,0
28401,'20261016',708,,1581015,74,4,,0,30,,1581012,74,4,,0,68,,1581016,74,4,,0,18,,1581013,74,4,,0,19,,1581014,74,4,,0
28901,'20261002',707,,1581047,35,4,,0,31,,1581048,35,4,,0,20,,1581049,35,4,,0,57,,1581050,35,4,,0,25,,1581051,35,4,,0
28901,'20261005',707,,1581052,35,4,,0,31,,1581053,35,4,,0,20,,1581054,35,4,,0,57,,1581055,35,4,,0,25,,1581056,35,4,,0
28901,'20261006',707,,1527782,35,4,,0,31,,1527781,35,4,,0,20,,1527783,35,4,,0,57,,1527785,35,4,,0,25,,1527784,35,4,,0
28901,'20261007',707,,1527787,35,4,,0,31,,1527786,35,4,,0,20,,1527788,35,4,,0,57,,1527790,35,4,,0,25,,1527789,35,4,,0
28901,'20261008',707,,1527792,35,4,,0,31,,1527791,35,4,,0,20,,1527793,35,4,,0,57,,1527795,35,4,,0,25,,1527794,35,4,,0
28901,'20261009',707,,1527797,35,4,,0,31,,1527796,35,4,,0,20,,1527798,35,4,,0,57,,1527800,35,4,,0,25,,1527799,35,4,,0
28901,'20261013',707,,1581058,35,4,,0,31,,1581057,35,4,,0,20,,1581059,35,4,,0,57,,1581061,35,4,,0,25,,1581060,35,4,,0
28901,'20261014',707,,1581063,35,4,,0,31,,1581062,35,4,,0,20,,1581064,35,4,,0,57,,1581066,35,4,,0,25,,1581065,35,4,,0
28901,'20261015',707,,1581068,35,4,,0,31,,1581067,35,4,,0,20,,1581069,35,4,,0,57,,1581071,35,4,,0,25,,1581070,35,4,,0
28901,'20261016',707,,1581073,35,4,,0,31,,1581072,35,4,,0,20,,1581074,35,4,,0,57,,1581076,35,4,,0,25,,1581075,35,4,,0
80003,'20261002',518,,1583675,33,,,1,15,,1583676,33,,,1,15,,1583677,33,,,1,56,,1583678,33,,,1,13,,1583679,33,,,1,10,,1583680,33,,,1,10,,1583681,33,,,1,11,,1583682,33,,,1,10,,1583683,33,,,1,50,,1583684,33,,,1,12,,1583685,33,,,1,10,,1583686,33,,,1,12,,1583687,33,,,1,10,,1583688,33,,,1,48,,1583689,33,,,1,9,,1583690,33,,,1,10,,1583691,33,,,1,10,,1583692,33,,,1,13,,1583693,33,,,1,14,,1583694,33,,,1,54,,1583695,33,,,1,14,,1583696,33,,,1,14,,1583697,33,,,1,14,,1583698,33,,,1,55,,1583699,33,,,1,16,,1583700,33,,,1,13,,1583701,33,,,1,15,,1583702,33,,,1,55,,1583703,33,,,1,16,,1583704,33,,,1,15,,1583705,33,,,1,15,,1583706,33,,,1,55,,1583707,33,,,1,16,,1583708,33,,,1,15,,1583709,33,,,1,15,,1583710,33,,,1,55,,1583711,33,,,1,15,,1583712,33,,,1,15,,1583713,33,,,1,15,,1583714,33,,,1,55,,1583715,33,,,1,15,,1583716,33,,,1,15,,1583717,33,,,1,16,,1583718,33,,,1,55,,1583719,33,,,1,15,,1583720,33,,,1,12,,1583721,33,,,1,12,,1583722,33,,,1,11,,1583723,33,,,1,50,,1583724,33,,,1,10,,1583725,33,,,1,11,,1583726,33,,,1,10,,1583727,33,,,1,10,,1583728,33,,,1,50,,1583729,33,,,1,10,,1583730,33,,,1,9,,1583731,33,,,1,10,,1583732,33,,,1,10,,1583733,33,,,1,9,,1583734,33,,,1,9,,1583735,33,,,1,50,,1583736,33,,,1,11,,1583737,33,,,1,9,,1583738,33,,,1,13,,1583739,33,,,1,14,,1583740,33,,,1,54,,1583741,33,,,1,16,,1583742,33,,,1,14,,1583743,33,,,1,14,,1583744,33,,,1,53,,1583745,33,,,1,15,,1583746,33,,,1,16,,1583747,33,,,1,15,,1583748,33,,,1,55,,1583749,33,,,1,15,,1583750,33,,,1,16,,1583751,33,,,1,15,,1583752,33,,,1,54,,1583753,33,,,1,15,,1583754,33,,,1,14,,1583755,33,,,1,15,,1583756,33,,,1,55,,1583757,33,,,1,13,,1583758,33,,,1,15,,1583759,33,,,1,16,,1583760,33,,,1,55,,1583761,33,,,1,13,,1583762,33,,,1,16,,1583763,33,,,1,16,,1583764,33,,,1,55,,1583765,33,,,1
80003,'20261003',558,,1583766,33,,,1,55,,1583767,33,,,1,15,,1583768,33,,,1,15,,1583769,33,,,1,16,,1583770,33,,,1,56,,1583771,33,,,1,15,,1583772,33,,,1,15,,1583773,33,,,1,55,,1583774,33,,,1,15,,1583775,33,,,1,17,,1583776,33,,,1,15,,1583777,33,,,1,55,,1583778,33,,,1,16,,1583779,33,,,1,15,,1583780,33,,,1,15,,1583781,33,,,1,54,,1583782,33,,,1,15,,1583783,33,,,1,15,,1583784,33,,,1,16,,1583785,33,,,1,56,,1583786,33,,,1,15,,1583787,33,,,1,15,,1583788,33,,,1,15,,1583789,33,,,1,56,,1583790,33,,,1,16,,1583791,33,,,1,13,,1583792,33,,,1,15,,1583793,33,,,1,55,,1583794,33,,,1,15,,1583795,33,,,1,15,,1583796,33,,,1,14,,1583797,33,,,1,56,,1583798,33,,,1,15,,1583799,33,,,1,15,,1583800,33,,,1,15,,1583801,33,,,1,54,,1583802,33,,,1,15,,1583803,33,,,1,15,,1583804,33,,,1,15,,1583805,33,,,1,54,,1583806,33,,,1,16,,1583807,33,,,1,15,,1583808,33,,,1,16,,1583809,33,,,1,54,,1583810,33,,,1,16,,1583811,33,,,1,16,,1583812,33,,,1,14,,1583813,33,,,1,55,,1583814,33,,,1,16,,1583815,33,,,1,15,,1583816,33,,,1,16,,1583817,33,,,1,53,,1583818,33,,,1,15,,1583819,33,,,1,15,,1583820,33,,,1,14,,1583821,33,,,1,55,,1583822,33,,,1,15,,1583823,33,,,1,17,,1583824,33,,,1,17,,1583825,33,,,1,54,,1583826,33,,,1,14,,1583827,33,,,1,15,,1583828,33,,,1,15,,1583829,33,,,1,55,,1583830,33,,,1,15,,1583831,33,,,1,16,,1583832,33,,,1,13,,1583833,33,,,1,55,,1583834,33,,,1,15,,1583835,33,,,1,15,,1583836,33,,,1,15,,1583837,33,,,1,53,,1583838,33,,,1,15,,1583839,33,,,1,14,,1583840,33,,,1,15,,1583841,33,,,1,55,,1583842,33,,,1
80003,'20261004',558,,1583843,33,,,1,55,,1583844,33,,,1,15,,1583845,33,,,1,15,,1583846,33,,,1,16,,1583847,33,,,1,56,,1583848,33,,,1,15,,1583849,33,,,1,15,,1583850,33,,,1,55,,1583851,33,,,1,15,,1583852,33,,,1,17,,1583853,33,,,1,15,,1583854,33,,,1,55,,1583855,33,,,1,16,,1583856,33,,,1,15,,1583857,33,,,1,15,,1583858,33,,,1,54,,1583859,33,,,1,15,,1583860,33,,,1,15,,1583861,33,,,1,16,,1583862,33,,,1,56,,1583863,33,,,1,15,,1583864,33,,,1,15,,1583865,33,,,1,15,,1583866,33,,,1,56,,1583867,33,,,1,16,,1583868,33,,,1,13,,1583869,33,,,1,15,,1583870,33,,,1,55,,1583871,33,,,1,15,,1583872,33,,,1,15,,1583873,33,,,1,14,,1583874,33,,,1,56,,1583875,33,,,1,15,,1583876,33,,,1,15,,1583877,33,,,1,15,,1583878,33,,,1,54,,1583879,33,,,1,15,,1583880,33,,,1,15,,1583881,33,,,1,15,,1583882,33,,,1,54,,1583883,33,,,1,16,,1583884,33,,,1,15,,1583885,33,,,1,16,,1583886,33,,,1,54,,1583887,33,,,1,16,,1583888,33,,,1,16,,1583889,33,,,1,14,,1583890,33,,,1,55,,1583891,33,,,1,16,,1583892,33,,,1,15,,1583893,33,,,1,16,,1583894,33,,,1,53,,1583895,33,,,1,15,,1583896,33,,,1,15,,1583897,33,,,1,14,,1583898,33,,,1,55,,1583899,33,,,1,15,,1583900,33,,,1,17,,1583901,33,,,1,17,,1583902,33,,,1,54,,1583903,33,,,1,14,,1583904,33,,,1,15,,1583905,33,,,1,15,,1583906,33,,,1,55,,1583907,33,,,1,15,,1583908,33,,,1,16,,1583909,33,,,1,13,,1583910,33,,,1,55,,1583911,33,,,1,15,,1583912,33,,,1,15,,1583913,33,,,1,15,,1583914,33,,,1,53,,1583915,33,,,1,15,,1583916,33,,,1,14,,1583917,33,,,1,15,,1583918,33,,,1,55,,1583919,33,,,1
80003,'20261005',518,,1583921,33,,,1,15,,1583922,33,,,1,15,,1583923,33,,,1,56,,1583924,33,,,1,13,,1583925,33,,,1,10,,1583926,33,,,1,10,,1583927,33,,,1,11,,1583928,33,,,1,10,,1583929,33,,,1,50,,1583930,33,,,1,12,,1583931,33,,,1,10,,1583932,33,,,1,12,,1583933,33,,,1,10,,1583934,33,,,1,48,,1583935,33,,,1,9,,1583936,33,,,1,10,,1583937,33,,,1,10,,1583938,33,,,1,13,,1583939,33,,,1,14,,1583940,33,,,1,54,,1583941,33,,,1,14,,1583942,33,,,1,14,,1583943,33,,,1,14,,1583944,33,,,1,55,,1583945,33,,,1,16,,1583946,33,,,1,13,,1583947,33,,,1,15,,1583948,33,,,1,55,,1583949,33,,,1,16,,1583950,33,,,1,15,,1583951,33,,,1,15,,1583952,33,,,1,55,,1583953,33,,,1,16,,1583954,33,,,1,15,,1583955,33,,,1,15,,1583956,33,,,1,55,,1583957,33,,,1,15,,1583958,33,,,1,15,,1583959,33,,,1,15,,1583960,33,,,1,55,,1583961,33,,,1,15,,1583962,33,,,1,15,,1583963,33,,,1,16,,1583964,33,,,1,55,,1583965,33,,,1,15,,1583966,33,,,1,12,,1583967,33,,,1,12,,1583968,33,,,1,11,,1583969,33,,,1,50,,1583970,33,,,1,10,,1583971,33,,,1,11,,1583972,33,,,1,10,,1583973,33,,,1,10,,1583974,33,,,1,50,,1583975,33,,,1,10,,1583976,33,,,1,9,,1583977,33,,,1,10,,1583978,33,,,1,10,,1583979,33,,,1,9,,1583980,33,,,1,9,,1583981,33,,,1,50,,1583982,33,,,1,11,,1583983,33,,,1,9,,1583984,33,,,1,13,,1583985,33,,,1,14,,1583986,33,,,1,54,,1583987,33,,,1,16,,1583988,33,,,1,14,,1583989,33,,,1,14,,1583990,33,,,1,53,,1583991,33,,,1,15,,1583992,33,,,1,16,,1583993,33,,,1,15,,1583994,33,,,1,55,,1583995,33,,,1,15,,1583996,33,,,1,16,,1583997,33,,,1,15,,1583998,33,,,1,54,,1583999,33,,,1,15,,1584000,33,,,1,14,,1584001,33,,,1,15,,1584002,33,,,1,55,,1584003,33,,,1,13,,1584004,33,,,1,15,,1584005,33,,,1,16,,1584006,33,,,1,55,,1584007,33,,,1,13,,1584008,33,,,1,16,,1584009,33,,,1,16,,1584010,33,,,1,55,,1584011,33,,,1
80003,'20261006',518,,1530826,33,,,1,15,,1530739,33,,,1,15,,1530765,33,,,1,56,,1530762,33,,,1,13,,1530744,33,,,1,10,,1530764,33,,,1,10,,1530741,33,,,1,11,,1530752,33,,,1,10,,1530820,33,,,1,50,,1530819,33,,,1,12,,1530818,33,,,1,10,,1530817,33,,,1,12,,1530816,33,,,1,10,,1530815,33,,,1,48,,1530814,33,,,1,9,,1530813,33,,,1,10,,1530812,33,,,1,10,,1530811,33,,,1,13,,1530810,33,,,1,14,,1530809,33,,,1,54,,1530808,33,,,1,14,,1530807,33,,,1,14,,1530806,33,,,1,14,,1530805,33,,,1,55,,1530804,33,,,1,16,,1530803,33,,,1,13,,1530802,33,,,1,15,,1530801,33,,,1,55,,1530800,33,,,1,16,,1530799,33,,,1,15,,1530798,33,,,1,15,,1530797,33,,,1,55,,1530796,33,,,1,16,,1530795,33,,,1,15,,1530794,33,,,1,15,,1530793,33,,,1,55,,1530792,33,,,1,15,,1530791,33,,,1,15,,1530790,33,,,1,15,,1530789,33,,,1,55,,1530788,33,,,1,15,,1530787,33,,,1,15,,1530754,33,,,1,16,,1530786,33,,,1,55,,1530763,33,,,1,15,,1530760,33,,,1,12,,1530785,33,,,1,12,,1530767,33,,,1,11,,1530825,33,,,1,50,,1530822,33,,,1,10,,1530766,33,,,1,11,,1530749,33,,,1,10,,1530768,33,,,1,10,,1530784,33,,,1,50,,1530743,33,,,1,10,,1530736,33,,,1,9,,1530757,33,,,1,10,,1530783,33,,,1,10,,1530738,33,,,1,9,,1530737,33,,,1,9,,1530782,33,,,1,50,,1530781,33,,,1,11,,1530823,33,,,1,9,,1530740,33,,,1,13,,1530742,33,,,1,14,,1530780,33,,,1,54,,1530758,33,,,1,16,,1530824,33,,,1,14,,1530779,33,,,1,14,,1530746,33,,,1,53,,1530745,33,,,1,15,,1530778,33,,,1,16,,1530747,33,,,1,15,,1530777,33,,,1,55,,1530776,33,,,1,15,,1530748,33,,,1,16,,1530775,33,,,1,15,,1530751,33,,,1,54,,1530750,33,,,1,15,,1530774,33,,,1,14,,1530753,33,,,1,15,,1530773,33,,,1,55,,1530755,33,,,1,13,,1530772,33,,,1,15,,1530756,33,,,1,16,,1530771,33,,,1,55,,1530759,33,,,1,13,,1530770,33,,,1,16,,1530761,33,,,1,16,,1530769,33,,,1,55,,1530821,33,,,1
80003,'20261007',518,,1530917,33,,,1,15,,1530830,33,,,1,15,,1530856,33,,,1,56,,1530853,33,,,1,13,,1530835,33,,,1,10,,1530855,33,,,1,10,,1530832,33,,,1,11,,1530843,33,,,1,10,,1530911,33,,,1,50,,1530910,33,,,1,12,,1530909,33,,,1,10,,1530908,33,,,1,12,,1530907,33,,,1,10,,1530906,33,,,1,48,,1530905,33,,,1,9,,1530904,33,,,1,10,,1530903,33,,,1,10,,1530902,33,,,1,13,,1530901,33,,,1,14,,1530900,33,,,1,54,,1530899,33,,,1,14,,1530898,33,,,1,14,,1530897,33,,,1,14,,1530896,33,,,1,55,,1530895,33,,,1,16,,1530894,33,,,1,13,,1530893,33,,,1,15,,1530892,33,,,1,55,,1530891,33,,,1,16,,1530890,33,,,1,15,,1530889,33,,,1,15,,1530888,33,,,1,55,,1530887,33,,,1,16,,1530886,33,,,1,15,,1530885,33,,,1,15,,1530884,33,,,1,55,,1530883,33,,,1,15,,1530882,33,,,1,15,,1530881,33,,,1,15,,1530880,33,,,1,55,,1530879,33,,,1,15,,1530878,33,,,1,15,,1530845,33,,,1,16,,1530877,33,,,1,55,,1530854,33,,,1,15,,1530851,33,,,1,12,,1530876,33,,,1,12,,1530858,33,,,1,11,,1530916,33,,,1,50,,1530913,33,,,1,10,,1530857,33,,,1,11,,1530840,33,,,1,10,,1530859,33,,,1,10,,1530875,33,,,1,50,,1530834,33,,,1,10,,1530827,33,,,1,9,,1530848,33,,,1,10,,1530874,33,,,1,10,,1530829,33,,,1,9,,1530828,33,,,1,9,,1530873,33,,,1,50,,1530872,33,,,1,11,,1530914,33,,,1,9,,1530831,33,,,1,13,,1530833,33,,,1,14,,1530871,33,,,1,54,,1530849,33,,,1,16,,1530915,33,,,1,14,,1530870,33,,,1,14,,1530837,33,,,1,53,,1530836,33,,,1,15,,1530869,33,,,1,16,,1530838,33,,,1,15,,1530868,33,,,1,55,,1530867,33,,,1,15,,1530839,33,,,1,16,,1530866,33,,,1,15,,1530842,33,,,1,54,,1530841,33,,,1,15,,1530865,33,,,1,14,,1530844,33,,,1,15,,1530864,33,,,1,55,,1530846,33,,,1,13,,1530863,33,,,1,15,,1530847,33,,,1,16,,1530862,33,,,1,55,,1530850,33,,,1,13,,1530861,33,,,1,16,,1530852,33,,,1,16,,1530860,33,,,1,55,,1530912,33,,,1
80003,'20261008',518,,1531008,33,,,1,15,,1530921,33,,,1,15,,1530947,33,,,1,56,,1530944,33,,,1,13,,1530926,33,,,1,10,,1530946,33,,,1,10,,1530923,33,,,1,11,,1530934,33,,,1,10,,1531002,33,,,1,50,,1531001,33,,,1,12,,1531000,33,,,1,10,,1530999,33,,,1,12,,1530998,33,,,1,10,,1530997,33,,,1,48,,1530996,33,,,1,9,,1530995,33,,,1,10,,1530994,33,,,1,10,,1530993,33,,,1,13,,1530992,33,,,1,14,,1530991,33,,,1,54,,1530990,33,,,1,14,,1530989,33,,,1,14,,1530988,33,,,1,14,,1530987,33,,,1,55,,1530986,33,,,1,16,,1530985,33,,,1,13,,1530984,33,,,1,15,,1530983,33,,,1,55,,1530982,33,,,1,16,,1530981,33,,,1,15,,1530980,33,,,1,15,,1530979,33,,,1,55,,1530978,33,,,1,16,,1530977,33,,,1,15,,1530976,33,,,1,15,,1530975,33,,,1,55,,1530974,33,,,1,15,,1530973,33,,,1,15,,1530972,33,,,1,15,,1530971,33,,,1,55,,1530970,33,,,1,15,,1530969,33,,,1,15,,1530936,33,,,1,16,,1530968,33,,,1,55,,1530945,33,,,1,15,,1530942,33,,,1,12,,1530967,33,,,1,12,,1530949,33,,,1,11,,1531007,33,,,1,50,,1531004,33,,,1,10,,1530948,33,,,1,11,,1530931,33,,,1,10,,1530950,33,,,1,10,,1530966,33,,,1,50,,1530925,33,,,1,10,,1530918,33,,,1,9,,1530939,33,,,1,10,,1530965,33,,,1,10,,1530920,33,,,1,9,,1530919,33,,,1,9,,1530964,33,,,1,50,,1530963,33,,,1,11,,1531005,33,,,1,9,,1530922,33,,,1,13,,1530924,33,,,1,14,,1530962,33,,,1,54,,1530940,33,,,1,16,,1531006,33,,,1,14,,1530961,33,,,1,14,,1530928,33,,,1,53,,1530927,33,,,1,15,,1530960,33,,,1,16,,1530929,33,,,1,15,,1530959,33,,,1,55,,1530958,33,,,1,15,,1530930,33,,,1,16,,1530957,33,,,1,15,,1530933,33,,,1,54,,1530932,33,,,1,15,,1530956,33,,,1,14,,1530935,33,,,1,15,,1530955,33,,,1,55,,1530937,33,,,1,13,,1530954,33,,,1,15,,1530938,33,,,1,16,,1530953,33,,,1,55,,1530941,33,,,1,13,,1530952,33,,,1,16,,1530943,33,,,1,16,,1530951,33,,,1,55,,1531003,33,,,1
80003,'20261009',518,,1531099,33,,,1,15,,1531012,33,,,1,15,,1531038,33,,,1,56,,1531035,33,,,1,13,,1531017,33,,,1,10,,1531037,33,,,1,10,,1531014,33,,,1,11,,1531025,33,,,1,10,,1531093,33,,,1,50,,1531092,33,,,1,12,,1531091,33,,,1,10,,1531090,33,,,1,12,,1531089,33,,,1,10,,1531088,33,,,1,48,,1531087,33,,,1,9,,1531086,33,,,1,10,,1531085,33,,,1,10,,1531084,33,,,1,13,,1531083,33,,,1,14,,1531082,33,,,1,54,,1531081,33,,,1,14,,1531080,33,,,1,14,,1531079,33,,,1,14,,1531078,33,,,1,55,,1531077,33,,,1,16,,1531076,33,,,1,13,,1531075,33,,,1,15,,1531074,33,,,1,55,,1531073,33,,,1,16,,1531072,33,,,1,15,,1531071,33,,,1,15,,1531070,33,,,1,55,,1531069,33,,,1,16,,1531068,33,,,1,15,,1531067,33,,,1,15,,1531066,33,,,1,55,,1531065,33,,,1,15,,1531064,33,,,1,15,,1531063,33,,,1,15,,1531062,33,,,1,55,,1531061,33,,,1,15,,1531060,33,,,1,15,,1531027,33,,,1,16,,1531059,33,,,1,55,,1531036,33,,,1,15,,1531033,33,,,1,12,,1531058,33,,,1,12,,1531040,33,,,1,11,,1531098,33,,,1,50,,1531095,33,,,1,10,,1531039,33,,,1,11,,1531022,33,,,1,10,,1531041,33,,,1,10,,1531057,33,,,1,50,,1531016,33,,,1,10,,1531009,33,,,1,9,,1531030,33,,,1,10,,1531056,33,,,1,10,,1531011,33,,,1,9,,1531010,33,,,1,9,,1531055,33,,,1,50,,1531054,33,,,1,11,,1531096,33,,,1,9,,1531013,33,,,1,13,,1531015,33,,,1,14,,1531053,33,,,1,54,,1531031,33,,,1,16,,1531097,33,,,1,14,,1531052,33,,,1,14,,1531019,33,,,1,53,,1531018,33,,,1,15,,1531051,33,,,1,16,,1531020,33,,,1,15,,1531050,33,,,1,55,,1531049,33,,,1,15,,1531021,33,,,1,16,,1531048,33,,,1,15,,1531024,33,,,1,54,,1531023,33,,,1,15,,1531047,33,,,1,14,,1531026,33,,,1,15,,1531046,33,,,1,55,,1531028,33,,,1,13,,1531045,33,,,1,15,,1531029,33,,,1,16,,1531044,33,,,1,55,,1531032,33,,,1,13,,1531043,33,,,1,16,,1531034,33,,,1,16,,1531042,33,,,1,55,,1531094,33,,,1
80003,'20261010',558,,1555071,33,,,1,55,,1555072,33,,,1,15,,1555073,33,,,1,15,,1555074,33,,,1,16,,1555075,33,,,1,56,,1555076,33,,,1,15,,1555077,33,,,1,15,,1555079,33,,,1,55,,1555080,33,,,1,15,,1555081,33,,,1,17,,1555078,33,,,1,15,,1555082,33,,,1,55,,1555083,33,,,1,16,,1555084,33,,,1,15,,1555085,33,,,1,15,,1555086,33,,,1,54,,1555087,33,,,1,15,,1555088,33,,,1,15,,1555089,33,,,1,16,,1555091,33,,,1,56,,1555092,33,,,1,15,,1555093,33,,,1,15,,1555090,33,,,1,15,,1555094,33,,,1,56,,1555095,33,,,1,16,,1555096,33,,,1,13,,1555097,33,,,1,15,,1555098,33,,,1,55,,1555100,33,,,1,15,,1555099,33,,,1,15,,1555101,33,,,1,14,,1555102,33,,,1,56,,1555103,33,,,1,15,,1555104,33,,,1,15,,1555105,33,,,1,15,,1555106,33,,,1,54,,1555107,33,,,1,15,,1555109,33,,,1,15,,1555110,33,,,1,15,,1555111,33,,,1,54,,1555108,33,,,1,16,,1555112,33,,,1,15,,1555113,33,,,1,16,,1555114,33,,,1,54,,1555115,33,,,1,16,,1555116,33,,,1,16,,1555117,33,,,1,14,,1555118,33,,,1,55,,1555120,33,,,1,16,,1555121,33,,,1,15,,1555122,33,,,1,16,,1555119,33,,,1,53,,1555123,33,,,1,15,,1555124,33,,,1,15,,1555125,33,,,1,14,,1555126,33,,,1,55,,1555128,33,,,1,15,,1555129,33,,,1,17,,1555130,33,,,1,17,,1555127,33,,,1,54,,1555131,33,,,1,14,,1555132,33,,,1,15,,1555133,33,,,1,15,,1555134,33,,,1,55,,1555135,33,,,1,15,,1555136,33,,,1,16,,1555137,33,,,1,13,,1555139,33,,,1,55,,1555140,33,,,1,15,,1555141,33,,,1,15,,1555138,33,,,1,15,,1555142,33,,,1,53,,1555143,33,,,1,15,,1555144,33,,,1,14,,1555145,33,,,1,15,,1555146,33,,,1,55,,1555147,33,,,1
80003,'20261011',558,,1555165,33,,,1,55,,1555155,33,,,1,15,,1555160,33,,,1,15,,1555153,33,,,1,16,,1555166,33,,,1,56,,1555151,33,,,1,15,,1555150,33,,,1,15,,1555159,33,,,1,55,,1555167,33,,,1,15,,1555148,33,,,1,17,,1555161,33,,,1,15,,1555154,33,,,1,55,,1555149,33,,,1,16,,1555168,33,,,1,15,,1555169,33,,,1,15,,1555163,33,,,1,54,,1555156,33,,,1,15,,1555164,33,,,1,15,,1555157,33,,,1,16,,1555171,33,,,1,56,,1555152,33,,,1,15,,1555172,33,,,1,15,,1555170,33,,,1,15,,1555175,33,,,1,56,,1555173,33,,,1,16,,1555158,33,,,1,13,,1555180,33,,,1,15,,1555174,33,,,1,55,,1555181,33,,,1,15,,1555176,33,,,1,15,,1555177,33,,,1,14,,1555178,33,,,1,56,,1555179,33,,,1,15,,1555162,33,,,1,15,,1555182,33,,,1,15,,1555198,33,,,1,54,,1555191,33,,,1,15,,1555194,33,,,1,15,,1555188,33,,,1,15,,1555197,33,,,1,54,,1555189,33,,,1,16,,1555190,33,,,1,15,,1555184,33,,,1,16,,1555199,33,,,1,54,,1555200,33,,,1,16,,1555195,33,,,1,16,,1555185,33,,,1,14,,1555192,33,,,1,55,,1555196,33,,,1,16,,1555201,33,,,1,15,,1555202,33,,,1,16,,1555193,33,,,1,53,,1555183,33,,,1,15,,1555203,33,,,1,15,,1555204,33,,,1,14,,1555205,33,,,1,55,,1555206,33,,,1,15,,1555187,33,,,1,17,,1555216,33,,,1,17,,1555186,33,,,1,54,,1555221,33,,,1,14,,1555208,33,,,1,15,,1555210,33,,,1,15,,1555218,33,,,1,55,,1555212,33,,,1,15,,1555211,33,,,1,16,,1555219,33,,,1,13,,1555207,33,,,1,55,,1555215,33,,,1,15,,1555214,33,,,1,15,,1555213,33,,,1,15,,1555220,33,,,1,53,,1555222,33,,,1,15,,1555223,33,,,1,14,,1555209,33,,,1,15,,1555217,33,,,1,55,,1555224,33,,,1
80003,'20261012',558,,1555242,33,,,1,55,,1555232,33,,,1,15,,1555237,33,,,1,15,,1555230,33,,,1,16,,1555243,33,,,1,56,,1555228,33,,,1,15,,1555227,33,,,1,15,,1555236,33,,,1,55,,1555244,33,,,1,15,,1555225,33,,,1,17,,1555238,33,,,1,15,,1555231,33,,,1,55,,1555226,33,,,1,16,,1555245,33,,,1,15,,1555246,33,,,1,15,,1555240,33,,,1,54,,1555233,33,,,1,15,,1555241,33,,,1,15,,1555234,33,,,1,16,,1555248,33,,,1,56,,1555229,33,,,1,15,,1555249,33,,,1,15,,1555247,33,,,1,15,,1555252,33,,,1,56,,1555250,33,,,1,16,,1555235,33,,,1,13,,1555257,33,,,1,15,,1555251,33,,,1,55,,1555258,33,,,1,15,,1555253,33,,,1,15,,1555254,33,,,1,14,,1555255,33,,,1,56,,1555256,33,,,1,15,,1555239,33,,,1,15,,1555259,33,,,1,15,,1555275,33,,,1,54,,1555268,33,,,1,15,,1555271,33,,,1,15,,1555265,33,,,1,15,,1555274,33,,,1,54,,1555266,33,,,1,16,,1555267,33,,,1,15,,1555261,33,,,1,16,,1555276,33,,,1,54,,1555277,33,,,1,16,,1555272,33,,,1,16,,1555262,33,,,1,14,,1555269,33,,,1,55,,1555273,33,,,1,16,,1555278,33,,,1,15,,1555279,33,,,1,16,,1555270,33,,,1,53,,1555260,33,,,1,15,,1555280,33,,,1,15,,1555281,33,,,1,14,,1555282,33,,,1,55,,1555283,33,,,1,15,,1555264,33,,,1,17,,1555293,33,,,1,17,,1555263,33,,,1,54,,1555298,33,,,1,14,,1555285,33,,,1,15,,1555287,33,,,1,15,,1555295,33,,,1,55,,1555289,33,,,1,15,,1555288,33,,,1,16,,1555296,33,,,1,13,,1555284,33,,,1,55,,1555292,33,,,1,15,,1555291,33,,,1,15,,1555290,33,,,1,15,,1555297,33,,,1,53,,1555299,33,,,1,15,,1555300,33,,,1,14,,1555286,33,,,1,15,,1555294,33,,,1,55,,1555301,33,,,1
80003,'20261013',518,,1584102,33,,,1,15,,1584015,33,,,1,15,,1584041,33,,,1,56,,1584038,33,,,1,13,,1584020,33,,,1,10,,1584040,33,,,1,10,,1584017,33,,,1,11,,1584028,33,,,1,10,,1584096,33,,,1,50,,1584095,33,,,1,12,,1584094,33,,,1,10,,1584093,33,,,1,12,,1584092,33,,,1,10,,1584091,33,,,1,48,,1584090,33,,,1,9,,1584089,33,,,1,10,,1584088,33,,,1,10,,1584087,33,,,1,13,,1584086,33,,,1,14,,1584085,33,,,1,54,,1584084,33,,,1,14,,1584083,33,,,1,14,,1584082,33,,,1,14,,1584081,33,,,1,55,,1584080,33,,,1,16,,1584079,33,,,1,13,,1584078,33,,,1,15,,1584077,33,,,1,55,,1584076,33,,,1,16,,1584075,33,,,1,15,,1584074,33,,,1,15,,1584073,33,,,1,55,,1584072,33,,,1,16,,1584071,33,,,1,15,,1584070,33,,,1,15,,1584069,33,,,1,55,,1584068,33,,,1,15,,1584067,33,,,1,15,,1584066,33,,,1,15,,1584065,33,,,1,55,,1584064,33,,,1,15,,1584063,33,,,1,15,,1584030,33,,,1,16,,1584062,33,,,1,55,,1584039,33,,,1,15,,1584036,33,,,1,12,,1584061,33,,,1,12,,1584043,33,,,1,11,,1584101,33,,,1,50,,1584098,33,,,1,10,,1584042,33,,,1,11,,1584025,33,,,1,10,,1584044,33,,,1,10,,1584060,33,,,1,50,,1584019,33,,,1,10,,1584012,33,,,1,9,,1584033,33,,,1,10,,1584059,33,,,1,10,,1584014,33,,,1,9,,1584013,33,,,1,9,,1584058,33,,,1,50,,1584057,33,,,1,11,,1584099,33,,,1,9,,1584016,33,,,1,13,,1584018,33,,,1,14,,1584056,33,,,1,54,,1584034,33,,,1,16,,1584100,33,,,1,14,,1584055,33,,,1,14,,1584022,33,,,1,53,,1584021,33,,,1,15,,1584054,33,,,1,16,,1584023,33,,,1,15,,1584053,33,,,1,55,,1584052,33,,,1,15,,1584024,33,,,1,16,,1584051,33,,,1,15,,1584027,33,,,1,54,,1584026,33,,,1,15,,1584050,33,,,1,14,,1584029,33,,,1,15,,1584049,33,,,1,55,,1584031,33,,,1,13,,1584048,33,,,1,15,,1584032,33,,,1,16,,1584047,33,,,1,55,,1584035,33,,,1,13,,1584046,33,,,1,16,,1584037,33,,,1,16,,1584045,33,,,1,55,,1584097,33,,,1
80003,'20261014',518,,1584193,33,,,1,15,,1584106,33,,,1,15,,1584132,33,,,1,56,,1584129,33,,,1,13,,1584111,33,,,1,10,,1584131,33,,,1,10,,1584108,33,,,1,11,,1584119,33,,,1,10,,1584187,33,,,1,50,,1584186,33,,,1,12,,1584185,33,,,1,10,,1584184,33,,,1,12,,1584183,33,,,1,10,,1584182,33,,,1,48,,1584181,33,,,1,9,,1584180,33,,,1,10,,1584179,33,,,1,10,,1584178,33,,,1,13,,1584177,33,,,1,14,,1584176,33,,,1,54,,1584175,33,,,1,14,,1584174,33,,,1,14,,1584173,33,,,1,14,,1584172,33,,,1,55,,1584171,33,,,1,16,,1584170,33,,,1,13,,1584169,33,,,1,15,,1584168,33,,,1,55,,1584167,33,,,1,16,,1584166,33,,,1,15,,1584165,33,,,1,15,,1584164,33,,,1,55,,1584163,33,,,1,16,,1584162,33,,,1,15,,1584161,33,,,1,15,,1584160,33,,,1,55,,1584159,33,,,1,15,,1584158,33,,,1,15,,1584157,33,,,1,15,,1584156,33,,,1,55,,1584155,33,,,1,15,,1584154,33,,,1,15,,1584121,33,,,1,16,,1584153,33,,,1,55,,1584130,33,,,1,15,,1584127,33,,,1,12,,1584152,33,,,1,12,,1584134,33,,,1,11,,1584192,33,,,1,50,,1584189,33,,,1,10,,1584133,33,,,1,11,,1584116,33,,,1,10,,1584135,33,,,1,10,,1584151,33,,,1,50,,1584110,33,,,1,10,,1584103,33,,,1,9,,1584124,33,,,1,10,,1584150,33,,,1,10,,1584105,33,,,1,9,,1584104,33,,,1,9,,1584149,33,,,1,50,,1584148,33,,,1,11,,1584190,33,,,1,9,,1584107,33,,,1,13,,1584109,33,,,1,14,,1584147,33,,,1,54,,1584125,33,,,1,16,,1584191,33,,,1,14,,1584146,33,,,1,14,,1584113,33,,,1,53,,1584112,33,,,1,15,,1584145,33,,,1,16,,1584114,33,,,1,15,,1584144,33,,,1,55,,1584143,33,,,1,15,,1584115,33,,,1,16,,1584142,33,,,1,15,,1584118,33,,,1,54,,1584117,33,,,1,15,,1584141,33,,,1,14,,1584120,33,,,1,15,,1584140,33,,,1,55,,1584122,33,,,1,13,,1584139,33,,,1,15,,1584123,33,,,1,16,,1584138,33,,,1,55,,1584126,33,,,1,13,,1584137,33,,,1,16,,1584128,33,,,1,16,,1584136,33,,,1,55,,1584188,33,,,1
80003,'20261015',518,,1584284,33,,,1,15,,1584197,33,,,1,15,,1584223,33,,,1,56,,1584220,33,,,1,13,,1584202,33,,,1,10,,1584222,33,,,1,10,,1584199,33,,,1,11,,1584210,33,,,1,10,,1584278,33,,,1,50,,1584277,33,,,1,12,,1584276,33,,,1,10,,1584275,33,,,1,12,,1584274,33,,,1,10,,1584273,33,,,1,48,,1584272,33,,,1,9,,1584271,33,,,1,10,,1584270,33,,,1,10,,1584269,33,,,1,13,,1584268,33,,,1,14,,1584267,33,,,1,54,,1584266,33,,,1,14,,1584265,33,,,1,14,,1584264,33,,,1,14,,1584263,33,,,1,55,,1584262,33,,,1,16,,1584261,33,,,1,13,,1584260,33,,,1,15,,1584259,33,,,1,55,,1584258,33,,,1,16,,1584257,33,,,1,15,,1584256,33,,,1,15,,1584255,33,,,1,55,,1584254,33,,,1,16,,1584253,33,,,1,15,,1584252,33,,,1,15,,1584251,33,,,1,55,,1584250,33,,,1,15,,1584249,33,,,1,15,,1584248,33,,,1,15,,1584247,33,,,1,55,,1584246,33,,,1,15,,1584245,33,,,1,15,,1584212,33,,,1,16,,1584244,33,,,1,55,,1584221,33,,,1,15,,1584218,33,,,1,12,,1584243,33,,,1,12,,1584225,33,,,1,11,,1584283,33,,,1,50,,1584280,33,,,1,10,,1584224,33,,,1,11,,1584207,33,,,1,10,,1584226,33,,,1,10,,1584242,33,,,1,50,,1584201,33,,,1,10,,1584194,33,,,1,9,,1584215,33,,,1,10,,1584241,33,,,1,10,,1584196,33,,,1,9,,1584195,33,,,1,9,,1584240,33,,,1,50,,1584239,33,,,1,11,,1584281,33,,,1,9,,1584198,33,,,1,13,,1584200,33,,,1,14,,1584238,33,,,1,54,,1584216,33,,,1,16,,1584282,33,,,1,14,,1584237,33,,,1,14,,1584204,33,,,1,53,,1584203,33,,,1,15,,1584236,33,,,1,16,,1584205,33,,,1,15,,1584235,33,,,1,55,,1584234,33,,,1,15,,1584206,33,,,1,16,,1584233,33,,,1,15,,1584209,33,,,1,54,,1584208,33,,,1,15,,1584232,33,,,1,14,,1584211,33,,,1,15,,1584231,33,,,1,55,,1584213,33,,,1,13,,1584230,33,,,1,15,,1584214,33,,,1,16,,1584229,33,,,1,55,,1584217,33,,,1,13,,1584228,33,,,1,16,,1584219,33,,,1,16,,1584227,33,,,1,55,,1584279,33,,,1
80003,'20261016',518,,1584375,33,,,1,15,,1584288,33,,,1,15,,1584314,33,,,1,56,,1584311,33,,,1,13,,1584293,33,,,1,10,,1584313,33,,,1,10,,1584290,33,,,1,11,,1584301,33,,,1,10,,1584369,33,,,1,50,,1584368,33,,,1,12,,1584367,33,,,1,10,,1584366,33,,,1,12,,1584365,33,,,1,10,,1584364,33,,,1,48,,1584363,33,,,1,9,,1584362,33,,,1,10,,1584361,33,,,1,10,,1584360,33,,,1,13,,1584359,33,,,1,14,,1584358,33,,,1,54,,1584357,33,,,1,14,,1584356,33,,,1,14,,1584355,33,,,1,14,,1584354,33,,,1,55,,1584353,33,,,1,16,,1584352,33,,,1,13,,1584351,33,,,1,15,,1584350,33,,,1,55,,1584349,33,,,1,16,,1584348,33,,,1,15,,1584347,33,,,1,15,,1584346,33,,,1,55,,1584345,33,,,1,16,,1584344,33,,,1,15,,1584343,33,,,1,15,,1584342,33,,,1,55,,1584341,33,,,1,15,,1584340,33,,,1,15,,1584339,33,,,1,15,,1584338,33,,,1,55,,1584337,33,,,1,15,,1584336,33,,,1,15,,1584303,33,,,1,16,,1584335,33,,,1,55,,1584312,33,,,1,15,,1584309,33,,,1,12,,1584334,33,,,1,12,,1584316,33,,,1,11,,1584374,33,,,1,50,,1584371,33,,,1,10,,1584315,33,,,1,11,,1584298,33,,,1,10,,1584317,33,,,1,10,,1584333,33,,,1,50,,1584292,33,,,1,10,,1584285,33,,,1,9,,1584306,33,,,1,10,,1584332,33,,,1,10,,1584287,33,,,1,9,,1584286,33,,,1,9,,1584331,33,,,1,50,,1584330,33,,,1,11,,1584372,33,,,1,9,,1584289,33,,,1,13,,1584291,33,,,1,14,,1584329,33,,,1,54,,1584307,33,,,1,16,,1584373,33,,,1,14,,1584328,33,,,1,14,,1584295,33,,,1,53,,1584294,33,,,1,15,,1584327,33,,,1,16,,1584296,33,,,1,15,,1584326,33,,,1,55,,1584325,33,,,1,15,,1584297,33,,,1,16,,1584324,33,,,1,15,,1584300,33,,,1,54,,1584299,33,,,1,15,,1584323,33,,,1,14,,1584302,33,,,1,15,,1584322,33,,,1,55,,1584304,33,,,1,13,,1584321,33,,,1,15,,1584305,33,,,1,16,,1584320,33,,,1,55,,1584308,33,,,1,13,,1584319,33,,,1,16,,1584310,33,,,1,16,,1584318,33,,,1,55,,1584370,33,,,1
80103,'20261002',517,,1585132,33,,,1,16,,1585133,33,,,1,15,,1585134,33,,,1,56,,1585135,33,,,1,11,,1585136,33,,,1,11,,1585137,33,,,1,10,,1585138,33,,,1,9,,1585139,33,,,1,10,,1585140,33,,,1,50,,1585141,33,,,1,12,,1585142,33,,,1,13,,1585143,33,,,1,10,,1585144,33,,,1,10,,1585145,33,,,1,9,,1585146,33,,,1,49,,1585147,33,,,1,11,,1585148,33,,,1,8,,1585149,33,,,1,9,,1585150,33,,,1,11,,1585151,33,,,1,8,,1585152,33,,,1,48,,1585153,33,,,1,8,,1585154,33,,,1,10,,1585155,33,,,1,13,,1585156,33,,,1,15,,1585157,33,,,1,55,,1585158,33,,,1,16,,1585159,33,,,1,14,,1585160,33,,,1,14,,1585161,33,,,1,55,,1585162,33,,,1,15,,1585163,33,,,1,15,,1585164,33,,,1,15,,1585165,33,,,1,55,,1585166,33,,,1,16,,1585167,33,,,1,15,,1585168,33,,,1,15,,1585169,33,,,1,56,,1585170,33,,,1,14,,1585171,33,,,1,15,,1585172,33,,,1,13,,1585173,33,,,1,55,,1585174,33,,,1,15,,1585175,33,,,1,15,,1585176,33,,,1,15,,1585177,33,,,1,54,,1585178,33,,,1,13,,1585179,33,,,1,12,,1585180,33,,,1,8,,1585181,33,,,1,9,,1585182,33,,,1,8,,1585183,33,,,1,49,,1585184,33,,,1,9,,1585185,33,,,1,10,,1585186,33,,,1,8,,1585187,33,,,1,9,,1585188,33,,,1,10,,1585189,33,,,1,9,,1585190,33,,,1,49,,1585191,33,,,1,9,,1585192,33,,,1,9,,1585193,33,,,1,9,,1585194,33,,,1,10,,1585195,33,,,1,10,,1585196,33,,,1,50,,1585197,33,,,1,10,,1585198,33,,,1,11,,1585199,33,,,1,14,,1585200,33,,,1,14,,1585201,33,,,1,54,,1585202,33,,,1,15,,1585203,33,,,1,15,,1585204,33,,,1,15,,1585205,33,,,1,55,,1585206,33,,,1,15,,1585207,33,,,1,15,,1585208,33,,,1,15,,1585209,33,,,1,55,,1585210,33,,,1,15,,1585211,33,,,1,15,,1585212,33,,,1,14,,1585213,33,,,1,55,,1585214,33,,,1,14,,1585215,33,,,1,15,,1585216,33,,,1,15,,1585217,33,,,1,55,,1585218,33,,,1,15,,1585219,33,,,1,15,,1585220,33,,,1,14,,1585221,33,,,1,55,,1585222,33,,,1,15,,1585223,33,,,1,15,,1585224,33,,,1,15,,1585225,33,,,1,55,,1585226,33,,,1,15,,1585227,33,,,1
80103,'20261003',603,,1585228,33,,,1,18,,1585229,33,,,1,14,,1585230,33,,,1,15,,1585231,33,,,1,55,,1585232,33,,,1,14,,1585233,33,,,1,15,,1585234,33,,,1,15,,1585235,33,,,1,55,,1585236,33,,,1,15,,1585237,33,,,1,15,,1585238,33,,,1,15,,1585239,33,,,1,55,,1585240,33,,,1,15,,1585241,33,,,1,16,,1585242,33,,,1,17,,1585243,33,,,1,57,,1585244,33,,,1,15,,1585245,33,,,1,15,,1585246,33,,,1,16,,1585247,33,,,1,56,,1585248,33,,,1,15,,1585249,33,,,1,16,,1585250,33,,,1,15,,1585251,33,,,1,55,,1585252,33,,,1,16,,1585253,33,,,1,15,,1585254,33,,,1,16,,1585255,33,,,1,57,,1585256,33,,,1,16,,1585257,33,,,1,16,,1585258,33,,,1,55,,1585259,33,,,1,15,,1585260,33,,,1,15,,1585261,33,,,1,15,,1585262,33,,,1,56,,1585263,33,,,1,16,,1585264,33,,,1,14,,1585265,33,,,1,14,,1585266,33,,,1,56,,1585267,33,,,1,15,,1585268,33,,,1,15,,1585269,33,,,1,16,,1585270,33,,,1,55,,1585271,33,,,1,15,,1585272,33,,,1,15,,1585273,33,,,1,15,,1585274,33,,,1,55,,1585275,33,,,1,15,,1585276,33,,,1,14,,1585277,33,,,1,16,,1585278,33,,,1,56,,1585279,33,,,1,14,,1585280,33,,,1,15,,1585281,33,,,1,14,,1585282,33,,,1,54,,1585283,33,,,1,14,,1585284,33,,,1,15,,1585285,33,,,1,15,,1585286,33,,,1,57,,1585287,33,,,1,15,,1585288,33,,,1,15,,1585289,33,,,1,15,,1585290,33,,,1,53,,1585291,33,,,1,15,,1585292,33,,,1,15,,1585293,33,,,1,15,,1585294,33,,,1,56,,1585295,33,,,1,15,,1585296,33,,,1,14,,1585297,33,,,1,15,,1585298,33,,,1,55,,1585299,33,,,1,15,,1585300,33,,,1,15,,1585301,33,,,1,15,,1585302,33,,,1,55,,1585303,33,,,1,14,,1585304,33,,,1
80103,'20261004',603,,1585305,33,,,1,18,,1585306,33,,,1,14,,1585307,33,,,1,15,,1585308,33,,,1,55,,1585309,33,,,1,14,,1585310,33,,,1,15,,1585311,33,,,1,15,,1585312,33,,,1,55,,1585313,33,,,1,15,,1585314,33,,,1,15,,1585315,33,,,1,15,,1585316,33,,,1,55,,1585317,33,,,1,15,,1585318,33,,,1,16,,1585319,33,,,1,17,,1585320,33,,,1,57,,1585321,33,,,1,15,,1585322,33,,,1,15,,1585323,33,,,1,16,,1585324,33,,,1,56,,1585325,33,,,1,15,,1585326,33,,,1,16,,1585327,33,,,1,15,,1585328,33,,,1,55,,1585329,33,,,1,16,,1585330,33,,,1,15,,1585331,33,,,1,16,,1585332,33,,,1,57,,1585333,33,,,1,16,,1585334,33,,,1,16,,1585335,33,,,1,55,,1585336,33,,,1,15,,1585337,33,,,1,15,,1585338,33,,,1,15,,1585339,33,,,1,56,,1585340,33,,,1,16,,1585341,33,,,1,14,,1585342,33,,,1,14,,1585343,33,,,1,56,,1585344,33,,,1,15,,1585345,33,,,1,15,,1585346,33,,,1,16,,1585347,33,,,1,55,,1585348,33,,,1,15,,1585349,33,,,1,15,,1585350,33,,,1,15,,1585351,33,,,1,55,,1585352,33,,,1,15,,1585353,33,,,1,14,,1585354,33,,,1,16,,1585355,33,,,1,56,,1585356,33,,,1,14,,1585357,33,,,1,15,,1585358,33,,,1,14,,1585359,33,,,1,54,,1585360,33,,,1,14,,1585361,33,,,1,15,,1585362,33,,,1,15,,1585363,33,,,1,57,,1585364,33,,,1,15,,1585365,33,,,1,15,,1585366,33,,,1,15,,1585367,33,,,1,53,,1585368,33,,,1,15,,1585369,33,,,1,15,,1585370,33,,,1,15,,1585371,33,,,1,56,,1585372,33,,,1,15,,1585373,33,,,1,14,,1585374,33,,,1,15,,1585375,33,,,1,55,,1585376,33,,,1,15,,1585377,33,,,1,15,,1585378,33,,,1,15,,1585379,33,,,1,55,,1585380,33,,,1,14,,1585381,33,,,1
80103,'20261005',517,,1585393,33,,,1,16,,1585394,33,,,1,15,,1585395,33,,,1,56,,1585396,33,,,1,11,,1585397,33,,,1,11,,1585398,33,,,1,10,,1585399,33,,,1,9,,1585400,33,,,1,10,,1585401,33,,,1,50,,1585382,5,,,1,12,,1585403,33,,,1,2,,1585383,5,,,1,11,,1585404,33,,,1,2,,1585384,5,,,1,8,,1585405,33,,,1,3,,1585385,5,,,1,7,,1585406,33,,,1,3,,1585389,5,,,1,6,,1585407,33,,,1,48,,1585386,5,,,1,1,,1585408,33,,,1,7,,1585388,5,,,1,4,,1585409,33,,,1,6,,1585390,5,,,1,2,,1585410,33,,,1,3,,1585387,5,,,1,6,,1585411,33,,,1,11,,1585412,33,,,1,6,,1585392,5,,,1,2,,1585391,5,,,1,48,,1585414,33,,,1,8,,1585415,33,,,1,10,,1585416,33,,,1,13,,1585417,33,,,1,15,,1585418,33,,,1,55,,1585419,33,,,1,16,,1585420,33,,,1,14,,1585421,33,,,1,14,,1585422,33,,,1,55,,1585423,33,,,1,15,,1585424,33,,,1,15,,1585425,33,,,1,15,,1585426,33,,,1,55,,1585427,33,,,1,16,,1585428,33,,,1,15,,1585429,33,,,1,15,,1585430,33,,,1,56,,1585431,33,,,1,14,,1585432,33,,,1,15,,1585433,33,,,1,13,,1585434,33,,,1,55,,1585435,33,,,1,15,,1585436,33,,,1,15,,1585437,33,,,1,15,,1585438,33,,,1,54,,1585439,33,,,1,13,,1585440,33,,,1,12,,1585441,33,,,1,8,,1585442,33,,,1,9,,1585443,33,,,1,8,,1585444,33,,,1,49,,1585445,33,,,1,9,,1585446,33,,,1,10,,1585447,33,,,1,8,,1585448,33,,,1,9,,1585449,33,,,1,10,,1585450,33,,,1,9,,1585451,33,,,1,49,,1585452,33,,,1,9,,1585453,33,,,1,9,,1585454,33,,,1,9,,1585455,33,,,1,10,,1585456,33,,,1,10,,1585457,33,,,1,50,,1585458,33,,,1,10,,1585459,33,,,1,11,,1585460,33,,,1,14,,1585461,33,,,1,14,,1585462,33,,,1,54,,1585463,33,,,1,15,,1585464,33,,,1,15,,1585465,33,,,1,15,,1585466,33,,,1,55,,1585467,33,,,1,15,,1585468,33,,,1,15,,1585469,33,,,1,15,,1585470,33,,,1,55,,1585471,33,,,1,15,,1585472,33,,,1,15,,1585473,33,,,1,14,,1585474,33,,,1,55,,1585475,33,,,1,14,,1585476,33,,,1,15,,1585477,33,,,1,15,,1585478,33,,,1,55,,1585479,33,,,1,15,,1585480,33,,,1,15,,1585481,33,,,1,14,,1585482,33,,,1,55,,1585483,33,,,1,15,,1585484,33,,,1,15,,1585485,33,,,1,15,,1585486,33,,,1,55,,1585487,33,,,1,15,,1585488,33,,,1
80103,'20261006',517,,1532297,33,,,1,16,,1532290,33,,,1,15,,1532203,33,,,1,56,,1532204,33,,,1,11,,1532202,33,,,1,11,,1532206,33,,,1,10,,1532207,33,,,1,9,,1532208,33,,,1,10,,1532205,33,,,1,50,,1532210,33,,,1,12,,1532296,33,,,1,13,,1532211,33,,,1,10,,1532212,33,,,1,10,,1532209,33,,,1,9,,1532213,33,,,1,49,,1532214,33,,,1,11,,1532215,33,,,1,8,,1532216,33,,,1,9,,1532217,33,,,1,11,,1532218,33,,,1,8,,1532219,33,,,1,48,,1532220,33,,,1,8,,1532221,33,,,1,10,,1532222,33,,,1,13,,1532223,33,,,1,15,,1532224,33,,,1,55,,1532225,33,,,1,16,,1532226,33,,,1,14,,1532227,33,,,1,14,,1532228,33,,,1,55,,1532231,33,,,1,15,,1532232,33,,,1,15,,1532233,33,,,1,15,,1532229,33,,,1,55,,1532230,33,,,1,16,,1532234,33,,,1,15,,1532236,33,,,1,15,,1532237,33,,,1,56,,1532235,33,,,1,14,,1532239,33,,,1,15,,1532240,33,,,1,13,,1532238,33,,,1,55,,1532241,33,,,1,15,,1532295,33,,,1,15,,1532242,33,,,1,15,,1532243,33,,,1,54,,1532244,33,,,1,13,,1532245,33,,,1,12,,1532293,33,,,1,8,,1532246,33,,,1,9,,1532247,33,,,1,8,,1532248,33,,,1,49,,1532249,33,,,1,9,,1532250,33,,,1,10,,1532251,33,,,1,8,,1532252,33,,,1,9,,1532254,33,,,1,10,,1532255,33,,,1,9,,1532256,33,,,1,49,,1532253,33,,,1,9,,1532294,33,,,1,9,,1532257,33,,,1,9,,1532258,33,,,1,10,,1532260,33,,,1,10,,1532261,33,,,1,50,,1532262,33,,,1,10,,1532291,33,,,1,11,,1532259,33,,,1,14,,1532263,33,,,1,14,,1532265,33,,,1,54,,1532267,33,,,1,15,,1532264,33,,,1,15,,1532268,33,,,1,15,,1532266,33,,,1,55,,1532269,33,,,1,15,,1532270,33,,,1,15,,1532271,33,,,1,15,,1532272,33,,,1,55,,1532273,33,,,1,15,,1532274,33,,,1,15,,1532275,33,,,1,14,,1532276,33,,,1,55,,1532277,33,,,1,14,,1532278,33,,,1,15,,1532279,33,,,1,15,,1532281,33,,,1,55,,1532282,33,,,1,15,,1532283,33,,,1,15,,1532280,33,,,1,14,,1532284,33,,,1,55,,1532285,33,,,1,15,,1532286,33,,,1,15,,1532287,33,,,1,15,,1532288,33,,,1,55,,1532289,33,,,1,15,,1532292,33,,,1
80103,'20261007',517,,1532393,33,,,1,16,,1532386,33,,,1,15,,1532299,33,,,1,56,,1532300,33,,,1,11,,1532298,33,,,1,11,,1532302,33,,,1,10,,1532303,33,,,1,9,,1532304,33,,,1,10,,1532301,33,,,1,50,,1532306,33,,,1,12,,1532392,33,,,1,13,,1532307,33,,,1,10,,1532308,33,,,1,10,,1532305,33,,,1,9,,1532309,33,,,1,49,,1532310,33,,,1,11,,1532311,33,,,1,8,,1532312,33,,,1,9,,1532313,33,,,1,11,,1532314,33,,,1,8,,1532315,33,,,1,48,,1532316,33,,,1,8,,1532317,33,,,1,10,,1532318,33,,,1,13,,1532319,33,,,1,15,,1532320,33,,,1,55,,1532321,33,,,1,16,,1532322,33,,,1,14,,1532323,33,,,1,14,,1532324,33,,,1,55,,1532327,33,,,1,15,,1532328,33,,,1,15,,1532329,33,,,1,15,,1532325,33,,,1,55,,1532326,33,,,1,16,,1532330,33,,,1,15,,1532332,33,,,1,15,,1532333,33,,,1,56,,1532331,33,,,1,14,,1532335,33,,,1,15,,1532336,33,,,1,13,,1532334,33,,,1,55,,1532337,33,,,1,15,,1532391,33,,,1,15,,1532338,33,,,1,15,,1532339,33,,,1,54,,1532340,33,,,1,13,,1532341,33,,,1,12,,1532389,33,,,1,8,,1532342,33,,,1,9,,1532343,33,,,1,8,,1532344,33,,,1,49,,1532345,33,,,1,9,,1532346,33,,,1,10,,1532347,33,,,1,8,,1532348,33,,,1,9,,1532350,33,,,1,10,,1532351,33,,,1,9,,1532352,33,,,1,49,,1532349,33,,,1,9,,1532390,33,,,1,9,,1532353,33,,,1,9,,1532354,33,,,1,10,,1532356,33,,,1,10,,1532357,33,,,1,50,,1532358,33,,,1,10,,1532387,33,,,1,11,,1532355,33,,,1,14,,1532359,33,,,1,14,,1532361,33,,,1,54,,1532363,33,,,1,15,,1532360,33,,,1,15,,1532364,33,,,1,15,,1532362,33,,,1,55,,1532365,33,,,1,15,,1532366,33,,,1,15,,1532367,33,,,1,15,,1532368,33,,,1,55,,1532369,33,,,1,15,,1532370,33,,,1,15,,1532371,33,,,1,14,,1532372,33,,,1,55,,1532373,33,,,1,14,,1532374,33,,,1,15,,1532375,33,,,1,15,,1532377,33,,,1,55,,1532378,33,,,1,15,,1532379,33,,,1,15,,1532376,33,,,1,14,,1532380,33,,,1,55,,1532381,33,,,1,15,,1532382,33,,,1,15,,1532383,33,,,1,15,,1532384,33,,,1,55,,1532385,33,,,1,15,,1532388,33,,,1
80103,'20261008',517,,1532489,33,,,1,16,,1532482,33,,,1,15,,1532395,33,,,1,56,,1532396,33,,,1,11,,1532394,33,,,1,11,,1532398,33,,,1,10,,1532399,33,,,1,9,,1532400,33,,,1,10,,1532397,33,,,1,50,,1532402,33,,,1,12,,1532488,33,,,1,13,,1532403,33,,,1,10,,1532404,33,,,1,10,,1532401,33,,,1,9,,1532405,33,,,1,49,,1532406,33,,,1,11,,1532407,33,,,1,8,,1532408,33,,,1,9,,1532409,33,,,1,11,,1532410,33,,,1,8,,1532411,33,,,1,48,,1532412,33,,,1,8,,1532413,33,,,1,10,,1532414,33,,,1,13,,1532415,33,,,1,15,,1532416,33,,,1,55,,1532417,33,,,1,16,,1532418,33,,,1,14,,1532419,33,,,1,14,,1532420,33,,,1,55,,1532423,33,,,1,15,,1532424,33,,,1,15,,1532425,33,,,1,15,,1532421,33,,,1,55,,1532422,33,,,1,16,,1532426,33,,,1,15,,1532428,33,,,1,15,,1532429,33,,,1,56,,1532427,33,,,1,14,,1532431,33,,,1,15,,1532432,33,,,1,13,,1532430,33,,,1,55,,1532433,33,,,1,15,,1532487,33,,,1,15,,1532434,33,,,1,15,,1532435,33,,,1,54,,1532436,33,,,1,13,,1532437,33,,,1,12,,1532485,33,,,1,8,,1532438,33,,,1,9,,1532439,33,,,1,8,,1532440,33,,,1,49,,1532441,33,,,1,9,,1532442,33,,,1,10,,1532443,33,,,1,8,,1532444,33,,,1,9,,1532446,33,,,1,10,,1532447,33,,,1,9,,1532448,33,,,1,49,,1532445,33,,,1,9,,1532486,33,,,1,9,,1532449,33,,,1,9,,1532450,33,,,1,10,,1532452,33,,,1,10,,1532453,33,,,1,50,,1532454,33,,,1,10,,1532483,33,,,1,11,,1532451,33,,,1,14,,1532455,33,,,1,14,,1532457,33,,,1,54,,1532459,33,,,1,15,,1532456,33,,,1,15,,1532460,33,,,1,15,,1532458,33,,,1,55,,1532461,33,,,1,15,,1532462,33,,,1,15,,1532463,33,,,1,15,,1532464,33,,,1,55,,1532465,33,,,1,15,,1532466,33,,,1,15,,1532467,33,,,1,14,,1532468,33,,,1,55,,1532469,33,,,1,14,,1532470,33,,,1,15,,1532471,33,,,1,15,,1532473,33,,,1,55,,1532474,33,,,1,15,,1532475,33,,,1,15,,1532472,33,,,1,14,,1532476,33,,,1,55,,1532477,33,,,1,15,,1532478,33,,,1,15,,1532479,33,,,1,15,,1532480,33,,,1,55,,1532481,33,,,1,15,,1532484,33,,,1
80103,'20261009',517,,1532585,33,,,1,16,,1532578,33,,,1,15,,1532491,33,,,1,56,,1532492,33,,,1,11,,1532490,33,,,1,11,,1532494,33,,,1,10,,1532495,33,,,1,9,,1532496,33,,,1,10,,1532493,33,,,1,50,,1532498,33,,,1,12,,1532584,33,,,1,13,,1532499,33,,,1,10,,1532500,33,,,1,10,,1532497,33,,,1,9,,1532501,33,,,1,49,,1532502,33,,,1,11,,1532503,33,,,1,8,,1532504,33,,,1,9,,1532505,33,,,1,11,,1532506,33,,,1,8,,1532507,33,,,1,48,,1532508,33,,,1,8,,1532509,33,,,1,10,,1532510,33,,,1,13,,1532511,33,,,1,15,,1532512,33,,,1,55,,1532513,33,,,1,16,,1532514,33,,,1,14,,1532515,33,,,1,14,,1532516,33,,,1,55,,1532519,33,,,1,15,,1532520,33,,,1,15,,1532521,33,,,1,15,,1532517,33,,,1,55,,1532518,33,,,1,16,,1532522,33,,,1,15,,1532524,33,,,1,15,,1532525,33,,,1,56,,1532523,33,,,1,14,,1532527,33,,,1,15,,1532528,33,,,1,13,,1532526,33,,,1,55,,1532529,33,,,1,15,,1532583,33,,,1,15,,1532530,33,,,1,15,,1532531,33,,,1,54,,1532532,33,,,1,13,,1532533,33,,,1,12,,1532581,33,,,1,8,,1532534,33,,,1,9,,1532535,33,,,1,8,,1532536,33,,,1,49,,1532537,33,,,1,9,,1532538,33,,,1,10,,1532539,33,,,1,8,,1532540,33,,,1,9,,1532542,33,,,1,10,,1532543,33,,,1,9,,1532544,33,,,1,49,,1532541,33,,,1,9,,1532582,33,,,1,9,,1532545,33,,,1,9,,1532546,33,,,1,10,,1532548,33,,,1,10,,1532549,33,,,1,50,,1532550,33,,,1,10,,1532579,33,,,1,11,,1532547,33,,,1,14,,1532551,33,,,1,14,,1532553,33,,,1,54,,1532555,33,,,1,15,,1532552,33,,,1,15,,1532556,33,,,1,15,,1532554,33,,,1,55,,1532557,33,,,1,15,,1532558,33,,,1,15,,1532559,33,,,1,15,,1532560,33,,,1,55,,1532561,33,,,1,15,,1532562,33,,,1,15,,1532563,33,,,1,14,,1532564,33,,,1,55,,1532565,33,,,1,14,,1532566,33,,,1,15,,1532567,33,,,1,15,,1532569,33,,,1,55,,1532570,33,,,1,15,,1532571,33,,,1,15,,1532568,33,,,1,14,,1532572,33,,,1,55,,1532573,33,,,1,15,,1532574,33,,,1,15,,1532575,33,,,1,15,,1532576,33,,,1,55,,1532577,33,,,1,15,,1532580,33,,,1
80103,'20261010',603,,1556148,33,,,1,18,,1556149,33,,,1,14,,1556150,33,,,1,15,,1556151,33,,,1,55,,1556152,33,,,1,14,,1556153,33,,,1,15,,1556154,33,,,1,15,,1556155,33,,,1,55,,1556156,33,,,1,15,,1556157,33,,,1,15,,1556158,33,,,1,15,,1556159,33,,,1,55,,1556160,33,,,1,15,,1556161,33,,,1,16,,1556162,33,,,1,17,,1556163,33,,,1,57,,1556164,33,,,1,15,,1556165,33,,,1,15,,1556166,33,,,1,16,,1556167,33,,,1,56,,1556168,33,,,1,15,,1556169,33,,,1,16,,1556171,33,,,1,15,,1556172,33,,,1,55,,1556173,33,,,1,16,,1556170,33,,,1,15,,1556174,33,,,1,16,,1556175,33,,,1,57,,1556176,33,,,1,16,,1556177,33,,,1,16,,1556178,33,,,1,55,,1556179,33,,,1,15,,1556180,33,,,1,15,,1556181,33,,,1,15,,1556182,33,,,1,56,,1556183,33,,,1,16,,1556184,33,,,1,14,,1556185,33,,,1,14,,1556186,33,,,1,56,,1556187,33,,,1,15,,1556188,33,,,1,15,,1556189,33,,,1,16,,1556190,33,,,1,55,,1556191,33,,,1,15,,1556192,33,,,1,15,,1556193,33,,,1,15,,1556194,33,,,1,55,,1556195,33,,,1,15,,1556196,33,,,1,14,,1556197,33,,,1,16,,1556198,33,,,1,56,,1556199,33,,,1,14,,1556201,33,,,1,15,,1556202,33,,,1,14,,1556203,33,,,1,54,,1556200,33,,,1,14,,1556204,33,,,1,15,,1556205,33,,,1,15,,1556206,33,,,1,57,,1556207,33,,,1,15,,1556208,33,,,1,15,,1556209,33,,,1,15,,1556210,33,,,1,53,,1556211,33,,,1,15,,1556212,33,,,1,15,,1556213,33,,,1,15,,1556214,33,,,1,56,,1556215,33,,,1,15,,1556216,33,,,1,14,,1556217,33,,,1,15,,1556218,33,,,1,55,,1556219,33,,,1,15,,1556220,33,,,1,15,,1556221,33,,,1,15,,1556222,33,,,1,55,,1556223,33,,,1,14,,1556224,33,,,1
80103,'20261011',603,,1556232,33,,,1,18,,1556225,33,,,1,14,,1556233,33,,,1,15,,1556226,33,,,1,55,,1556228,33,,,1,14,,1556227,33,,,1,15,,1556229,33,,,1,15,,1556230,33,,,1,55,,1556231,33,,,1,15,,1556239,33,,,1,15,,1556234,33,,,1,15,,1556242,33,,,1,55,,1556243,33,,,1,15,,1556240,33,,,1,16,,1556235,33,,,1,17,,1556237,33,,,1,57,,1556241,33,,,1,15,,1556236,33,,,1,15,,1556238,33,,,1,16,,1556253,33,,,1,56,,1556259,33,,,1,15,,1556258,33,,,1,16,,1556256,33,,,1,15,,1556246,33,,,1,55,,1556251,33,,,1,16,,1556255,33,,,1,15,,1556261,33,,,1,16,,1556262,33,,,1,57,,1556245,33,,,1,16,,1556263,33,,,1,16,,1556250,33,,,1,55,,1556260,33,,,1,15,,1556252,33,,,1,15,,1556244,33,,,1,15,,1556254,33,,,1,56,,1556247,33,,,1,16,,1556264,33,,,1,14,,1556257,33,,,1,14,,1556248,33,,,1,56,,1556249,33,,,1,15,,1556274,33,,,1,15,,1556275,33,,,1,16,,1556281,33,,,1,55,,1556279,33,,,1,15,,1556283,33,,,1,15,,1556282,33,,,1,15,,1556276,33,,,1,55,,1556277,33,,,1,15,,1556269,33,,,1,14,,1556278,33,,,1,16,,1556280,33,,,1,56,,1556284,33,,,1,14,,1556268,33,,,1,15,,1556265,33,,,1,14,,1556285,33,,,1,54,,1556272,33,,,1,14,,1556266,33,,,1,15,,1556270,33,,,1,15,,1556267,33,,,1,57,,1556271,33,,,1,15,,1556273,33,,,1,15,,1556286,33,,,1,15,,1556293,33,,,1,53,,1556299,33,,,1,15,,1556300,33,,,1,15,,1556287,33,,,1,15,,1556288,33,,,1,56,,1556294,33,,,1,15,,1556301,33,,,1,14,,1556289,33,,,1,15,,1556296,33,,,1,55,,1556290,33,,,1,15,,1556297,33,,,1,15,,1556291,33,,,1,15,,1556292,33,,,1,55,,1556298,33,,,1,14,,1556295,33,,,1
80103,'20261012',603,,1556309,33,,,1,18,,1556302,33,,,1,14,,1556310,33,,,1,15,,1556303,33,,,1,55,,1556305,33,,,1,14,,1556304,33,,,1,15,,1556306,33,,,1,15,,1556307,33,,,1,55,,1556308,33,,,1,15,,1556316,33,,,1,15,,1556311,33,,,1,15,,1556319,33,,,1,55,,1556320,33,,,1,15,,1556317,33,,,1,16,,1556312,33,,,1,17,,1556314,33,,,1,57,,1556318,33,,,1,15,,1556313,33,,,1,15,,1556315,33,,,1,16,,1556330,33,,,1,56,,1556336,33,,,1,15,,1556335,33,,,1,16,,1556333,33,,,1,15,,1556323,33,,,1,55,,1556328,33,,,1,16,,1556332,33,,,1,15,,1556338,33,,,1,16,,1556339,33,,,1,57,,1556322,33,,,1,16,,1556340,33,,,1,16,,1556327,33,,,1,55,,1556337,33,,,1,15,,1556329,33,,,1,15,,1556321,33,,,1,15,,1556331,33,,,1,56,,1556324,33,,,1,16,,1556341,33,,,1,14,,1556334,33,,,1,14,,1556325,33,,,1,56,,1556326,33,,,1,15,,1556351,33,,,1,15,,1556352,33,,,1,16,,1556358,33,,,1,55,,1556356,33,,,1,15,,1556360,33,,,1,15,,1556359,33,,,1,15,,1556353,33,,,1,55,,1556354,33,,,1,15,,1556346,33,,,1,14,,1556355,33,,,1,16,,1556357,33,,,1,56,,1556361,33,,,1,14,,1556345,33,,,1,15,,1556342,33,,,1,14,,1556362,33,,,1,54,,1556349,33,,,1,14,,1556343,33,,,1,15,,1556347,33,,,1,15,,1556344,33,,,1,57,,1556348,33,,,1,15,,1556350,33,,,1,15,,1556363,33,,,1,15,,1556370,33,,,1,53,,1556376,33,,,1,15,,1556377,33,,,1,15,,1556364,33,,,1,15,,1556365,33,,,1,56,,1556371,33,,,1,15,,1556378,33,,,1,14,,1556366,33,,,1,15,,1556373,33,,,1,55,,1556367,33,,,1,15,,1556374,33,,,1,15,,1556368,33,,,1,15,,1556369,33,,,1,55,,1556375,33,,,1,14,,1556372,33,,,1
80103,'20261013',517,,1585584,33,,,1,16,,1585577,33,,,1,15,,1585490,33,,,1,56,,1585491,33,,,1,11,,1585489,33,,,1,11,,1585493,33,,,1,10,,1585494,33,,,1,9,,1585495,33,,,1,10,,1585492,33,,,1,50,,1585497,33,,,1,12,,1585583,33,,,1,13,,1585498,33,,,1,10,,1585499,33,,,1,10,,1585496,33,,,1,9,,1585500,33,,,1,49,,1585501,33,,,1,11,,1585502,33,,,1,8,,1585503,33,,,1,9,,1585504,33,,,1,11,,1585505,33,,,1,8,,1585506,33,,,1,48,,1585507,33,,,1,8,,1585508,33,,,1,10,,1585509,33,,,1,13,,1585510,33,,,1,15,,1585511,33,,,1,55,,1585512,33,,,1,16,,1585513,33,,,1,14,,1585514,33,,,1,14,,1585515,33,,,1,55,,1585518,33,,,1,15,,1585519,33,,,1,15,,1585520,33,,,1,15,,1585516,33,,,1,55,,1585517,33,,,1,16,,1585521,33,,,1,15,,1585523,33,,,1,15,,1585524,33,,,1,56,,1585522,33,,,1,14,,1585526,33,,,1,15,,1585527,33,,,1,13,,1585525,33,,,1,55,,1585528,33,,,1,15,,1585582,33,,,1,15,,1585529,33,,,1,15,,1585530,33,,,1,54,,1585531,33,,,1,13,,1585532,33,,,1,12,,1585580,33,,,1,8,,1585533,33,,,1,9,,1585534,33,,,1,8,,1585535,33,,,1,49,,1585536,33,,,1,9,,1585537,33,,,1,10,,1585538,33,,,1,8,,1585539,33,,,1,9,,1585541,33,,,1,10,,1585542,33,,,1,9,,1585543,33,,,1,49,,1585540,33,,,1,9,,1585581,33,,,1,9,,1585544,33,,,1,9,,1585545,33,,,1,10,,1585547,33,,,1,10,,1585548,33,,,1,50,,1585549,33,,,1,10,,1585578,33,,,1,11,,1585546,33,,,1,14,,1585550,33,,,1,14,,1585552,33,,,1,54,,1585554,33,,,1,15,,1585551,33,,,1,15,,1585555,33,,,1,15,,1585553,33,,,1,55,,1585556,33,,,1,15,,1585557,33,,,1,15,,1585558,33,,,1,15,,1585559,33,,,1,55,,1585560,33,,,1,15,,1585561,33,,,1,15,,1585562,33,,,1,14,,1585563,33,,,1,55,,1585564,33,,,1,14,,1585565,33,,,1,15,,1585566,33,,,1,15,,1585568,33,,,1,55,,1585569,33,,,1,15,,1585570,33,,,1,15,,1585567,33,,,1,14,,1585571,33,,,1,55,,1585572,33,,,1,15,,1585573,33,,,1,15,,1585574,33,,,1,15,,1585575,33,,,1,55,,1585576,33,,,1,15,,1585579,33,,,1
80103,'20261014',517,,1585680,33,,,1,16,,1585673,33,,,1,15,,1585586,33,,,1,56,,1585587,33,,,1,11,,1585585,33,,,1,11,,1585589,33,,,1,10,,1585590,33,,,1,9,,1585591,33,,,1,10,,1585588,33,,,1,50,,1585593,33,,,1,12,,1585679,33,,,1,13,,1585594,33,,,1,10,,1585595,33,,,1,10,,1585592,33,,,1,9,,1585596,33,,,1,49,,1585597,33,,,1,11,,1585598,33,,,1,8,,1585599,33,,,1,9,,1585600,33,,,1,11,,1585601,33,,,1,8,,1585602,33,,,1,48,,1585603,33,,,1,8,,1585604,33,,,1,10,,1585605,33,,,1,13,,1585606,33,,,1,15,,1585607,33,,,1,55,,1585608,33,,,1,16,,1585609,33,,,1,14,,1585610,33,,,1,14,,1585611,33,,,1,55,,1585614,33,,,1,15,,1585615,33,,,1,15,,1585616,33,,,1,15,,1585612,33,,,1,55,,1585613,33,,,1,16,,1585617,33,,,1,15,,1585619,33,,,1,15,,1585620,33,,,1,56,,1585618,33,,,1,14,,1585622,33,,,1,15,,1585623,33,,,1,13,,1585621,33,,,1,55,,1585624,33,,,1,15,,1585678,33,,,1,15,,1585625,33,,,1,15,,1585626,33,,,1,54,,1585627,33,,,1,13,,1585628,33,,,1,12,,1585676,33,,,1,8,,1585629,33,,,1,9,,1585630,33,,,1,8,,1585631,33,,,1,49,,1585632,33,,,1,9,,1585633,33,,,1,10,,1585634,33,,,1,8,,1585635,33,,,1,9,,1585637,33,,,1,10,,1585638,33,,,1,9,,1585639,33,,,1,49,,1585636,33,,,1,9,,1585677,33,,,1,9,,1585640,33,,,1,9,,1585641,33,,,1,10,,1585643,33,,,1,10,,1585644,33,,,1,50,,1585645,33,,,1,10,,1585674,33,,,1,11,,1585642,33,,,1,14,,1585646,33,,,1,14,,1585648,33,,,1,54,,1585650,33,,,1,15,,1585647,33,,,1,15,,1585651,33,,,1,15,,1585649,33,,,1,55,,1585652,33,,,1,15,,1585653,33,,,1,15,,1585654,33,,,1,15,,1585655,33,,,1,55,,1585656,33,,,1,15,,1585657,33,,,1,15,,1585658,33,,,1,14,,1585659,33,,,1,55,,1585660,33,,,1,14,,1585661,33,,,1,15,,1585662,33,,,1,15,,1585664,33,,,1,55,,1585665,33,,,1,15,,1585666,33,,,1,15,,1585663,33,,,1,14,,1585667,33,,,1,55,,1585668,33,,,1,15,,1585669,33,,,1,15,,1585670,33,,,1,15,,1585671,33,,,1,55,,1585672,33,,,1,15,,1585675,33,,,1
80103,'20261015',517,,1585776,33,,,1,16,,1585769,33,,,1,15,,1585682,33,,,1,56,,1585683,33,,,1,11,,1585681,33,,,1,11,,1585685,33,,,1,10,,1585686,33,,,1,9,,1585687,33,,,1,10,,1585684,33,,,1,50,,1585689,33,,,1,12,,1585775,33,,,1,13,,1585690,33,,,1,10,,1585691,33,,,1,10,,1585688,33,,,1,9,,1585692,33,,,1,49,,1585693,33,,,1,11,,1585694,33,,,1,8,,1585695,33,,,1,9,,1585696,33,,,1,11,,1585697,33,,,1,8,,1585698,33,,,1,48,,1585699,33,,,1,8,,1585700,33,,,1,10,,1585701,33,,,1,13,,1585702,33,,,1,15,,1585703,33,,,1,55,,1585704,33,,,1,16,,1585705,33,,,1,14,,1585706,33,,,1,14,,1585707,33,,,1,55,,1585710,33,,,1,15,,1585711,33,,,1,15,,1585712,33,,,1,15,,1585708,33,,,1,55,,1585709,33,,,1,16,,1585713,33,,,1,15,,1585715,33,,,1,15,,1585716,33,,,1,56,,1585714,33,,,1,14,,1585718,33,,,1,15,,1585719,33,,,1,13,,1585717,33,,,1,55,,1585720,33,,,1,15,,1585774,33,,,1,15,,1585721,33,,,1,15,,1585722,33,,,1,54,,1585723,33,,,1,13,,1585724,33,,,1,12,,1585772,33,,,1,8,,1585725,33,,,1,9,,1585726,33,,,1,8,,1585727,33,,,1,49,,1585728,33,,,1,9,,1585729,33,,,1,10,,1585730,33,,,1,8,,1585731,33,,,1,9,,1585733,33,,,1,10,,1585734,33,,,1,9,,1585735,33,,,1,49,,1585732,33,,,1,9,,1585773,33,,,1,9,,1585736,33,,,1,9,,1585737,33,,,1,10,,1585739,33,,,1,10,,1585740,33,,,1,50,,1585741,33,,,1,10,,1585770,33,,,1,11,,1585738,33,,,1,14,,1585742,33,,,1,14,,1585744,33,,,1,54,,1585746,33,,,1,15,,1585743,33,,,1,15,,1585747,33,,,1,15,,1585745,33,,,1,55,,1585748,33,,,1,15,,1585749,33,,,1,15,,1585750,33,,,1,15,,1585751,33,,,1,55,,1585752,33,,,1,15,,1585753,33,,,1,15,,1585754,33,,,1,14,,1585755,33,,,1,55,,1585756,33,,,1,14,,1585757,33,,,1,15,,1585758,33,,,1,15,,1585760,33,,,1,55,,1585761,33,,,1,15,,1585762,33,,,1,15,,1585759,33,,,1,14,,1585763,33,,,1,55,,1585764,33,,,1,15,,1585765,33,,,1,15,,1585766,33,,,1,15,,1585767,33,,,1,55,,1585768,33,,,1,15,,1585771,33,,,1
80103,'20261016',517,,1585872,33,,,1,16,,1585865,33,,,1,15,,1585778,33,,,1,56,,1585779,33,,,1,11,,1585777,33,,,1,11,,1585781,33,,,1,10,,1585782,33,,,1,9,,1585783,33,,,1,10,,1585780,33,,,1,50,,1585785,33,,,1,12,,1585871,33,,,1,13,,1585786,33,,,1,10,,1585787,33,,,1,10,,1585784,33,,,1,9,,1585788,33,,,1,49,,1585789,33,,,1,11,,1585790,33,,,1,8,,1585791,33,,,1,9,,1585792,33,,,1,11,,1585793,33,,,1,8,,1585794,33,,,1,48,,1585795,33,,,1,8,,1585796,33,,,1,10,,1585797,33,,,1,13,,1585798,33,,,1,15,,1585799,33,,,1,55,,1585800,33,,,1,16,,1585801,33,,,1,14,,1585802,33,,,1,14,,1585803,33,,,1,55,,1585806,33,,,1,15,,1585807,33,,,1,15,,1585808,33,,,1,15,,1585804,33,,,1,55,,1585805,33,,,1,16,,1585809,33,,,1,15,,1585811,33,,,1,15,,1585812,33,,,1,56,,1585810,33,,,1,14,,1585814,33,,,1,15,,1585815,33,,,1,13,,1585813,33,,,1,55,,1585816,33,,,1,15,,1585870,33,,,1,15,,1585817,33,,,1,15,,1585818,33,,,1,54,,1585819,33,,,1,13,,1585820,33,,,1,12,,1585868,33,,,1,8,,1585821,33,,,1,9,,1585822,33,,,1,8,,1585823,33,,,1,49,,1585824,33,,,1,9,,1585825,33,,,1,10,,1585826,33,,,1,8,,1585827,33,,,1,9,,1585829,33,,,1,10,,1585830,33,,,1,9,,1585831,33,,,1,49,,1585828,33,,,1,9,,1585869,33,,,1,9,,1585832,33,,,1,9,,1585833,33,,,1,10,,1585835,33,,,1,10,,1585836,33,,,1,50,,1585837,33,,,1,10,,1585866,33,,,1,11,,1585834,33,,,1,14,,1585838,33,,,1,14,,1585840,33,,,1,54,,1585842,33,,,1,15,,1585839,33,,,1,15,,1585843,33,,,1,15,,1585841,33,,,1,55,,1585844,33,,,1,15,,1585845,33,,,1,15,,1585846,33,,,1,15,,1585847,33,,,1,55,,1585848,33,,,1,15,,1585849,33,,,1,15,,1585850,33,,,1,14,,1585851,33,,,1,55,,1585852,33,,,1,14,,1585853,33,,,1,15,,1585854,33,,,1,15,,1585856,33,,,1,55,,1585857,33,,,1,15,,1585858,33,,,1,15,,1585855,33,,,1,14,,1585859,33,,,1,55,,1585860,33,,,1,15,,1585861,33,,,1,15,,1585862,33,,,1,15,,1585863,33,,,1,55,,1585864,33,,,1,15,,1585867,33,,,1
80503,'20261002',514,,1590951,5,,,0,9,,1590952,5,,,0,11,,1590953,5,,,0,10,,1590954,5,,,0,10,,1590955,5,,,0,50,,1590956,5,,,0,10,,1590957,5,,,0,10,,1590958,5,,,0,10,,1590959,5,,,0,5,,1590960,5,,,0,7,,1590961,5,,,0,8,,1590962,5,,,0,5,,1590963,5,,,0,46,,1590964,5,,,0,5,,1590965,5,,,0,5,,1590966,5,,,0,5,,1590967,5,,,0,5,,1590968,5,,,0,5,,1590969,5,,,0,4,,1590970,5,,,0,5,,1590971,5,,,0,4,,1590972,5,,,0,7,,1590973,5,,,0,5,,1590974,5,,,0,48,,1590975,5,,,0,8,,1590976,5,,,0,8,,1590977,5,,,0,8,,1590978,5,,,0,9,,1590979,5,,,0,9,,1590980,5,,,0,9,,1590981,5,,,0,49,,1590982,5,,,0,10,,1590983,5,,,0,11,,1590984,5,,,0,8,,1590985,5,,,0,10,,1590986,5,,,0,11,,1590987,5,,,0,50,,1590988,5,,,0,10,,1590989,5,,,0,10,,1590990,5,,,0,8,,1590991,5,,,0,10,,1590992,5,,,0,10,,1590993,5,,,0,50,,1590994,5,,,0,10,,1590995,5,,,0,10,,1590996,5,,,0,10,,1590997,5,,,0,10,,1590998,5,,,0,10,,1590999,5,,,0,50,,1591000,5,,,0,10,,1591001,5,,,0,10,,1591002,5,,,0,10,,1591003,5,,,0,10,,1591004,5,,,0,10,,1591005,5,,,0,50,,1591006,5,,,0,10,,1591007,5,,,0,10,,1591008,5,,,0,10,,1591009,5,,,0,10,,1591010,5,,,0,10,,1591011,5,,,0,50,,1591012,5,,,0,9,,1591013,5,,,0,10,,1591014,5,,,0,6,,1591015,5,,,0,6,,1591016,5,,,0,7,,1591017,5,,,0,6,,1591018,5,,,0,5,,1591019,5,,,0,6,,1591020,5,,,0,46,,1591021,5,,,0,6,,1591022,5,,,0,6,,1591023,5,,,0,7,,1591024,5,,,0,7,,1591025,5,,,0,5,,1591026,5,,,0,7,,1591027,5,,,0,5,,1591028,5,,,0,7,,1591029,5,,,0,48,,1591030,5,,,0,7,,1591031,5,,,0,8,,1591032,5,,,0,8,,1591033,5,,,0,7,,1591034,5,,,0,7,,1591035,5,,,0,7,,1591036,5,,,0,10,,1591037,5,,,0,48,,1591038,5,,,0,8,,1591039,5,,,0,9,,1591040,5,,,0,10,,1591041,5,,,0,11,,1591042,5,,,0,11,,1591043,5,,,0,50,,1591044,5,,,0,10,,1591045,5,,,0,10,,1591046,5,,,0,10,,1591047,5,,,0,9,,1591048,5,,,0,10,,1591049,5,,,0,9,,1591050,5,,,0,50,,1591051,5,,,0,9,,1591052,5,,,0,10,,1591053,5,,,0,9,,1591054,5,,,0,11,,1591055,5,,,0,10,,1591056,5,,,0,50,,1591057,5,,,0,10,,1591058,5,,,0,10,,1591059,5,,,0,10,,1591060,5,,,0,10,,1591061,5,,,0,10,,1591062,5,,,0,50,,1591063,5,,,0,10,,1591064,5,,,0,10,,1591065,5,,,0,10,,1591066,5,,,0,10,,1591067,5,,,0,10,,1591068,5,,,0,50,,1591069,5,,,0,10,,1591070,5,,,0,10,,1591071,5,,,0,10,,1591072,5,,,0,10,,1591073,5,,,0,10,,1591074,5,,,0,50,,1591075,5,,,0,10,,1591076,5,,,0,10,,1591077,5,,,0,10,,1591078,5,,,0,10,,1591079,5,,,0,10,,1591080,5,,,0,50,,1591081,5,,,0,10,,1591082,5,,,0,10,,1591083,5,,,0,10,,1591084,5,,,0,10,,1591085,5,,,0,10,,1591086,5,,,0,50,,1591087,5,,,0,10,,1591088,5,,,0,10,,1591089,5,,,0
80503,'20261003',537,,1591090,5,,,0,10,,1591091,5,,,0,10,,1591092,5,,,0,50,,1591093,5,,,0,10,,1591094,5,,,0,10,,1591095,5,,,0,10,,1591096,5,,,0,10,,1591097,5,,,0,10,,1591098,5,,,0,50,,1591099,5,,,0,10,,1591100,5,,,0,11,,1591101,5,,,0,10,,1591102,5,,,0,10,,1591103,5,,,0,9,,1591104,5,,,0,50,,1591105,5,,,0,9,,1591106,5,,,0,11,,1591107,5,,,0,9,,1591108,5,,,0,10,,1591109,5,,,0,9,,1591110,5,,,0,50,,1591111,5,,,0,11,,1591112,5,,,0,10,,1591113,5,,,0,10,,1591114,5,,,0,11,,1591115,5,,,0,10,,1591116,5,,,0,50,,1591117,5,,,0,10,,1591118,5,,,0,10,,1591119,5,,,0,11,,1591120,5,,,0,10,,1591121,5,,,0,10,,1591122,5,,,0,50,,1591123,5,,,0,11,,1591124,5,,,0,10,,1591125,5,,,0,10,,1591126,5,,,0,11,,1591127,5,,,0,50,,1591128,5,,,0,10,,1591129,5,,,0,10,,1591130,5,,,0,10,,1591131,5,,,0,10,,1591132,5,,,0,10,,1591133,5,,,0,50,,1591134,5,,,0,10,,1591135,5,,,0,10,,1591136,5,,,0,10,,1591137,5,,,0,10,,1591138,5,,,0,10,,1591139,5,,,0,50,,1591140,5,,,0,11,,1591141,5,,,0,8,,1591142,5,,,0,10,,1591143,5,,,0,10,,1591144,5,,,0,10,,1591145,5,,,0,9,,1591146,5,,,0,50,,1591147,5,,,0,10,,1591148,5,,,0,10,,1591149,5,,,0,9,,1591150,5,,,0,9,,1591151,5,,,0,10,,1591152,5,,,0,50,,1591153,5,,,0,10,,1591154,5,,,0,10,,1591155,5,,,0,10,,1591156,5,,,0,10,,1591157,5,,,0,10,,1591158,5,,,0,50,,1591159,5,,,0,10,,1591160,5,,,0,10,,1591161,5,,,0,11,,1591162,5,,,0,10,,1591163,5,,,0,10,,1591164,5,,,0,51,,1591165,5,,,0,10,,1591166,5,,,0,9,,1591167,5,,,0,9,,1591168,5,,,0,10,,1591169,5,,,0,10,,1591170,5,,,0,50,,1591171,5,,,0,10,,1591172,5,,,0,10,,1591173,5,,,0,10,,1591174,5,,,0,10,,1591175,5,,,0,10,,1591176,5,,,0,50,,1591177,5,,,0,10,,1591178,5,,,0,10,,1591179,5,,,0,11,,1591180,5,,,0,10,,1591181,5,,,0,10,,1591182,5,,,0,51,,1591183,5,,,0,10,,1591184,5,,,0,10,,1591185,5,,,0,10,,1591186,5,,,0,10,,1591187,5,,,0,10,,1591188,5,,,0,50,,1591189,5,,,0,10,,1591190,5,,,0,10,,1591191,5,,,0,10,,1591192,5,,,0,9,,1591193,5,,,0,10,,1591194,5,,,0,50,,1591195,5,,,0,10,,1591196,5,,,0,10,,1591197,5,,,0,10,,1591198,5,,,0,10,,1591199,5,,,0,10,,1591200,5,,,0,50,,1591201,5,,,0,10,,1591202,5,,,0,10,,1591203,5,,,0,10,,1591204,5,,,0,10,,1591205,5,,,0,10,,1591206,5,,,0,51,,1591207,5,,,0,12,,1591208,5,,,0
80503,'20261004',537,,1591209,5,,,0,10,,1591210,5,,,0,10,,1591211,5,,,0,50,,1591212,5,,,0,10,,1591213,5,,,0,10,,1591214,5,,,0,10,,1591215,5,,,0,10,,1591216,5,,,0,10,,1591217,5,,,0,50,,1591218,5,,,0,10,,1591219,5,,,0,11,,1591220,5,,,0,10,,1591221,5,,,0,10,,1591222,5,,,0,9,,1591223,5,,,0,50,,1591224,5,,,0,9,,1591225,5,,,0,11,,1591226,5,,,0,9,,1591227,5,,,0,10,,1591228,5,,,0,9,,1591229,5,,,0,50,,1591230,5,,,0,11,,1591231,5,,,0,10,,1591232,5,,,0,10,,1591233,5,,,0,11,,1591234,5,,,0,10,,1591235,5,,,0,50,,1591236,5,,,0,10,,1591237,5,,,0,10,,1591238,5,,,0,11,,1591239,5,,,0,10,,1591240,5,,,0,10,,1591241,5,,,0,50,,1591242,5,,,0,11,,1591243,5,,,0,10,,1591244,5,,,0,10,,1591245,5,,,0,11,,1591246,5,,,0,50,,1591247,5,,,0,10,,1591248,5,,,0,10,,1591249,5,,,0,10,,1591250,5,,,0,10,,1591251,5,,,0,10,,1591252,5,,,0,50,,1591253,5,,,0,10,,1591254,5,,,0,10,,1591255,5,,,0,10,,1591256,5,,,0,10,,1591257,5,,,0,10,,1591258,5,,,0,50,,1591259,5,,,0,11,,1591260,5,,,0,8,,1591261,5,,,0,10,,1591262,5,,,0,10,,1591263,5,,,0,10,,1591264,5,,,0,9,,1591265,5,,,0,50,,1591266,5,,,0,10,,1591267,5,,,0,10,,1591268,5,,,0,9,,1591269,5,,,0,9,,1591270,5,,,0,10,,1591271,5,,,0,50,,1591272,5,,,0,10,,1591273,5,,,0,10,,1591274,5,,,0,10,,1591275,5,,,0,10,,1591276,5,,,0,10,,1591277,5,,,0,50,,1591278,5,,,0,10,,1591279,5,,,0,10,,1591280,5,,,0,11,,1591281,5,,,0,10,,1591282,5,,,0,10,,1591283,5,,,0,51,,1591284,5,,,0,10,,1591285,5,,,0,9,,1591286,5,,,0,9,,1591287,5,,,0,10,,1591288,5,,,0,10,,1591289,5,,,0,50,,1591290,5,,,0,10,,1591291,5,,,0,10,,1591292,5,,,0,10,,1591293,5,,,0,10,,1591294,5,,,0,10,,1591295,5,,,0,50,,1591296,5,,,0,10,,1591297,5,,,0,10,,1591298,5,,,0,11,,1591299,5,,,0,10,,1591300,5,,,0,10,,1591301,5,,,0,51,,1591302,5,,,0,10,,1591303,5,,,0,10,,1591304,5,,,0,10,,1591305,5,,,0,10,,1591306,5,,,0,10,,1591307,5,,,0,50,,1591308,5,,,0,10,,1591309,5,,,0,10,,1591310,5,,,0,10,,1591311,5,,,0,9,,1591312,5,,,0,10,,1591313,5,,,0,50,,1591314,5,,,0,10,,1591315,5,,,0,10,,1591316,5,,,0,10,,1591317,5,,,0,10,,1591318,5,,,0,10,,1591319,5,,,0,50,,1591320,5,,,0,10,,1591321,5,,,0,10,,1591322,5,,,0,10,,1591323,5,,,0,10,,1591324,5,,,0,10,,1591325,5,,,0,51,,1591326,5,,,0,12,,1591327,5,,,0
80503,'20261005',514,,1591328,5,,,0,9,,1591329,5,,,0,11,,1591330,5,,,0,10,,1591331,5,,,0,10,,1591332,5,,,0,50,,1591333,5,,,0,10,,1591334,5,,,0,10,,1591335,5,,,0,10,,1591336,5,,,0,5,,1591337,5,,,0,7,,1591338,5,,,0,8,,1591339,5,,,0,5,,1591340,5,,,0,46,,1591341,5,,,0,5,,1591342,5,,,0,5,,1591343,5,,,0,5,,1591344,5,,,0,5,,1591345,5,,,0,5,,1591346,5,,,0,4,,1591347,5,,,0,5,,1591348,5,,,0,4,,1591349,5,,,0,7,,1591350,5,,,0,5,,1591351,5,,,0,48,,1591352,5,,,0,8,,1591353,5,,,0,8,,1591354,5,,,0,8,,1591355,5,,,0,9,,1591356,5,,,0,9,,1591357,5,,,0,9,,1591358,5,,,0,49,,1591359,5,,,0,10,,1591360,5,,,0,11,,1591361,5,,,0,8,,1591362,5,,,0,10,,1591363,5,,,0,11,,1591364,5,,,0,50,,1591365,5,,,0,10,,1591366,5,,,0,10,,1591367,5,,,0,8,,1591368,5,,,0,10,,1591369,5,,,0,10,,1591370,5,,,0,50,,1591371,5,,,0,10,,1591372,5,,,0,10,,1591373,5,,,0,10,,1591374,5,,,0,10,,1591375,5,,,0,10,,1591376,5,,,0,50,,1591377,5,,,0,10,,1591378,5,,,0,10,,1591379,5,,,0,10,,1591380,5,,,0,10,,1591381,5,,,0,10,,1591382,5,,,0,50,,1591383,5,,,0,10,,1591384,5,,,0,10,,1591385,5,,,0,10,,1591386,5,,,0,10,,1591387,5,,,0,10,,1591388,5,,,0,50,,1591389,5,,,0,9,,1591390,5,,,0,10,,1591391,5,,,0,6,,1591392,5,,,0,6,,1591393,5,,,0,7,,1591394,5,,,0,6,,1591395,5,,,0,5,,1591396,5,,,0,6,,1591397,5,,,0,46,,1591398,5,,,0,6,,1591399,5,,,0,6,,1591400,5,,,0,7,,1591401,5,,,0,7,,1591402,5,,,0,5,,1591403,5,,,0,7,,1591404,5,,,0,5,,1591405,5,,,0,7,,1591406,5,,,0,48,,1591407,5,,,0,7,,1591408,5,,,0,8,,1591409,5,,,0,8,,1591410,5,,,0,7,,1591411,5,,,0,7,,1591412,5,,,0,7,,1591413,5,,,0,10,,1591414,5,,,0,48,,1591415,5,,,0,8,,1591416,5,,,0,9,,1591417,5,,,0,10,,1591418,5,,,0,11,,1591419,5,,,0,11,,1591420,5,,,0,50,,1591421,5,,,0,10,,1591422,5,,,0,10,,1591423,5,,,0,10,,1591424,5,,,0,9,,1591425,5,,,0,10,,1591426,5,,,0,9,,1591427,5,,,0,50,,1591428,5,,,0,9,,1591429,5,,,0,10,,1591430,5,,,0,9,,1591431,5,,,0,11,,1591432,5,,,0,10,,1591433,5,,,0,50,,1591434,5,,,0,10,,1591435,5,,,0,10,,1591436,5,,,0,10,,1591437,5,,,0,10,,1591438,5,,,0,10,,1591439,5,,,0,50,,1591440,5,,,0,10,,1591441,5,,,0,10,,1591442,5,,,0,10,,1591443,5,,,0,10,,1591444,5,,,0,10,,1591445,5,,,0,50,,1591446,5,,,0,10,,1591447,5,,,0,10,,1591448,5,,,0,10,,1591449,5,,,0,10,,1591450,5,,,0,10,,1591451,5,,,0,50,,1591452,5,,,0,10,,1591453,5,,,0,10,,1591454,5,,,0,10,,1591455,5,,,0,10,,1591456,5,,,0,10,,1591457,5,,,0,50,,1591458,5,,,0,10,,1591459,5,,,0,10,,1591460,5,,,0,10,,1591461,5,,,0,10,,1591462,5,,,0,10,,1591463,5,,,0,50,,1591464,5,,,0,10,,1591465,5,,,0,10,,1591466,5,,,0
80503,'20261006',514,,1538303,5,,,0,9,,1538302,5,,,0,11,,1538180,5,,,0,10,,1538181,5,,,0,10,,1538182,5,,,0,50,,1538283,5,,,0,10,,1538183,5,,,0,10,,1538276,5,,,0,10,,1538184,5,,,0,5,,1538275,5,,,0,7,,1538185,5,,,0,8,,1538186,5,,,0,5,,1538187,5,,,0,46,,1538307,5,,,0,5,,1538312,5,,,0,5,,1538188,5,,,0,5,,1538313,5,,,0,5,,1538316,5,,,0,5,,1538273,5,,,0,4,,1538314,5,,,0,5,,1538274,5,,,0,4,,1538315,5,,,0,7,,1538189,5,,,0,5,,1538318,5,,,0,48,,1538190,5,,,0,8,,1538191,5,,,0,8,,1538192,5,,,0,8,,1538193,5,,,0,9,,1538272,5,,,0,9,,1538194,5,,,0,9,,1538195,5,,,0,49,,1538196,5,,,0,10,,1538198,5,,,0,11,,1538199,5,,,0,8,,1538197,5,,,0,10,,1538200,5,,,0,11,,1538281,5,,,0,50,,1538201,5,,,0,10,,1538202,5,,,0,10,,1538203,5,,,0,8,,1538204,5,,,0,10,,1538306,5,,,0,10,,1538285,5,,,0,50,,1538205,5,,,0,10,,1538207,5,,,0,10,,1538208,5,,,0,10,,1538286,5,,,0,10,,1538209,5,,,0,10,,1538206,5,,,0,50,,1538210,5,,,0,10,,1538211,5,,,0,10,,1538212,5,,,0,10,,1538213,5,,,0,10,,1538215,5,,,0,10,,1538216,5,,,0,50,,1538217,5,,,0,10,,1538287,5,,,0,10,,1538214,5,,,0,10,,1538288,5,,,0,10,,1538218,5,,,0,10,,1538219,5,,,0,50,,1538220,5,,,0,9,,1538221,5,,,0,10,,1538222,5,,,0,6,,1538277,5,,,0,6,,1538317,5,,,0,7,,1538223,5,,,0,6,,1538225,5,,,0,5,,1538308,5,,,0,6,,1538309,5,,,0,46,,1538226,5,,,0,6,,1538227,5,,,0,6,,1538224,5,,,0,7,,1538284,5,,,0,7,,1538311,5,,,0,5,,1538228,5,,,0,7,,1538279,5,,,0,5,,1538282,5,,,0,7,,1538229,5,,,0,48,,1538230,5,,,0,7,,1538231,5,,,0,8,,1538232,5,,,0,8,,1538233,5,,,0,7,,1538234,5,,,0,7,,1538235,5,,,0,7,,1538236,5,,,0,10,,1538237,5,,,0,48,,1538238,5,,,0,8,,1538239,5,,,0,9,,1538241,5,,,0,10,,1538242,5,,,0,11,,1538243,5,,,0,11,,1538240,5,,,0,50,,1538245,5,,,0,10,,1538246,5,,,0,10,,1538247,5,,,0,10,,1538244,5,,,0,9,,1538248,5,,,0,10,,1538289,5,,,0,9,,1538249,5,,,0,50,,1538250,5,,,0,9,,1538290,5,,,0,10,,1538251,5,,,0,9,,1538252,5,,,0,11,,1538291,5,,,0,10,,1538253,5,,,0,50,,1538254,5,,,0,10,,1538292,5,,,0,10,,1538255,5,,,0,10,,1538256,5,,,0,10,,1538293,5,,,0,10,,1538257,5,,,0,50,,1538258,5,,,0,10,,1538294,5,,,0,10,,1538259,5,,,0,10,,1538260,5,,,0,10,,1538295,5,,,0,10,,1538261,5,,,0,50,,1538262,5,,,0,10,,1538296,5,,,0,10,,1538263,5,,,0,10,,1538264,5,,,0,10,,1538297,5,,,0,10,,1538266,5,,,0,50,,1538267,5,,,0,10,,1538298,5,,,0,10,,1538268,5,,,0,10,,1538265,5,,,0,10,,1538299,5,,,0,10,,1538269,5,,,0,50,,1538270,5,,,0,10,,1538300,5,,,0,10,,1538271,5,,,0,10,,1538278,5,,,0,10,,1538301,5,,,0,10,,1538280,5,,,0,50,,1538304,5,,,0,10,,1538305,5,,,0,10,,1538310,5,,,0
80503,'20261007',514,,1538442,5,,,0,9,,1538441,5,,,0,11,,1538319,5,,,0,10,,1538320,5,,,0,10,,1538321,5,,,0,50,,1538422,5,,,0,10,,1538322,5,,,0,10,,1538415,5,,,0,10,,1538323,5,,,0,5,,1538414,5,,,0,7,,1538324,5,,,0,8,,1538325,5,,,0,5,,1538326,5,,,0,46,,1538446,5,,,0,5,,1538451,5,,,0,5,,1538327,5,,,0,5,,1538452,5,,,0,5,,1538455,5,,,0,5,,1538412,5,,,0,4,,1538453,5,,,0,5,,1538413,5,,,0,4,,1538454,5,,,0,7,,1538328,5,,,0,5,,1538457,5,,,0,48,,1538329,5,,,0,8,,1538330,5,,,0,8,,1538331,5,,,0,8,,1538332,5,,,0,9,,1538411,5,,,0,9,,1538333,5,,,0,9,,1538334,5,,,0,49,,1538335,5,,,0,10,,1538337,5,,,0,11,,1538338,5,,,0,8,,1538336,5,,,0,10,,1538339,5,,,0,11,,1538420,5,,,0,50,,1538340,5,,,0,10,,1538341,5,,,0,10,,1538342,5,,,0,8,,1538343,5,,,0,10,,1538445,5,,,0,10,,1538424,5,,,0,50,,1538344,5,,,0,10,,1538346,5,,,0,10,,1538347,5,,,0,10,,1538425,5,,,0,10,,1538348,5,,,0,10,,1538345,5,,,0,50,,1538349,5,,,0,10,,1538350,5,,,0,10,,1538351,5,,,0,10,,1538352,5,,,0,10,,1538354,5,,,0,10,,1538355,5,,,0,50,,1538356,5,,,0,10,,1538426,5,,,0,10,,1538353,5,,,0,10,,1538427,5,,,0,10,,1538357,5,,,0,10,,1538358,5,,,0,50,,1538359,5,,,0,9,,1538360,5,,,0,10,,1538361,5,,,0,6,,1538416,5,,,0,6,,1538456,5,,,0,7,,1538362,5,,,0,6,,1538364,5,,,0,5,,1538447,5,,,0,6,,1538448,5,,,0,46,,1538365,5,,,0,6,,1538366,5,,,0,6,,1538363,5,,,0,7,,1538423,5,,,0,7,,1538450,5,,,0,5,,1538367,5,,,0,7,,1538418,5,,,0,5,,1538421,5,,,0,7,,1538368,5,,,0,48,,1538369,5,,,0,7,,1538370,5,,,0,8,,1538371,5,,,0,8,,1538372,5,,,0,7,,1538373,5,,,0,7,,1538374,5,,,0,7,,1538375,5,,,0,10,,1538376,5,,,0,48,,1538377,5,,,0,8,,1538378,5,,,0,9,,1538380,5,,,0,10,,1538381,5,,,0,11,,1538382,5,,,0,11,,1538379,5,,,0,50,,1538384,5,,,0,10,,1538385,5,,,0,10,,1538386,5,,,0,10,,1538383,5,,,0,9,,1538387,5,,,0,10,,1538428,5,,,0,9,,1538388,5,,,0,50,,1538389,5,,,0,9,,1538429,5,,,0,10,,1538390,5,,,0,9,,1538391,5,,,0,11,,1538430,5,,,0,10,,1538392,5,,,0,50,,1538393,5,,,0,10,,1538431,5,,,0,10,,1538394,5,,,0,10,,1538395,5,,,0,10,,1538432,5,,,0,10,,1538396,5,,,0,50,,1538397,5,,,0,10,,1538433,5,,,0,10,,1538398,5,,,0,10,,1538399,5,,,0,10,,1538434,5,,,0,10,,1538400,5,,,0,50,,1538401,5,,,0,10,,1538435,5,,,0,10,,1538402,5,,,0,10,,1538403,5,,,0,10,,1538436,5,,,0,10,,1538405,5,,,0,50,,1538406,5,,,0,10,,1538437,5,,,0,10,,1538407,5,,,0,10,,1538404,5,,,0,10,,1538438,5,,,0,10,,1538408,5,,,0,50,,1538409,5,,,0,10,,1538439,5,,,0,10,,1538410,5,,,0,10,,1538417,5,,,0,10,,1538440,5,,,0,10,,1538419,5,,,0,50,,1538443,5,,,0,10,,1538444,5,,,0,10,,1538449,5,,,0
80503,'20261008',514,,1538581,5,,,0,9,,1538580,5,,,0,11,,1538458,5,,,0,10,,1538459,5,,,0,10,,1538460,5,,,0,50,,1538561,5,,,0,10,,1538461,5,,,0,10,,1538554,5,,,0,10,,1538462,5,,,0,5,,1538553,5,,,0,7,,1538463,5,,,0,8,,1538464,5,,,0,5,,1538465,5,,,0,46,,1538585,5,,,0,5,,1538590,5,,,0,5,,1538466,5,,,0,5,,1538591,5,,,0,5,,1538594,5,,,0,5,,1538551,5,,,0,4,,1538592,5,,,0,5,,1538552,5,,,0,4,,1538593,5,,,0,7,,1538467,5,,,0,5,,1538596,5,,,0,48,,1538468,5,,,0,8,,1538469,5,,,0,8,,1538470,5,,,0,8,,1538471,5,,,0,9,,1538550,5,,,0,9,,1538472,5,,,0,9,,1538473,5,,,0,49,,1538474,5,,,0,10,,1538476,5,,,0,11,,1538477,5,,,0,8,,1538475,5,,,0,10,,1538478,5,,,0,11,,1538559,5,,,0,50,,1538479,5,,,0,10,,1538480,5,,,0,10,,1538481,5,,,0,8,,1538482,5,,,0,10,,1538584,5,,,0,10,,1538563,5,,,0,50,,1538483,5,,,0,10,,1538485,5,,,0,10,,1538486,5,,,0,10,,1538564,5,,,0,10,,1538487,5,,,0,10,,1538484,5,,,0,50,,1538488,5,,,0,10,,1538489,5,,,0,10,,1538490,5,,,0,10,,1538491,5,,,0,10,,1538493,5,,,0,10,,1538494,5,,,0,50,,1538495,5,,,0,10,,1538565,5,,,0,10,,1538492,5,,,0,10,,1538566,5,,,0,10,,1538496,5,,,0,10,,1538497,5,,,0,50,,1538498,5,,,0,9,,1538499,5,,,0,10,,1538500,5,,,0,6,,1538555,5,,,0,6,,1538595,5,,,0,7,,1538501,5,,,0,6,,1538503,5,,,0,5,,1538586,5,,,0,6,,1538587,5,,,0,46,,1538504,5,,,0,6,,1538505,5,,,0,6,,1538502,5,,,0,7,,1538562,5,,,0,7,,1538589,5,,,0,5,,1538506,5,,,0,7,,1538557,5,,,0,5,,1538560,5,,,0,7,,1538507,5,,,0,48,,1538508,5,,,0,7,,1538509,5,,,0,8,,1538510,5,,,0,8,,1538511,5,,,0,7,,1538512,5,,,0,7,,1538513,5,,,0,7,,1538514,5,,,0,10,,1538515,5,,,0,48,,1538516,5,,,0,8,,1538517,5,,,0,9,,1538519,5,,,0,10,,1538520,5,,,0,11,,1538521,5,,,0,11,,1538518,5,,,0,50,,1538523,5,,,0,10,,1538524,5,,,0,10,,1538525,5,,,0,10,,1538522,5,,,0,9,,1538526,5,,,0,10,,1538567,5,,,0,9,,1538527,5,,,0,50,,1538528,5,,,0,9,,1538568,5,,,0,10,,1538529,5,,,0,9,,1538530,5,,,0,11,,1538569,5,,,0,10,,1538531,5,,,0,50,,1538532,5,,,0,10,,1538570,5,,,0,10,,1538533,5,,,0,10,,1538534,5,,,0,10,,1538571,5,,,0,10,,1538535,5,,,0,50,,1538536,5,,,0,10,,1538572,5,,,0,10,,1538537,5,,,0,10,,1538538,5,,,0,10,,1538573,5,,,0,10,,1538539,5,,,0,50,,1538540,5,,,0,10,,1538574,5,,,0,10,,1538541,5,,,0,10,,1538542,5,,,0,10,,1538575,5,,,0,10,,1538544,5,,,0,50,,1538545,5,,,0,10,,1538576,5,,,0,10,,1538546,5,,,0,10,,1538543,5,,,0,10,,1538577,5,,,0,10,,1538547,5,,,0,50,,1538548,5,,,0,10,,1538578,5,,,0,10,,1538549,5,,,0,10,,1538556,5,,,0,10,,1538579,5,,,0,10,,1538558,5,,,0,50,,1538582,5,,,0,10,,1538583,5,,,0,10,,1538588,5,,,0
80503,'20261009',514,,1538720,5,,,0,9,,1538719,5,,,0,11,,1538597,5,,,0,10,,1538598,5,,,0,10,,1538599,5,,,0,50,,1538700,5,,,0,10,,1538600,5,,,0,10,,1538693,5,,,0,10,,1538601,5,,,0,5,,1538692,5,,,0,7,,1538602,5,,,0,8,,1538603,5,,,0,5,,1538604,5,,,0,46,,1538724,5,,,0,5,,1538729,5,,,0,5,,1538605,5,,,0,5,,1538730,5,,,0,5,,1538733,5,,,0,5,,1538690,5,,,0,4,,1538731,5,,,0,5,,1538691,5,,,0,4,,1538732,5,,,0,7,,1538606,5,,,0,5,,1538735,5,,,0,48,,1538607,5,,,0,8,,1538608,5,,,0,8,,1538609,5,,,0,8,,1538610,5,,,0,9,,1538689,5,,,0,9,,1538611,5,,,0,9,,1538612,5,,,0,49,,1538613,5,,,0,10,,1538615,5,,,0,11,,1538616,5,,,0,8,,1538614,5,,,0,10,,1538617,5,,,0,11,,1538698,5,,,0,50,,1538618,5,,,0,10,,1538619,5,,,0,10,,1538620,5,,,0,8,,1538621,5,,,0,10,,1538723,5,,,0,10,,1538702,5,,,0,50,,1538622,5,,,0,10,,1538624,5,,,0,10,,1538625,5,,,0,10,,1538703,5,,,0,10,,1538626,5,,,0,10,,1538623,5,,,0,50,,1538627,5,,,0,10,,1538628,5,,,0,10,,1538629,5,,,0,10,,1538630,5,,,0,10,,1538632,5,,,0,10,,1538633,5,,,0,50,,1538634,5,,,0,10,,1538704,5,,,0,10,,1538631,5,,,0,10,,1538705,5,,,0,10,,1538635,5,,,0,10,,1538636,5,,,0,50,,1538637,5,,,0,9,,1538638,5,,,0,10,,1538639,5,,,0,6,,1538694,5,,,0,6,,1538734,5,,,0,7,,1538640,5,,,0,6,,1538642,5,,,0,5,,1538725,5,,,0,6,,1538726,5,,,0,46,,1538643,5,,,0,6,,1538644,5,,,0,6,,1538641,5,,,0,7,,1538701,5,,,0,7,,1538728,5,,,0,5,,1538645,5,,,0,7,,1538696,5,,,0,5,,1538699,5,,,0,7,,1538646,5,,,0,48,,1538647,5,,,0,7,,1538648,5,,,0,8,,1538649,5,,,0,8,,1538650,5,,,0,7,,1538651,5,,,0,7,,1538652,5,,,0,7,,1538653,5,,,0,10,,1538654,5,,,0,48,,1538655,5,,,0,8,,1538656,5,,,0,9,,1538658,5,,,0,10,,1538659,5,,,0,11,,1538660,5,,,0,11,,1538657,5,,,0,50,,1538662,5,,,0,10,,1538663,5,,,0,10,,1538664,5,,,0,10,,1538661,5,,,0,9,,1538665,5,,,0,10,,1538706,5,,,0,9,,1538666,5,,,0,50,,1538667,5,,,0,9,,1538707,5,,,0,10,,1538668,5,,,0,9,,1538669,5,,,0,11,,1538708,5,,,0,10,,1538670,5,,,0,50,,1538671,5,,,0,10,,1538709,5,,,0,10,,1538672,5,,,0,10,,1538673,5,,,0,10,,1538710,5,,,0,10,,1538674,5,,,0,50,,1538675,5,,,0,10,,1538711,5,,,0,10,,1538676,5,,,0,10,,1538677,5,,,0,10,,1538712,5,,,0,10,,1538678,5,,,0,50,,1538679,5,,,0,10,,1538713,5,,,0,10,,1538680,5,,,0,10,,1538681,5,,,0,10,,1538714,5,,,0,10,,1538683,5,,,0,50,,1538684,5,,,0,10,,1538715,5,,,0,10,,1538685,5,,,0,10,,1538682,5,,,0,10,,1538716,5,,,0,10,,1538686,5,,,0,50,,1538687,5,,,0,10,,1538717,5,,,0,10,,1538688,5,,,0,10,,1538695,5,,,0,10,,1538718,5,,,0,10,,1538697,5,,,0,50,,1538721,5,,,0,10,,1538722,5,,,0,10,,1538727,5,,,0
80503,'20261010',537,,1560453,5,,,0,10,,1560543,5,,,0,10,,1560538,5,,,0,50,,1560455,5,,,0,10,,1560544,5,,,0,10,,1560456,5,,,0,10,,1560457,5,,,0,10,,1560537,5,,,0,10,,1560545,5,,,0,50,,1560458,5,,,0,10,,1560459,5,,,0,11,,1560460,5,,,0,10,,1560539,5,,,0,10,,1560542,5,,,0,9,,1560546,5,,,0,50,,1560454,5,,,0,9,,1560536,5,,,0,11,,1560461,5,,,0,9,,1560462,5,,,0,10,,1560463,5,,,0,9,,1560547,5,,,0,50,,1560464,5,,,0,11,,1560465,5,,,0,10,,1560466,5,,,0,10,,1560467,5,,,0,11,,1560468,5,,,0,10,,1560548,5,,,0,50,,1560469,5,,,0,10,,1560541,5,,,0,10,,1560470,5,,,0,11,,1560471,5,,,0,10,,1560472,5,,,0,10,,1560549,5,,,0,50,,1560473,5,,,0,11,,1560571,5,,,0,10,,1560474,5,,,0,10,,1560475,5,,,0,11,,1560476,5,,,0,50,,1560477,5,,,0,10,,1560550,5,,,0,10,,1560478,5,,,0,10,,1560479,5,,,0,10,,1560480,5,,,0,10,,1560481,5,,,0,50,,1560482,5,,,0,10,,1560551,5,,,0,10,,1560535,5,,,0,10,,1560483,5,,,0,10,,1560485,5,,,0,10,,1560486,5,,,0,50,,1560487,5,,,0,11,,1560552,5,,,0,8,,1560484,5,,,0,10,,1560489,5,,,0,10,,1560490,5,,,0,10,,1560491,5,,,0,9,,1560488,5,,,0,50,,1560553,5,,,0,10,,1560492,5,,,0,10,,1560493,5,,,0,9,,1560494,5,,,0,9,,1560495,5,,,0,10,,1560496,5,,,0,50,,1560554,5,,,0,10,,1560497,5,,,0,10,,1560498,5,,,0,10,,1560499,5,,,0,10,,1560500,5,,,0,10,,1560501,5,,,0,50,,1560555,5,,,0,10,,1560502,5,,,0,10,,1560503,5,,,0,11,,1560504,5,,,0,10,,1560505,5,,,0,10,,1560556,5,,,0,51,,1560506,5,,,0,10,,1560507,5,,,0,9,,1560508,5,,,0,9,,1560557,5,,,0,10,,1560509,5,,,0,10,,1560510,5,,,0,50,,1560558,5,,,0,10,,1560511,5,,,0,10,,1560512,5,,,0,10,,1560559,5,,,0,10,,1560513,5,,,0,10,,1560515,5,,,0,50,,1560560,5,,,0,10,,1560516,5,,,0,10,,1560517,5,,,0,11,,1560561,5,,,0,10,,1560514,5,,,0,10,,1560519,5,,,0,51,,1560562,5,,,0,10,,1560520,5,,,0,10,,1560521,5,,,0,10,,1560563,5,,,0,10,,1560518,5,,,0,10,,1560522,5,,,0,50,,1560564,5,,,0,10,,1560523,5,,,0,10,,1560524,5,,,0,10,,1560565,5,,,0,9,,1560525,5,,,0,10,,1560526,5,,,0,50,,1560566,5,,,0,10,,1560527,5,,,0,10,,1560528,5,,,0,10,,1560568,5,,,0,10,,1560534,5,,,0,10,,1560529,5,,,0,50,,1560569,5,,,0,10,,1560530,5,,,0,10,,1560531,5,,,0,10,,1560570,5,,,0,10,,1560540,5,,,0,10,,1560532,5,,,0,51,,1560567,5,,,0,12,,1560533,5,,,0
80503,'20261011',537,,1560662,5,,,0,10,,1560656,5,,,0,10,,1560663,5,,,0,50,,1560654,5,,,0,10,,1560652,5,,,0,10,,1560665,5,,,0,10,,1560657,5,,,0,10,,1560655,5,,,0,10,,1560653,5,,,0,50,,1560658,5,,,0,10,,1560651,5,,,0,11,,1560666,5,,,0,10,,1560636,5,,,0,10,,1560641,5,,,0,9,,1560629,5,,,0,50,,1560650,5,,,0,9,,1560643,5,,,0,11,,1560667,5,,,0,9,,1560631,5,,,0,10,,1560649,5,,,0,9,,1560642,5,,,0,50,,1560634,5,,,0,11,,1560646,5,,,0,10,,1560664,5,,,0,10,,1560647,5,,,0,11,,1560645,5,,,0,10,,1560632,5,,,0,50,,1560630,5,,,0,10,,1560644,5,,,0,10,,1560668,5,,,0,11,,1560648,5,,,0,10,,1560639,5,,,0,10,,1560640,5,,,0,50,,1560633,5,,,0,11,,1560635,5,,,0,10,,1560669,5,,,0,10,,1560638,5,,,0,11,,1560637,5,,,0,50,,1560613,5,,,0,10,,1560619,5,,,0,10,,1560610,5,,,0,10,,1560670,5,,,0,10,,1560620,5,,,0,10,,1560611,5,,,0,50,,1560617,5,,,0,10,,1560618,5,,,0,10,,1560628,5,,,0,10,,1560671,5,,,0,10,,1560612,5,,,0,10,,1560616,5,,,0,50,,1560624,5,,,0,11,,1560627,5,,,0,8,,1560625,5,,,0,10,,1560672,5,,,0,10,,1560626,5,,,0,10,,1560623,5,,,0,9,,1560622,5,,,0,50,,1560621,5,,,0,10,,1560615,5,,,0,10,,1560673,5,,,0,9,,1560614,5,,,0,9,,1560595,5,,,0,10,,1560593,5,,,0,50,,1560603,5,,,0,10,,1560592,5,,,0,10,,1560674,5,,,0,10,,1560596,5,,,0,10,,1560591,5,,,0,10,,1560604,5,,,0,50,,1560594,5,,,0,10,,1560608,5,,,0,10,,1560675,5,,,0,11,,1560607,5,,,0,10,,1560602,5,,,0,10,,1560600,5,,,0,51,,1560676,5,,,0,10,,1560605,5,,,0,9,,1560598,5,,,0,9,,1560677,5,,,0,10,,1560609,5,,,0,10,,1560590,5,,,0,50,,1560678,5,,,0,10,,1560597,5,,,0,10,,1560589,5,,,0,10,,1560679,5,,,0,10,,1560601,5,,,0,10,,1560588,5,,,0,50,,1560680,5,,,0,10,,1560599,5,,,0,10,,1560606,5,,,0,11,,1560681,5,,,0,10,,1560583,5,,,0,10,,1560587,5,,,0,51,,1560682,5,,,0,10,,1560577,5,,,0,10,,1560586,5,,,0,10,,1560683,5,,,0,10,,1560585,5,,,0,10,,1560576,5,,,0,50,,1560684,5,,,0,10,,1560584,5,,,0,10,,1560659,5,,,0,10,,1560685,5,,,0,9,,1560581,5,,,0,10,,1560582,5,,,0,50,,1560686,5,,,0,10,,1560580,5,,,0,10,,1560579,5,,,0,10,,1560687,5,,,0,10,,1560578,5,,,0,10,,1560574,5,,,0,50,,1560688,5,,,0,10,,1560572,5,,,0,10,,1560573,5,,,0,10,,1560689,5,,,0,10,,1560575,5,,,0,10,,1560660,5,,,0,51,,1560661,5,,,0,12,,1560690,5,,,0
80503,'20261012',537,,1560781,5,,,0,10,,1560775,5,,,0,10,,1560782,5,,,0,50,,1560773,5,,,0,10,,1560771,5,,,0,10,,1560784,5,,,0,10,,1560776,5,,,0,10,,1560774,5,,,0,10,,1560772,5,,,0,50,,1560777,5,,,0,10,,1560770,5,,,0,11,,1560785,5,,,0,10,,1560755,5,,,0,10,,1560760,5,,,0,9,,1560748,5,,,0,50,,1560769,5,,,0,9,,1560762,5,,,0,11,,1560786,5,,,0,9,,1560750,5,,,0,10,,1560768,5,,,0,9,,1560761,5,,,0,50,,1560753,5,,,0,11,,1560765,5,,,0,10,,1560783,5,,,0,10,,1560766,5,,,0,11,,1560764,5,,,0,10,,1560751,5,,,0,50,,1560749,5,,,0,10,,1560763,5,,,0,10,,1560787,5,,,0,11,,1560767,5,,,0,10,,1560758,5,,,0,10,,1560759,5,,,0,50,,1560752,5,,,0,11,,1560754,5,,,0,10,,1560788,5,,,0,10,,1560757,5,,,0,11,,1560756,5,,,0,50,,1560732,5,,,0,10,,1560738,5,,,0,10,,1560729,5,,,0,10,,1560789,5,,,0,10,,1560739,5,,,0,10,,1560730,5,,,0,50,,1560736,5,,,0,10,,1560737,5,,,0,10,,1560747,5,,,0,10,,1560790,5,,,0,10,,1560731,5,,,0,10,,1560735,5,,,0,50,,1560743,5,,,0,11,,1560746,5,,,0,8,,1560744,5,,,0,10,,1560791,5,,,0,10,,1560745,5,,,0,10,,1560742,5,,,0,9,,1560741,5,,,0,50,,1560740,5,,,0,10,,1560734,5,,,0,10,,1560792,5,,,0,9,,1560733,5,,,0,9,,1560714,5,,,0,10,,1560712,5,,,0,50,,1560722,5,,,0,10,,1560711,5,,,0,10,,1560793,5,,,0,10,,1560715,5,,,0,10,,1560710,5,,,0,10,,1560723,5,,,0,50,,1560713,5,,,0,10,,1560727,5,,,0,10,,1560794,5,,,0,11,,1560726,5,,,0,10,,1560721,5,,,0,10,,1560719,5,,,0,51,,1560795,5,,,0,10,,1560724,5,,,0,9,,1560717,5,,,0,9,,1560796,5,,,0,10,,1560728,5,,,0,10,,1560709,5,,,0,50,,1560797,5,,,0,10,,1560716,5,,,0,10,,1560708,5,,,0,10,,1560798,5,,,0,10,,1560720,5,,,0,10,,1560707,5,,,0,50,,1560799,5,,,0,10,,1560718,5,,,0,10,,1560725,5,,,0,11,,1560800,5,,,0,10,,1560702,5,,,0,10,,1560706,5,,,0,51,,1560801,5,,,0,10,,1560696,5,,,0,10,,1560705,5,,,0,10,,1560802,5,,,0,10,,1560704,5,,,0,10,,1560695,5,,,0,50,,1560803,5,,,0,10,,1560703,5,,,0,10,,1560778,5,,,0,10,,1560804,5,,,0,9,,1560700,5,,,0,10,,1560701,5,,,0,50,,1560805,5,,,0,10,,1560699,5,,,0,10,,1560698,5,,,0,10,,1560806,5,,,0,10,,1560697,5,,,0,10,,1560693,5,,,0,50,,1560807,5,,,0,10,,1560691,5,,,0,10,,1560692,5,,,0,10,,1560808,5,,,0,10,,1560694,5,,,0,10,,1560779,5,,,0,51,,1560780,5,,,0,12,,1560809,5,,,0
80503,'20261013',514,,1591590,5,,,0,9,,1591589,5,,,0,11,,1591467,5,,,0,10,,1591468,5,,,0,10,,1591469,5,,,0,50,,1591570,5,,,0,10,,1591470,5,,,0,10,,1591563,5,,,0,10,,1591471,5,,,0,5,,1591562,5,,,0,7,,1591472,5,,,0,8,,1591473,5,,,0,5,,1591474,5,,,0,46,,1591594,5,,,0,5,,1591599,5,,,0,5,,1591475,5,,,0,5,,1591600,5,,,0,5,,1591603,5,,,0,5,,1591560,5,,,0,4,,1591601,5,,,0,5,,1591561,5,,,0,4,,1591602,5,,,0,7,,1591476,5,,,0,5,,1591605,5,,,0,48,,1591477,5,,,0,8,,1591478,5,,,0,8,,1591479,5,,,0,8,,1591480,5,,,0,9,,1591559,5,,,0,9,,1591481,5,,,0,9,,1591482,5,,,0,49,,1591483,5,,,0,10,,1591485,5,,,0,11,,1591486,5,,,0,8,,1591484,5,,,0,10,,1591487,5,,,0,11,,1591568,5,,,0,50,,1591488,5,,,0,10,,1591489,5,,,0,10,,1591490,5,,,0,8,,1591491,5,,,0,10,,1591593,5,,,0,10,,1591572,5,,,0,50,,1591492,5,,,0,10,,1591494,5,,,0,10,,1591495,5,,,0,10,,1591573,5,,,0,10,,1591496,5,,,0,10,,1591493,5,,,0,50,,1591497,5,,,0,10,,1591498,5,,,0,10,,1591499,5,,,0,10,,1591500,5,,,0,10,,1591502,5,,,0,10,,1591503,5,,,0,50,,1591504,5,,,0,10,,1591574,5,,,0,10,,1591501,5,,,0,10,,1591575,5,,,0,10,,1591505,5,,,0,10,,1591506,5,,,0,50,,1591507,5,,,0,9,,1591508,5,,,0,10,,1591509,5,,,0,6,,1591564,5,,,0,6,,1591604,5,,,0,7,,1591510,5,,,0,6,,1591512,5,,,0,5,,1591595,5,,,0,6,,1591596,5,,,0,46,,1591513,5,,,0,6,,1591514,5,,,0,6,,1591511,5,,,0,7,,1591571,5,,,0,7,,1591598,5,,,0,5,,1591515,5,,,0,7,,1591566,5,,,0,5,,1591569,5,,,0,7,,1591516,5,,,0,48,,1591517,5,,,0,7,,1591518,5,,,0,8,,1591519,5,,,0,8,,1591520,5,,,0,7,,1591521,5,,,0,7,,1591522,5,,,0,7,,1591523,5,,,0,10,,1591524,5,,,0,48,,1591525,5,,,0,8,,1591526,5,,,0,9,,1591528,5,,,0,10,,1591529,5,,,0,11,,1591530,5,,,0,11,,1591527,5,,,0,50,,1591532,5,,,0,10,,1591533,5,,,0,10,,1591534,5,,,0,10,,1591531,5,,,0,9,,1591535,5,,,0,10,,1591576,5,,,0,9,,1591536,5,,,0,50,,1591537,5,,,0,9,,1591577,5,,,0,10,,1591538,5,,,0,9,,1591539,5,,,0,11,,1591578,5,,,0,10,,1591540,5,,,0,50,,1591541,5,,,0,10,,1591579,5,,,0,10,,1591542,5,,,0,10,,1591543,5,,,0,10,,1591580,5,,,0,10,,1591544,5,,,0,50,,1591545,5,,,0,10,,1591581,5,,,0,10,,1591546,5,,,0,10,,1591547,5,,,0,10,,1591582,5,,,0,10,,1591548,5,,,0,50,,1591549,5,,,0,10,,1591583,5,,,0,10,,1591550,5,,,0,10,,1591551,5,,,0,10,,1591584,5,,,0,10,,1591553,5,,,0,50,,1591554,5,,,0,10,,1591585,5,,,0,10,,1591555,5,,,0,10,,1591552,5,,,0,10,,1591586,5,,,0,10,,1591556,5,,,0,50,,1591557,5,,,0,10,,1591587,5,,,0,10,,1591558,5,,,0,10,,1591565,5,,,0,10,,1591588,5,,,0,10,,1591567,5,,,0,50,,1591591,5,,,0,10,,1591592,5,,,0,10,,1591597,5,,,0
80503,'20261014',514,,1591729,5,,,0,9,,1591728,5,,,0,11,,1591606,5,,,0,10,,1591607,5,,,0,10,,1591608,5,,,0,50,,1591709,5,,,0,10,,1591609,5,,,0,10,,1591702,5,,,0,10,,1591610,5,,,0,5,,1591701,5,,,0,7,,1591611,5,,,0,8,,1591612,5,,,0,5,,1591613,5,,,0,46,,1591733,5,,,0,5,,1591738,5,,,0,5,,1591614,5,,,0,5,,1591739,5,,,0,5,,1591742,5,,,0,5,,1591699,5,,,0,4,,1591740,5,,,0,5,,1591700,5,,,0,4,,1591741,5,,,0,7,,1591615,5,,,0,5,,1591744,5,,,0,48,,1591616,5,,,0,8,,1591617,5,,,0,8,,1591618,5,,,0,8,,1591619,5,,,0,9,,1591698,5,,,0,9,,1591620,5,,,0,9,,1591621,5,,,0,49,,1591622,5,,,0,10,,1591624,5,,,0,11,,1591625,5,,,0,8,,1591623,5,,,0,10,,1591626,5,,,0,11,,1591707,5,,,0,50,,1591627,5,,,0,10,,1591628,5,,,0,10,,1591629,5,,,0,8,,1591630,5,,,0,10,,1591732,5,,,0,10,,1591711,5,,,0,50,,1591631,5,,,0,10,,1591633,5,,,0,10,,1591634,5,,,0,10,,1591712,5,,,0,10,,1591635,5,,,0,10,,1591632,5,,,0,50,,1591636,5,,,0,10,,1591637,5,,,0,10,,1591638,5,,,0,10,,1591639,5,,,0,10,,1591641,5,,,0,10,,1591642,5,,,0,50,,1591643,5,,,0,10,,1591713,5,,,0,10,,1591640,5,,,0,10,,1591714,5,,,0,10,,1591644,5,,,0,10,,1591645,5,,,0,50,,1591646,5,,,0,9,,1591647,5,,,0,10,,1591648,5,,,0,6,,1591703,5,,,0,6,,1591743,5,,,0,7,,1591649,5,,,0,6,,1591651,5,,,0,5,,1591734,5,,,0,6,,1591735,5,,,0,46,,1591652,5,,,0,6,,1591653,5,,,0,6,,1591650,5,,,0,7,,1591710,5,,,0,7,,1591737,5,,,0,5,,1591654,5,,,0,7,,1591705,5,,,0,5,,1591708,5,,,0,7,,1591655,5,,,0,48,,1591656,5,,,0,7,,1591657,5,,,0,8,,1591658,5,,,0,8,,1591659,5,,,0,7,,1591660,5,,,0,7,,1591661,5,,,0,7,,1591662,5,,,0,10,,1591663,5,,,0,48,,1591664,5,,,0,8,,1591665,5,,,0,9,,1591667,5,,,0,10,,1591668,5,,,0,11,,1591669,5,,,0,11,,1591666,5,,,0,50,,1591671,5,,,0,10,,1591672,5,,,0,10,,1591673,5,,,0,10,,1591670,5,,,0,9,,1591674,5,,,0,10,,1591715,5,,,0,9,,1591675,5,,,0,50,,1591676,5,,,0,9,,1591716,5,,,0,10,,1591677,5,,,0,9,,1591678,5,,,0,11,,1591717,5,,,0,10,,1591679,5,,,0,50,,1591680,5,,,0,10,,1591718,5,,,0,10,,1591681,5,,,0,10,,1591682,5,,,0,10,,1591719,5,,,0,10,,1591683,5,,,0,50,,1591684,5,,,0,10,,1591720,5,,,0,10,,1591685,5,,,0,10,,1591686,5,,,0,10,,1591721,5,,,0,10,,1591687,5,,,0,50,,1591688,5,,,0,10,,1591722,5,,,0,10,,1591689,5,,,0,10,,1591690,5,,,0,10,,1591723,5,,,0,10,,1591692,5,,,0,50,,1591693,5,,,0,10,,1591724,5,,,0,10,,1591694,5,,,0,10,,1591691,5,,,0,10,,1591725,5,,,0,10,,1591695,5,,,0,50,,1591696,5,,,0,10,,1591726,5,,,0,10,,1591697,5,,,0,10,,1591704,5,,,0,10,,1591727,5,,,0,10,,1591706,5,,,0,50,,1591730,5,,,0,10,,1591731,5,,,0,10,,1591736,5,,,0
80503,'20261015',514,,1591868,5,,,0,9,,1591867,5,,,0,11,,1591745,5,,,0,10,,1591746,5,,,0,10,,1591747,5,,,0,50,,1591848,5,,,0,10,,1591748,5,,,0,10,,1591841,5,,,0,10,,1591749,5,,,0,5,,1591840,5,,,0,7,,1591750,5,,,0,8,,1591751,5,,,0,5,,1591752,5,,,0,46,,1591872,5,,,0,5,,1591877,5,,,0,5,,1591753,5,,,0,5,,1591878,5,,,0,5,,1591881,5,,,0,5,,1591838,5,,,0,4,,1591879,5,,,0,5,,1591839,5,,,0,4,,1591880,5,,,0,7,,1591754,5,,,0,5,,1591883,5,,,0,48,,1591755,5,,,0,8,,1591756,5,,,0,8,,1591757,5,,,0,8,,1591758,5,,,0,9,,1591837,5,,,0,9,,1591759,5,,,0,9,,1591760,5,,,0,49,,1591761,5,,,0,10,,1591763,5,,,0,11,,1591764,5,,,0,8,,1591762,5,,,0,10,,1591765,5,,,0,11,,1591846,5,,,0,50,,1591766,5,,,0,10,,1591767,5,,,0,10,,1591768,5,,,0,8,,1591769,5,,,0,10,,1591871,5,,,0,10,,1591850,5,,,0,50,,1591770,5,,,0,10,,1591772,5,,,0,10,,1591773,5,,,0,10,,1591851,5,,,0,10,,1591774,5,,,0,10,,1591771,5,,,0,50,,1591775,5,,,0,10,,1591776,5,,,0,10,,1591777,5,,,0,10,,1591778,5,,,0,10,,1591780,5,,,0,10,,1591781,5,,,0,50,,1591782,5,,,0,10,,1591852,5,,,0,10,,1591779,5,,,0,10,,1591853,5,,,0,10,,1591783,5,,,0,10,,1591784,5,,,0,50,,1591785,5,,,0,9,,1591786,5,,,0,10,,1591787,5,,,0,6,,1591842,5,,,0,6,,1591882,5,,,0,7,,1591788,5,,,0,6,,1591790,5,,,0,5,,1591873,5,,,0,6,,1591874,5,,,0,46,,1591791,5,,,0,6,,1591792,5,,,0,6,,1591789,5,,,0,7,,1591849,5,,,0,7,,1591876,5,,,0,5,,1591793,5,,,0,7,,1591844,5,,,0,5,,1591847,5,,,0,7,,1591794,5,,,0,48,,1591795,5,,,0,7,,1591796,5,,,0,8,,1591797,5,,,0,8,,1591798,5,,,0,7,,1591799,5,,,0,7,,1591800,5,,,0,7,,1591801,5,,,0,10,,1591802,5,,,0,48,,1591803,5,,,0,8,,1591804,5,,,0,9,,1591806,5,,,0,10,,1591807,5,,,0,11,,1591808,5,,,0,11,,1591805,5,,,0,50,,1591810,5,,,0,10,,1591811,5,,,0,10,,1591812,5,,,0,10,,1591809,5,,,0,9,,1591813,5,,,0,10,,1591854,5,,,0,9,,1591814,5,,,0,50,,1591815,5,,,0,9,,1591855,5,,,0,10,,1591816,5,,,0,9,,1591817,5,,,0,11,,1591856,5,,,0,10,,1591818,5,,,0,50,,1591819,5,,,0,10,,1591857,5,,,0,10,,1591820,5,,,0,10,,1591821,5,,,0,10,,1591858,5,,,0,10,,1591822,5,,,0,50,,1591823,5,,,0,10,,1591859,5,,,0,10,,1591824,5,,,0,10,,1591825,5,,,0,10,,1591860,5,,,0,10,,1591826,5,,,0,50,,1591827,5,,,0,10,,1591861,5,,,0,10,,1591828,5,,,0,10,,1591829,5,,,0,10,,1591862,5,,,0,10,,1591831,5,,,0,50,,1591832,5,,,0,10,,1591863,5,,,0,10,,1591833,5,,,0,10,,1591830,5,,,0,10,,1591864,5,,,0,10,,1591834,5,,,0,50,,1591835,5,,,0,10,,1591865,5,,,0,10,,1591836,5,,,0,10,,1591843,5,,,0,10,,1591866,5,,,0,10,,1591845,5,,,0,50,,1591869,5,,,0,10,,1591870,5,,,0,10,,1591875,5,,,0
80503,'20261016',514,,1592007,5,,,0,9,,1592006,5,,,0,11,,1591884,5,,,0,10,,1591885,5,,,0,10,,1591886,5,,,0,50,,1591987,5,,,0,10,,1591887,5,,,0,10,,1591980,5,,,0,10,,1591888,5,,,0,5,,1591979,5,,,0,7,,1591889,5,,,0,8,,1591890,5,,,0,5,,1591891,5,,,0,46,,1592011,5,,,0,5,,1592016,5,,,0,5,,1591892,5,,,0,5,,1592017,5,,,0,5,,1592020,5,,,0,5,,1591977,5,,,0,4,,1592018,5,,,0,5,,1591978,5,,,0,4,,1592019,5,,,0,7,,1591893,5,,,0,5,,1592022,5,,,0,48,,1591894,5,,,0,8,,1591895,5,,,0,8,,1591896,5,,,0,8,,1591897,5,,,0,9,,1591976,5,,,0,9,,1591898,5,,,0,9,,1591899,5,,,0,49,,1591900,5,,,0,10,,1591902,5,,,0,11,,1591903,5,,,0,8,,1591901,5,,,0,10,,1591904,5,,,0,11,,1591985,5,,,0,50,,1591905,5,,,0,10,,1591906,5,,,0,10,,1591907,5,,,0,8,,1591908,5,,,0,10,,1592010,5,,,0,10,,1591989,5,,,0,50,,1591909,5,,,0,10,,1591911,5,,,0,10,,1591912,5,,,0,10,,1591990,5,,,0,10,,1591913,5,,,0,10,,1591910,5,,,0,50,,1591914,5,,,0,10,,1591915,5,,,0,10,,1591916,5,,,0,10,,1591917,5,,,0,10,,1591919,5,,,0,10,,1591920,5,,,0,50,,1591921,5,,,0,10,,1591991,5,,,0,10,,1591918,5,,,0,10,,1591992,5,,,0,10,,1591922,5,,,0,10,,1591923,5,,,0,50,,1591924,5,,,0,9,,1591925,5,,,0,10,,1591926,5,,,0,6,,1591981,5,,,0,6,,1592021,5,,,0,7,,1591927,5,,,0,6,,1591929,5,,,0,5,,1592012,5,,,0,6,,1592013,5,,,0,46,,1591930,5,,,0,6,,1591931,5,,,0,6,,1591928,5,,,0,7,,1591988,5,,,0,7,,1592015,5,,,0,5,,1591932,5,,,0,7,,1591983,5,,,0,5,,1591986,5,,,0,7,,1591933,5,,,0,48,,1591934,5,,,0,7,,1591935,5,,,0,8,,1591936,5,,,0,8,,1591937,5,,,0,7,,1591938,5,,,0,7,,1591939,5,,,0,7,,1591940,5,,,0,10,,1591941,5,,,0,48,,1591942,5,,,0,8,,1591943,5,,,0,9,,1591945,5,,,0,10,,1591946,5,,,0,11,,1591947,5,,,0,11,,1591944,5,,,0,50,,1591949,5,,,0,10,,1591950,5,,,0,10,,1591951,5,,,0,10,,1591948,5,,,0,9,,1591952,5,,,0,10,,1591993,5,,,0,9,,1591953,5,,,0,50,,1591954,5,,,0,9,,1591994,5,,,0,10,,1591955,5,,,0,9,,1591956,5,,,0,11,,1591995,5,,,0,10,,1591957,5,,,0,50,,1591958,5,,,0,10,,1591996,5,,,0,10,,1591959,5,,,0,10,,1591960,5,,,0,10,,1591997,5,,,0,10,,1591961,5,,,0,50,,1591962,5,,,0,10,,1591998,5,,,0,10,,1591963,5,,,0,10,,1591964,5,,,0,10,,1591999,5,,,0,10,,1591965,5,,,0,50,,1591966,5,,,0,10,,1592000,5,,,0,10,,1591967,5,,,0,10,,1591968,5,,,0,10,,1592001,5,,,0,10,,1591970,5,,,0,50,,1591971,5,,,0,10,,1592002,5,,,0,10,,1591972,5,,,0,10,,1591969,5,,,0,10,,1592003,5,,,0,10,,1591973,5,,,0,50,,1591974,5,,,0,10,,1592004,5,,,0,10,,1591975,5,,,0,10,,1591982,5,,,0,10,,1592005,5,,,0,10,,1591984,5,,,0,50,,1592008,5,,,0,10,,1592009,5,,,0,10,,1592014,5,,,0
93101,'20261002',2647,,1593508,33,,,0
93101,'20261003',2647,,1593509,33,,,0
93101,'20261009',2647,,1540223,33,,,0
93101,'20261010',2647,,1561860,33,,,0
93101,'20261016',2647,,1593510,33,,,0
