1203,'20261009',626,,1597172,3,,,0,29,,1597173,3,,,0,77,,1597174,3,,,0,26,,1597175,3,,,0,71,,1597176,3,,,0,71,,1597177,3,,,0,58,,1597178,3,,,0,98,,1597179,3,,,0,97,,1597180,3,,,0,101,,1597181,3,,,0,100,,1597182,3,,,0,98,,1597183,3,,,0,98,,1597184,3,,,0,150,,1597185,3,,,0,57,,1597186,3,,,0,102,,1597187,3,,,0,99,,1597188,3,,,0,100,,1597189,3,,,0,100,,1597190,3,,,0,99,,1597191,3,,,0
1203,'20261010',735,,1627884,3,,,0,100,,1627885,3,,,0,98,,1627886,3,,,0,98,,1627887,3,,,0,102,,1627888,3,,,0,105,,1627889,3,,,0,95,,1627890,3,,,0,105,,1627891,3,,,0,94,,1627892,3,,,0,101,,1627893,3,,,0,102,,1627894,3,,,0,101,,1627895,3,,,0,100,,1627896,3,,,0,100,,1627897,3,,,0,100,,1627898,3,,,0,100,,1627899,3,,,0
1203,'20261011',735,,1627900,3,,,0,100,,1627901,3,,,0,98,,1627902,3,,,0,98,,1627903,3,,,0,102,,1627904,3,,,0,105,,1627905,3,,,0,95,,1627906,3,,,0,105,,1627907,3,,,0,94,,1627908,3,,,0,101,,1627909,3,,,0,102,,1627910,3,,,0,101,,1627911,3,,,0,100,,1627912,3,,,0,100,,1627913,3,,,0,100,,1627914,3,,,0,100,,1627915,3,,,0
1203,'20261012',735,,1627916,3,,,0,100,,1627917,3,,,0,98,,1627918,3,,,0,98,,1627919,3,,,0,102,,1627920,3,,,0,105,,1627921,3,,,0,95,,1627922,3,,,0,105,,1627923,3,,,0,94,,1627924,3,,,0,101,,1627925,3,,,0,102,,1627926,3,,,0,101,,1627927,3,,,0,100,,1627928,3,,,0,100,,1627929,3,,,0,100,,1627930,3,,,0,100,,1627931,3,,,0
1203,'20261013',626,,1565476,3,,,0,29,,1565494,3,,,0,77,,1565477,3,,,0,26,,1565478,3,,,0,71,,1565495,3,,,0,71,,1565479,3,,,0,58,,1565480,3,,,0,98,,1565481,3,,,0,97,,1565482,3,,,0,101,,1565483,3,,,0,100,,1565484,3,,,0,98,,1565485,3,,,0,98,,1565486,3,,,0,150,,1565487,3,,,0,57,,1565488,3,,,0,102,,1565489,3,,,0,99,,1565490,3,,,0,100,,1565491,3,,,0,100,,1565492,3,,,0,99,,1565493,3,,,0
1203,'20261014',626,,1565496,3,,,0,29,,1565514,3,,,0,77,,1565497,3,,,0,26,,1565498,3,,,0,71,,1565515,3,,,0,71,,1565499,3,,,0,58,,1565500,3,,,0,98,,1565501,3,,,0,97,,1565502,3,,,0,101,,1565503,3,,,0,100,,1565504,3,,,0,98,,1565505,3,,,0,98,,1565506,3,,,0,150,,1565507,3,,,0,57,,1565508,3,,,0,102,,1565509,3,,,0,99,,1565510,3,,,0,100,,1565511,3,,,0,100,,1565512,3,,,0,99,,1565513,3,,,0
1203,'20261015',626,,1565516,3,,,0,29,,1565534,3,,,0,77,,1565517,3,,,0,26,,1565518,3,,,0,71,,1565535,3,,,0,71,,1565519,3,,,0,58,,1565520,3,,,0,98,,1565521,3,,,0,97,,1565522,3,,,0,101,,1565523,3,,,0,100,,1565524,3,,,0,98,,1565525,3,,,0,98,,1565526,3,,,0,150,,1565527,3,,,0,57,,1565528,3,,,0,102,,1565529,3,,,0,99,,1565530,3,,,0,100,,1565531,3,,,0,100,,1565532,3,,,0,99,,1565533,3,,,0
1203,'20261016',626,,1565536,3,,,0,29,,1565554,3,,,0,77,,1565537,3,,,0,26,,1565538,3,,,0,71,,1565555,3,,,0,71,,1565539,3,,,0,58,,1565540,3,,,0,98,,1565541,3,,,0,97,,1565542,3,,,0,101,,1565543,3,,,0,100,,1565544,3,,,0,98,,1565545,3,,,0,98,,1565546,3,,,0,150,,1565547,3,,,0,57,,1565548,3,,,0,102,,1565549,3,,,0,99,,1565550,3,,,0,100,,1565551,3,,,0,100,,1565552,3,,,0,99,,1565553,3,,,0
1203,'20261017',735,,1597192,3,,,0,100,,1597193,3,,,0,98,,1597194,3,,,0,98,,1597195,3,,,0,102,,1597196,3,,,0,105,,1597197,3,,,0,95,,1597198,3,,,0,105,,1597199,3,,,0,94,,1597200,3,,,0,101,,1597201,3,,,0,102,,1597202,3,,,0,101,,1597203,3,,,0,100,,1597204,3,,,0,100,,1597205,3,,,0,100,,1597206,3,,,0,100,,1597207,3,,,0
1203,'20261018',735,,1597208,3,,,0,100,,1597209,3,,,0,98,,1597210,3,,,0,98,,1597211,3,,,0,102,,1597212,3,,,0,105,,1597213,3,,,0,95,,1597214,3,,,0,105,,1597215,3,,,0,94,,1597216,3,,,0,101,,1597217,3,,,0,102,,1597218,3,,,0,101,,1597219,3,,,0,100,,1597220,3,,,0,100,,1597221,3,,,0,100,,1597223,3,,,0,100,,1597222,3,,,0
1203,'20261019',626,,1597224,3,,,0,29,,1597242,3,,,0,77,,1597225,3,,,0,26,,1597226,3,,,0,71,,1597243,3,,,0,71,,1597227,3,,,0,58,,1597228,3,,,0,98,,1597229,3,,,0,97,,1597230,3,,,0,101,,1597231,3,,,0,100,,1597232,3,,,0,98,,1597233,3,,,0,98,,1597234,3,,,0,150,,1597235,3,,,0,57,,1597236,3,,,0,102,,1597237,3,,,0,99,,1597238,3,,,0,100,,1597239,3,,,0,100,,1597240,3,,,0,99,,1597241,3,,,0
1203,'20261020',626,,1597244,3,,,0,29,,1597262,3,,,0,77,,1597245,3,,,0,26,,1597246,3,,,0,71,,1597263,3,,,0,71,,1597247,3,,,0,58,,1597248,3,,,0,98,,1597249,3,,,0,97,,1597250,3,,,0,101,,1597251,3,,,0,100,,1597252,3,,,0,98,,1597253,3,,,0,98,,1597254,3,,,0,150,,1597255,3,,,0,57,,1597256,3,,,0,102,,1597257,3,,,0,99,,1597258,3,,,0,100,,1597259,3,,,0,100,,1597260,3,,,0,99,,1597261,3,,,0
1203,'20261021',626,,1627932,3,,,0,29,,1627950,3,,,0,77,,1627933,3,,,0,26,,1627934,3,,,0,71,,1627951,3,,,0,71,,1627935,3,,,0,58,,1627936,3,,,0,98,,1627937,3,,,0,97,,1627938,3,,,0,101,,1627939,3,,,0,100,,1627940,3,,,0,98,,1627941,3,,,0,98,,1627942,3,,,0,150,,1627943,3,,,0,57,,1627944,3,,,0,102,,1627945,3,,,0,99,,1627946,3,,,0,100,,1627947,3,,,0,100,,1627948,3,,,0,99,,1627949,3,,,0
1203,'20261022',626,,1627952,3,,,0,29,,1627970,3,,,0,77,,1627953,3,,,0,26,,1627954,3,,,0,71,,1627971,3,,,0,71,,1627955,3,,,0,58,,1627956,3,,,0,98,,1627957,3,,,0,97,,1627958,3,,,0,101,,1627959,3,,,0,100,,1627960,3,,,0,98,,1627961,3,,,0,98,,1627962,3,,,0,150,,1627963,3,,,0,57,,1627964,3,,,0,102,,1627965,3,,,0,99,,1627966,3,,,0,100,,1627967,3,,,0,100,,1627968,3,,,0,99,,1627969,3,,,0
1203,'20261023',626,,1627972,3,,,0,29,,1627990,3,,,0,77,,1627973,3,,,0,26,,1627974,3,,,0,71,,1627991,3,,,0,71,,1627975,3,,,0,58,,1627976,3,,,0,98,,1627977,3,,,0,97,,1627978,3,,,0,101,,1627979,3,,,0,100,,1627980,3,,,0,98,,1627981,3,,,0,98,,1627982,3,,,0,150,,1627983,3,,,0,57,,1627984,3,,,0,102,,1627985,3,,,0,99,,1627986,3,,,0,100,,1627987,3,,,0,100,,1627988,3,,,0,99,,1627989,3,,,0
7001,'20261009',648,,1604879,81,,,0,60,,1604880,81,,,0,18,,1604881,81,,,0,22,,1604882,81,,,0,60,,1604883,81,,,0,20,,1604884,81,,,0,18,,1604885,81,,,0,58,,1604886,81,,,0,20,,1604887,81,,,0,21,,1604888,81,,,0,57,,1604889,81,,,0,19,,1604890,81,,,0,18,,1604891,81,,,0,19,,1604892,81,,,0,61,,1604893,81,,,0,20,,1604894,81,,,0,20,,1604895,81,,,0,61,,1604896,81,,,0,20,,1604897,81,,,0,60,,1604898,81,,,0,21,,1604899,81,,,0,20,,1604900,81,,,0,59,,1604901,81,,,0,17,,1604902,81,,,0,22,,1604903,81,,,0,20,,1604904,81,,,0,64,,1604905,81,,,0,20,,1604906,81,,,0,66,,1604907,81,,,0,21,,1604908,81,,,0,20,,1604909,81,,,0,62,,1604910,81,,,0,24,,1604911,81,,,0,21,,1604912,81,,,0,60,,1604913,81,,,0,22,,1604914,81,,,0,18,,1604915,81,,,0,59,,1604916,81,,,0,35,,1604917,81,,,0,70,,1604918,81,,,0,30,,1604919,81,,,0,70,,1604920,81,,,0,30,,1604921,81,,,0,70,,1604922,81,,,0,30,,1604923,81,,,0,70,,1604924,81,,,0,30,,1604925,81,,,0
7001,'20261010',649,,1633053,81,,,0,70,,1633054,81,,,0,30,,1633055,81,,,0,71,,1633056,81,,,0,31,,1633057,81,,,0,70,,1633058,81,,,0,29,,1633059,81,,,0,72,,1633060,81,,,0,30,,1633061,81,,,0,71,,1633062,81,,,0,30,,1633063,81,,,0,71,,1633064,81,,,0,30,,1633065,81,,,0,70,,1633066,81,,,0,30,,1633067,81,,,0,70,,1633068,81,,,0,30,,1633069,81,,,0,70,,1633070,81,,,0,30,,1633071,81,,,0,70,,1633072,81,,,0,30,,1633073,81,,,0,71,,1633074,81,,,0,29,,1633075,81,,,0,67,,1633076,81,,,0,29,,1633077,81,,,0,70,,1633078,81,,,0,30,,1633079,81,,,0,70,,1633080,81,,,0,30,,1633081,81,,,0,70,,1633082,81,,,0,29,,1633083,81,,,0,70,,1633084,81,,,0,30,,1633085,81,,,0,70,,1633086,81,,,0
7001,'20261011',649,,1633087,81,,,0,70,,1633088,81,,,0,30,,1633089,81,,,0,71,,1633090,81,,,0,31,,1633091,81,,,0,70,,1633092,81,,,0,29,,1633093,81,,,0,72,,1633094,81,,,0,30,,1633095,81,,,0,71,,1633096,81,,,0,30,,1633097,81,,,0,71,,1633098,81,,,0,30,,1633099,81,,,0,70,,1633100,81,,,0,30,,1633101,81,,,0,70,,1633102,81,,,0,30,,1633103,81,,,0,70,,1633104,81,,,0,30,,1633105,81,,,0,70,,1633106,81,,,0,30,,1633107,81,,,0,71,,1633108,81,,,0,29,,1633109,81,,,0,67,,1633110,81,,,0,29,,1633111,81,,,0,70,,1633112,81,,,0,30,,1633113,81,,,0,70,,1633114,81,,,0,30,,1633115,81,,,0,70,,1633116,81,,,0,29,,1633117,81,,,0,70,,1633118,81,,,0,30,,1633119,81,,,0,70,,1633120,81,,,0
7001,'20261012',649,,1633121,81,,,0,70,,1633122,81,,,0,30,,1633123,81,,,0,71,,1633124,81,,,0,31,,1633125,81,,,0,70,,1633126,81,,,0,29,,1633127,81,,,0,72,,1633128,81,,,0,30,,1633129,81,,,0,71,,1633130,81,,,0,30,,1633131,81,,,0,71,,1633132,81,,,0,30,,1633133,81,,,0,70,,1633134,81,,,0,30,,1633135,81,,,0,70,,1633136,81,,,0,30,,1633137,81,,,0,70,,1633138,81,,,0,30,,1633139,81,,,0,70,,1633140,81,,,0,30,,1633141,81,,,0,71,,1633142,81,,,0,29,,1633143,81,,,0,67,,1633144,81,,,0,29,,1633145,81,,,0,70,,1633146,81,,,0,30,,1633147,81,,,0,70,,1633148,81,,,0,30,,1633149,81,,,0,70,,1633150,81,,,0,29,,1633151,81,,,0,70,,1633152,81,,,0,30,,1633153,81,,,0,70,,1633154,81,,,0
7001,'20261013',648,,1573177,81,,,0,60,,1573194,81,,,0,18,,1573195,81,,,0,22,,1573178,81,,,0,60,,1573196,81,,,0,20,,1573197,81,,,0,18,,1573179,81,,,0,58,,1573198,81,,,0,20,,1573199,81,,,0,21,,1573180,81,,,0,57,,1573200,81,,,0,19,,1573201,81,,,0,18,,1573181,81,,,0,19,,1573202,81,,,0,61,,1573203,81,,,0,20,,1573182,81,,,0,20,,1573204,81,,,0,61,,1573205,81,,,0,20,,1573183,81,,,0,60,,1573206,81,,,0,21,,1573207,81,,,0,20,,1573184,81,,,0,59,,1573208,81,,,0,17,,1573209,81,,,0,22,,1573185,81,,,0,20,,1573210,81,,,0,64,,1573211,81,,,0,20,,1573186,81,,,0,66,,1573212,81,,,0,21,,1573213,81,,,0,20,,1573187,81,,,0,62,,1573214,81,,,0,24,,1573215,81,,,0,21,,1573188,81,,,0,60,,1573216,81,,,0,22,,1573217,81,,,0,18,,1573189,81,,,0,59,,1573218,81,,,0,35,,1573190,81,,,0,70,,1573219,81,,,0,30,,1573191,81,,,0,70,,1573220,81,,,0,30,,1573192,81,,,0,70,,1573221,81,,,0,30,,1573193,81,,,0,70,,1573222,81,,,0,30,,1573223,81,,,0
7001,'20261014',648,,1573224,81,,,0,60,,1573241,81,,,0,18,,1573242,81,,,0,22,,1573225,81,,,0,60,,1573243,81,,,0,20,,1573244,81,,,0,18,,1573226,81,,,0,58,,1573245,81,,,0,20,,1573246,81,,,0,21,,1573227,81,,,0,57,,1573247,81,,,0,19,,1573248,81,,,0,18,,1573228,81,,,0,19,,1573249,81,,,0,61,,1573250,81,,,0,20,,1573229,81,,,0,20,,1573251,81,,,0,61,,1573252,81,,,0,20,,1573230,81,,,0,60,,1573253,81,,,0,21,,1573254,81,,,0,20,,1573231,81,,,0,59,,1573255,81,,,0,17,,1573256,81,,,0,22,,1573232,81,,,0,20,,1573257,81,,,0,64,,1573258,81,,,0,20,,1573233,81,,,0,66,,1573259,81,,,0,21,,1573260,81,,,0,20,,1573234,81,,,0,62,,1573261,81,,,0,24,,1573262,81,,,0,21,,1573235,81,,,0,60,,1573263,81,,,0,22,,1573264,81,,,0,18,,1573236,81,,,0,59,,1573265,81,,,0,35,,1573237,81,,,0,70,,1573266,81,,,0,30,,1573238,81,,,0,70,,1573267,81,,,0,30,,1573239,81,,,0,70,,1573268,81,,,0,30,,1573240,81,,,0,70,,1573269,81,,,0,30,,1573270,81,,,0
7001,'20261015',648,,1573271,81,,,0,60,,1573288,81,,,0,18,,1573289,81,,,0,22,,1573272,81,,,0,60,,1573290,81,,,0,20,,1573291,81,,,0,18,,1573273,81,,,0,58,,1573292,81,,,0,20,,1573293,81,,,0,21,,1573274,81,,,0,57,,1573294,81,,,0,19,,1573295,81,,,0,18,,1573275,81,,,0,19,,1573296,81,,,0,61,,1573297,81,,,0,20,,1573276,81,,,0,20,,1573298,81,,,0,61,,1573299,81,,,0,20,,1573277,81,,,0,60,,1573300,81,,,0,21,,1573301,81,,,0,20,,1573278,81,,,0,59,,1573302,81,,,0,17,,1573303,81,,,0,22,,1573279,81,,,0,20,,1573304,81,,,0,64,,1573305,81,,,0,20,,1573280,81,,,0,66,,1573306,81,,,0,21,,1573307,81,,,0,20,,1573281,81,,,0,62,,1573308,81,,,0,24,,1573309,81,,,0,21,,1573282,81,,,0,60,,1573310,81,,,0,22,,1573311,81,,,0,18,,1573283,81,,,0,59,,1573312,81,,,0,35,,1573284,81,,,0,70,,1573313,81,,,0,30,,1573285,81,,,0,70,,1573314,81,,,0,30,,1573286,81,,,0,70,,1573315,81,,,0,30,,1573287,81,,,0,70,,1573316,81,,,0,30,,1573317,81,,,0
7001,'20261016',648,,1573318,81,,,0,60,,1573335,81,,,0,18,,1573336,81,,,0,22,,1573319,81,,,0,60,,1573337,81,,,0,20,,1573338,81,,,0,18,,1573320,81,,,0,58,,1573339,81,,,0,20,,1573340,81,,,0,21,,1573321,81,,,0,57,,1573341,81,,,0,19,,1573342,81,,,0,18,,1573322,81,,,0,19,,1573343,81,,,0,61,,1573344,81,,,0,20,,1573323,81,,,0,20,,1573345,81,,,0,61,,1573346,81,,,0,20,,1573324,81,,,0,60,,1573347,81,,,0,21,,1573348,81,,,0,20,,1573325,81,,,0,59,,1573349,81,,,0,17,,1573350,81,,,0,22,,1573326,81,,,0,20,,1573351,81,,,0,64,,1573352,81,,,0,20,,1573327,81,,,0,66,,1573353,81,,,0,21,,1573354,81,,,0,20,,1573328,81,,,0,62,,1573355,81,,,0,24,,1573356,81,,,0,21,,1573329,81,,,0,60,,1573357,81,,,0,22,,1573358,81,,,0,18,,1573330,81,,,0,59,,1573359,81,,,0,35,,1573331,81,,,0,70,,1573360,81,,,0,30,,1573332,81,,,0,70,,1573361,81,,,0,30,,1573333,81,,,0,70,,1573362,81,,,0,30,,1573334,81,,,0,70,,1573363,81,,,0,30,,1573364,81,,,0
7001,'20261017',649,,1604926,81,,,0,70,,1604942,81,,,0,30,,1604927,81,,,0,71,,1604943,81,,,0,31,,1604928,81,,,0,70,,1604944,81,,,0,29,,1604929,81,,,0,72,,1604945,81,,,0,30,,1604930,81,,,0,71,,1604946,81,,,0,30,,1604931,81,,,0,71,,1604947,81,,,0,30,,1604932,81,,,0,70,,1604948,81,,,0,30,,1604933,81,,,0,70,,1604949,81,,,0,30,,1604950,81,,,0,70,,1604951,81,,,0,30,,1604952,81,,,0,70,,1604953,81,,,0,30,,1604934,81,,,0,71,,1604954,81,,,0,29,,1604935,81,,,0,67,,1604955,81,,,0,29,,1604936,81,,,0,70,,1604956,81,,,0,30,,1604957,81,,,0,70,,1604937,81,,,0,30,,1604958,81,,,0,70,,1604938,81,,,0,29,,1604941,81,,,0,70,,1604939,81,,,0,30,,1604959,81,,,0,70,,1604940,81,,,0
7001,'20261018',649,,1604960,81,,,0,70,,1604977,81,,,0,30,,1604961,81,,,0,71,,1604978,81,,,0,31,,1604962,81,,,0,70,,1604976,81,,,0,29,,1604963,81,,,0,72,,1604979,81,,,0,30,,1604964,81,,,0,71,,1604980,81,,,0,30,,1604965,81,,,0,71,,1604981,81,,,0,30,,1604966,81,,,0,70,,1604982,81,,,0,30,,1604967,81,,,0,70,,1604983,81,,,0,30,,1604984,81,,,0,70,,1604985,81,,,0,30,,1604986,81,,,0,70,,1604987,81,,,0,30,,1604968,81,,,0,71,,1604988,81,,,0,29,,1604969,81,,,0,67,,1604989,81,,,0,29,,1604970,81,,,0,70,,1604990,81,,,0,30,,1604991,81,,,0,70,,1604971,81,,,0,30,,1604992,81,,,0,70,,1604972,81,,,0,29,,1604975,81,,,0,70,,1604973,81,,,0,30,,1604993,81,,,0,70,,1604974,81,,,0
7001,'20261019',648,,1604994,81,,,0,60,,1605011,81,,,0,18,,1605012,81,,,0,22,,1604995,81,,,0,60,,1605013,81,,,0,20,,1605014,81,,,0,18,,1604996,81,,,0,58,,1605015,81,,,0,20,,1605016,81,,,0,21,,1604997,81,,,0,57,,1605017,81,,,0,19,,1605018,81,,,0,18,,1604998,81,,,0,19,,1605019,81,,,0,61,,1605020,81,,,0,20,,1604999,81,,,0,20,,1605021,81,,,0,61,,1605022,81,,,0,20,,1605000,81,,,0,60,,1605023,81,,,0,21,,1605024,81,,,0,20,,1605001,81,,,0,59,,1605025,81,,,0,17,,1605026,81,,,0,22,,1605002,81,,,0,20,,1605027,81,,,0,64,,1605028,81,,,0,20,,1605003,81,,,0,66,,1605029,81,,,0,21,,1605030,81,,,0,20,,1605004,81,,,0,62,,1605031,81,,,0,24,,1605032,81,,,0,21,,1605005,81,,,0,60,,1605033,81,,,0,22,,1605034,81,,,0,18,,1605006,81,,,0,59,,1605035,81,,,0,35,,1605007,81,,,0,70,,1605036,81,,,0,30,,1605008,81,,,0,70,,1605037,81,,,0,30,,1605009,81,,,0,70,,1605038,81,,,0,30,,1605010,81,,,0,70,,1605039,81,,,0,30,,1605040,81,,,0
7001,'20261020',648,,1605041,81,,,0,60,,1605058,81,,,0,18,,1605059,81,,,0,22,,1605042,81,,,0,60,,1605060,81,,,0,20,,1605061,81,,,0,18,,1605043,81,,,0,58,,1605062,81,,,0,20,,1605063,81,,,0,21,,1605044,81,,,0,57,,1605064,81,,,0,19,,1605065,81,,,0,18,,1605045,81,,,0,19,,1605066,81,,,0,61,,1605067,81,,,0,20,,1605046,81,,,0,20,,1605068,81,,,0,61,,1605069,81,,,0,20,,1605047,81,,,0,60,,1605070,81,,,0,21,,1605071,81,,,0,20,,1605048,81,,,0,59,,1605072,81,,,0,17,,1605073,81,,,0,22,,1605049,81,,,0,20,,1605074,81,,,0,64,,1605075,81,,,0,20,,1605050,81,,,0,66,,1605076,81,,,0,21,,1605077,81,,,0,20,,1605051,81,,,0,62,,1605078,81,,,0,24,,1605079,81,,,0,21,,1605052,81,,,0,60,,1605080,81,,,0,22,,1605081,81,,,0,18,,1605053,81,,,0,59,,1605082,81,,,0,35,,1605054,81,,,0,70,,1605083,81,,,0,30,,1605055,81,,,0,70,,1605084,81,,,0,30,,1605056,81,,,0,70,,1605085,81,,,0,30,,1605057,81,,,0,70,,1605086,81,,,0,30,,1605087,81,,,0
7001,'20261021',648,,1633155,81,,,0,60,,1633172,81,,,0,18,,1633173,81,,,0,22,,1633156,81,,,0,60,,1633174,81,,,0,20,,1633175,81,,,0,18,,1633157,81,,,0,58,,1633176,81,,,0,20,,1633177,81,,,0,21,,1633158,81,,,0,57,,1633178,81,,,0,19,,1633179,81,,,0,18,,1633159,81,,,0,19,,1633180,81,,,0,61,,1633181,81,,,0,20,,1633160,81,,,0,20,,1633182,81,,,0,61,,1633183,81,,,0,20,,1633161,81,,,0,60,,1633184,81,,,0,21,,1633185,81,,,0,20,,1633162,81,,,0,59,,1633186,81,,,0,17,,1633187,81,,,0,22,,1633163,81,,,0,20,,1633188,81,,,0,64,,1633189,81,,,0,20,,1633164,81,,,0,66,,1633190,81,,,0,21,,1633191,81,,,0,20,,1633165,81,,,0,62,,1633192,81,,,0,24,,1633193,81,,,0,21,,1633166,81,,,0,60,,1633194,81,,,0,22,,1633195,81,,,0,18,,1633167,81,,,0,59,,1633196,81,,,0,35,,1633168,81,,,0,70,,1633197,81,,,0,30,,1633169,81,,,0,70,,1633198,81,,,0,30,,1633170,81,,,0,70,,1633199,81,,,0,30,,1633171,81,,,0,70,,1633200,81,,,0,30,,1633201,81,,,0
7001,'20261022',648,,1633202,81,,,0,60,,1633219,81,,,0,18,,1633220,81,,,0,22,,1633203,81,,,0,60,,1633221,81,,,0,20,,1633222,81,,,0,18,,1633204,81,,,0,58,,1633223,81,,,0,20,,1633224,81,,,0,21,,1633205,81,,,0,57,,1633225,81,,,0,19,,1633226,81,,,0,18,,1633206,81,,,0,19,,1633227,81,,,0,61,,1633228,81,,,0,20,,1633207,81,,,0,20,,1633229,81,,,0,61,,1633230,81,,,0,20,,1633208,81,,,0,60,,1633231,81,,,0,21,,1633232,81,,,0,20,,1633209,81,,,0,59,,1633233,81,,,0,17,,1633234,81,,,0,22,,1633210,81,,,0,20,,1633235,81,,,0,64,,1633236,81,,,0,20,,1633211,81,,,0,66,,1633237,81,,,0,21,,1633238,81,,,0,20,,1633212,81,,,0,62,,1633239,81,,,0,24,,1633240,81,,,0,21,,1633213,81,,,0,60,,1633241,81,,,0,22,,1633242,81,,,0,18,,1633214,81,,,0,59,,1633243,81,,,0,35,,1633215,81,,,0,70,,1633244,81,,,0,30,,1633216,81,,,0,70,,1633245,81,,,0,30,,1633217,81,,,0,70,,1633246,81,,,0,30,,1633218,81,,,0,70,,1633247,81,,,0,30,,1633248,81,,,0
7001,'20261023',648,,1633249,81,,,0,60,,1633266,81,,,0,18,,1633267,81,,,0,22,,1633250,81,,,0,60,,1633268,81,,,0,20,,1633269,81,,,0,18,,1633251,81,,,0,58,,1633270,81,,,0,20,,1633271,81,,,0,21,,1633252,81,,,0,57,,1633272,81,,,0,19,,1633273,81,,,0,18,,1633253,81,,,0,19,,1633274,81,,,0,61,,1633275,81,,,0,20,,1633254,81,,,0,20,,1633276,81,,,0,61,,1633277,81,,,0,20,,1633255,81,,,0,60,,1633278,81,,,0,21,,1633279,81,,,0,20,,1633256,81,,,0,59,,1633280,81,,,0,17,,1633281,81,,,0,22,,1633257,81,,,0,20,,1633282,81,,,0,64,,1633283,81,,,0,20,,1633258,81,,,0,66,,1633284,81,,,0,21,,1633285,81,,,0,20,,1633259,81,,,0,62,,1633286,81,,,0,24,,1633287,81,,,0,21,,1633260,81,,,0,60,,1633288,81,,,0,22,,1633289,81,,,0,18,,1633261,81,,,0,59,,1633290,81,,,0,35,,1633262,81,,,0,70,,1633291,81,,,0,30,,1633263,81,,,0,70,,1633292,81,,,0,30,,1633264,81,,,0,70,,1633293,81,,,0,30,,1633265,81,,,0,70,,1633294,81,,,0,30,,1633295,81,,,0
9103,'20261009',608,,1609751,10,,,0,98,,1609752,10,,,0,100,,1609753,10,,,0,101,,1609754,10,,,0,100,,1609755,10,,,0,100,,1609756,10,,,0,99,,1609757,10,,,0,100,,1609758,10,,,0,99,,1609759,10,,,0,98,,1609760,10,,,0,29,,1609761,10,,,0,70,,1609762,10,,,0,32,,1609763,10,,,0,76,,1609764,10,,,0,31,,1609765,10,,,0,63,,1609750,10,,,0,2,,1609766,10,,,0,100,,1609767,10,,,0,100,,1609768,10,,,0,100,,1609769,10,,,0,101,,1609770,10,,,0,100,,1609771,10,,,0
9103,'20261010',605,,1636494,10,,,0,100,,1636495,10,,,0,100,,1636496,10,,,0,99,,1636497,10,,,0,99,,1636498,10,,,0,99,,1636499,10,,,0,100,,1636500,10,,,0,99,,1636501,10,,,0,99,,1636502,10,,,0,100,,1636503,10,,,0,100,,1636504,10,,,0,100,,1636505,10,,,0,102,,1636506,10,,,0,101,,1636507,10,,,0,101,,1636508,10,,,0,100,,1636509,10,,,0,101,,1636510,10,,,0,100,,1636511,10,,,0
9103,'20261011',605,,1636512,10,,,0,100,,1636513,10,,,0,100,,1636514,10,,,0,99,,1636515,10,,,0,99,,1636516,10,,,0,99,,1636517,10,,,0,100,,1636518,10,,,0,99,,1636519,10,,,0,99,,1636520,10,,,0,100,,1636521,10,,,0,100,,1636522,10,,,0,100,,1636523,10,,,0,102,,1636524,10,,,0,101,,1636525,10,,,0,101,,1636526,10,,,0,100,,1636527,10,,,0,101,,1636528,10,,,0,100,,1636529,10,,,0
9103,'20261012',605,,1636530,10,,,0,100,,1636531,10,,,0,100,,1636532,10,,,0,99,,1636533,10,,,0,99,,1636534,10,,,0,99,,1636535,10,,,0,100,,1636536,10,,,0,99,,1636537,10,,,0,99,,1636538,10,,,0,100,,1636539,10,,,0,100,,1636540,10,,,0,100,,1636541,10,,,0,102,,1636542,10,,,0,101,,1636543,10,,,0,101,,1636544,10,,,0,100,,1636545,10,,,0,101,,1636546,10,,,0,100,,1636547,10,,,0
9103,'20261013',608,,1578029,10,,,0,98,,1578030,10,,,0,100,,1578031,10,,,0,101,,1578032,10,,,0,100,,1578033,10,,,0,100,,1578034,10,,,0,99,,1578035,10,,,0,100,,1578036,10,,,0,99,,1578037,10,,,0,98,,1578038,10,,,0,29,,1578039,10,,,0,70,,1578040,10,,,0,32,,1578041,10,,,0,76,,1578042,10,,,0,31,,1578043,10,,,0,65,,1578044,10,,,0,100,,1578045,10,,,0,100,,1578046,10,,,0,100,,1578047,10,,,0,101,,1578048,10,,,0,100,,1578049,10,,,0
9103,'20261014',608,,1578050,10,,,0,98,,1578051,10,,,0,100,,1578052,10,,,0,101,,1578053,10,,,0,100,,1578054,10,,,0,100,,1578055,10,,,0,99,,1578056,10,,,0,100,,1578057,10,,,0,99,,1578058,10,,,0,98,,1578059,10,,,0,29,,1578060,10,,,0,70,,1578061,10,,,0,32,,1578062,10,,,0,76,,1578063,10,,,0,31,,1578064,10,,,0,65,,1578065,10,,,0,100,,1578066,10,,,0,100,,1578067,10,,,0,100,,1578068,10,,,0,101,,1578069,10,,,0,100,,1578070,10,,,0
9103,'20261015',608,,1578071,10,,,0,98,,1578072,10,,,0,100,,1578073,10,,,0,101,,1578074,10,,,0,100,,1578075,10,,,0,100,,1578076,10,,,0,99,,1578077,10,,,0,100,,1578078,10,,,0,99,,1578079,10,,,0,98,,1578080,10,,,0,29,,1578081,10,,,0,70,,1578082,10,,,0,32,,1578083,10,,,0,76,,1578084,10,,,0,31,,1578085,10,,,0,65,,1578086,10,,,0,100,,1578087,10,,,0,100,,1578088,10,,,0,100,,1578089,10,,,0,101,,1578090,10,,,0,100,,1578091,10,,,0
9103,'20261016',608,,1578092,10,,,0,98,,1578093,10,,,0,100,,1578094,10,,,0,101,,1578095,10,,,0,100,,1578096,10,,,0,100,,1578097,10,,,0,99,,1578098,10,,,0,100,,1578099,10,,,0,99,,1578100,10,,,0,98,,1578101,10,,,0,29,,1578102,10,,,0,70,,1578103,10,,,0,32,,1578104,10,,,0,76,,1578105,10,,,0,31,,1578106,10,,,0,65,,1578107,10,,,0,100,,1578108,10,,,0,100,,1578109,10,,,0,100,,1578110,10,,,0,101,,1578111,10,,,0,100,,1578112,10,,,0
9103,'20261017',605,,1609772,10,,,0,100,,1609773,10,,,0,100,,1609774,10,,,0,99,,1609775,10,,,0,99,,1609776,10,,,0,99,,1609777,10,,,0,100,,1609778,10,,,0,99,,1609779,10,,,0,99,,1609780,10,,,0,100,,1609781,10,,,0,100,,1609782,10,,,0,100,,1609783,10,,,0,102,,1609784,10,,,0,101,,1609785,10,,,0,101,,1609786,10,,,0,100,,1609787,10,,,0,101,,1609788,10,,,0,100,,1609789,10,,,0
9103,'20261018',605,,1609790,10,,,0,100,,1609791,10,,,0,100,,1609792,10,,,0,99,,1609793,10,,,0,99,,1609794,10,,,0,99,,1609795,10,,,0,100,,1609796,10,,,0,99,,1609797,10,,,0,99,,1609798,10,,,0,100,,1609799,10,,,0,100,,1609800,10,,,0,100,,1609801,10,,,0,102,,1609802,10,,,0,101,,1609803,10,,,0,101,,1609804,10,,,0,100,,1609805,10,,,0,101,,1609806,10,,,0,100,,1609807,10,,,0
9103,'20261019',608,,1609808,10,,,0,98,,1609809,10,,,0,100,,1609810,10,,,0,101,,1609811,10,,,0,100,,1609812,10,,,0,100,,1609813,10,,,0,99,,1609814,10,,,0,100,,1609815,10,,,0,99,,1609816,10,,,0,98,,1609817,10,,,0,29,,1609818,10,,,0,70,,1609819,10,,,0,32,,1609820,10,,,0,76,,1609821,10,,,0,31,,1609822,10,,,0,65,,1609823,10,,,0,100,,1609824,10,,,0,100,,1609825,10,,,0,100,,1609826,10,,,0,101,,1609827,10,,,0,100,,1609828,10,,,0
9103,'20261020',608,,1609829,10,,,0,98,,1609830,10,,,0,100,,1609831,10,,,0,101,,1609832,10,,,0,100,,1609833,10,,,0,100,,1609834,10,,,0,99,,1609835,10,,,0,100,,1609836,10,,,0,99,,1609837,10,,,0,98,,1609838,10,,,0,29,,1609839,10,,,0,70,,1609840,10,,,0,32,,1609841,10,,,0,76,,1609842,10,,,0,31,,1609843,10,,,0,65,,1609844,10,,,0,100,,1609845,10,,,0,100,,1609846,10,,,0,100,,1609847,10,,,0,101,,1609848,10,,,0,100,,1609849,10,,,0
9103,'20261021',608,,1636548,10,,,0,98,,1636549,10,,,0,100,,1636550,10,,,0,101,,1636551,10,,,0,100,,1636552,10,,,0,100,,1636553,10,,,0,99,,1636554,10,,,0,100,,1636555,10,,,0,99,,1636556,10,,,0,98,,1636557,10,,,0,29,,1636558,10,,,0,70,,1636559,10,,,0,32,,1636560,10,,,0,76,,1636561,10,,,0,31,,1636562,10,,,0,65,,1636563,10,,,0,100,,1636564,10,,,0,100,,1636565,10,,,0,100,,1636566,10,,,0,101,,1636567,10,,,0,100,,1636568,10,,,0
9103,'20261022',608,,1636569,10,,,0,98,,1636570,10,,,0,100,,1636571,10,,,0,101,,1636572,10,,,0,100,,1636573,10,,,0,100,,1636574,10,,,0,99,,1636575,10,,,0,100,,1636576,10,,,0,99,,1636577,10,,,0,98,,1636578,10,,,0,29,,1636579,10,,,0,70,,1636580,10,,,0,32,,1636581,10,,,0,76,,1636582,10,,,0,31,,1636583,10,,,0,65,,1636584,10,,,0,100,,1636585,10,,,0,100,,1636586,10,,,0,100,,1636587,10,,,0,101,,1636588,10,,,0,100,,1636589,10,,,0
9103,'20261023',608,,1636590,10,,,0,98,,1636591,10,,,0,100,,1636592,10,,,0,101,,1636593,10,,,0,100,,1636594,10,,,0,100,,1636595,10,,,0,99,,1636596,10,,,0,100,,1636597,10,,,0,99,,1636598,10,,,0,98,,1636599,10,,,0,29,,1636600,10,,,0,70,,1636601,10,,,0,32,,1636602,10,,,0,76,,1636603,10,,,0,31,,1636604,10,,,0,65,,1636605,10,,,0,100,,1636606,10,,,0,100,,1636607,10,,,0,100,,1636608,10,,,0,101,,1636609,10,,,0,100,,1636610,10,,,0
9203,'20261009',543,,1610067,10,,,0,102,,1610068,10,,,0,103,,1610069,10,,,0,96,,1610070,10,,,0,101,,1610071,10,,,0,100,,1610072,10,,,0,101,,1610073,10,,,0,100,,1610074,10,,,0,100,,1610075,10,,,0,98,,1610076,10,,,0,71,,1610077,10,,,0,29,,1610078,10,,,0,71,,1610079,10,,,0,29,,1610080,10,,,0,76,,1610081,10,,,0,31,,1610082,10,,,0,95,,1610083,10,,,0,100,,1610084,10,,,0,100,,1610085,10,,,0,101,,1610086,10,,,0,100,,1610087,10,,,0
9203,'20261010',704,,1636722,10,,,0,99,,1636723,10,,,0,100,,1636724,10,,,0,100,,1636725,10,,,0,56,,1636726,10,,,0,100,,1636727,10,,,0,141,,1636728,10,,,0,102,,1636729,10,,,0,101,,1636730,10,,,0,104,,1636731,10,,,0,100,,1636732,10,,,0,102,,1636733,10,,,0,95,,1636734,10,,,0,100,,1636735,10,,,0,100,,1636736,10,,,0,100,,1636737,10,,,0,100,,1636738,10,,,0
9203,'20261011',704,,1636739,10,,,0,99,,1636740,10,,,0,100,,1636741,10,,,0,100,,1636742,10,,,0,56,,1636743,10,,,0,100,,1636744,10,,,0,141,,1636745,10,,,0,102,,1636746,10,,,0,101,,1636747,10,,,0,104,,1636748,10,,,0,100,,1636749,10,,,0,102,,1636750,10,,,0,95,,1636751,10,,,0,100,,1636752,10,,,0,100,,1636753,10,,,0,100,,1636754,10,,,0,100,,1636755,10,,,0
9203,'20261012',704,,1636756,10,,,0,99,,1636757,10,,,0,100,,1636758,10,,,0,100,,1636759,10,,,0,56,,1636760,10,,,0,100,,1636761,10,,,0,141,,1636762,10,,,0,102,,1636763,10,,,0,101,,1636764,10,,,0,104,,1636765,10,,,0,100,,1636766,10,,,0,102,,1636767,10,,,0,95,,1636768,10,,,0,100,,1636769,10,,,0,100,,1636770,10,,,0,100,,1636771,10,,,0,100,,1636772,10,,,0
9203,'20261013',543,,1578359,10,,,0,102,,1578343,10,,,0,103,,1578344,10,,,0,96,,1578345,10,,,0,101,,1578346,10,,,0,100,,1578347,10,,,0,101,,1578348,10,,,0,100,,1578349,10,,,0,100,,1578352,10,,,0,98,,1578362,10,,,0,71,,1578354,10,,,0,29,,1578360,10,,,0,71,,1578355,10,,,0,29,,1578363,10,,,0,76,,1578361,10,,,0,31,,1578356,10,,,0,95,,1578353,10,,,0,100,,1578357,10,,,0,100,,1578350,10,,,0,101,,1578351,10,,,0,100,,1578358,10,,,0
9203,'20261014',543,,1578380,10,,,0,102,,1578364,10,,,0,103,,1578365,10,,,0,96,,1578366,10,,,0,101,,1578367,10,,,0,100,,1578368,10,,,0,101,,1578369,10,,,0,100,,1578370,10,,,0,100,,1578373,10,,,0,98,,1578383,10,,,0,71,,1578375,10,,,0,29,,1578381,10,,,0,71,,1578376,10,,,0,29,,1578384,10,,,0,76,,1578382,10,,,0,31,,1578377,10,,,0,95,,1578374,10,,,0,100,,1578378,10,,,0,100,,1578371,10,,,0,101,,1578372,10,,,0,100,,1578379,10,,,0
9203,'20261015',543,,1578401,10,,,0,102,,1578385,10,,,0,103,,1578386,10,,,0,96,,1578387,10,,,0,101,,1578388,10,,,0,100,,1578389,10,,,0,101,,1578390,10,,,0,100,,1578391,10,,,0,100,,1578394,10,,,0,98,,1578404,10,,,0,71,,1578396,10,,,0,29,,1578402,10,,,0,71,,1578397,10,,,0,29,,1578405,10,,,0,76,,1578403,10,,,0,31,,1578398,10,,,0,95,,1578395,10,,,0,100,,1578399,10,,,0,100,,1578392,10,,,0,101,,1578393,10,,,0,100,,1578400,10,,,0
9203,'20261016',543,,1578422,10,,,0,102,,1578406,10,,,0,103,,1578407,10,,,0,96,,1578408,10,,,0,101,,1578409,10,,,0,100,,1578410,10,,,0,101,,1578411,10,,,0,100,,1578412,10,,,0,100,,1578415,10,,,0,98,,1578425,10,,,0,71,,1578417,10,,,0,29,,1578423,10,,,0,71,,1578418,10,,,0,29,,1578426,10,,,0,76,,1578424,10,,,0,31,,1578419,10,,,0,95,,1578416,10,,,0,100,,1578420,10,,,0,100,,1578413,10,,,0,101,,1578414,10,,,0,100,,1578421,10,,,0
9203,'20261017',704,,1610104,10,,,0,99,,1610098,10,,,0,100,,1610088,10,,,0,100,,1610097,10,,,0,56,,1610099,10,,,0,100,,1610089,10,,,0,141,,1610090,10,,,0,102,,1610091,10,,,0,101,,1610092,10,,,0,104,,1610100,10,,,0,100,,1610093,10,,,0,102,,1610094,10,,,0,95,,1610095,10,,,0,100,,1610096,10,,,0,100,,1610101,10,,,0,100,,1610103,10,,,0,100,,1610102,10,,,0
9203,'20261018',704,,1610121,10,,,0,99,,1610116,10,,,0,100,,1610105,10,,,0,100,,1610115,10,,,0,56,,1610117,10,,,0,100,,1610106,10,,,0,141,,1610107,10,,,0,102,,1610118,10,,,0,101,,1610108,10,,,0,104,,1610109,10,,,0,100,,1610119,10,,,0,102,,1610110,10,,,0,95,,1610111,10,,,0,100,,1610112,10,,,0,100,,1610120,10,,,0,100,,1610113,10,,,0,100,,1610114,10,,,0
9203,'20261019',543,,1610138,10,,,0,102,,1610122,10,,,0,103,,1610123,10,,,0,96,,1610124,10,,,0,101,,1610125,10,,,0,100,,1610126,10,,,0,101,,1610127,10,,,0,100,,1610128,10,,,0,100,,1610131,10,,,0,98,,1610141,10,,,0,71,,1610133,10,,,0,29,,1610139,10,,,0,71,,1610134,10,,,0,29,,1610142,10,,,0,76,,1610140,10,,,0,31,,1610135,10,,,0,95,,1610132,10,,,0,100,,1610136,10,,,0,100,,1610129,10,,,0,101,,1610130,10,,,0,100,,1610137,10,,,0
9203,'20261020',543,,1610159,10,,,0,102,,1610143,10,,,0,103,,1610144,10,,,0,96,,1610145,10,,,0,101,,1610146,10,,,0,100,,1610147,10,,,0,101,,1610148,10,,,0,100,,1610149,10,,,0,100,,1610152,10,,,0,98,,1610162,10,,,0,71,,1610154,10,,,0,29,,1610160,10,,,0,71,,1610155,10,,,0,29,,1610163,10,,,0,76,,1610161,10,,,0,31,,1610156,10,,,0,95,,1610153,10,,,0,100,,1610157,10,,,0,100,,1610150,10,,,0,101,,1610151,10,,,0,100,,1610158,10,,,0
9203,'20261021',543,,1636789,10,,,0,102,,1636773,10,,,0,103,,1636774,10,,,0,96,,1636775,10,,,0,101,,1636776,10,,,0,100,,1636777,10,,,0,101,,1636778,10,,,0,100,,1636779,10,,,0,100,,1636782,10,,,0,98,,1636792,10,,,0,71,,1636784,10,,,0,29,,1636790,10,,,0,71,,1636785,10,,,0,29,,1636793,10,,,0,76,,1636791,10,,,0,31,,1636786,10,,,0,95,,1636783,10,,,0,100,,1636787,10,,,0,100,,1636780,10,,,0,101,,1636781,10,,,0,100,,1636788,10,,,0
9203,'20261022',543,,1636810,10,,,0,102,,1636794,10,,,0,103,,1636795,10,,,0,96,,1636796,10,,,0,101,,1636797,10,,,0,100,,1636798,10,,,0,101,,1636799,10,,,0,100,,1636800,10,,,0,100,,1636803,10,,,0,98,,1636813,10,,,0,71,,1636805,10,,,0,29,,1636811,10,,,0,71,,1636806,10,,,0,29,,1636814,10,,,0,76,,1636812,10,,,0,31,,1636807,10,,,0,95,,1636804,10,,,0,100,,1636808,10,,,0,100,,1636801,10,,,0,101,,1636802,10,,,0,100,,1636809,10,,,0
9203,'20261023',543,,1636831,10,,,0,102,,1636815,10,,,0,103,,1636816,10,,,0,96,,1636817,10,,,0,101,,1636818,10,,,0,100,,1636819,10,,,0,101,,1636820,10,,,0,100,,1636821,10,,,0,100,,1636824,10,,,0,98,,1636834,10,,,0,71,,1636826,10,,,0,29,,1636832,10,,,0,71,,1636827,10,,,0,29,,1636835,10,,,0,76,,1636833,10,,,0,31,,1636828,10,,,0,95,,1636825,10,,,0,100,,1636829,10,,,0,100,,1636822,10,,,0,101,,1636823,10,,,0,100,,1636830,10,,,0
9300,'20261009',631,,1610277,10,,,0,99,,1610278,10,,,0,3,,1610266,10,,,0,96,,1610279,10,,,0,73,,1610267,10,,,0,30,,1610280,10,,,0,100,,1610268,10,,,0,1,,1610281,10,,,0,100,,1610282,10,,,0,71,,1610269,10,,,0,29,,1610283,10,,,0,99,,1610284,10,,,0,1,,1610270,10,,,0,92,,1610285,10,,,0,28,,1610286,10,,,0,51,,1610271,10,,,0,16,,1610287,10,,,0,29,,1610288,10,,,0,72,,1610276,6,,,0,2,,1610289,10,,,0,12,,1610272,10,,,0,14,,1610290,10,,,0,73,,1610291,10,,,0,34,,1610292,10,,,0,49,,1610273,10,,,0,17,,1610293,10,,,0,30,,1610294,10,,,0,79,,1610274,10,,,0,6,,1610295,10,,,0,100,,1610296,10,,,0,63,,1610275,10,,,0,37,,1610297,10,,,0,100,,1610298,10,,,0,100,,1610299,10,,,0
9300,'20261010',632,,1636846,10,,,0,96,,1636836,10,,,0,4,,1636847,10,,,0,100,,1636848,10,,,0,27,,1636837,10,,,0,72,,1636849,10,,,0,98,,1636838,10,,,0,2,,1636850,10,,,0,99,,1636851,10,,,0,70,,1636839,10,,,0,30,,1636852,10,,,0,100,,1636853,10,,,0,100,,1636854,10,,,0,70,,1636841,10,,,0,30,,1636855,10,,,0,100,,1636856,10,,,0,1,,1636842,10,,,0,99,,1636857,10,,,0,70,,1636843,10,,,0,32,,1636858,10,,,0,97,,1636844,10,,,0,3,,1636859,10,,,0,126,,1636845,10,,,0,74,,1636860,10,,,0,200,,1636861,10,,,0
9300,'20261011',632,,1636872,10,,,0,96,,1636862,10,,,0,4,,1636873,10,,,0,100,,1636874,10,,,0,27,,1636863,10,,,0,72,,1636875,10,,,0,98,,1636864,10,,,0,2,,1636876,10,,,0,99,,1636877,10,,,0,70,,1636865,10,,,0,30,,1636878,10,,,0,100,,1636879,10,,,0,100,,1636880,10,,,0,70,,1636867,10,,,0,30,,1636881,10,,,0,100,,1636882,10,,,0,1,,1636868,10,,,0,99,,1636883,10,,,0,70,,1636869,10,,,0,32,,1636884,10,,,0,97,,1636870,10,,,0,3,,1636885,10,,,0,126,,1636871,10,,,0,74,,1636886,10,,,0,200,,1636887,10,,,0
9300,'20261012',632,,1636898,10,,,0,96,,1636888,10,,,0,4,,1636899,10,,,0,100,,1636900,10,,,0,27,,1636889,10,,,0,72,,1636901,10,,,0,98,,1636890,10,,,0,2,,1636902,10,,,0,99,,1636903,10,,,0,70,,1636891,10,,,0,30,,1636904,10,,,0,100,,1636905,10,,,0,100,,1636906,10,,,0,70,,1636893,10,,,0,30,,1636907,10,,,0,100,,1636908,10,,,0,1,,1636894,10,,,0,99,,1636909,10,,,0,70,,1636895,10,,,0,32,,1636910,10,,,0,97,,1636896,10,,,0,3,,1636911,10,,,0,126,,1636897,10,,,0,74,,1636912,10,,,0,200,,1636913,10,,,0
9300,'20261013',631,,1578567,10,,,0,99,,1578547,10,,,0,3,,1578570,10,,,0,96,,1578559,10,,,0,73,,1578571,10,,,0,30,,1578563,10,,,0,100,,1578572,10,,,0,1,,1578564,10,,,0,100,,1578565,10,,,0,71,,1578573,10,,,0,29,,1578548,10,,,0,99,,1578549,10,,,0,1,,1578574,10,,,0,92,,1578566,10,,,0,28,,1578556,10,,,0,51,,1578575,10,,,0,16,,1578568,10,,,0,29,,1578560,10,,,0,74,,1578550,10,,,0,12,,1578576,10,,,0,14,,1578551,10,,,0,73,,1578552,10,,,0,34,,1578553,10,,,0,49,,1578577,10,,,0,17,,1578554,10,,,0,30,,1578561,10,,,0,79,,1578578,10,,,0,6,,1578555,10,,,0,100,,1578557,10,,,0,63,,1578579,10,,,0,37,,1578562,10,,,0,100,,1578558,10,,,0,100,,1578569,10,,,0
9300,'20261014',631,,1578600,10,,,0,99,,1578580,10,,,0,3,,1578603,10,,,0,96,,1578592,10,,,0,73,,1578604,10,,,0,30,,1578596,10,,,0,100,,1578605,10,,,0,1,,1578597,10,,,0,100,,1578598,10,,,0,71,,1578606,10,,,0,29,,1578581,10,,,0,99,,1578582,10,,,0,1,,1578607,10,,,0,92,,1578599,10,,,0,28,,1578589,10,,,0,51,,1578608,10,,,0,16,,1578601,10,,,0,29,,1578593,10,,,0,74,,1578583,10,,,0,12,,1578609,10,,,0,14,,1578584,10,,,0,73,,1578585,10,,,0,34,,1578586,10,,,0,49,,1578610,10,,,0,17,,1578587,10,,,0,30,,1578594,10,,,0,79,,1578611,10,,,0,6,,1578588,10,,,0,100,,1578590,10,,,0,63,,1578612,10,,,0,37,,1578595,10,,,0,100,,1578591,10,,,0,100,,1578602,10,,,0
9300,'20261015',631,,1578633,10,,,0,99,,1578613,10,,,0,3,,1578636,10,,,0,96,,1578625,10,,,0,73,,1578637,10,,,0,30,,1578629,10,,,0,100,,1578638,10,,,0,1,,1578630,10,,,0,100,,1578631,10,,,0,71,,1578639,10,,,0,29,,1578614,10,,,0,99,,1578615,10,,,0,1,,1578640,10,,,0,92,,1578632,10,,,0,28,,1578622,10,,,0,51,,1578641,10,,,0,16,,1578634,10,,,0,29,,1578626,10,,,0,74,,1578616,10,,,0,12,,1578642,10,,,0,14,,1578617,10,,,0,73,,1578618,10,,,0,34,,1578619,10,,,0,49,,1578643,10,,,0,17,,1578620,10,,,0,30,,1578627,10,,,0,79,,1578644,10,,,0,6,,1578621,10,,,0,100,,1578623,10,,,0,63,,1578645,10,,,0,37,,1578628,10,,,0,100,,1578624,10,,,0,100,,1578635,10,,,0
9300,'20261016',631,,1578666,10,,,0,99,,1578646,10,,,0,3,,1578669,10,,,0,96,,1578658,10,,,0,73,,1578670,10,,,0,30,,1578662,10,,,0,100,,1578671,10,,,0,1,,1578663,10,,,0,100,,1578664,10,,,0,71,,1578672,10,,,0,29,,1578647,10,,,0,99,,1578648,10,,,0,1,,1578673,10,,,0,92,,1578665,10,,,0,28,,1578655,10,,,0,51,,1578674,10,,,0,16,,1578667,10,,,0,29,,1578659,10,,,0,74,,1578649,10,,,0,12,,1578675,10,,,0,14,,1578650,10,,,0,73,,1578651,10,,,0,34,,1578652,10,,,0,49,,1578676,10,,,0,17,,1578653,10,,,0,30,,1578660,10,,,0,79,,1578677,10,,,0,6,,1578654,10,,,0,100,,1578656,10,,,0,63,,1578678,10,,,0,37,,1578661,10,,,0,100,,1578657,10,,,0,100,,1578668,10,,,0
9300,'20261017',632,,1610315,10,,,0,96,,1610316,10,,,0,4,,1610306,10,,,0,100,,1610307,10,,,0,27,,1610317,10,,,0,72,,1610314,10,,,0,98,,1610318,10,,,0,2,,1610300,10,,,0,99,,1610311,10,,,0,70,,1610319,10,,,0,30,,1610308,10,,,0,100,,1610309,10,,,0,100,,1610301,10,,,0,70,,1610321,10,,,0,30,,1610310,10,,,0,100,,1610312,10,,,0,1,,1610322,10,,,0,99,,1610302,10,,,0,70,,1610323,10,,,0,32,,1610313,10,,,0,97,,1610324,10,,,0,3,,1610305,10,,,0,126,,1610325,10,,,0,74,,1610303,10,,,0,200,,1610304,10,,,0
9300,'20261018',632,,1610341,10,,,0,96,,1610342,10,,,0,4,,1610331,10,,,0,100,,1610339,10,,,0,27,,1610343,10,,,0,72,,1610340,10,,,0,98,,1610344,10,,,0,2,,1610332,10,,,0,99,,1610336,10,,,0,70,,1610345,10,,,0,30,,1610326,10,,,0,100,,1610334,10,,,0,100,,1610333,10,,,0,70,,1610347,10,,,0,30,,1610335,10,,,0,100,,1610337,10,,,0,1,,1610348,10,,,0,99,,1610327,10,,,0,70,,1610349,10,,,0,32,,1610338,10,,,0,97,,1610350,10,,,0,3,,1610330,10,,,0,126,,1610351,10,,,0,74,,1610328,10,,,0,200,,1610329,10,,,0
9300,'20261019',631,,1610372,10,,,0,99,,1610352,10,,,0,3,,1610375,10,,,0,96,,1610364,10,,,0,73,,1610376,10,,,0,30,,1610368,10,,,0,100,,1610377,10,,,0,1,,1610369,10,,,0,100,,1610370,10,,,0,71,,1610378,10,,,0,29,,1610353,10,,,0,99,,1610354,10,,,0,1,,1610379,10,,,0,92,,1610371,10,,,0,28,,1610361,10,,,0,51,,1610380,10,,,0,16,,1610373,10,,,0,29,,1610365,10,,,0,74,,1610355,10,,,0,12,,1610381,10,,,0,14,,1610356,10,,,0,73,,1610357,10,,,0,34,,1610358,10,,,0,49,,1610382,10,,,0,17,,1610359,10,,,0,30,,1610366,10,,,0,79,,1610383,10,,,0,6,,1610360,10,,,0,100,,1610362,10,,,0,63,,1610384,10,,,0,37,,1610367,10,,,0,100,,1610363,10,,,0,100,,1610374,10,,,0
9300,'20261020',631,,1610405,10,,,0,99,,1610385,10,,,0,3,,1610408,10,,,0,96,,1610397,10,,,0,73,,1610409,10,,,0,30,,1610401,10,,,0,100,,1610410,10,,,0,1,,1610402,10,,,0,100,,1610403,10,,,0,71,,1610411,10,,,0,29,,1610386,10,,,0,99,,1610387,10,,,0,1,,1610412,10,,,0,92,,1610404,10,,,0,28,,1610394,10,,,0,51,,1610413,10,,,0,16,,1610406,10,,,0,29,,1610398,10,,,0,74,,1610388,10,,,0,12,,1610414,10,,,0,14,,1610389,10,,,0,73,,1610390,10,,,0,34,,1610391,10,,,0,49,,1610415,10,,,0,17,,1610392,10,,,0,30,,1610399,10,,,0,79,,1610416,10,,,0,6,,1610393,10,,,0,100,,1610395,10,,,0,63,,1610417,10,,,0,37,,1610400,10,,,0,100,,1610396,10,,,0,100,,1610407,10,,,0
9300,'20261021',631,,1636934,10,,,0,99,,1636914,10,,,0,3,,1636937,10,,,0,96,,1636926,10,,,0,73,,1636938,10,,,0,30,,1636930,10,,,0,100,,1636939,10,,,0,1,,1636931,10,,,0,100,,1636932,10,,,0,71,,1636940,10,,,0,29,,1636915,10,,,0,99,,1636916,10,,,0,1,,1636941,10,,,0,92,,1636933,10,,,0,28,,1636923,10,,,0,51,,1636942,10,,,0,16,,1636935,10,,,0,29,,1636927,10,,,0,74,,1636917,10,,,0,12,,1636943,10,,,0,14,,1636918,10,,,0,73,,1636919,10,,,0,34,,1636920,10,,,0,49,,1636944,10,,,0,17,,1636921,10,,,0,30,,1636928,10,,,0,79,,1636945,10,,,0,6,,1636922,10,,,0,100,,1636924,10,,,0,63,,1636946,10,,,0,37,,1636929,10,,,0,100,,1636925,10,,,0,100,,1636936,10,,,0
9300,'20261022',631,,1636967,10,,,0,99,,1636947,10,,,0,3,,1636970,10,,,0,96,,1636959,10,,,0,73,,1636971,10,,,0,30,,1636963,10,,,0,100,,1636972,10,,,0,1,,1636964,10,,,0,100,,1636965,10,,,0,71,,1636973,10,,,0,29,,1636948,10,,,0,99,,1636949,10,,,0,1,,1636974,10,,,0,92,,1636966,10,,,0,28,,1636956,10,,,0,51,,1636975,10,,,0,16,,1636968,10,,,0,29,,1636960,10,,,0,74,,1636950,10,,,0,12,,1636976,10,,,0,14,,1636951,10,,,0,73,,1636952,10,,,0,34,,1636953,10,,,0,49,,1636977,10,,,0,17,,1636954,10,,,0,30,,1636961,10,,,0,79,,1636978,10,,,0,6,,1636955,10,,,0,100,,1636957,10,,,0,63,,1636979,10,,,0,37,,1636962,10,,,0,100,,1636958,10,,,0,100,,1636969,10,,,0
9300,'20261023',631,,1637000,10,,,0,99,,1636980,10,,,0,3,,1637003,10,,,0,96,,1636992,10,,,0,73,,1637004,10,,,0,30,,1636996,10,,,0,100,,1637005,10,,,0,1,,1636997,10,,,0,100,,1636998,10,,,0,71,,1637006,10,,,0,29,,1636981,10,,,0,99,,1636982,10,,,0,1,,1637007,10,,,0,92,,1636999,10,,,0,28,,1636989,10,,,0,51,,1637008,10,,,0,16,,1637001,10,,,0,29,,1636993,10,,,0,74,,1636983,10,,,0,12,,1637009,10,,,0,14,,1636984,10,,,0,73,,1636985,10,,,0,34,,1636986,10,,,0,49,,1637010,10,,,0,17,,1636987,10,,,0,30,,1636994,10,,,0,79,,1637011,10,,,0,6,,1636988,10,,,0,100,,1636990,10,,,0,63,,1637012,10,,,0,37,,1636995,10,,,0,100,,1636991,10,,,0,100,,1637002,10,,,0
9403,'20261009',654,,1610900,10,,,0,100,,1610901,10,,,0,100,,1610902,10,,,0,100,,1610903,10,,,0,100,,1610904,10,,,0,100,,1610905,10,,,0,100,,1610906,10,,,0,99,,1610907,10,,,0,99,,1610908,10,,,0,68,,1610909,10,,,0,27,,1610910,10,,,0,69,,1610911,10,,,0,36,,1610912,10,,,0,70,,1610913,10,,,0,32,,1610914,10,,,0,100,,1610915,10,,,0,101,,1610916,10,,,0,100,,1610917,10,,,0,102,,1610918,10,,,0,99,,1610919,10,,,0
9403,'20261010',658,,1637310,10,,,0,100,,1637311,10,,,0,100,,1637312,10,,,0,100,,1637313,10,,,0,99,,1637314,10,,,0,100,,1637315,10,,,0,100,,1637316,10,,,0,100,,1637317,10,,,0,100,,1637318,10,,,0,100,,1637319,10,,,0,99,,1637320,10,,,0,102,,1637321,10,,,0,100,,1637322,10,,,0,100,,1637323,10,,,0,100,,1637324,10,,,0,100,,1637325,10,,,0,100,,1637326,10,,,0
9403,'20261011',658,,1637327,10,,,0,100,,1637328,10,,,0,100,,1637329,10,,,0,100,,1637330,10,,,0,99,,1637331,10,,,0,100,,1637332,10,,,0,100,,1637333,10,,,0,100,,1637334,10,,,0,100,,1637335,10,,,0,100,,1637336,10,,,0,99,,1637337,10,,,0,102,,1637338,10,,,0,100,,1637339,10,,,0,100,,1637340,10,,,0,100,,1637341,10,,,0,100,,1637342,10,,,0,100,,1637343,10,,,0
9403,'20261012',658,,1637344,10,,,0,100,,1637345,10,,,0,100,,1637346,10,,,0,100,,1637347,10,,,0,99,,1637348,10,,,0,100,,1637349,10,,,0,100,,1637350,10,,,0,100,,1637351,10,,,0,100,,1637352,10,,,0,100,,1637353,10,,,0,99,,1637354,10,,,0,102,,1637355,10,,,0,100,,1637356,10,,,0,100,,1637357,10,,,0,100,,1637358,10,,,0,100,,1637359,10,,,0,100,,1637360,10,,,0
9403,'20261013',654,,1579175,10,,,0,100,,1579176,10,,,0,100,,1579177,10,,,0,100,,1579178,10,,,0,100,,1579179,10,,,0,100,,1579180,10,,,0,100,,1579181,10,,,0,99,,1579182,10,,,0,99,,1579183,10,,,0,68,,1579184,10,,,0,27,,1579185,10,,,0,69,,1579171,10,,,0,36,,1579172,10,,,0,70,,1579190,10,,,0,32,,1579189,10,,,0,100,,1579173,10,,,0,101,,1579174,10,,,0,100,,1579186,10,,,0,102,,1579187,10,,,0,99,,1579188,10,,,0
9403,'20261014',654,,1579195,10,,,0,100,,1579196,10,,,0,100,,1579197,10,,,0,100,,1579198,10,,,0,100,,1579199,10,,,0,100,,1579200,10,,,0,100,,1579201,10,,,0,99,,1579202,10,,,0,99,,1579203,10,,,0,68,,1579204,10,,,0,27,,1579205,10,,,0,69,,1579191,10,,,0,36,,1579192,10,,,0,70,,1579210,10,,,0,32,,1579209,10,,,0,100,,1579193,10,,,0,101,,1579194,10,,,0,100,,1579206,10,,,0,102,,1579207,10,,,0,99,,1579208,10,,,0
9403,'20261015',654,,1579215,10,,,0,100,,1579216,10,,,0,100,,1579217,10,,,0,100,,1579218,10,,,0,100,,1579219,10,,,0,100,,1579220,10,,,0,100,,1579221,10,,,0,99,,1579222,10,,,0,99,,1579223,10,,,0,68,,1579224,10,,,0,27,,1579225,10,,,0,69,,1579211,10,,,0,36,,1579212,10,,,0,70,,1579230,10,,,0,32,,1579229,10,,,0,100,,1579213,10,,,0,101,,1579214,10,,,0,100,,1579226,10,,,0,102,,1579227,10,,,0,99,,1579228,10,,,0
9403,'20261016',654,,1579235,10,,,0,100,,1579236,10,,,0,100,,1579237,10,,,0,100,,1579238,10,,,0,100,,1579239,10,,,0,100,,1579240,10,,,0,100,,1579241,10,,,0,99,,1579242,10,,,0,99,,1579243,10,,,0,68,,1579244,10,,,0,27,,1579245,10,,,0,69,,1579231,10,,,0,36,,1579232,10,,,0,70,,1579250,10,,,0,32,,1579249,10,,,0,100,,1579233,10,,,0,101,,1579234,10,,,0,100,,1579246,10,,,0,102,,1579247,10,,,0,99,,1579248,10,,,0
9403,'20261017',658,,1610920,10,,,0,100,,1610921,10,,,0,100,,1610922,10,,,0,100,,1610923,10,,,0,99,,1610924,10,,,0,100,,1610925,10,,,0,100,,1610926,10,,,0,100,,1610927,10,,,0,100,,1610928,10,,,0,100,,1610929,10,,,0,99,,1610930,10,,,0,102,,1610931,10,,,0,100,,1610932,10,,,0,100,,1610933,10,,,0,100,,1610934,10,,,0,100,,1610935,10,,,0,100,,1610936,10,,,0
9403,'20261018',658,,1610937,10,,,0,100,,1610938,10,,,0,100,,1610939,10,,,0,100,,1610940,10,,,0,99,,1610941,10,,,0,100,,1610942,10,,,0,100,,1610943,10,,,0,100,,1610944,10,,,0,100,,1610945,10,,,0,100,,1610946,10,,,0,99,,1610947,10,,,0,102,,1610948,10,,,0,100,,1610949,10,,,0,100,,1610950,10,,,0,100,,1610951,10,,,0,100,,1610952,10,,,0,100,,1610953,10,,,0
9403,'20261019',654,,1610958,10,,,0,100,,1610959,10,,,0,100,,1610960,10,,,0,100,,1610961,10,,,0,100,,1610962,10,,,0,100,,1610963,10,,,0,100,,1610964,10,,,0,99,,1610965,10,,,0,99,,1610966,10,,,0,68,,1610967,10,,,0,27,,1610968,10,,,0,69,,1610954,10,,,0,36,,1610955,10,,,0,70,,1610973,10,,,0,32,,1610972,10,,,0,100,,1610956,10,,,0,101,,1610957,10,,,0,100,,1610969,10,,,0,102,,1610970,10,,,0,99,,1610971,10,,,0
9403,'20261020',654,,1610978,10,,,0,100,,1610979,10,,,0,100,,1610980,10,,,0,100,,1610981,10,,,0,100,,1610982,10,,,0,100,,1610983,10,,,0,100,,1610984,10,,,0,99,,1610985,10,,,0,99,,1610986,10,,,0,68,,1610987,10,,,0,27,,1610988,10,,,0,69,,1610974,10,,,0,36,,1610975,10,,,0,70,,1610993,10,,,0,32,,1610992,10,,,0,100,,1610976,10,,,0,101,,1610977,10,,,0,100,,1610989,10,,,0,102,,1610990,10,,,0,99,,1610991,10,,,0
9403,'20261021',654,,1637365,10,,,0,100,,1637366,10,,,0,100,,1637367,10,,,0,100,,1637368,10,,,0,100,,1637369,10,,,0,100,,1637370,10,,,0,100,,1637371,10,,,0,99,,1637372,10,,,0,99,,1637373,10,,,0,68,,1637374,10,,,0,27,,1637375,10,,,0,69,,1637361,10,,,0,36,,1637362,10,,,0,70,,1637380,10,,,0,32,,1637379,10,,,0,100,,1637363,10,,,0,101,,1637364,10,,,0,100,,1637376,10,,,0,102,,1637377,10,,,0,99,,1637378,10,,,0
9403,'20261022',654,,1637385,10,,,0,100,,1637386,10,,,0,100,,1637387,10,,,0,100,,1637388,10,,,0,100,,1637389,10,,,0,100,,1637390,10,,,0,100,,1637391,10,,,0,99,,1637392,10,,,0,99,,1637393,10,,,0,68,,1637394,10,,,0,27,,1637395,10,,,0,69,,1637381,10,,,0,36,,1637382,10,,,0,70,,1637400,10,,,0,32,,1637399,10,,,0,100,,1637383,10,,,0,101,,1637384,10,,,0,100,,1637396,10,,,0,102,,1637397,10,,,0,99,,1637398,10,,,0
9403,'20261023',654,,1637405,10,,,0,100,,1637406,10,,,0,100,,1637407,10,,,0,100,,1637408,10,,,0,100,,1637409,10,,,0,100,,1637410,10,,,0,100,,1637411,10,,,0,99,,1637412,10,,,0,99,,1637413,10,,,0,68,,1637414,10,,,0,27,,1637415,10,,,0,69,,1637401,10,,,0,36,,1637402,10,,,0,70,,1637420,10,,,0,32,,1637419,10,,,0,100,,1637403,10,,,0,101,,1637404,10,,,0,100,,1637416,10,,,0,102,,1637417,10,,,0,99,,1637418,10,,,0
53001,'20261009',700,,1613941,25,4,,0,24,,1613942,25,4,,0,24,,1613943,25,4,,0,56,,1613944,25,4,,0,24,,1613945,25,4,,0,88,,1613946,25,4,,0,200,,1613947,25,4,,0
53001,'20261013',700,,1582176,25,4,,0,24,,1582177,25,4,,0,24,,1582180,25,4,,0,56,,1582178,25,4,,0,24,,1582179,25,4,,0,88,,1582181,25,4,,0,200,,1582182,25,4,,0
53001,'20261014',700,,1582183,25,4,,0,24,,1582184,25,4,,0,24,,1582187,25,4,,0,56,,1582185,25,4,,0,24,,1582186,25,4,,0,88,,1582188,25,4,,0,200,,1582189,25,4,,0
53001,'20261015',700,,1582190,25,4,,0,24,,1582191,25,4,,0,24,,1582194,25,4,,0,56,,1582192,25,4,,0,24,,1582193,25,4,,0,88,,1582195,25,4,,0,200,,1582196,25,4,,0
53001,'20261016',700,,1582197,25,4,,0,24,,1582198,25,4,,0,24,,1582201,25,4,,0,56,,1582199,25,4,,0,24,,1582200,25,4,,0,88,,1582202,25,4,,0,200,,1582203,25,4,,0
53001,'20261019',700,,1613948,25,4,,0,24,,1613949,25,4,,0,24,,1613952,25,4,,0,56,,1613950,25,4,,0,24,,1613951,25,4,,0,88,,1613953,25,4,,0,200,,1613954,25,4,,0
53001,'20261020',700,,1613955,25,4,,0,24,,1613956,25,4,,0,24,,1613959,25,4,,0,56,,1613957,25,4,,0,24,,1613958,25,4,,0,88,,1613960,25,4,,0,200,,1613961,25,4,,0
53001,'20261021',700,,1638938,25,4,,0,24,,1638939,25,4,,0,24,,1638942,25,4,,0,56,,1638940,25,4,,0,24,,1638941,25,4,,0,88,,1638943,25,4,,0,200,,1638944,25,4,,0
53001,'20261022',700,,1638945,25,4,,0,24,,1638946,25,4,,0,24,,1638949,25,4,,0,56,,1638947,25,4,,0,24,,1638948,25,4,,0,88,,1638950,25,4,,0,200,,1638951,25,4,,0
53001,'20261023',700,,1638952,25,4,,0,24,,1638953,25,4,,0,24,,1638956,25,4,,0,56,,1638954,25,4,,0,24,,1638955,25,4,,0,88,,1638957,25,4,,0,200,,1638958,25,4,,0
53101,'20261009',708,,1613989,4,4,,0,30,,1613990,4,4,,0,76,,1613991,4,4,,0
53101,'20261013',708,,1582228,4,4,,0,30,,1582229,4,4,,0,76,,1582230,4,4,,0
53101,'20261014',708,,1582231,4,4,,0,30,,1582232,4,4,,0,76,,1582233,4,4,,0
53101,'20261015',708,,1582234,4,4,,0,30,,1582235,4,4,,0,76,,1582236,4,4,,0
53101,'20261016',708,,1582237,4,4,,0,30,,1582238,4,4,,0,76,,1582239,4,4,,0
53101,'20261019',708,,1613992,4,4,,0,30,,1613993,4,4,,0,76,,1613994,4,4,,0
53101,'20261020',708,,1613995,4,4,,0,30,,1613996,4,4,,0,76,,1613997,4,4,,0
53101,'20261021',708,,1638968,4,4,,0,30,,1638969,4,4,,0,76,,1638970,4,4,,0
53101,'20261022',708,,1638971,4,4,,0,30,,1638972,4,4,,0,76,,1638973,4,4,,0
53101,'20261023',708,,1638974,4,4,,0,30,,1638975,4,4,,0,76,,1638976,4,4,,0
53601,'20261009',725,,1614022,49,4,,0,34,,1614023,49,4,,0
53601,'20261013',725,,1582262,49,4,,0,34,,1582263,49,4,,0
53601,'20261014',725,,1582264,49,4,,0,34,,1582265,49,4,,0
53601,'20261015',725,,1582266,49,4,,0,34,,1582267,49,4,,0
53601,'20261016',725,,1582268,49,4,,0,34,,1582269,49,4,,0
53601,'20261019',725,,1614024,49,4,,0,34,,1614025,49,4,,0
53601,'20261020',725,,1614026,49,4,,0,34,,1614027,49,4,,0
53601,'20261021',725,,1638986,49,4,,0,34,,1638987,49,4,,0
53601,'20261022',725,,1638988,49,4,,0,34,,1638989,49,4,,0
53601,'20261023',725,,1638990,49,4,,0,34,,1638991,49,4,,0
53701,'20261009',727,,1614058,27,4,,0,77,,1614059,27,4,,0
53701,'20261013',727,,1582298,27,4,,0,77,,1582299,27,4,,0
53701,'20261014',727,,1582300,27,4,,0,77,,1582301,27,4,,0
53701,'20261015',727,,1582302,27,4,,0,77,,1582303,27,4,,0
53701,'20261016',727,,1582304,27,4,,0,77,,1582305,27,4,,0
53701,'20261019',727,,1614060,27,4,,0,77,,1614061,27,4,,0
53701,'20261020',727,,1614062,27,4,,0,77,,1614063,27,4,,0
53701,'20261021',727,,1639004,27,4,,0,77,,1639005,27,4,,0
53701,'20261022',727,,1639006,27,4,,0,77,,1639007,27,4,,0
53701,'20261023',727,,1639008,27,4,,0,77,,1639009,27,4,,0
53801,'20261009',656,,1614091,35,4,,0,78,,1614092,35,4,,0,77,,1614093,35,4,,0
53801,'20261013',656,,1582330,35,4,,0,78,,1582331,35,4,,0,77,,1582332,35,4,,0
53801,'20261014',656,,1582333,35,4,,0,78,,1582334,35,4,,0,77,,1582335,35,4,,0
53801,'20261015',656,,1582336,35,4,,0,78,,1582337,35,4,,0,77,,1582338,35,4,,0
53801,'20261016',656,,1582339,35,4,,0,78,,1582340,35,4,,0,77,,1582341,35,4,,0
53801,'20261019',656,,1614094,35,4,,0,78,,1614095,35,4,,0,77,,1614096,35,4,,0
53801,'20261020',656,,1614097,35,4,,0,78,,1614098,35,4,,0,77,,1614099,35,4,,0
53801,'20261021',656,,1639019,35,4,,0,78,,1639020,35,4,,0,77,,1639021,35,4,,0
53801,'20261022',656,,1639022,35,4,,0,78,,1639023,35,4,,0,77,,1639024,35,4,,0
53801,'20261023',656,,1639025,35,4,,0,78,,1639026,35,4,,0,77,,1639027,35,4,,0
55001,'20261009',652,,1614142,44,4,,0,68,,1614143,44,4,,0,32,,1614144,44,4,,0,106,,1614145,44,4,,0
55001,'20261013',652,,1582381,44,4,,0,68,,1582380,44,4,,0,32,,1582382,44,4,,0,106,,1582383,44,4,,0
55001,'20261014',652,,1582385,44,4,,0,68,,1582384,44,4,,0,32,,1582386,44,4,,0,106,,1582387,44,4,,0
55001,'20261015',652,,1582389,44,4,,0,68,,1582388,44,4,,0,32,,1582390,44,4,,0,106,,1582391,44,4,,0
55001,'20261016',652,,1582393,44,4,,0,68,,1582392,44,4,,0,32,,1582394,44,4,,0,106,,1582395,44,4,,0
55001,'20261019',652,,1614147,44,4,,0,68,,1614146,44,4,,0,32,,1614148,44,4,,0,106,,1614149,44,4,,0
55001,'20261020',652,,1614151,44,4,,0,68,,1614150,44,4,,0,32,,1614152,44,4,,0,106,,1614153,44,4,,0
55001,'20261021',652,,1639044,44,4,,0,68,,1639043,44,4,,0,32,,1639045,44,4,,0,106,,1639046,44,4,,0
55001,'20261022',652,,1639048,44,4,,0,68,,1639047,44,4,,0,32,,1639049,44,4,,0,106,,1639050,44,4,,0
55001,'20261023',652,,1639052,44,4,,0,68,,1639051,44,4,,0,32,,1639053,44,4,,0,106,,1639054,44,4,,0
55401,'20261009',733,,1614184,31,4,,0,83,,1614185,31,4,,0
55401,'20261013',733,,1582425,31,4,,0,83,,1582424,31,4,,0
55401,'20261014',733,,1582427,31,4,,0,83,,1582426,31,4,,0
55401,'20261015',733,,1582429,31,4,,0,83,,1582428,31,4,,0
55401,'20261016',733,,1582431,31,4,,0,83,,1582430,31,4,,0
55401,'20261019',733,,1614187,31,4,,0,83,,1614186,31,4,,0
55401,'20261020',733,,1614189,31,4,,0,83,,1614188,31,4,,0
55401,'20261021',733,,1639068,31,4,,0,83,,1639067,31,4,,0
55401,'20261022',733,,1639070,31,4,,0,83,,1639069,31,4,,0
55401,'20261023',733,,1639072,31,4,,0,83,,1639071,31,4,,0
55501,'20261009',729,,1614214,33,4,,0,90,,1614215,33,4,,0
55501,'20261013',729,,1582455,33,4,,0,90,,1582454,33,4,,0
55501,'20261014',729,,1582457,33,4,,0,90,,1582456,33,4,,0
55501,'20261015',729,,1582459,33,4,,0,90,,1582458,33,4,,0
55501,'20261016',729,,1582461,33,4,,0,90,,1582460,33,4,,0
55501,'20261019',729,,1614217,33,4,,0,90,,1614216,33,4,,0
55501,'20261020',729,,1614219,33,4,,0,90,,1614218,33,4,,0
55501,'20261021',729,,1639083,33,4,,0,90,,1639082,33,4,,0
55501,'20261022',729,,1639085,33,4,,0,90,,1639084,33,4,,0
55501,'20261023',729,,1639087,33,4,,0,90,,1639086,33,4,,0
55801,'20261009',727,,1614244,39,4,,0,92,,1614245,39,4,,0
55801,'20261013',727,,1582484,39,4,,0,92,,1582485,39,4,,0
55801,'20261014',727,,1582486,39,4,,0,92,,1582487,39,4,,0
55801,'20261015',727,,1582488,39,4,,0,92,,1582489,39,4,,0
55801,'20261016',727,,1582490,39,4,,0,92,,1582491,39,4,,0
55801,'20261019',727,,1614246,39,4,,0,92,,1614247,39,4,,0
55801,'20261020',727,,1614248,39,4,,0,92,,1614249,39,4,,0
55801,'20261021',727,,1639097,39,4,,0,92,,1639098,39,4,,0
55801,'20261022',727,,1639099,39,4,,0,92,,1639100,39,4,,0
55801,'20261023',727,,1639101,39,4,,0,92,,1639102,39,4,,0
57001,'20261009',659,,1614289,43,4,,0,73,,1614290,43,4,,0,70,,1614291,43,4,,0
57001,'20261013',659,,1582528,43,4,,0,73,,1582529,43,4,,0,70,,1582530,43,4,,0
57001,'20261014',659,,1582531,43,4,,0,73,,1582532,43,4,,0,70,,1582533,43,4,,0
57001,'20261015',659,,1582534,43,4,,0,73,,1582535,43,4,,0,70,,1582536,43,4,,0
57001,'20261016',659,,1582537,43,4,,0,73,,1582538,43,4,,0,70,,1582539,43,4,,0
57001,'20261019',659,,1614292,43,4,,0,73,,1614293,43,4,,0,70,,1614294,43,4,,0
57001,'20261020',659,,1614295,43,4,,0,73,,1614296,43,4,,0,70,,1614297,43,4,,0
57001,'20261021',659,,1639118,43,4,,0,73,,1639119,43,4,,0,70,,1639120,43,4,,0
57001,'20261022',659,,1639121,43,4,,0,73,,1639122,43,4,,0,70,,1639123,43,4,,0
57001,'20261023',659,,1639124,43,4,,0,73,,1639125,43,4,,0,70,,1639126,43,4,,0
57201,'20261009',705,,1614331,70,4,,0,20,,1614332,70,4,,0,79,,1614333,70,4,,0
57201,'20261013',705,,1582570,70,4,,0,20,,1582571,70,4,,0,79,,1582572,70,4,,0
57201,'20261014',705,,1582573,70,4,,0,20,,1582574,70,4,,0,79,,1582575,70,4,,0
57201,'20261015',705,,1582576,70,4,,0,20,,1582577,70,4,,0,79,,1582578,70,4,,0
57201,'20261016',705,,1582579,70,4,,0,20,,1582580,70,4,,0,79,,1582581,70,4,,0
57201,'20261019',705,,1614334,70,4,,0,20,,1614335,70,4,,0,79,,1614336,70,4,,0
57201,'20261020',705,,1614337,70,4,,0,20,,1614338,70,4,,0,79,,1614339,70,4,,0
57201,'20261021',705,,1639139,70,4,,0,20,,1639140,70,4,,0,79,,1639141,70,4,,0
57201,'20261022',705,,1639142,70,4,,0,20,,1639143,70,4,,0,79,,1639144,70,4,,0
57201,'20261023',705,,1639145,70,4,,0,20,,1639146,70,4,,0,79,,1639147,70,4,,0
57401,'20261009',659,,1614373,39,4,,0,67,,1614374,39,4,,0,80,,1614375,39,4,,0
57401,'20261013',659,,1582613,39,4,,0,67,,1582614,39,4,,0,80,,1582612,39,4,,0
57401,'20261014',659,,1582616,39,4,,0,67,,1582617,39,4,,0,80,,1582615,39,4,,0
57401,'20261015',659,,1582619,39,4,,0,67,,1582620,39,4,,0,80,,1582618,39,4,,0
57401,'20261016',659,,1582622,39,4,,0,67,,1582623,39,4,,0,80,,1582621,39,4,,0
57401,'20261019',659,,1614377,39,4,,0,67,,1614378,39,4,,0,80,,1614376,39,4,,0
57401,'20261020',659,,1614380,39,4,,0,67,,1614381,39,4,,0,80,,1614379,39,4,,0
57401,'20261021',659,,1639161,39,4,,0,67,,1639162,39,4,,0,80,,1639160,39,4,,0
57401,'20261022',659,,1639164,39,4,,0,67,,1639165,39,4,,0,80,,1639163,39,4,,0
57401,'20261023',659,,1639167,39,4,,0,67,,1639168,39,4,,0,80,,1639166,39,4,,0
58001,'20261009',736,,1614415,54,4,,0,68,,1614416,54,4,,0,34,,1614417,54,4,,0
58001,'20261013',736,,1582655,54,4,,0,68,,1582654,54,4,,0,34,,1582656,54,4,,0
58001,'20261014',736,,1582658,54,4,,0,68,,1582657,54,4,,0,34,,1582659,54,4,,0
58001,'20261015',736,,1582661,54,4,,0,68,,1582660,54,4,,0,34,,1582662,54,4,,0
58001,'20261016',736,,1582664,54,4,,0,68,,1582663,54,4,,0,34,,1582665,54,4,,0
58001,'20261019',736,,1614419,54,4,,0,68,,1614418,54,4,,0,34,,1614420,54,4,,0
58001,'20261020',736,,1614422,54,4,,0,68,,1614421,54,4,,0,34,,1614423,54,4,,0
58001,'20261021',736,,1639182,54,4,,0,68,,1639181,54,4,,0,34,,1639183,54,4,,0
58001,'20261022',736,,1639185,54,4,,0,68,,1639184,54,4,,0,34,,1639186,54,4,,0
58001,'20261023',736,,1639188,54,4,,0,68,,1639187,54,4,,0,34,,1639189,54,4,,0
58101,'20261009',700,,1614451,38,4,,0,36,,1614452,38,4,,0,68,,1614453,38,4,,0
58101,'20261013',700,,1582690,38,4,,0,36,,1582691,38,4,,0,68,,1582692,38,4,,0
58101,'20261014',700,,1582693,38,4,,0,36,,1582694,38,4,,0,68,,1582695,38,4,,0
58101,'20261015',700,,1582696,38,4,,0,36,,1582697,38,4,,0,68,,1582698,38,4,,0
58101,'20261016',700,,1582699,38,4,,0,36,,1582700,38,4,,0,68,,1582701,38,4,,0
58101,'20261019',700,,1614454,38,4,,0,36,,1614455,38,4,,0,68,,1614456,38,4,,0
58101,'20261020',700,,1614457,38,4,,0,36,,1614458,38,4,,0,68,,1614459,38,4,,0
58101,'20261021',700,,1639199,38,4,,0,36,,1639200,38,4,,0,68,,1639201,38,4,,0
58101,'20261022',700,,1639202,38,4,,0,36,,1639203,38,4,,0,68,,1639204,38,4,,0
58101,'20261023',700,,1639205,38,4,,0,36,,1639206,38,4,,0,68,,1639207,38,4,,0
58201,'20261009',702,,1614505,55,4,,0,12,,1614506,55,4,,0,25,,1614507,55,4,,0,16,,1614508,55,4,,0,55,,1614509,55,4,,0
58201,'20261013',702,,1582744,55,4,,0,12,,1582742,55,4,,0,25,,1582745,55,4,,0,16,,1582743,55,4,,0,55,,1582746,55,4,,0
58201,'20261014',702,,1582749,55,4,,0,12,,1582747,55,4,,0,25,,1582750,55,4,,0,16,,1582748,55,4,,0,55,,1582751,55,4,,0
58201,'20261015',702,,1582754,55,4,,0,12,,1582752,55,4,,0,25,,1582755,55,4,,0,16,,1582753,55,4,,0,55,,1582756,55,4,,0
58201,'20261016',702,,1582759,55,4,,0,12,,1582757,55,4,,0,25,,1582760,55,4,,0,16,,1582758,55,4,,0,55,,1582761,55,4,,0
58201,'20261019',702,,1614512,55,4,,0,12,,1614510,55,4,,0,25,,1614513,55,4,,0,16,,1614511,55,4,,0,55,,1614514,55,4,,0
58201,'20261020',702,,1614517,55,4,,0,12,,1614515,55,4,,0,25,,1614518,55,4,,0,16,,1614516,55,4,,0,55,,1614519,55,4,,0
58201,'20261021',702,,1639225,55,4,,0,12,,1639223,55,4,,0,25,,1639226,55,4,,0,16,,1639224,55,4,,0,55,,1639227,55,4,,0
58201,'20261022',702,,1639230,55,4,,0,12,,1639228,55,4,,0,25,,1639231,55,4,,0,16,,1639229,55,4,,0,55,,1639232,55,4,,0
58201,'20261023',702,,1639235,55,4,,0,12,,1639233,55,4,,0,25,,1639236,55,4,,0,16,,1639234,55,4,,0,55,,1639237,55,4,,0
58401,'20261009',702,,1614553,62,4,,0,33,,1614554,62,4,,0,70,,1614555,62,4,,0
58401,'20261013',702,,1582793,62,4,,0,33,,1582792,62,4,,0,70,,1582794,62,4,,0
58401,'20261014',702,,1582796,62,4,,0,33,,1582795,62,4,,0,70,,1582797,62,4,,0
58401,'20261015',702,,1582799,62,4,,0,33,,1582798,62,4,,0,70,,1582800,62,4,,0
58401,'20261016',702,,1582802,62,4,,0,33,,1582801,62,4,,0,70,,1582803,62,4,,0
58401,'20261019',702,,1614557,62,4,,0,33,,1614556,62,4,,0,70,,1614558,62,4,,0
58401,'20261020',702,,1614560,62,4,,0,33,,1614559,62,4,,0,70,,1614561,62,4,,0
58401,'20261021',702,,1639251,62,4,,0,33,,1639250,62,4,,0,70,,1639252,62,4,,0
58401,'20261022',702,,1639254,62,4,,0,33,,1639253,62,4,,0,70,,1639255,62,4,,0
58401,'20261023',702,,1639257,62,4,,0,33,,1639256,62,4,,0,70,,1639258,62,4,,0
80401,'20261009',602,,1621380,55,,,1,15,,1621381,55,,,1,15,,1621382,55,,,1,15,,1621383,55,,,1,56,,1621384,55,,,1,17,,1621385,55,,,1,13,,1621386,55,,,1,13,,1621387,55,,,1,10,,1621388,55,,,1,52,,1621389,55,,,1,10,,1621390,55,,,1,10,,1621391,55,,,1,10,,1621392,55,,,1,9,,1621393,55,,,1,7,,1621394,55,,,1,50,,1621395,55,,,1,12,,1621396,55,,,1,14,,1621397,55,,,1,15,,1621398,55,,,1,55,,1621399,55,,,1,14,,1621400,55,,,1,14,,1621401,55,,,1,15,,1621402,55,,,1,15,,1621403,55,,,1,54,,1621404,55,,,1,16,,1621405,55,,,1,14,,1621406,55,,,1,16,,1621407,55,,,1,54,,1621408,55,,,1,17,,1621409,55,,,1,15,,1621410,55,,,1,15,,1621411,55,,,1,55,,1621412,55,,,1,15,,1621413,55,,,1,15,,1621414,55,,,1,15,,1621415,55,,,1,55,,1621416,55,,,1,15,,1621417,55,,,1,14,,1621418,55,,,1,57,,1621419,55,,,1,16,,1621420,55,,,1,15,,1621421,55,,,1,17,,1621422,55,,,1,54,,1621423,55,,,1,17,,1621424,55,,,1,14,,1621425,55,,,1,17,,1621426,55,,,1,56,,1621427,55,,,1,10,,1621428,55,,,1,11,,1621429,55,,,1,9,,1621430,55,,,1,12,,1621431,55,,,1,54,,1621432,23,,,1,14,,1621433,55,,,1,15,,1621434,55,,,1,15,,1621435,55,,,1,58,,1621436,55,,,1,16,,1621437,55,,,1,17,,1621438,55,,,1,18,,1621439,55,,,1,58,,1621440,55,,,1,18,,1621441,55,,,1,17,,1621442,55,,,1,58,,1621443,55,,,1,18,,1621444,55,,,1,18,,1621445,55,,,1,58,,1621446,55,,,1,16,,1621447,55,,,1,18,,1621448,55,,,1,16,,1621449,55,,,1,57,,1621450,55,,,1,17,,1621451,55,,,1,18,,1621452,55,,,1,17,,1621453,55,,,1,58,,1621454,55,,,1,16,,1621455,55,,,1,17,,1621456,55,,,1,58,,1621457,55,,,1
80401,'20261010',710,,1643873,55,,,1,17,,1643874,55,,,1,18,,1643875,55,,,1,59,,1643876,55,,,1,18,,1643877,55,,,1,18,,1643878,55,,,1,17,,1643879,55,,,1,57,,1643880,55,,,1,15,,1643881,55,,,1,17,,1643882,55,,,1,55,,1643883,55,,,1,16,,1643884,55,,,1,15,,1643885,55,,,1,16,,1643886,55,,,1,56,,1643887,55,,,1,15,,1643888,55,,,1,15,,1643889,55,,,1,14,,1643890,55,,,1,54,,1643891,55,,,1,15,,1643892,55,,,1,14,,1643893,55,,,1,15,,1643894,55,,,1,55,,1643895,55,,,1,14,,1643896,55,,,1,15,,1643897,55,,,1,14,,1643898,55,,,1,15,,1643899,55,,,1,55,,1643900,55,,,1,15,,1643901,55,,,1,15,,1643902,55,,,1,15,,1643903,55,,,1,55,,1643904,55,,,1,15,,1643905,55,,,1,15,,1643906,55,,,1,15,,1643907,55,,,1,54,,1643908,55,,,1,15,,1643909,55,,,1,14,,1643910,55,,,1,15,,1643911,55,,,1,54,,1643912,55,,,1,16,,1643913,55,,,1,16,,1643914,55,,,1,59,,1643915,55,,,1,18,,1643916,55,,,1,16,,1643917,55,,,1,18,,1643918,55,,,1,59,,1643919,55,,,1,18,,1643920,55,,,1,18,,1643921,55,,,1,58,,1643922,55,,,1,18,,1643923,55,,,1,18,,1643924,55,,,1,58,,1643925,55,,,1,17,,1643926,55,,,1,18,,1643927,55,,,1,18,,1643928,55,,,1,58,,1643929,55,,,1,18,,1643930,55,,,1,18,,1643931,55,,,1,58,,1643932,55,,,1,18,,1643933,55,,,1,18,,1643934,55,,,1,58,,1643935,55,,,1,18,,1643936,55,,,1,18,,1643937,55,,,1
80401,'20261011',710,,1643938,55,,,1,17,,1643939,55,,,1,18,,1643940,55,,,1,59,,1643941,55,,,1,18,,1643942,55,,,1,18,,1643943,55,,,1,17,,1643944,55,,,1,57,,1643945,55,,,1,15,,1643946,55,,,1,17,,1643947,55,,,1,55,,1643948,55,,,1,16,,1643949,55,,,1,15,,1643950,55,,,1,16,,1643951,55,,,1,56,,1643952,55,,,1,15,,1643953,55,,,1,15,,1643954,55,,,1,14,,1643955,55,,,1,54,,1643956,55,,,1,15,,1643957,55,,,1,14,,1643958,55,,,1,15,,1643959,55,,,1,55,,1643960,55,,,1,14,,1643961,55,,,1,15,,1643962,55,,,1,14,,1643963,55,,,1,15,,1643964,55,,,1,55,,1643965,55,,,1,15,,1643966,55,,,1,15,,1643967,55,,,1,15,,1643968,55,,,1,55,,1643969,55,,,1,15,,1643970,55,,,1,15,,1643971,55,,,1,15,,1643972,55,,,1,54,,1643973,55,,,1,15,,1643974,55,,,1,14,,1643975,55,,,1,15,,1643976,55,,,1,54,,1643977,55,,,1,16,,1643978,55,,,1,16,,1643979,55,,,1,59,,1643980,55,,,1,18,,1643981,55,,,1,16,,1643982,55,,,1,18,,1643983,55,,,1,59,,1643984,55,,,1,18,,1643985,55,,,1,18,,1643986,55,,,1,58,,1643987,55,,,1,18,,1643988,55,,,1,18,,1643989,55,,,1,58,,1643990,55,,,1,17,,1643991,55,,,1,18,,1643992,55,,,1,18,,1643993,55,,,1,58,,1643994,55,,,1,18,,1643995,55,,,1,18,,1643996,55,,,1,58,,1643997,55,,,1,18,,1643998,55,,,1,18,,1643999,55,,,1,58,,1644000,55,,,1,18,,1644001,55,,,1,18,,1644002,55,,,1
80401,'20261012',710,,1644003,55,,,1,17,,1644004,55,,,1,18,,1644005,55,,,1,59,,1644006,55,,,1,18,,1644007,55,,,1,18,,1644008,55,,,1,17,,1644009,55,,,1,57,,1644010,55,,,1,15,,1644011,55,,,1,17,,1644012,55,,,1,55,,1644013,55,,,1,16,,1644014,55,,,1,15,,1644015,55,,,1,16,,1644016,55,,,1,56,,1644017,55,,,1,15,,1644018,55,,,1,15,,1644019,55,,,1,14,,1644020,55,,,1,54,,1644021,55,,,1,15,,1644022,55,,,1,14,,1644023,55,,,1,15,,1644024,55,,,1,55,,1644025,55,,,1,14,,1644026,55,,,1,15,,1644027,55,,,1,14,,1644028,55,,,1,15,,1644029,55,,,1,55,,1644030,55,,,1,15,,1644031,55,,,1,15,,1644032,55,,,1,15,,1644033,55,,,1,55,,1644034,55,,,1,15,,1644035,55,,,1,15,,1644036,55,,,1,15,,1644037,55,,,1,54,,1644038,55,,,1,15,,1644039,55,,,1,14,,1644040,55,,,1,15,,1644041,55,,,1,54,,1644042,55,,,1,16,,1644043,55,,,1,16,,1644044,55,,,1,59,,1644045,55,,,1,18,,1644046,55,,,1,16,,1644047,55,,,1,18,,1644048,55,,,1,59,,1644049,55,,,1,18,,1644050,55,,,1,18,,1644051,55,,,1,58,,1644052,55,,,1,18,,1644053,55,,,1,18,,1644054,55,,,1,58,,1644055,55,,,1,17,,1644056,55,,,1,18,,1644057,55,,,1,18,,1644058,55,,,1,58,,1644059,55,,,1,18,,1644060,55,,,1,18,,1644061,55,,,1,58,,1644062,55,,,1,18,,1644063,55,,,1,18,,1644064,55,,,1,58,,1644065,55,,,1,18,,1644066,55,,,1,18,,1644067,55,,,1
80401,'20261013',602,,1589685,55,,,1,15,,1589673,55,,,1,15,,1589609,55,,,1,15,,1589674,55,,,1,56,,1589656,55,,,1,17,,1589610,55,,,1,13,,1589611,55,,,1,13,,1589612,55,,,1,10,,1589613,55,,,1,52,,1589669,55,,,1,10,,1589663,55,,,1,10,,1589614,55,,,1,10,,1589615,55,,,1,9,,1589616,55,,,1,7,,1589617,55,,,1,50,,1589630,55,,,1,12,,1589631,55,,,1,14,,1589632,55,,,1,15,,1589670,55,,,1,55,,1589618,55,,,1,14,,1589619,55,,,1,14,,1589620,55,,,1,15,,1589621,55,,,1,15,,1589622,55,,,1,54,,1589671,55,,,1,16,,1589664,55,,,1,14,,1589623,55,,,1,16,,1589624,55,,,1,54,,1589625,55,,,1,17,,1589626,55,,,1,15,,1589627,55,,,1,15,,1589668,55,,,1,55,,1589628,55,,,1,15,,1589633,55,,,1,15,,1589634,55,,,1,15,,1589665,55,,,1,55,,1589629,55,,,1,15,,1589635,55,,,1,14,,1589636,55,,,1,57,,1589637,55,,,1,16,,1589638,55,,,1,15,,1589639,55,,,1,17,,1589667,55,,,1,54,,1589640,55,,,1,17,,1589641,55,,,1,14,,1589643,55,,,1,17,,1589672,55,,,1,56,,1589644,55,,,1,10,,1589645,55,,,1,11,,1589642,55,,,1,9,,1589646,55,,,1,12,,1589655,55,,,1,54,,1589680,55,,,1,14,,1589657,55,,,1,15,,1589647,55,,,1,15,,1589683,55,,,1,58,,1589666,55,,,1,16,,1589658,55,,,1,17,,1589659,55,,,1,18,,1589648,55,,,1,58,,1589649,55,,,1,18,,1589677,55,,,1,17,,1589660,55,,,1,58,,1589678,55,,,1,18,,1589679,55,,,1,18,,1589676,55,,,1,58,,1589675,55,,,1,16,,1589662,55,,,1,18,,1589661,55,,,1,16,,1589650,55,,,1,57,,1589651,55,,,1,17,,1589682,55,,,1,18,,1589652,55,,,1,17,,1589681,55,,,1,58,,1589653,55,,,1,16,,1589654,55,,,1,17,,1589684,55,,,1,58,,1589686,55,,,1
80401,'20261014',602,,1589763,55,,,1,15,,1589751,55,,,1,15,,1589687,55,,,1,15,,1589752,55,,,1,56,,1589734,55,,,1,17,,1589688,55,,,1,13,,1589689,55,,,1,13,,1589690,55,,,1,10,,1589691,55,,,1,52,,1589747,55,,,1,10,,1589741,55,,,1,10,,1589692,55,,,1,10,,1589693,55,,,1,9,,1589694,55,,,1,7,,1589695,55,,,1,50,,1589708,55,,,1,12,,1589709,55,,,1,14,,1589710,55,,,1,15,,1589748,55,,,1,55,,1589696,55,,,1,14,,1589697,55,,,1,14,,1589698,55,,,1,15,,1589699,55,,,1,15,,1589700,55,,,1,54,,1589749,55,,,1,16,,1589742,55,,,1,14,,1589701,55,,,1,16,,1589702,55,,,1,54,,1589703,55,,,1,17,,1589704,55,,,1,15,,1589705,55,,,1,15,,1589746,55,,,1,55,,1589706,55,,,1,15,,1589711,55,,,1,15,,1589712,55,,,1,15,,1589743,55,,,1,55,,1589707,55,,,1,15,,1589713,55,,,1,14,,1589714,55,,,1,57,,1589715,55,,,1,16,,1589716,55,,,1,15,,1589717,55,,,1,17,,1589745,55,,,1,54,,1589718,55,,,1,17,,1589719,55,,,1,14,,1589721,55,,,1,17,,1589750,55,,,1,56,,1589722,55,,,1,10,,1589723,55,,,1,11,,1589720,55,,,1,9,,1589724,55,,,1,12,,1589733,55,,,1,54,,1589758,55,,,1,14,,1589735,55,,,1,15,,1589725,55,,,1,15,,1589761,55,,,1,58,,1589744,55,,,1,16,,1589736,55,,,1,17,,1589737,55,,,1,18,,1589726,55,,,1,58,,1589727,55,,,1,18,,1589755,55,,,1,17,,1589738,55,,,1,58,,1589756,55,,,1,18,,1589757,55,,,1,18,,1589754,55,,,1,58,,1589753,55,,,1,16,,1589740,55,,,1,18,,1589739,55,,,1,16,,1589728,55,,,1,57,,1589729,55,,,1,17,,1589760,55,,,1,18,,1589730,55,,,1,17,,1589759,55,,,1,58,,1589731,55,,,1,16,,1589732,55,,,1,17,,1589762,55,,,1,58,,1589764,55,,,1
80401,'20261015',602,,1589841,55,,,1,15,,1589829,55,,,1,15,,1589765,55,,,1,15,,1589830,55,,,1,56,,1589812,55,,,1,17,,1589766,55,,,1,13,,1589767,55,,,1,13,,1589768,55,,,1,10,,1589769,55,,,1,52,,1589825,55,,,1,10,,1589819,55,,,1,10,,1589770,55,,,1,10,,1589771,55,,,1,9,,1589772,55,,,1,7,,1589773,55,,,1,50,,1589786,55,,,1,12,,1589787,55,,,1,14,,1589788,55,,,1,15,,1589826,55,,,1,55,,1589774,55,,,1,14,,1589775,55,,,1,14,,1589776,55,,,1,15,,1589777,55,,,1,15,,1589778,55,,,1,54,,1589827,55,,,1,16,,1589820,55,,,1,14,,1589779,55,,,1,16,,1589780,55,,,1,54,,1589781,55,,,1,17,,1589782,55,,,1,15,,1589783,55,,,1,15,,1589824,55,,,1,55,,1589784,55,,,1,15,,1589789,55,,,1,15,,1589790,55,,,1,15,,1589821,55,,,1,55,,1589785,55,,,1,15,,1589791,55,,,1,14,,1589792,55,,,1,57,,1589793,55,,,1,16,,1589794,55,,,1,15,,1589795,55,,,1,17,,1589823,55,,,1,54,,1589796,55,,,1,17,,1589797,55,,,1,14,,1589799,55,,,1,17,,1589828,55,,,1,56,,1589800,55,,,1,10,,1589801,55,,,1,11,,1589798,55,,,1,9,,1589802,55,,,1,12,,1589811,55,,,1,54,,1589836,55,,,1,14,,1589813,55,,,1,15,,1589803,55,,,1,15,,1589839,55,,,1,58,,1589822,55,,,1,16,,1589814,55,,,1,17,,1589815,55,,,1,18,,1589804,55,,,1,58,,1589805,55,,,1,18,,1589833,55,,,1,17,,1589816,55,,,1,58,,1589834,55,,,1,18,,1589835,55,,,1,18,,1589832,55,,,1,58,,1589831,55,,,1,16,,1589818,55,,,1,18,,1589817,55,,,1,16,,1589806,55,,,1,57,,1589807,55,,,1,17,,1589838,55,,,1,18,,1589808,55,,,1,17,,1589837,55,,,1,58,,1589809,55,,,1,16,,1589810,55,,,1,17,,1589840,55,,,1,58,,1589842,55,,,1
80401,'20261016',602,,1589919,55,,,1,15,,1589907,55,,,1,15,,1589843,55,,,1,15,,1589908,55,,,1,56,,1589890,55,,,1,17,,1589844,55,,,1,13,,1589845,55,,,1,13,,1589846,55,,,1,10,,1589847,55,,,1,52,,1589903,55,,,1,10,,1589897,55,,,1,10,,1589848,55,,,1,10,,1589849,55,,,1,9,,1589850,55,,,1,7,,1589851,55,,,1,50,,1589864,55,,,1,12,,1589865,55,,,1,14,,1589866,55,,,1,15,,1589904,55,,,1,55,,1589852,55,,,1,14,,1589853,55,,,1,14,,1589854,55,,,1,15,,1589855,55,,,1,15,,1589856,55,,,1,54,,1589905,55,,,1,16,,1589898,55,,,1,14,,1589857,55,,,1,16,,1589858,55,,,1,54,,1589859,55,,,1,17,,1589860,55,,,1,15,,1589861,55,,,1,15,,1589902,55,,,1,55,,1589862,55,,,1,15,,1589867,55,,,1,15,,1589868,55,,,1,15,,1589899,55,,,1,55,,1589863,55,,,1,15,,1589869,55,,,1,14,,1589870,55,,,1,57,,1589871,55,,,1,16,,1589872,55,,,1,15,,1589873,55,,,1,17,,1589901,55,,,1,54,,1589874,55,,,1,17,,1589875,55,,,1,14,,1589877,55,,,1,17,,1589906,55,,,1,56,,1589878,55,,,1,10,,1589879,55,,,1,11,,1589876,55,,,1,9,,1589880,55,,,1,12,,1589889,55,,,1,54,,1589914,55,,,1,14,,1589891,55,,,1,15,,1589881,55,,,1,15,,1589917,55,,,1,58,,1589900,55,,,1,16,,1589892,55,,,1,17,,1589893,55,,,1,18,,1589882,55,,,1,58,,1589883,55,,,1,18,,1589911,55,,,1,17,,1589894,55,,,1,58,,1589912,55,,,1,18,,1589913,55,,,1,18,,1589910,55,,,1,58,,1589909,55,,,1,16,,1589896,55,,,1,18,,1589895,55,,,1,16,,1589884,55,,,1,57,,1589885,55,,,1,17,,1589916,55,,,1,18,,1589886,55,,,1,17,,1589915,55,,,1,58,,1589887,55,,,1,16,,1589888,55,,,1,17,,1589918,55,,,1,58,,1589920,55,,,1
80401,'20261017',710,,1621458,55,,,1,17,,1621510,55,,,1,18,,1621509,55,,,1,59,,1621459,55,,,1,18,,1621460,55,,,1,18,,1621511,55,,,1,17,,1621498,55,,,1,57,,1621499,55,,,1,15,,1621500,55,,,1,17,,1621512,55,,,1,55,,1621461,55,,,1,16,,1621501,55,,,1,15,,1621502,55,,,1,16,,1621513,55,,,1,56,,1621462,55,,,1,15,,1621503,55,,,1,15,,1621504,55,,,1,14,,1621514,55,,,1,54,,1621463,55,,,1,15,,1621505,55,,,1,14,,1621506,55,,,1,15,,1621464,55,,,1,55,,1621507,55,,,1,14,,1621465,55,,,1,15,,1621466,55,,,1,14,,1621467,55,,,1,15,,1621468,55,,,1,55,,1621469,55,,,1,15,,1621470,55,,,1,15,,1621471,55,,,1,15,,1621472,55,,,1,55,,1621473,55,,,1,15,,1621474,55,,,1,15,,1621475,55,,,1,15,,1621476,55,,,1,54,,1621477,55,,,1,15,,1621478,55,,,1,14,,1621479,55,,,1,15,,1621480,55,,,1,54,,1621481,55,,,1,16,,1621482,55,,,1,16,,1621483,55,,,1,59,,1621484,55,,,1,18,,1621485,55,,,1,16,,1621508,55,,,1,18,,1621519,55,,,1,59,,1621486,55,,,1,18,,1621487,55,,,1,18,,1621520,55,,,1,58,,1621488,55,,,1,18,,1621521,55,,,1,18,,1621489,55,,,1,58,,1621490,55,,,1,17,,1621522,55,,,1,18,,1621491,55,,,1,18,,1621517,55,,,1,58,,1621492,55,,,1,18,,1621493,55,,,1,18,,1621516,55,,,1,58,,1621494,55,,,1,18,,1621515,55,,,1,18,,1621495,55,,,1,58,,1621496,55,,,1,18,,1621518,55,,,1,18,,1621497,55,,,1
80401,'20261018',710,,1621523,55,,,1,17,,1621524,55,,,1,18,,1621575,55,,,1,59,,1621574,55,,,1,18,,1621525,55,,,1,18,,1621576,55,,,1,17,,1621563,55,,,1,57,,1621564,55,,,1,15,,1621565,55,,,1,17,,1621577,55,,,1,55,,1621527,55,,,1,16,,1621566,55,,,1,15,,1621567,55,,,1,16,,1621578,55,,,1,56,,1621526,55,,,1,15,,1621568,55,,,1,15,,1621569,55,,,1,14,,1621579,55,,,1,54,,1621528,55,,,1,15,,1621570,55,,,1,14,,1621571,55,,,1,15,,1621529,55,,,1,55,,1621572,55,,,1,14,,1621530,55,,,1,15,,1621531,55,,,1,14,,1621532,55,,,1,15,,1621533,55,,,1,55,,1621534,55,,,1,15,,1621535,55,,,1,15,,1621536,55,,,1,15,,1621537,55,,,1,55,,1621538,55,,,1,15,,1621539,55,,,1,15,,1621540,55,,,1,15,,1621541,55,,,1,54,,1621542,55,,,1,15,,1621543,55,,,1,14,,1621544,55,,,1,15,,1621545,55,,,1,54,,1621546,55,,,1,16,,1621547,55,,,1,16,,1621548,55,,,1,59,,1621549,55,,,1,18,,1621550,55,,,1,16,,1621551,55,,,1,18,,1621573,55,,,1,59,,1621580,55,,,1,18,,1621552,55,,,1,18,,1621553,55,,,1,58,,1621581,55,,,1,18,,1621554,55,,,1,18,,1621582,55,,,1,58,,1621555,55,,,1,17,,1621556,55,,,1,18,,1621583,55,,,1,18,,1621557,55,,,1,58,,1621584,55,,,1,18,,1621558,55,,,1,18,,1621559,55,,,1,58,,1621585,55,,,1,18,,1621560,55,,,1,18,,1621586,55,,,1,58,,1621561,55,,,1,18,,1621587,55,,,1,18,,1621562,55,,,1
80401,'20261019',602,,1621664,55,,,1,15,,1621652,55,,,1,15,,1621588,55,,,1,15,,1621653,55,,,1,56,,1621635,55,,,1,17,,1621589,55,,,1,13,,1621590,55,,,1,13,,1621591,55,,,1,10,,1621592,55,,,1,52,,1621648,55,,,1,10,,1621642,55,,,1,10,,1621593,55,,,1,10,,1621594,55,,,1,9,,1621595,55,,,1,7,,1621596,55,,,1,50,,1621609,55,,,1,12,,1621610,55,,,1,14,,1621611,55,,,1,15,,1621649,55,,,1,55,,1621597,55,,,1,14,,1621598,55,,,1,14,,1621599,55,,,1,15,,1621600,55,,,1,15,,1621601,55,,,1,54,,1621650,55,,,1,16,,1621643,55,,,1,14,,1621602,55,,,1,16,,1621603,55,,,1,54,,1621604,55,,,1,17,,1621605,55,,,1,15,,1621606,55,,,1,15,,1621647,55,,,1,55,,1621607,55,,,1,15,,1621612,55,,,1,15,,1621613,55,,,1,15,,1621644,55,,,1,55,,1621608,55,,,1,15,,1621614,55,,,1,14,,1621615,55,,,1,57,,1621616,55,,,1,16,,1621617,55,,,1,15,,1621618,55,,,1,17,,1621646,55,,,1,54,,1621619,55,,,1,17,,1621620,55,,,1,14,,1621622,55,,,1,17,,1621651,55,,,1,56,,1621623,55,,,1,10,,1621624,55,,,1,11,,1621621,55,,,1,9,,1621625,55,,,1,12,,1621634,55,,,1,54,,1621659,55,,,1,14,,1621636,55,,,1,15,,1621626,55,,,1,15,,1621662,55,,,1,58,,1621645,55,,,1,16,,1621637,55,,,1,17,,1621638,55,,,1,18,,1621627,55,,,1,58,,1621628,55,,,1,18,,1621656,55,,,1,17,,1621639,55,,,1,58,,1621657,55,,,1,18,,1621658,55,,,1,18,,1621655,55,,,1,58,,1621654,55,,,1,16,,1621641,55,,,1,18,,1621640,55,,,1,16,,1621629,55,,,1,57,,1621630,55,,,1,17,,1621661,55,,,1,18,,1621631,55,,,1,17,,1621660,55,,,1,58,,1621632,55,,,1,16,,1621633,55,,,1,17,,1621663,55,,,1,58,,1621665,55,,,1
80401,'20261020',602,,1621742,55,,,1,15,,1621730,55,,,1,15,,1621666,55,,,1,15,,1621731,55,,,1,56,,1621713,55,,,1,17,,1621667,55,,,1,13,,1621668,55,,,1,13,,1621669,55,,,1,10,,1621670,55,,,1,52,,1621726,55,,,1,10,,1621720,55,,,1,10,,1621671,55,,,1,10,,1621672,55,,,1,9,,1621673,55,,,1,7,,1621674,55,,,1,50,,1621687,55,,,1,12,,1621688,55,,,1,14,,1621689,55,,,1,15,,1621727,55,,,1,55,,1621675,55,,,1,14,,1621676,55,,,1,14,,1621677,55,,,1,15,,1621678,55,,,1,15,,1621679,55,,,1,54,,1621728,55,,,1,16,,1621721,55,,,1,14,,1621680,55,,,1,16,,1621681,55,,,1,54,,1621682,55,,,1,17,,1621683,55,,,1,15,,1621684,55,,,1,15,,1621725,55,,,1,55,,1621685,55,,,1,15,,1621690,55,,,1,15,,1621691,55,,,1,15,,1621722,55,,,1,55,,1621686,55,,,1,15,,1621692,55,,,1,14,,1621693,55,,,1,57,,1621694,55,,,1,16,,1621695,55,,,1,15,,1621696,55,,,1,17,,1621724,55,,,1,54,,1621697,55,,,1,17,,1621698,55,,,1,14,,1621700,55,,,1,17,,1621729,55,,,1,56,,1621701,55,,,1,10,,1621702,55,,,1,11,,1621699,55,,,1,9,,1621703,55,,,1,12,,1621712,55,,,1,54,,1621737,55,,,1,14,,1621714,55,,,1,15,,1621704,55,,,1,15,,1621740,55,,,1,58,,1621723,55,,,1,16,,1621715,55,,,1,17,,1621716,55,,,1,18,,1621705,55,,,1,58,,1621706,55,,,1,18,,1621734,55,,,1,17,,1621717,55,,,1,58,,1621735,55,,,1,18,,1621736,55,,,1,18,,1621733,55,,,1,58,,1621732,55,,,1,16,,1621719,55,,,1,18,,1621718,55,,,1,16,,1621707,55,,,1,57,,1621708,55,,,1,17,,1621739,55,,,1,18,,1621709,55,,,1,17,,1621738,55,,,1,58,,1621710,55,,,1,16,,1621711,55,,,1,17,,1621741,55,,,1,58,,1621743,55,,,1
80401,'20261021',602,,1644144,55,,,1,15,,1644132,55,,,1,15,,1644068,55,,,1,15,,1644133,55,,,1,56,,1644115,55,,,1,17,,1644069,55,,,1,13,,1644070,55,,,1,13,,1644071,55,,,1,10,,1644072,55,,,1,52,,1644128,55,,,1,10,,1644122,55,,,1,10,,1644073,55,,,1,10,,1644074,55,,,1,9,,1644075,55,,,1,7,,1644076,55,,,1,50,,1644089,55,,,1,12,,1644090,55,,,1,14,,1644091,55,,,1,15,,1644129,55,,,1,55,,1644077,55,,,1,14,,1644078,55,,,1,14,,1644079,55,,,1,15,,1644080,55,,,1,15,,1644081,55,,,1,54,,1644130,55,,,1,16,,1644123,55,,,1,14,,1644082,55,,,1,16,,1644083,55,,,1,54,,1644084,55,,,1,17,,1644085,55,,,1,15,,1644086,55,,,1,15,,1644127,55,,,1,55,,1644087,55,,,1,15,,1644092,55,,,1,15,,1644093,55,,,1,15,,1644124,55,,,1,55,,1644088,55,,,1,15,,1644094,55,,,1,14,,1644095,55,,,1,57,,1644096,55,,,1,16,,1644097,55,,,1,15,,1644098,55,,,1,17,,1644126,55,,,1,54,,1644099,55,,,1,17,,1644100,55,,,1,14,,1644102,55,,,1,17,,1644131,55,,,1,56,,1644103,55,,,1,10,,1644104,55,,,1,11,,1644101,55,,,1,9,,1644105,55,,,1,12,,1644114,55,,,1,54,,1644139,55,,,1,14,,1644116,55,,,1,15,,1644106,55,,,1,15,,1644142,55,,,1,58,,1644125,55,,,1,16,,1644117,55,,,1,17,,1644118,55,,,1,18,,1644107,55,,,1,58,,1644108,55,,,1,18,,1644136,55,,,1,17,,1644119,55,,,1,58,,1644137,55,,,1,18,,1644138,55,,,1,18,,1644135,55,,,1,58,,1644134,55,,,1,16,,1644121,55,,,1,18,,1644120,55,,,1,16,,1644109,55,,,1,57,,1644110,55,,,1,17,,1644141,55,,,1,18,,1644111,55,,,1,17,,1644140,55,,,1,58,,1644112,55,,,1,16,,1644113,55,,,1,17,,1644143,55,,,1,58,,1644145,55,,,1
80401,'20261022',602,,1644222,55,,,1,15,,1644210,55,,,1,15,,1644146,55,,,1,15,,1644211,55,,,1,56,,1644193,55,,,1,17,,1644147,55,,,1,13,,1644148,55,,,1,13,,1644149,55,,,1,10,,1644150,55,,,1,52,,1644206,55,,,1,10,,1644200,55,,,1,10,,1644151,55,,,1,10,,1644152,55,,,1,9,,1644153,55,,,1,7,,1644154,55,,,1,50,,1644167,55,,,1,12,,1644168,55,,,1,14,,1644169,55,,,1,15,,1644207,55,,,1,55,,1644155,55,,,1,14,,1644156,55,,,1,14,,1644157,55,,,1,15,,1644158,55,,,1,15,,1644159,55,,,1,54,,1644208,55,,,1,16,,1644201,55,,,1,14,,1644160,55,,,1,16,,1644161,55,,,1,54,,1644162,55,,,1,17,,1644163,55,,,1,15,,1644164,55,,,1,15,,1644205,55,,,1,55,,1644165,55,,,1,15,,1644170,55,,,1,15,,1644171,55,,,1,15,,1644202,55,,,1,55,,1644166,55,,,1,15,,1644172,55,,,1,14,,1644173,55,,,1,57,,1644174,55,,,1,16,,1644175,55,,,1,15,,1644176,55,,,1,17,,1644204,55,,,1,54,,1644177,55,,,1,17,,1644178,55,,,1,14,,1644180,55,,,1,17,,1644209,55,,,1,56,,1644181,55,,,1,10,,1644182,55,,,1,11,,1644179,55,,,1,9,,1644183,55,,,1,12,,1644192,55,,,1,54,,1644217,55,,,1,14,,1644194,55,,,1,15,,1644184,55,,,1,15,,1644220,55,,,1,58,,1644203,55,,,1,16,,1644195,55,,,1,17,,1644196,55,,,1,18,,1644185,55,,,1,58,,1644186,55,,,1,18,,1644214,55,,,1,17,,1644197,55,,,1,58,,1644215,55,,,1,18,,1644216,55,,,1,18,,1644213,55,,,1,58,,1644212,55,,,1,16,,1644199,55,,,1,18,,1644198,55,,,1,16,,1644187,55,,,1,57,,1644188,55,,,1,17,,1644219,55,,,1,18,,1644189,55,,,1,17,,1644218,55,,,1,58,,1644190,55,,,1,16,,1644191,55,,,1,17,,1644221,55,,,1,58,,1644223,55,,,1
80401,'20261023',602,,1644300,55,,,1,15,,1644288,55,,,1,15,,1644224,55,,,1,15,,1644289,55,,,1,56,,1644271,55,,,1,17,,1644225,55,,,1,13,,1644226,55,,,1,13,,1644227,55,,,1,10,,1644228,55,,,1,52,,1644284,55,,,1,10,,1644278,55,,,1,10,,1644229,55,,,1,10,,1644230,55,,,1,9,,1644231,55,,,1,7,,1644232,55,,,1,50,,1644245,55,,,1,12,,1644246,55,,,1,14,,1644247,55,,,1,15,,1644285,55,,,1,55,,1644233,55,,,1,14,,1644234,55,,,1,14,,1644235,55,,,1,15,,1644236,55,,,1,15,,1644237,55,,,1,54,,1644286,55,,,1,16,,1644279,55,,,1,14,,1644238,55,,,1,16,,1644239,55,,,1,54,,1644240,55,,,1,17,,1644241,55,,,1,15,,1644242,55,,,1,15,,1644283,55,,,1,55,,1644243,55,,,1,15,,1644248,55,,,1,15,,1644249,55,,,1,15,,1644280,55,,,1,55,,1644244,55,,,1,15,,1644250,55,,,1,14,,1644251,55,,,1,57,,1644252,55,,,1,16,,1644253,55,,,1,15,,1644254,55,,,1,17,,1644282,55,,,1,54,,1644255,55,,,1,17,,1644256,55,,,1,14,,1644258,55,,,1,17,,1644287,55,,,1,56,,1644259,55,,,1,10,,1644260,55,,,1,11,,1644257,55,,,1,9,,1644261,55,,,1,12,,1644270,55,,,1,54,,1644295,55,,,1,14,,1644272,55,,,1,15,,1644262,55,,,1,15,,1644298,55,,,1,58,,1644281,55,,,1,16,,1644273,55,,,1,17,,1644274,55,,,1,18,,1644263,55,,,1,58,,1644264,55,,,1,18,,1644292,55,,,1,17,,1644275,55,,,1,58,,1644293,55,,,1,18,,1644294,55,,,1,18,,1644291,55,,,1,58,,1644290,55,,,1,16,,1644277,55,,,1,18,,1644276,55,,,1,16,,1644265,55,,,1,57,,1644266,55,,,1,17,,1644297,55,,,1,18,,1644267,55,,,1,17,,1644296,55,,,1,58,,1644268,55,,,1,16,,1644269,55,,,1,17,,1644299,55,,,1,58,,1644301,55,,,1
80503,'20261009',537,,1623193,23,,,0,9,,1623194,23,,,0,11,,1623195,23,,,0,50,,1623196,23,,,0,10,,1623197,23,,,0,10,,1623198,23,,,0,10,,1623199,23,,,0,10,,1623200,23,,,0,12,,1623201,23,,,0,46,,1623202,23,,,0,8,,1623203,23,,,0,9,,1623204,23,,,0,5,,1623205,23,,,0,8,,1623206,23,,,0,5,,1623207,23,,,0,5,,1623208,23,,,0,5,,1623209,23,,,0,5,,1623210,23,,,0,45,,1623211,23,,,0,5,,1623212,23,,,0,5,,1623213,23,,,0,4,,1623214,23,,,0,7,,1623215,23,,,0,5,,1623216,23,,,0,8,,1623217,23,,,0,8,,1623218,23,,,0,7,,1623219,23,,,0,8,,1623220,23,,,0,48,,1623221,23,,,0,7,,1623222,23,,,0,7,,1623223,23,,,0,9,,1623224,23,,,0,10,,1623225,23,,,0,11,,1623226,23,,,0,8,,1623227,23,,,0,50,,1623228,23,,,0,11,,1623229,23,,,0,10,,1623230,23,,,0,10,,1623231,23,,,0,10,,1623232,23,,,0,8,,1623233,23,,,0,50,,1623234,23,,,0,10,,1623235,23,,,0,10,,1623236,23,,,0,10,,1623237,23,,,0,10,,1623238,23,,,0,11,,1623239,23,,,0,50,,1623240,23,,,0,10,,1623241,23,,,0,10,,1623242,23,,,0,10,,1623243,23,,,0,10,,1623244,23,,,0,10,,1623245,23,,,0,50,,1623246,23,,,0,10,,1623247,23,,,0,10,,1623248,23,,,0,10,,1623249,23,,,0,10,,1623250,23,,,0,10,,1623251,23,,,0,50,,1623252,23,,,0,10,,1623253,23,,,0,10,,1623254,23,,,0,10,,1623255,23,,,0,11,,1623256,23,,,0,6,,1623257,23,,,0,47,,1623258,23,,,0,7,,1623259,23,,,0,6,,1623260,23,,,0,5,,1623261,23,,,0,7,,1623262,23,,,0,6,,1623263,23,,,0,7,,1623264,23,,,0,6,,1623265,23,,,0,7,,1623266,23,,,0,48,,1623267,23,,,0,5,,1623268,23,,,0,7,,1623269,23,,,0,5,,1623270,23,,,0,7,,1623271,23,,,0,9,,1623272,23,,,0,7,,1623273,23,,,0,8,,1623274,23,,,0,8,,1623275,23,,,0,47,,1623276,23,,,0,7,,1623277,23,,,0,7,,1623278,23,,,0,10,,1623279,23,,,0,7,,1623280,23,,,0,8,,1623281,23,,,0,7,,1623282,23,,,0,9,,1623283,23,,,0,50,,1623284,23,,,0,10,,1623285,23,,,0,10,,1623286,23,,,0,9,,1623287,23,,,0,9,,1623288,23,,,0,9,,1623289,23,,,0,49,,1623290,23,,,0,10,,1623291,23,,,0,9,,1623292,23,,,0,10,,1623293,23,,,0,9,,1623294,23,,,0,10,,1623295,23,,,0,49,,1623296,23,,,0,11,,1623297,23,,,0,10,,1623298,23,,,0,10,,1623299,23,,,0,10,,1623300,23,,,0,10,,1623301,23,,,0,50,,1623302,23,,,0,10,,1623303,23,,,0,10,,1623304,23,,,0,10,,1623305,23,,,0,10,,1623306,23,,,0,9,,1623307,23,,,0,50,,1623308,23,,,0,10,,1623309,23,,,0,10,,1623310,23,,,0,10,,1623311,23,,,0,10,,1623312,23,,,0,10,,1623313,23,,,0,50,,1623314,23,,,0,10,,1623315,23,,,0,10,,1623316,23,,,0,10,,1623317,23,,,0,10,,1623318,23,,,0,10,,1623319,23,,,0,50,,1623320,23,,,0,10,,1623321,23,,,0,10,,1623322,23,,,0,10,,1623323,23,,,0,10,,1623324,23,,,0,10,,1623325,23,,,0,50,,1623326,23,,,0,10,,1623327,23,,,0,10,,1623328,23,,,0,10,,1623329,23,,,0,10,,1623330,23,,,0,10,,1623331,23,,,0
80503,'20261010',555,,1645052,23,,,0,50,,1645053,23,,,0,10,,1645054,23,,,0,10,,1645055,23,,,0,10,,1645056,23,,,0,10,,1645057,23,,,0,10,,1645058,23,,,0,50,,1645059,23,,,0,10,,1645060,23,,,0,10,,1645061,23,,,0,11,,1645062,23,,,0,11,,1645063,23,,,0,10,,1645064,23,,,0,51,,1645065,23,,,0,9,,1645066,23,,,0,10,,1645067,23,,,0,10,,1645068,23,,,0,11,,1645069,23,,,0,10,,1645070,23,,,0,50,,1645071,23,,,0,9,,1645072,23,,,0,10,,1645073,23,,,0,11,,1645074,23,,,0,10,,1645075,23,,,0,10,,1645076,23,,,0,51,,1645077,23,,,0,10,,1645078,23,,,0,10,,1645079,23,,,0,10,,1645080,23,,,0,11,,1645081,23,,,0,51,,1645082,23,,,0,10,,1645083,23,,,0,10,,1645084,23,,,0,10,,1645085,23,,,0,11,,1645086,23,,,0,10,,1645087,23,,,0,50,,1645088,23,,,0,11,,1645089,23,,,0,10,,1645090,23,,,0,10,,1645091,23,,,0,10,,1645092,23,,,0,10,,1645093,23,,,0,50,,1645094,23,,,0,10,,1645095,23,,,0,10,,1645096,23,,,0,10,,1645097,23,,,0,10,,1645098,23,,,0,10,,1645099,23,,,0,50,,1645100,23,,,0,10,,1645101,23,,,0,11,,1645102,23,,,0,11,,1645103,23,,,0,8,,1645104,23,,,0,10,,1645105,23,,,0,50,,1645106,23,,,0,10,,1645107,23,,,0,9,,1645108,23,,,0,10,,1645109,23,,,0,10,,1645110,23,,,0,10,,1645111,23,,,0,49,,1645112,23,,,0,9,,1645113,23,,,0,10,,1645114,23,,,0,10,,1645115,23,,,0,10,,1645116,23,,,0,10,,1645117,23,,,0,50,,1645118,23,,,0,10,,1645119,23,,,0,9,,1645120,23,,,0,10,,1645121,23,,,0,10,,1645122,23,,,0,10,,1645123,23,,,0,10,,1645124,23,,,0,50,,1645125,23,,,0,10,,1645126,23,,,0,11,,1645127,23,,,0,10,,1645128,23,,,0,9,,1645129,23,,,0,9,,1645130,23,,,0,50,,1645131,23,,,0,10,,1645132,23,,,0,10,,1645133,23,,,0,9,,1645134,23,,,0,9,,1645135,23,,,0,10,,1645136,23,,,0,50,,1645137,23,,,0,10,,1645138,23,,,0,10,,1645139,23,,,0,10,,1645140,23,,,0,10,,1645141,23,,,0,11,,1645142,23,,,0,50,,1645143,23,,,0,10,,1645144,23,,,0,10,,1645145,23,,,0,10,,1645146,23,,,0,10,,1645147,23,,,0,10,,1645148,23,,,0,50,,1645149,23,,,0,10,,1645150,23,,,0,10,,1645151,23,,,0,10,,1645152,23,,,0,10,,1645153,23,,,0,9,,1645154,23,,,0,49,,1645155,23,,,0,10,,1645156,23,,,0,10,,1645157,23,,,0,10,,1645158,23,,,0,10,,1645159,23,,,0,10,,1645160,23,,,0,50,,1645161,23,,,0,10,,1645162,23,,,0,10,,1645163,23,,,0,10,,1645164,23,,,0,10,,1645165,23,,,0,10,,1645166,23,,,0,50,,1645167,23,,,0,10,,1645168,23,,,0,11,,1645169,23,,,0,12,,1645170,23,,,0
80503,'20261011',555,,1645171,23,,,0,50,,1645172,23,,,0,10,,1645173,23,,,0,10,,1645174,23,,,0,10,,1645175,23,,,0,10,,1645176,23,,,0,10,,1645177,23,,,0,50,,1645178,23,,,0,10,,1645179,23,,,0,10,,1645180,23,,,0,11,,1645181,23,,,0,11,,1645182,23,,,0,10,,1645183,23,,,0,51,,1645184,23,,,0,9,,1645185,23,,,0,10,,1645186,23,,,0,10,,1645187,23,,,0,11,,1645188,23,,,0,10,,1645189,23,,,0,50,,1645190,23,,,0,9,,1645191,23,,,0,10,,1645192,23,,,0,11,,1645193,23,,,0,10,,1645194,23,,,0,10,,1645195,23,,,0,51,,1645196,23,,,0,10,,1645197,23,,,0,10,,1645198,23,,,0,10,,1645199,23,,,0,11,,1645200,23,,,0,51,,1645201,23,,,0,10,,1645202,23,,,0,10,,1645203,23,,,0,10,,1645204,23,,,0,11,,1645205,23,,,0,10,,1645206,23,,,0,50,,1645207,23,,,0,11,,1645208,23,,,0,10,,1645209,23,,,0,10,,1645210,23,,,0,10,,1645211,23,,,0,10,,1645212,23,,,0,50,,1645213,23,,,0,10,,1645214,23,,,0,10,,1645215,23,,,0,10,,1645216,23,,,0,10,,1645217,23,,,0,10,,1645218,23,,,0,50,,1645219,23,,,0,10,,1645220,23,,,0,11,,1645221,23,,,0,11,,1645222,23,,,0,8,,1645223,23,,,0,10,,1645224,23,,,0,50,,1645225,23,,,0,10,,1645226,23,,,0,9,,1645227,23,,,0,10,,1645228,23,,,0,10,,1645229,23,,,0,10,,1645230,23,,,0,49,,1645231,23,,,0,9,,1645232,23,,,0,10,,1645233,23,,,0,10,,1645234,23,,,0,10,,1645235,23,,,0,10,,1645236,23,,,0,50,,1645237,23,,,0,10,,1645238,23,,,0,9,,1645239,23,,,0,10,,1645240,23,,,0,10,,1645241,23,,,0,10,,1645242,23,,,0,10,,1645243,23,,,0,50,,1645244,23,,,0,10,,1645245,23,,,0,11,,1645246,23,,,0,10,,1645247,23,,,0,9,,1645248,23,,,0,9,,1645249,23,,,0,50,,1645250,23,,,0,10,,1645251,23,,,0,10,,1645252,23,,,0,9,,1645253,23,,,0,9,,1645254,23,,,0,10,,1645255,23,,,0,50,,1645256,23,,,0,10,,1645257,23,,,0,10,,1645258,23,,,0,10,,1645259,23,,,0,10,,1645260,23,,,0,11,,1645261,23,,,0,50,,1645262,23,,,0,10,,1645263,23,,,0,10,,1645264,23,,,0,10,,1645265,23,,,0,10,,1645266,23,,,0,10,,1645267,23,,,0,50,,1645268,23,,,0,10,,1645269,23,,,0,10,,1645270,23,,,0,10,,1645271,23,,,0,10,,1645272,23,,,0,9,,1645273,23,,,0,49,,1645274,23,,,0,10,,1645275,23,,,0,10,,1645276,23,,,0,10,,1645277,23,,,0,10,,1645278,23,,,0,10,,1645279,23,,,0,50,,1645280,23,,,0,10,,1645281,23,,,0,10,,1645282,23,,,0,10,,1645283,23,,,0,10,,1645284,23,,,0,10,,1645285,23,,,0,50,,1645286,23,,,0,10,,1645287,23,,,0,11,,1645288,23,,,0,12,,1645289,23,,,0
80503,'20261012',555,,1645290,23,,,0,50,,1645291,23,,,0,10,,1645292,23,,,0,10,,1645293,23,,,0,10,,1645294,23,,,0,10,,1645295,23,,,0,10,,1645296,23,,,0,50,,1645297,23,,,0,10,,1645298,23,,,0,10,,1645299,23,,,0,11,,1645300,23,,,0,11,,1645301,23,,,0,10,,1645302,23,,,0,51,,1645303,23,,,0,9,,1645304,23,,,0,10,,1645305,23,,,0,10,,1645306,23,,,0,11,,1645307,23,,,0,10,,1645308,23,,,0,50,,1645309,23,,,0,9,,1645310,23,,,0,10,,1645311,23,,,0,11,,1645312,23,,,0,10,,1645313,23,,,0,10,,1645314,23,,,0,51,,1645315,23,,,0,10,,1645316,23,,,0,10,,1645317,23,,,0,10,,1645318,23,,,0,11,,1645319,23,,,0,51,,1645320,23,,,0,10,,1645321,23,,,0,10,,1645322,23,,,0,10,,1645323,23,,,0,11,,1645324,23,,,0,10,,1645325,23,,,0,50,,1645326,23,,,0,11,,1645327,23,,,0,10,,1645328,23,,,0,10,,1645329,23,,,0,10,,1645330,23,,,0,10,,1645331,23,,,0,50,,1645332,23,,,0,10,,1645333,23,,,0,10,,1645334,23,,,0,10,,1645335,23,,,0,10,,1645336,23,,,0,10,,1645337,23,,,0,50,,1645338,23,,,0,10,,1645339,23,,,0,11,,1645340,23,,,0,11,,1645341,23,,,0,8,,1645342,23,,,0,10,,1645343,23,,,0,50,,1645344,23,,,0,10,,1645345,23,,,0,9,,1645346,23,,,0,10,,1645347,23,,,0,10,,1645348,23,,,0,10,,1645349,23,,,0,49,,1645350,23,,,0,9,,1645351,23,,,0,10,,1645352,23,,,0,10,,1645353,23,,,0,10,,1645354,23,,,0,10,,1645355,23,,,0,50,,1645356,23,,,0,10,,1645357,23,,,0,9,,1645358,23,,,0,10,,1645359,23,,,0,10,,1645360,23,,,0,10,,1645361,23,,,0,10,,1645362,23,,,0,50,,1645363,23,,,0,10,,1645364,23,,,0,11,,1645365,23,,,0,10,,1645366,23,,,0,9,,1645367,23,,,0,9,,1645368,23,,,0,50,,1645369,23,,,0,10,,1645370,23,,,0,10,,1645371,23,,,0,9,,1645372,23,,,0,9,,1645373,23,,,0,10,,1645374,23,,,0,50,,1645375,23,,,0,10,,1645376,23,,,0,10,,1645377,23,,,0,10,,1645378,23,,,0,10,,1645379,23,,,0,11,,1645380,23,,,0,50,,1645381,23,,,0,10,,1645382,23,,,0,10,,1645383,23,,,0,10,,1645384,23,,,0,10,,1645385,23,,,0,10,,1645386,23,,,0,50,,1645387,23,,,0,10,,1645388,23,,,0,10,,1645389,23,,,0,10,,1645390,23,,,0,10,,1645391,23,,,0,9,,1645392,23,,,0,49,,1645393,23,,,0,10,,1645394,23,,,0,10,,1645395,23,,,0,10,,1645396,23,,,0,10,,1645397,23,,,0,10,,1645398,23,,,0,50,,1645399,23,,,0,10,,1645400,23,,,0,10,,1645401,23,,,0,10,,1645402,23,,,0,10,,1645403,23,,,0,10,,1645404,23,,,0,50,,1645405,23,,,0,10,,1645406,23,,,0,11,,1645407,23,,,0,12,,1645408,23,,,0
80503,'20261013',537,,1591590,23,,,0,9,,1591589,23,,,0,11,,1591467,23,,,0,50,,1591468,23,,,0,10,,1591469,23,,,0,10,,1591570,23,,,0,10,,1591470,23,,,0,10,,1591563,23,,,0,12,,1591471,23,,,0,46,,1591562,23,,,0,8,,1591472,23,,,0,9,,1591473,23,,,0,5,,1591474,23,,,0,8,,1591594,23,,,0,5,,1591599,23,,,0,5,,1591475,23,,,0,5,,1591600,23,,,0,5,,1591603,23,,,0,45,,1591560,23,,,0,5,,1591601,23,,,0,5,,1591561,23,,,0,4,,1591602,23,,,0,7,,1591476,23,,,0,5,,1591605,23,,,0,8,,1591477,23,,,0,8,,1591478,23,,,0,7,,1591479,23,,,0,8,,1591480,23,,,0,48,,1591559,23,,,0,7,,1591481,23,,,0,7,,1591482,23,,,0,9,,1591483,23,,,0,10,,1591485,23,,,0,11,,1591486,23,,,0,8,,1591484,23,,,0,50,,1591487,23,,,0,11,,1591568,23,,,0,10,,1591488,23,,,0,10,,1591489,23,,,0,10,,1591490,23,,,0,8,,1591491,23,,,0,50,,1591593,23,,,0,10,,1591572,23,,,0,10,,1591492,23,,,0,10,,1591494,23,,,0,10,,1591495,23,,,0,11,,1591573,23,,,0,50,,1591496,23,,,0,10,,1591493,23,,,0,10,,1591497,23,,,0,10,,1591498,23,,,0,10,,1591499,23,,,0,10,,1591500,23,,,0,50,,1591502,23,,,0,10,,1591503,23,,,0,10,,1591504,23,,,0,10,,1591574,23,,,0,10,,1591501,23,,,0,10,,1591575,23,,,0,50,,1591505,23,,,0,10,,1591506,23,,,0,10,,1591507,23,,,0,10,,1591508,23,,,0,11,,1591509,23,,,0,6,,1591564,23,,,0,47,,1591604,23,,,0,7,,1591510,23,,,0,6,,1591512,23,,,0,5,,1591595,23,,,0,7,,1591596,23,,,0,6,,1591513,23,,,0,7,,1591514,23,,,0,6,,1591511,23,,,0,7,,1591571,23,,,0,48,,1591598,23,,,0,5,,1591515,23,,,0,7,,1591566,23,,,0,5,,1591569,23,,,0,7,,1591516,23,,,0,9,,1591517,23,,,0,7,,1591518,23,,,0,8,,1591519,23,,,0,8,,1591520,23,,,0,47,,1591521,23,,,0,7,,1591522,23,,,0,7,,1591523,23,,,0,10,,1591524,23,,,0,7,,1591525,23,,,0,8,,1591526,23,,,0,7,,1591528,23,,,0,9,,1591529,23,,,0,50,,1591530,23,,,0,10,,1591527,23,,,0,10,,1591532,23,,,0,9,,1591533,23,,,0,9,,1591534,23,,,0,9,,1591531,23,,,0,49,,1591535,23,,,0,10,,1591576,23,,,0,9,,1591536,23,,,0,10,,1591537,23,,,0,9,,1591577,23,,,0,10,,1591538,23,,,0,49,,1591539,23,,,0,11,,1591578,23,,,0,10,,1591540,23,,,0,10,,1591541,23,,,0,10,,1591579,23,,,0,10,,1591542,23,,,0,50,,1591543,23,,,0,10,,1591580,23,,,0,10,,1591544,23,,,0,10,,1591545,23,,,0,10,,1591581,23,,,0,9,,1591546,23,,,0,50,,1591547,23,,,0,10,,1591582,23,,,0,10,,1591548,23,,,0,10,,1591549,23,,,0,10,,1591583,23,,,0,10,,1591550,23,,,0,50,,1591551,23,,,0,10,,1591584,23,,,0,10,,1591553,23,,,0,10,,1591554,23,,,0,10,,1591585,23,,,0,10,,1591555,23,,,0,50,,1591552,23,,,0,10,,1591586,23,,,0,10,,1591556,23,,,0,10,,1591557,23,,,0,10,,1591587,23,,,0,10,,1591558,23,,,0,50,,1591565,23,,,0,10,,1591588,23,,,0,10,,1591567,23,,,0,10,,1591591,23,,,0,10,,1591592,23,,,0,10,,1591597,23,,,0
80503,'20261014',537,,1591729,23,,,0,9,,1591728,23,,,0,11,,1591606,23,,,0,50,,1591607,23,,,0,10,,1591608,23,,,0,10,,1591709,23,,,0,10,,1591609,23,,,0,10,,1591702,23,,,0,12,,1591610,23,,,0,46,,1591701,23,,,0,8,,1591611,23,,,0,9,,1591612,23,,,0,5,,1591613,23,,,0,8,,1591733,23,,,0,5,,1591738,23,,,0,5,,1591614,23,,,0,5,,1591739,23,,,0,5,,1591742,23,,,0,45,,1591699,23,,,0,5,,1591740,23,,,0,5,,1591700,23,,,0,4,,1591741,23,,,0,7,,1591615,23,,,0,5,,1591744,23,,,0,8,,1591616,23,,,0,8,,1591617,23,,,0,7,,1591618,23,,,0,8,,1591619,23,,,0,48,,1591698,23,,,0,7,,1591620,23,,,0,7,,1591621,23,,,0,9,,1591622,23,,,0,10,,1591624,23,,,0,11,,1591625,23,,,0,8,,1591623,23,,,0,50,,1591626,23,,,0,11,,1591707,23,,,0,10,,1591627,23,,,0,10,,1591628,23,,,0,10,,1591629,23,,,0,8,,1591630,23,,,0,50,,1591732,23,,,0,10,,1591711,23,,,0,10,,1591631,23,,,0,10,,1591633,23,,,0,10,,1591634,23,,,0,11,,1591712,23,,,0,50,,1591635,23,,,0,10,,1591632,23,,,0,10,,1591636,23,,,0,10,,1591637,23,,,0,10,,1591638,23,,,0,10,,1591639,23,,,0,50,,1591641,23,,,0,10,,1591642,23,,,0,10,,1591643,23,,,0,10,,1591713,23,,,0,10,,1591640,23,,,0,10,,1591714,23,,,0,50,,1591644,23,,,0,10,,1591645,23,,,0,10,,1591646,23,,,0,10,,1591647,23,,,0,11,,1591648,23,,,0,6,,1591703,23,,,0,47,,1591743,23,,,0,7,,1591649,23,,,0,6,,1591651,23,,,0,5,,1591734,23,,,0,7,,1591735,23,,,0,6,,1591652,23,,,0,7,,1591653,23,,,0,6,,1591650,23,,,0,7,,1591710,23,,,0,48,,1591737,23,,,0,5,,1591654,23,,,0,7,,1591705,23,,,0,5,,1591708,23,,,0,7,,1591655,23,,,0,9,,1591656,23,,,0,7,,1591657,23,,,0,8,,1591658,23,,,0,8,,1591659,23,,,0,47,,1591660,23,,,0,7,,1591661,23,,,0,7,,1591662,23,,,0,10,,1591663,23,,,0,7,,1591664,23,,,0,8,,1591665,23,,,0,7,,1591667,23,,,0,9,,1591668,23,,,0,50,,1591669,23,,,0,10,,1591666,23,,,0,10,,1591671,23,,,0,9,,1591672,23,,,0,9,,1591673,23,,,0,9,,1591670,23,,,0,49,,1591674,23,,,0,10,,1591715,23,,,0,9,,1591675,23,,,0,10,,1591676,23,,,0,9,,1591716,23,,,0,10,,1591677,23,,,0,49,,1591678,23,,,0,11,,1591717,23,,,0,10,,1591679,23,,,0,10,,1591680,23,,,0,10,,1591718,23,,,0,10,,1591681,23,,,0,50,,1591682,23,,,0,10,,1591719,23,,,0,10,,1591683,23,,,0,10,,1591684,23,,,0,10,,1591720,23,,,0,9,,1591685,23,,,0,50,,1591686,23,,,0,10,,1591721,23,,,0,10,,1591687,23,,,0,10,,1591688,23,,,0,10,,1591722,23,,,0,10,,1591689,23,,,0,50,,1591690,23,,,0,10,,1591723,23,,,0,10,,1591692,23,,,0,10,,1591693,23,,,0,10,,1591724,23,,,0,10,,1591694,23,,,0,50,,1591691,23,,,0,10,,1591725,23,,,0,10,,1591695,23,,,0,10,,1591696,23,,,0,10,,1591726,23,,,0,10,,1591697,23,,,0,50,,1591704,23,,,0,10,,1591727,23,,,0,10,,1591706,23,,,0,10,,1591730,23,,,0,10,,1591731,23,,,0,10,,1591736,23,,,0
80503,'20261015',537,,1591868,23,,,0,9,,1591867,23,,,0,11,,1591745,23,,,0,50,,1591746,23,,,0,10,,1591747,23,,,0,10,,1591848,23,,,0,10,,1591748,23,,,0,10,,1591841,23,,,0,12,,1591749,23,,,0,46,,1591840,23,,,0,8,,1591750,23,,,0,9,,1591751,23,,,0,5,,1591752,23,,,0,8,,1591872,23,,,0,5,,1591877,23,,,0,5,,1591753,23,,,0,5,,1591878,23,,,0,5,,1591881,23,,,0,45,,1591838,23,,,0,5,,1591879,23,,,0,5,,1591839,23,,,0,4,,1591880,23,,,0,7,,1591754,23,,,0,5,,1591883,23,,,0,8,,1591755,23,,,0,8,,1591756,23,,,0,7,,1591757,23,,,0,8,,1591758,23,,,0,48,,1591837,23,,,0,7,,1591759,23,,,0,7,,1591760,23,,,0,9,,1591761,23,,,0,10,,1591763,23,,,0,11,,1591764,23,,,0,8,,1591762,23,,,0,50,,1591765,23,,,0,11,,1591846,23,,,0,10,,1591766,23,,,0,10,,1591767,23,,,0,10,,1591768,23,,,0,8,,1591769,23,,,0,50,,1591871,23,,,0,10,,1591850,23,,,0,10,,1591770,23,,,0,10,,1591772,23,,,0,10,,1591773,23,,,0,11,,1591851,23,,,0,50,,1591774,23,,,0,10,,1591771,23,,,0,10,,1591775,23,,,0,10,,1591776,23,,,0,10,,1591777,23,,,0,10,,1591778,23,,,0,50,,1591780,23,,,0,10,,1591781,23,,,0,10,,1591782,23,,,0,10,,1591852,23,,,0,10,,1591779,23,,,0,10,,1591853,23,,,0,50,,1591783,23,,,0,10,,1591784,23,,,0,10,,1591785,23,,,0,10,,1591786,23,,,0,11,,1591787,23,,,0,6,,1591842,23,,,0,47,,1591882,23,,,0,7,,1591788,23,,,0,6,,1591790,23,,,0,5,,1591873,23,,,0,7,,1591874,23,,,0,6,,1591791,23,,,0,7,,1591792,23,,,0,6,,1591789,23,,,0,7,,1591849,23,,,0,48,,1591876,23,,,0,5,,1591793,23,,,0,7,,1591844,23,,,0,5,,1591847,23,,,0,7,,1591794,23,,,0,9,,1591795,23,,,0,7,,1591796,23,,,0,8,,1591797,23,,,0,8,,1591798,23,,,0,47,,1591799,23,,,0,7,,1591800,23,,,0,7,,1591801,23,,,0,10,,1591802,23,,,0,7,,1591803,23,,,0,8,,1591804,23,,,0,7,,1591806,23,,,0,9,,1591807,23,,,0,50,,1591808,23,,,0,10,,1591805,23,,,0,10,,1591810,23,,,0,9,,1591811,23,,,0,9,,1591812,23,,,0,9,,1591809,23,,,0,49,,1591813,23,,,0,10,,1591854,23,,,0,9,,1591814,23,,,0,10,,1591815,23,,,0,9,,1591855,23,,,0,10,,1591816,23,,,0,49,,1591817,23,,,0,11,,1591856,23,,,0,10,,1591818,23,,,0,10,,1591819,23,,,0,10,,1591857,23,,,0,10,,1591820,23,,,0,50,,1591821,23,,,0,10,,1591858,23,,,0,10,,1591822,23,,,0,10,,1591823,23,,,0,10,,1591859,23,,,0,9,,1591824,23,,,0,50,,1591825,23,,,0,10,,1591860,23,,,0,10,,1591826,23,,,0,10,,1591827,23,,,0,10,,1591861,23,,,0,10,,1591828,23,,,0,50,,1591829,23,,,0,10,,1591862,23,,,0,10,,1591831,23,,,0,10,,1591832,23,,,0,10,,1591863,23,,,0,10,,1591833,23,,,0,50,,1591830,23,,,0,10,,1591864,23,,,0,10,,1591834,23,,,0,10,,1591835,23,,,0,10,,1591865,23,,,0,10,,1591836,23,,,0,50,,1591843,23,,,0,10,,1591866,23,,,0,10,,1591845,23,,,0,10,,1591869,23,,,0,10,,1591870,23,,,0,10,,1591875,23,,,0
80503,'20261016',537,,1592007,23,,,0,9,,1592006,23,,,0,11,,1591884,23,,,0,50,,1591885,23,,,0,10,,1591886,23,,,0,10,,1591987,23,,,0,10,,1591887,23,,,0,10,,1591980,23,,,0,12,,1591888,23,,,0,46,,1591979,23,,,0,8,,1591889,23,,,0,9,,1591890,23,,,0,5,,1591891,23,,,0,8,,1592011,23,,,0,5,,1592016,23,,,0,5,,1591892,23,,,0,5,,1592017,23,,,0,5,,1592020,23,,,0,45,,1591977,23,,,0,5,,1592018,23,,,0,5,,1591978,23,,,0,4,,1592019,23,,,0,7,,1591893,23,,,0,5,,1592022,23,,,0,8,,1591894,23,,,0,8,,1591895,23,,,0,7,,1591896,23,,,0,8,,1591897,23,,,0,48,,1591976,23,,,0,7,,1591898,23,,,0,7,,1591899,23,,,0,9,,1591900,23,,,0,10,,1591902,23,,,0,11,,1591903,23,,,0,8,,1591901,23,,,0,50,,1591904,23,,,0,11,,1591985,23,,,0,10,,1591905,23,,,0,10,,1591906,23,,,0,10,,1591907,23,,,0,8,,1591908,23,,,0,50,,1592010,23,,,0,10,,1591989,23,,,0,10,,1591909,23,,,0,10,,1591911,23,,,0,10,,1591912,23,,,0,11,,1591990,23,,,0,50,,1591913,23,,,0,10,,1591910,23,,,0,10,,1591914,23,,,0,10,,1591915,23,,,0,10,,1591916,23,,,0,10,,1591917,23,,,0,50,,1591919,23,,,0,10,,1591920,23,,,0,10,,1591921,23,,,0,10,,1591991,23,,,0,10,,1591918,23,,,0,10,,1591992,23,,,0,50,,1591922,23,,,0,10,,1591923,23,,,0,10,,1591924,23,,,0,10,,1591925,23,,,0,11,,1591926,23,,,0,6,,1591981,23,,,0,47,,1592021,23,,,0,7,,1591927,23,,,0,6,,1591929,23,,,0,5,,1592012,23,,,0,7,,1592013,23,,,0,6,,1591930,23,,,0,7,,1591931,23,,,0,6,,1591928,23,,,0,7,,1591988,23,,,0,48,,1592015,23,,,0,5,,1591932,23,,,0,7,,1591983,23,,,0,5,,1591986,23,,,0,7,,1591933,23,,,0,9,,1591934,23,,,0,7,,1591935,23,,,0,8,,1591936,23,,,0,8,,1591937,23,,,0,47,,1591938,23,,,0,7,,1591939,23,,,0,7,,1591940,23,,,0,10,,1591941,23,,,0,7,,1591942,23,,,0,8,,1591943,23,,,0,7,,1591945,23,,,0,9,,1591946,23,,,0,50,,1591947,23,,,0,10,,1591944,23,,,0,10,,1591949,23,,,0,9,,1591950,23,,,0,9,,1591951,23,,,0,9,,1591948,23,,,0,49,,1591952,23,,,0,10,,1591993,23,,,0,9,,1591953,23,,,0,10,,1591954,23,,,0,9,,1591994,23,,,0,10,,1591955,23,,,0,49,,1591956,23,,,0,11,,1591995,23,,,0,10,,1591957,23,,,0,10,,1591958,23,,,0,10,,1591996,23,,,0,10,,1591959,23,,,0,50,,1591960,23,,,0,10,,1591997,23,,,0,10,,1591961,23,,,0,10,,1591962,23,,,0,10,,1591998,23,,,0,9,,1591963,23,,,0,50,,1591964,23,,,0,10,,1591999,23,,,0,10,,1591965,23,,,0,10,,1591966,23,,,0,10,,1592000,23,,,0,10,,1591967,23,,,0,50,,1591968,23,,,0,10,,1592001,23,,,0,10,,1591970,23,,,0,10,,1591971,23,,,0,10,,1592002,23,,,0,10,,1591972,23,,,0,50,,1591969,23,,,0,10,,1592003,23,,,0,10,,1591973,23,,,0,10,,1591974,23,,,0,10,,1592004,23,,,0,10,,1591975,23,,,0,50,,1591982,23,,,0,10,,1592005,23,,,0,10,,1591984,23,,,0,10,,1592008,23,,,0,10,,1592009,23,,,0,10,,1592014,23,,,0
80503,'20261017',555,,1623332,23,,,0,50,,1623422,23,,,0,10,,1623417,23,,,0,10,,1623334,23,,,0,10,,1623423,23,,,0,10,,1623335,23,,,0,10,,1623336,23,,,0,50,,1623416,23,,,0,10,,1623424,23,,,0,10,,1623337,23,,,0,11,,1623338,23,,,0,11,,1623339,23,,,0,10,,1623418,23,,,0,51,,1623421,23,,,0,9,,1623425,23,,,0,10,,1623333,23,,,0,10,,1623415,23,,,0,11,,1623340,23,,,0,10,,1623341,23,,,0,50,,1623342,23,,,0,9,,1623426,23,,,0,10,,1623343,23,,,0,11,,1623344,23,,,0,10,,1623345,23,,,0,10,,1623346,23,,,0,51,,1623347,23,,,0,10,,1623427,23,,,0,10,,1623348,23,,,0,10,,1623420,23,,,0,11,,1623349,23,,,0,51,,1623350,23,,,0,10,,1623351,23,,,0,10,,1623428,23,,,0,10,,1623352,23,,,0,11,,1623450,23,,,0,10,,1623353,23,,,0,50,,1623354,23,,,0,11,,1623355,23,,,0,10,,1623356,23,,,0,10,,1623429,23,,,0,10,,1623357,23,,,0,10,,1623358,23,,,0,50,,1623359,23,,,0,10,,1623360,23,,,0,10,,1623361,23,,,0,10,,1623430,23,,,0,10,,1623414,23,,,0,10,,1623362,23,,,0,50,,1623364,23,,,0,10,,1623365,23,,,0,11,,1623366,23,,,0,11,,1623431,23,,,0,8,,1623363,23,,,0,10,,1623368,23,,,0,50,,1623369,23,,,0,10,,1623370,23,,,0,9,,1623367,23,,,0,10,,1623432,23,,,0,10,,1623371,23,,,0,10,,1623372,23,,,0,49,,1623373,23,,,0,9,,1623374,23,,,0,10,,1623375,23,,,0,10,,1623433,23,,,0,10,,1623376,23,,,0,10,,1623377,23,,,0,50,,1623378,23,,,0,10,,1623379,23,,,0,9,,1623380,23,,,0,10,,1623434,23,,,0,10,,1623381,23,,,0,10,,1623382,23,,,0,10,,1623383,23,,,0,50,,1623384,23,,,0,10,,1623435,23,,,0,11,,1623385,23,,,0,10,,1623386,23,,,0,9,,1623387,23,,,0,9,,1623436,23,,,0,50,,1623388,23,,,0,10,,1623389,23,,,0,10,,1623437,23,,,0,9,,1623390,23,,,0,9,,1623391,23,,,0,10,,1623438,23,,,0,50,,1623392,23,,,0,10,,1623394,23,,,0,10,,1623439,23,,,0,10,,1623395,23,,,0,10,,1623396,23,,,0,11,,1623440,23,,,0,50,,1623393,23,,,0,10,,1623398,23,,,0,10,,1623441,23,,,0,10,,1623399,23,,,0,10,,1623400,23,,,0,10,,1623442,23,,,0,50,,1623397,23,,,0,10,,1623401,23,,,0,10,,1623443,23,,,0,10,,1623402,23,,,0,10,,1623403,23,,,0,9,,1623444,23,,,0,49,,1623404,23,,,0,10,,1623405,23,,,0,10,,1623445,23,,,0,10,,1623406,23,,,0,10,,1623407,23,,,0,10,,1623447,23,,,0,50,,1623413,23,,,0,10,,1623408,23,,,0,10,,1623448,23,,,0,10,,1623409,23,,,0,10,,1623410,23,,,0,10,,1623449,23,,,0,50,,1623419,23,,,0,10,,1623411,23,,,0,11,,1623446,23,,,0,12,,1623412,23,,,0
80503,'20261018',555,,1623541,23,,,0,50,,1623535,23,,,0,10,,1623542,23,,,0,10,,1623533,23,,,0,10,,1623531,23,,,0,10,,1623544,23,,,0,10,,1623536,23,,,0,50,,1623534,23,,,0,10,,1623532,23,,,0,10,,1623537,23,,,0,11,,1623530,23,,,0,11,,1623545,23,,,0,10,,1623515,23,,,0,51,,1623520,23,,,0,9,,1623508,23,,,0,10,,1623529,23,,,0,10,,1623522,23,,,0,11,,1623546,23,,,0,10,,1623510,23,,,0,50,,1623528,23,,,0,9,,1623521,23,,,0,10,,1623513,23,,,0,11,,1623525,23,,,0,10,,1623543,23,,,0,10,,1623526,23,,,0,51,,1623524,23,,,0,10,,1623511,23,,,0,10,,1623509,23,,,0,10,,1623523,23,,,0,11,,1623547,23,,,0,51,,1623527,23,,,0,10,,1623518,23,,,0,10,,1623519,23,,,0,10,,1623512,23,,,0,11,,1623514,23,,,0,10,,1623548,23,,,0,50,,1623517,23,,,0,11,,1623516,23,,,0,10,,1623492,23,,,0,10,,1623498,23,,,0,10,,1623489,23,,,0,10,,1623549,23,,,0,50,,1623499,23,,,0,10,,1623490,23,,,0,10,,1623496,23,,,0,10,,1623497,23,,,0,10,,1623507,23,,,0,10,,1623550,23,,,0,50,,1623491,23,,,0,10,,1623495,23,,,0,11,,1623503,23,,,0,11,,1623506,23,,,0,8,,1623504,23,,,0,10,,1623551,23,,,0,50,,1623505,23,,,0,10,,1623502,23,,,0,9,,1623501,23,,,0,10,,1623500,23,,,0,10,,1623494,23,,,0,10,,1623552,23,,,0,49,,1623493,23,,,0,9,,1623474,23,,,0,10,,1623472,23,,,0,10,,1623482,23,,,0,10,,1623471,23,,,0,10,,1623553,23,,,0,50,,1623475,23,,,0,10,,1623470,23,,,0,9,,1623483,23,,,0,10,,1623473,23,,,0,10,,1623487,23,,,0,10,,1623554,23,,,0,10,,1623486,23,,,0,50,,1623481,23,,,0,10,,1623479,23,,,0,11,,1623555,23,,,0,10,,1623484,23,,,0,9,,1623477,23,,,0,9,,1623556,23,,,0,50,,1623488,23,,,0,10,,1623469,23,,,0,10,,1623557,23,,,0,9,,1623476,23,,,0,9,,1623468,23,,,0,10,,1623558,23,,,0,50,,1623480,23,,,0,10,,1623467,23,,,0,10,,1623559,23,,,0,10,,1623478,23,,,0,10,,1623485,23,,,0,11,,1623560,23,,,0,50,,1623462,23,,,0,10,,1623466,23,,,0,10,,1623561,23,,,0,10,,1623456,23,,,0,10,,1623465,23,,,0,10,,1623562,23,,,0,50,,1623464,23,,,0,10,,1623455,23,,,0,10,,1623563,23,,,0,10,,1623463,23,,,0,10,,1623538,23,,,0,9,,1623564,23,,,0,49,,1623460,23,,,0,10,,1623461,23,,,0,10,,1623565,23,,,0,10,,1623459,23,,,0,10,,1623458,23,,,0,10,,1623566,23,,,0,50,,1623457,23,,,0,10,,1623453,23,,,0,10,,1623567,23,,,0,10,,1623451,23,,,0,10,,1623452,23,,,0,10,,1623568,23,,,0,50,,1623454,23,,,0,10,,1623539,23,,,0,11,,1623540,23,,,0,12,,1623569,23,,,0
80503,'20261019',537,,1623693,23,,,0,9,,1623692,23,,,0,11,,1623570,23,,,0,50,,1623571,23,,,0,10,,1623572,23,,,0,10,,1623673,23,,,0,10,,1623573,23,,,0,10,,1623666,23,,,0,12,,1623574,23,,,0,46,,1623665,23,,,0,8,,1623575,23,,,0,9,,1623576,23,,,0,5,,1623577,23,,,0,8,,1623697,23,,,0,5,,1623702,23,,,0,5,,1623578,23,,,0,5,,1623703,23,,,0,5,,1623706,23,,,0,45,,1623663,23,,,0,5,,1623704,23,,,0,5,,1623664,23,,,0,4,,1623705,23,,,0,7,,1623579,23,,,0,5,,1623708,23,,,0,8,,1623580,23,,,0,8,,1623581,23,,,0,7,,1623582,23,,,0,8,,1623583,23,,,0,48,,1623662,23,,,0,7,,1623584,23,,,0,7,,1623585,23,,,0,9,,1623586,23,,,0,10,,1623588,23,,,0,11,,1623589,23,,,0,8,,1623587,23,,,0,50,,1623590,23,,,0,11,,1623671,23,,,0,10,,1623591,23,,,0,10,,1623592,23,,,0,10,,1623593,23,,,0,8,,1623594,23,,,0,50,,1623696,23,,,0,10,,1623675,23,,,0,10,,1623595,23,,,0,10,,1623597,23,,,0,10,,1623598,23,,,0,11,,1623676,23,,,0,50,,1623599,23,,,0,10,,1623596,23,,,0,10,,1623600,23,,,0,10,,1623601,23,,,0,10,,1623602,23,,,0,10,,1623603,23,,,0,50,,1623605,23,,,0,10,,1623606,23,,,0,10,,1623607,23,,,0,10,,1623677,23,,,0,10,,1623604,23,,,0,10,,1623678,23,,,0,50,,1623608,23,,,0,10,,1623609,23,,,0,10,,1623610,23,,,0,10,,1623611,23,,,0,11,,1623612,23,,,0,6,,1623667,23,,,0,47,,1623707,23,,,0,7,,1623613,23,,,0,6,,1623615,23,,,0,5,,1623698,23,,,0,7,,1623699,23,,,0,6,,1623616,23,,,0,7,,1623617,23,,,0,6,,1623614,23,,,0,7,,1623674,23,,,0,48,,1623701,23,,,0,5,,1623618,23,,,0,7,,1623669,23,,,0,5,,1623672,23,,,0,7,,1623619,23,,,0,9,,1623620,23,,,0,7,,1623621,23,,,0,8,,1623622,23,,,0,8,,1623623,23,,,0,47,,1623624,23,,,0,7,,1623625,23,,,0,7,,1623626,23,,,0,10,,1623627,23,,,0,7,,1623628,23,,,0,8,,1623629,23,,,0,7,,1623631,23,,,0,9,,1623632,23,,,0,50,,1623633,23,,,0,10,,1623630,23,,,0,10,,1623635,23,,,0,9,,1623636,23,,,0,9,,1623637,23,,,0,9,,1623634,23,,,0,49,,1623638,23,,,0,10,,1623679,23,,,0,9,,1623639,23,,,0,10,,1623640,23,,,0,9,,1623680,23,,,0,10,,1623641,23,,,0,49,,1623642,23,,,0,11,,1623681,23,,,0,10,,1623643,23,,,0,10,,1623644,23,,,0,10,,1623682,23,,,0,10,,1623645,23,,,0,50,,1623646,23,,,0,10,,1623683,23,,,0,10,,1623647,23,,,0,10,,1623648,23,,,0,10,,1623684,23,,,0,9,,1623649,23,,,0,50,,1623650,23,,,0,10,,1623685,23,,,0,10,,1623651,23,,,0,10,,1623652,23,,,0,10,,1623686,23,,,0,10,,1623653,23,,,0,50,,1623654,23,,,0,10,,1623687,23,,,0,10,,1623656,23,,,0,10,,1623657,23,,,0,10,,1623688,23,,,0,10,,1623658,23,,,0,50,,1623655,23,,,0,10,,1623689,23,,,0,10,,1623659,23,,,0,10,,1623660,23,,,0,10,,1623690,23,,,0,10,,1623661,23,,,0,50,,1623668,23,,,0,10,,1623691,23,,,0,10,,1623670,23,,,0,10,,1623694,23,,,0,10,,1623695,23,,,0,10,,1623700,23,,,0
80503,'20261020',537,,1623832,23,,,0,9,,1623831,23,,,0,11,,1623709,23,,,0,50,,1623710,23,,,0,10,,1623711,23,,,0,10,,1623812,23,,,0,10,,1623712,23,,,0,10,,1623805,23,,,0,12,,1623713,23,,,0,46,,1623804,23,,,0,8,,1623714,23,,,0,9,,1623715,23,,,0,5,,1623716,23,,,0,8,,1623836,23,,,0,5,,1623841,23,,,0,5,,1623717,23,,,0,5,,1623842,23,,,0,5,,1623845,23,,,0,45,,1623802,23,,,0,5,,1623843,23,,,0,5,,1623803,23,,,0,4,,1623844,23,,,0,7,,1623718,23,,,0,5,,1623847,23,,,0,8,,1623719,23,,,0,8,,1623720,23,,,0,7,,1623721,23,,,0,8,,1623722,23,,,0,48,,1623801,23,,,0,7,,1623723,23,,,0,7,,1623724,23,,,0,9,,1623725,23,,,0,10,,1623727,23,,,0,11,,1623728,23,,,0,8,,1623726,23,,,0,50,,1623729,23,,,0,11,,1623810,23,,,0,10,,1623730,23,,,0,10,,1623731,23,,,0,10,,1623732,23,,,0,8,,1623733,23,,,0,50,,1623835,23,,,0,10,,1623814,23,,,0,10,,1623734,23,,,0,10,,1623736,23,,,0,10,,1623737,23,,,0,11,,1623815,23,,,0,50,,1623738,23,,,0,10,,1623735,23,,,0,10,,1623739,23,,,0,10,,1623740,23,,,0,10,,1623741,23,,,0,10,,1623742,23,,,0,50,,1623744,23,,,0,10,,1623745,23,,,0,10,,1623746,23,,,0,10,,1623816,23,,,0,10,,1623743,23,,,0,10,,1623817,23,,,0,50,,1623747,23,,,0,10,,1623748,23,,,0,10,,1623749,23,,,0,10,,1623750,23,,,0,11,,1623751,23,,,0,6,,1623806,23,,,0,47,,1623846,23,,,0,7,,1623752,23,,,0,6,,1623754,23,,,0,5,,1623837,23,,,0,7,,1623838,23,,,0,6,,1623755,23,,,0,7,,1623756,23,,,0,6,,1623753,23,,,0,7,,1623813,23,,,0,48,,1623840,23,,,0,5,,1623757,23,,,0,7,,1623808,23,,,0,5,,1623811,23,,,0,7,,1623758,23,,,0,9,,1623759,23,,,0,7,,1623760,23,,,0,8,,1623761,23,,,0,8,,1623762,23,,,0,47,,1623763,23,,,0,7,,1623764,23,,,0,7,,1623765,23,,,0,10,,1623766,23,,,0,7,,1623767,23,,,0,8,,1623768,23,,,0,7,,1623770,23,,,0,9,,1623771,23,,,0,50,,1623772,23,,,0,10,,1623769,23,,,0,10,,1623774,23,,,0,9,,1623775,23,,,0,9,,1623776,23,,,0,9,,1623773,23,,,0,49,,1623777,23,,,0,10,,1623818,23,,,0,9,,1623778,23,,,0,10,,1623779,23,,,0,9,,1623819,23,,,0,10,,1623780,23,,,0,49,,1623781,23,,,0,11,,1623820,23,,,0,10,,1623782,23,,,0,10,,1623783,23,,,0,10,,1623821,23,,,0,10,,1623784,23,,,0,50,,1623785,23,,,0,10,,1623822,23,,,0,10,,1623786,23,,,0,10,,1623787,23,,,0,10,,1623823,23,,,0,9,,1623788,23,,,0,50,,1623789,23,,,0,10,,1623824,23,,,0,10,,1623790,23,,,0,10,,1623791,23,,,0,10,,1623825,23,,,0,10,,1623792,23,,,0,50,,1623793,23,,,0,10,,1623826,23,,,0,10,,1623795,23,,,0,10,,1623796,23,,,0,10,,1623827,23,,,0,10,,1623797,23,,,0,50,,1623794,23,,,0,10,,1623828,23,,,0,10,,1623798,23,,,0,10,,1623799,23,,,0,10,,1623829,23,,,0,10,,1623800,23,,,0,50,,1623807,23,,,0,10,,1623830,23,,,0,10,,1623809,23,,,0,10,,1623833,23,,,0,10,,1623834,23,,,0,10,,1623839,23,,,0
80503,'20261021',537,,1645532,23,,,0,9,,1645531,23,,,0,11,,1645409,23,,,0,50,,1645410,23,,,0,10,,1645411,23,,,0,10,,1645512,23,,,0,10,,1645412,23,,,0,10,,1645505,23,,,0,12,,1645413,23,,,0,46,,1645504,23,,,0,8,,1645414,23,,,0,9,,1645415,23,,,0,5,,1645416,23,,,0,8,,1645536,23,,,0,5,,1645541,23,,,0,5,,1645417,23,,,0,5,,1645542,23,,,0,5,,1645545,23,,,0,45,,1645502,23,,,0,5,,1645543,23,,,0,5,,1645503,23,,,0,4,,1645544,23,,,0,7,,1645418,23,,,0,5,,1645547,23,,,0,8,,1645419,23,,,0,8,,1645420,23,,,0,7,,1645421,23,,,0,8,,1645422,23,,,0,48,,1645501,23,,,0,7,,1645423,23,,,0,7,,1645424,23,,,0,9,,1645425,23,,,0,10,,1645427,23,,,0,11,,1645428,23,,,0,8,,1645426,23,,,0,50,,1645429,23,,,0,11,,1645510,23,,,0,10,,1645430,23,,,0,10,,1645431,23,,,0,10,,1645432,23,,,0,8,,1645433,23,,,0,50,,1645535,23,,,0,10,,1645514,23,,,0,10,,1645434,23,,,0,10,,1645436,23,,,0,10,,1645437,23,,,0,11,,1645515,23,,,0,50,,1645438,23,,,0,10,,1645435,23,,,0,10,,1645439,23,,,0,10,,1645440,23,,,0,10,,1645441,23,,,0,10,,1645442,23,,,0,50,,1645444,23,,,0,10,,1645445,23,,,0,10,,1645446,23,,,0,10,,1645516,23,,,0,10,,1645443,23,,,0,10,,1645517,23,,,0,50,,1645447,23,,,0,10,,1645448,23,,,0,10,,1645449,23,,,0,10,,1645450,23,,,0,11,,1645451,23,,,0,6,,1645506,23,,,0,47,,1645546,23,,,0,7,,1645452,23,,,0,6,,1645454,23,,,0,5,,1645537,23,,,0,7,,1645538,23,,,0,6,,1645455,23,,,0,7,,1645456,23,,,0,6,,1645453,23,,,0,7,,1645513,23,,,0,48,,1645540,23,,,0,5,,1645457,23,,,0,7,,1645508,23,,,0,5,,1645511,23,,,0,7,,1645458,23,,,0,9,,1645459,23,,,0,7,,1645460,23,,,0,8,,1645461,23,,,0,8,,1645462,23,,,0,47,,1645463,23,,,0,7,,1645464,23,,,0,7,,1645465,23,,,0,10,,1645466,23,,,0,7,,1645467,23,,,0,8,,1645468,23,,,0,7,,1645470,23,,,0,9,,1645471,23,,,0,50,,1645472,23,,,0,10,,1645469,23,,,0,10,,1645474,23,,,0,9,,1645475,23,,,0,9,,1645476,23,,,0,9,,1645473,23,,,0,49,,1645477,23,,,0,10,,1645518,23,,,0,9,,1645478,23,,,0,10,,1645479,23,,,0,9,,1645519,23,,,0,10,,1645480,23,,,0,49,,1645481,23,,,0,11,,1645520,23,,,0,10,,1645482,23,,,0,10,,1645483,23,,,0,10,,1645521,23,,,0,10,,1645484,23,,,0,50,,1645485,23,,,0,10,,1645522,23,,,0,10,,1645486,23,,,0,10,,1645487,23,,,0,10,,1645523,23,,,0,9,,1645488,23,,,0,50,,1645489,23,,,0,10,,1645524,23,,,0,10,,1645490,23,,,0,10,,1645491,23,,,0,10,,1645525,23,,,0,10,,1645492,23,,,0,50,,1645493,23,,,0,10,,1645526,23,,,0,10,,1645495,23,,,0,10,,1645496,23,,,0,10,,1645527,23,,,0,10,,1645497,23,,,0,50,,1645494,23,,,0,10,,1645528,23,,,0,10,,1645498,23,,,0,10,,1645499,23,,,0,10,,1645529,23,,,0,10,,1645500,23,,,0,50,,1645507,23,,,0,10,,1645530,23,,,0,10,,1645509,23,,,0,10,,1645533,23,,,0,10,,1645534,23,,,0,10,,1645539,23,,,0
80503,'20261022',537,,1645671,23,,,0,9,,1645670,23,,,0,11,,1645548,23,,,0,50,,1645549,23,,,0,10,,1645550,23,,,0,10,,1645651,23,,,0,10,,1645551,23,,,0,10,,1645644,23,,,0,12,,1645552,23,,,0,46,,1645643,23,,,0,8,,1645553,23,,,0,9,,1645554,23,,,0,5,,1645555,23,,,0,8,,1645675,23,,,0,5,,1645680,23,,,0,5,,1645556,23,,,0,5,,1645681,23,,,0,5,,1645684,23,,,0,45,,1645641,23,,,0,5,,1645682,23,,,0,5,,1645642,23,,,0,4,,1645683,23,,,0,7,,1645557,23,,,0,5,,1645686,23,,,0,8,,1645558,23,,,0,8,,1645559,23,,,0,7,,1645560,23,,,0,8,,1645561,23,,,0,48,,1645640,23,,,0,7,,1645562,23,,,0,7,,1645563,23,,,0,9,,1645564,23,,,0,10,,1645566,23,,,0,11,,1645567,23,,,0,8,,1645565,23,,,0,50,,1645568,23,,,0,11,,1645649,23,,,0,10,,1645569,23,,,0,10,,1645570,23,,,0,10,,1645571,23,,,0,8,,1645572,23,,,0,50,,1645674,23,,,0,10,,1645653,23,,,0,10,,1645573,23,,,0,10,,1645575,23,,,0,10,,1645576,23,,,0,11,,1645654,23,,,0,50,,1645577,23,,,0,10,,1645574,23,,,0,10,,1645578,23,,,0,10,,1645579,23,,,0,10,,1645580,23,,,0,10,,1645581,23,,,0,50,,1645583,23,,,0,10,,1645584,23,,,0,10,,1645585,23,,,0,10,,1645655,23,,,0,10,,1645582,23,,,0,10,,1645656,23,,,0,50,,1645586,23,,,0,10,,1645587,23,,,0,10,,1645588,23,,,0,10,,1645589,23,,,0,11,,1645590,23,,,0,6,,1645645,23,,,0,47,,1645685,23,,,0,7,,1645591,23,,,0,6,,1645593,23,,,0,5,,1645676,23,,,0,7,,1645677,23,,,0,6,,1645594,23,,,0,7,,1645595,23,,,0,6,,1645592,23,,,0,7,,1645652,23,,,0,48,,1645679,23,,,0,5,,1645596,23,,,0,7,,1645647,23,,,0,5,,1645650,23,,,0,7,,1645597,23,,,0,9,,1645598,23,,,0,7,,1645599,23,,,0,8,,1645600,23,,,0,8,,1645601,23,,,0,47,,1645602,23,,,0,7,,1645603,23,,,0,7,,1645604,23,,,0,10,,1645605,23,,,0,7,,1645606,23,,,0,8,,1645607,23,,,0,7,,1645609,23,,,0,9,,1645610,23,,,0,50,,1645611,23,,,0,10,,1645608,23,,,0,10,,1645613,23,,,0,9,,1645614,23,,,0,9,,1645615,23,,,0,9,,1645612,23,,,0,49,,1645616,23,,,0,10,,1645657,23,,,0,9,,1645617,23,,,0,10,,1645618,23,,,0,9,,1645658,23,,,0,10,,1645619,23,,,0,49,,1645620,23,,,0,11,,1645659,23,,,0,10,,1645621,23,,,0,10,,1645622,23,,,0,10,,1645660,23,,,0,10,,1645623,23,,,0,50,,1645624,23,,,0,10,,1645661,23,,,0,10,,1645625,23,,,0,10,,1645626,23,,,0,10,,1645662,23,,,0,9,,1645627,23,,,0,50,,1645628,23,,,0,10,,1645663,23,,,0,10,,1645629,23,,,0,10,,1645630,23,,,0,10,,1645664,23,,,0,10,,1645631,23,,,0,50,,1645632,23,,,0,10,,1645665,23,,,0,10,,1645634,23,,,0,10,,1645635,23,,,0,10,,1645666,23,,,0,10,,1645636,23,,,0,50,,1645633,23,,,0,10,,1645667,23,,,0,10,,1645637,23,,,0,10,,1645638,23,,,0,10,,1645668,23,,,0,10,,1645639,23,,,0,50,,1645646,23,,,0,10,,1645669,23,,,0,10,,1645648,23,,,0,10,,1645672,23,,,0,10,,1645673,23,,,0,10,,1645678,23,,,0
80503,'20261023',537,,1645810,23,,,0,9,,1645809,23,,,0,11,,1645687,23,,,0,50,,1645688,23,,,0,10,,1645689,23,,,0,10,,1645790,23,,,0,10,,1645690,23,,,0,10,,1645783,23,,,0,12,,1645691,23,,,0,46,,1645782,23,,,0,8,,1645692,23,,,0,9,,1645693,23,,,0,5,,1645694,23,,,0,8,,1645814,23,,,0,5,,1645819,23,,,0,5,,1645695,23,,,0,5,,1645820,23,,,0,5,,1645823,23,,,0,45,,1645780,23,,,0,5,,1645821,23,,,0,5,,1645781,23,,,0,4,,1645822,23,,,0,7,,1645696,23,,,0,5,,1645825,23,,,0,8,,1645697,23,,,0,8,,1645698,23,,,0,7,,1645699,23,,,0,8,,1645700,23,,,0,48,,1645779,23,,,0,7,,1645701,23,,,0,7,,1645702,23,,,0,9,,1645703,23,,,0,10,,1645705,23,,,0,11,,1645706,23,,,0,8,,1645704,23,,,0,50,,1645707,23,,,0,11,,1645788,23,,,0,10,,1645708,23,,,0,10,,1645709,23,,,0,10,,1645710,23,,,0,8,,1645711,23,,,0,50,,1645813,23,,,0,10,,1645792,23,,,0,10,,1645712,23,,,0,10,,1645714,23,,,0,10,,1645715,23,,,0,11,,1645793,23,,,0,50,,1645716,23,,,0,10,,1645713,23,,,0,10,,1645717,23,,,0,10,,1645718,23,,,0,10,,1645719,23,,,0,10,,1645720,23,,,0,50,,1645722,23,,,0,10,,1645723,23,,,0,10,,1645724,23,,,0,10,,1645794,23,,,0,10,,1645721,23,,,0,10,,1645795,23,,,0,50,,1645725,23,,,0,10,,1645726,23,,,0,10,,1645727,23,,,0,10,,1645728,23,,,0,11,,1645729,23,,,0,6,,1645784,23,,,0,47,,1645824,23,,,0,7,,1645730,23,,,0,6,,1645732,23,,,0,5,,1645815,23,,,0,7,,1645816,23,,,0,6,,1645733,23,,,0,7,,1645734,23,,,0,6,,1645731,23,,,0,7,,1645791,23,,,0,48,,1645818,23,,,0,5,,1645735,23,,,0,7,,1645786,23,,,0,5,,1645789,23,,,0,7,,1645736,23,,,0,9,,1645737,23,,,0,7,,1645738,23,,,0,8,,1645739,23,,,0,8,,1645740,23,,,0,47,,1645741,23,,,0,7,,1645742,23,,,0,7,,1645743,23,,,0,10,,1645744,23,,,0,7,,1645745,23,,,0,8,,1645746,23,,,0,7,,1645748,23,,,0,9,,1645749,23,,,0,50,,1645750,23,,,0,10,,1645747,23,,,0,10,,1645752,23,,,0,9,,1645753,23,,,0,9,,1645754,23,,,0,9,,1645751,23,,,0,49,,1645755,23,,,0,10,,1645796,23,,,0,9,,1645756,23,,,0,10,,1645757,23,,,0,9,,1645797,23,,,0,10,,1645758,23,,,0,49,,1645759,23,,,0,11,,1645798,23,,,0,10,,1645760,23,,,0,10,,1645761,23,,,0,10,,1645799,23,,,0,10,,1645762,23,,,0,50,,1645763,23,,,0,10,,1645800,23,,,0,10,,1645764,23,,,0,10,,1645765,23,,,0,10,,1645801,23,,,0,9,,1645766,23,,,0,50,,1645767,23,,,0,10,,1645802,23,,,0,10,,1645768,23,,,0,10,,1645769,23,,,0,10,,1645803,23,,,0,10,,1645770,23,,,0,50,,1645771,23,,,0,10,,1645804,23,,,0,10,,1645773,23,,,0,10,,1645774,23,,,0,10,,1645805,23,,,0,10,,1645775,23,,,0,50,,1645772,23,,,0,10,,1645806,23,,,0,10,,1645776,23,,,0,10,,1645777,23,,,0,10,,1645807,23,,,0,10,,1645778,23,,,0,50,,1645785,23,,,0,10,,1645808,23,,,0,10,,1645787,23,,,0,10,,1645811,23,,,0,10,,1645812,23,,,0,10,,1645817,23,,,0
99103,'20261009',2551,,1625344,19,,,0,170,,1625345,19,,,0
99103,'20261010',2551,,1646905,19,,,0,170,,1646906,19,,,0
99103,'20261016',2551,,1593542,19,,,0,170,,1593543,19,,,0
99103,'20261017',2551,,1625346,19,,,0,170,,1625347,19,,,0
99103,'20261023',2551,,1646907,19,,,0,170,,1646908,19,,,0
99203,'20261009',2550,,1625348,19,,,0,170,,1625349,19,,,0
99203,'20261010',2550,,1646909,19,,,0,170,,1646910,19,,,0
99203,'20261016',2550,,1593548,19,,,0,170,,1593549,19,,,0
99203,'20261017',2550,,1625350,19,,,0,170,,1625351,19,,,0
99203,'20261023',2550,,1646911,19,,,0,170,,1646912,19,,,0
