1203,'20261002',622,,1565404,1,,,0,28,,1565405,1,,,0,76,,1565406,1,,,0,26,,1565407,1,,,0,71,,1565408,1,,,0,31,,1565409,1,,,0,99,,1565410,1,,,0,98,,1565411,1,,,0,96,,1565412,1,,,0,101,,1565413,1,,,0,100,,1565414,1,,,0,98,,1565415,1,,,0,98,,1565416,1,,,0,109,,1565417,1,,,0,98,,1565418,1,,,0,103,,1565419,1,,,0,100,,1565420,1,,,0,100,,1565421,1,,,0,100,,1565422,1,,,0,99,,1565423,1,,,0
1203,'20261003',731,,1565424,1,,,0,100,,1565425,1,,,0,98,,1565426,1,,,0,98,,1565427,1,,,0,101,,1565428,1,,,0,105,,1565429,1,,,0,95,,1565430,1,,,0,105,,1565431,1,,,0,94,,1565432,1,,,0,101,,1565433,1,,,0,102,,1565434,1,,,0,102,,1565435,1,,,0,100,,1565436,1,,,0,100,,1565437,1,,,0,100,,1565438,1,,,0,100,,1565439,1,,,0
1203,'20261004',731,,1565440,1,,,0,100,,1565441,1,,,0,98,,1565442,1,,,0,98,,1565443,1,,,0,101,,1565444,1,,,0,105,,1565445,1,,,0,95,,1565446,1,,,0,105,,1565447,1,,,0,94,,1565448,1,,,0,101,,1565449,1,,,0,102,,1565450,1,,,0,102,,1565451,1,,,0,100,,1565452,1,,,0,100,,1565453,1,,,0,100,,1565454,1,,,0,100,,1565455,1,,,0
1203,'20261005',622,,1565456,1,,,0,28,,1565457,1,,,0,76,,1565458,1,,,0,26,,1565459,1,,,0,71,,1565460,1,,,0,31,,1565461,1,,,0,99,,1565462,1,,,0,98,,1565463,1,,,0,96,,1565464,1,,,0,101,,1565465,1,,,0,100,,1565466,1,,,0,98,,1565467,1,,,0,98,,1565468,1,,,0,109,,1565469,1,,,0,98,,1565470,1,,,0,103,,1565471,1,,,0,100,,1565472,1,,,0,100,,1565473,1,,,0,100,,1565474,1,,,0,99,,1565475,1,,,0
1203,'20261006',622,,1512198,1,,,0,28,,1512216,1,,,0,76,,1512199,1,,,0,26,,1512200,1,,,0,71,,1512217,1,,,0,31,,1512201,1,,,0,99,,1512202,1,,,0,98,,1512203,1,,,0,96,,1512204,1,,,0,101,,1512205,1,,,0,100,,1512206,1,,,0,98,,1512207,1,,,0,98,,1512208,1,,,0,109,,1512209,1,,,0,98,,1512210,1,,,0,103,,1512211,1,,,0,100,,1512212,1,,,0,100,,1512213,1,,,0,100,,1512214,1,,,0,99,,1512215,1,,,0
1203,'20261007',622,,1512218,1,,,0,28,,1512236,1,,,0,76,,1512219,1,,,0,26,,1512220,1,,,0,71,,1512237,1,,,0,31,,1512221,1,,,0,99,,1512222,1,,,0,98,,1512223,1,,,0,96,,1512224,1,,,0,101,,1512225,1,,,0,100,,1512226,1,,,0,98,,1512227,1,,,0,98,,1512228,1,,,0,109,,1512229,1,,,0,98,,1512230,1,,,0,103,,1512231,1,,,0,100,,1512232,1,,,0,100,,1512233,1,,,0,100,,1512234,1,,,0,99,,1512235,1,,,0
1203,'20261008',622,,1512238,1,,,0,28,,1512256,1,,,0,76,,1512239,1,,,0,26,,1512240,1,,,0,71,,1512257,1,,,0,31,,1512241,1,,,0,99,,1512242,1,,,0,98,,1512243,1,,,0,96,,1512244,1,,,0,101,,1512245,1,,,0,100,,1512246,1,,,0,98,,1512247,1,,,0,98,,1512248,1,,,0,109,,1512249,1,,,0,98,,1512250,1,,,0,103,,1512251,1,,,0,100,,1512252,1,,,0,100,,1512253,1,,,0,100,,1512254,1,,,0,99,,1512255,1,,,0
1203,'20261009',622,,1512258,1,,,0,28,,1512276,1,,,0,76,,1512259,1,,,0,26,,1512260,1,,,0,71,,1512277,1,,,0,31,,1512261,1,,,0,99,,1512262,1,,,0,98,,1512263,1,,,0,96,,1512264,1,,,0,101,,1512265,1,,,0,100,,1512266,1,,,0,98,,1512267,1,,,0,98,,1512268,1,,,0,109,,1512269,1,,,0,98,,1512270,1,,,0,103,,1512271,1,,,0,100,,1512272,1,,,0,100,,1512273,1,,,0,100,,1512274,1,,,0,99,,1512275,1,,,0
1203,'20261010',731,,1542831,1,,,0,100,,1542832,1,,,0,98,,1542833,1,,,0,98,,1542834,1,,,0,101,,1542835,1,,,0,105,,1542836,1,,,0,95,,1542837,1,,,0,105,,1542838,1,,,0,94,,1542839,1,,,0,101,,1542840,1,,,0,102,,1542841,1,,,0,102,,1542842,1,,,0,100,,1542843,1,,,0,100,,1542844,1,,,0,100,,1542845,1,,,0,100,,1542846,1,,,0
1203,'20261011',731,,1542847,1,,,0,100,,1542848,1,,,0,98,,1542849,1,,,0,98,,1542850,1,,,0,101,,1542851,1,,,0,105,,1542852,1,,,0,95,,1542853,1,,,0,105,,1542854,1,,,0,94,,1542855,1,,,0,101,,1542856,1,,,0,102,,1542857,1,,,0,102,,1542858,1,,,0,100,,1542859,1,,,0,100,,1542860,1,,,0,100,,1542862,1,,,0,100,,1542861,1,,,0
1203,'20261012',731,,1542863,1,,,0,100,,1542864,1,,,0,98,,1542865,1,,,0,98,,1542866,1,,,0,101,,1542867,1,,,0,105,,1542868,1,,,0,95,,1542869,1,,,0,105,,1542870,1,,,0,94,,1542871,1,,,0,101,,1542872,1,,,0,102,,1542873,1,,,0,102,,1542874,1,,,0,100,,1542875,1,,,0,100,,1542876,1,,,0,100,,1542878,1,,,0,100,,1542877,1,,,0
1203,'20261013',622,,1565476,1,,,0,28,,1565494,1,,,0,76,,1565477,1,,,0,26,,1565478,1,,,0,71,,1565495,1,,,0,31,,1565479,1,,,0,99,,1565480,1,,,0,98,,1565481,1,,,0,96,,1565482,1,,,0,101,,1565483,1,,,0,100,,1565484,1,,,0,98,,1565485,1,,,0,98,,1565486,1,,,0,109,,1565487,1,,,0,98,,1565488,1,,,0,103,,1565489,1,,,0,100,,1565490,1,,,0,100,,1565491,1,,,0,100,,1565492,1,,,0,99,,1565493,1,,,0
1203,'20261014',622,,1565496,1,,,0,28,,1565514,1,,,0,76,,1565497,1,,,0,26,,1565498,1,,,0,71,,1565515,1,,,0,31,,1565499,1,,,0,99,,1565500,1,,,0,98,,1565501,1,,,0,96,,1565502,1,,,0,101,,1565503,1,,,0,100,,1565504,1,,,0,98,,1565505,1,,,0,98,,1565506,1,,,0,109,,1565507,1,,,0,98,,1565508,1,,,0,103,,1565509,1,,,0,100,,1565510,1,,,0,100,,1565511,1,,,0,100,,1565512,1,,,0,99,,1565513,1,,,0
1203,'20261015',622,,1565516,1,,,0,28,,1565534,1,,,0,76,,1565517,1,,,0,26,,1565518,1,,,0,71,,1565535,1,,,0,31,,1565519,1,,,0,99,,1565520,1,,,0,98,,1565521,1,,,0,96,,1565522,1,,,0,101,,1565523,1,,,0,100,,1565524,1,,,0,98,,1565525,1,,,0,98,,1565526,1,,,0,109,,1565527,1,,,0,98,,1565528,1,,,0,103,,1565529,1,,,0,100,,1565530,1,,,0,100,,1565531,1,,,0,100,,1565532,1,,,0,99,,1565533,1,,,0
1203,'20261016',622,,1565536,1,,,0,28,,1565554,1,,,0,76,,1565537,1,,,0,26,,1565538,1,,,0,71,,1565555,1,,,0,31,,1565539,1,,,0,99,,1565540,1,,,0,98,,1565541,1,,,0,96,,1565542,1,,,0,101,,1565543,1,,,0,100,,1565544,1,,,0,98,,1565545,1,,,0,98,,1565546,1,,,0,109,,1565547,1,,,0,98,,1565548,1,,,0,103,,1565549,1,,,0,100,,1565550,1,,,0,100,,1565551,1,,,0,100,,1565552,1,,,0,99,,1565553,1,,,0
1303,'20261002',641,,1565740,1,,,0,104,,1565741,1,,,0,69,,1565742,1,,,0,101,,1565743,1,,,0,101,,1565744,1,,,0,99,,1565745,1,,,0,101,,1565746,1,,,0,99,,1565747,1,,,0,100,,1565748,1,,,0,96,,1565749,1,,,0,31,,1565750,1,,,0,70,,1565751,1,,,0,32,,1565752,1,,,0,76,,1565753,1,,,0,25,,1565754,1,,,0,70,,1565755,1,,,0,29,,1565756,1,,,0,68,,1565757,1,,,0,100,,1565758,1,,,0,100,,1565759,1,,,0,100,,1565760,1,,,0,99,,1565761,1,,,0
1303,'20261003',754,,1565763,1,,,0,102,,1565764,1,,,0,102,,1565765,1,,,0,142,,1565766,1,,,0,102,,1565767,1,,,0,102,,1565768,1,,,0,101,,1565769,1,,,0,104,,1565770,1,,,0,97,,1565771,1,,,0,100,,1565772,1,,,0,98,,1565773,1,,,0,98,,1565774,1,,,0,98,,1565775,1,,,0,58,,1565776,1,,,0,98,,1565777,1,,,0,98,,1565778,1,,,0
1303,'20261004',754,,1565779,1,,,0,102,,1565780,1,,,0,102,,1565781,1,,,0,142,,1565782,1,,,0,102,,1565783,1,,,0,102,,1565784,1,,,0,101,,1565785,1,,,0,104,,1565786,1,,,0,97,,1565787,1,,,0,100,,1565788,1,,,0,98,,1565789,1,,,0,98,,1565790,1,,,0,98,,1565791,1,,,0,58,,1565792,1,,,0,98,,1565793,1,,,0,98,,1565794,1,,,0
1303,'20261005',641,,1565795,1,,,0,104,,1565796,1,,,0,69,,1565797,1,,,0,101,,1565798,1,,,0,101,,1565799,1,,,0,99,,1565800,1,,,0,101,,1565801,1,,,0,99,,1565802,1,,,0,100,,1565803,1,,,0,96,,1565804,1,,,0,31,,1565805,1,,,0,70,,1565806,1,,,0,32,,1565807,1,,,0,76,,1565808,1,,,0,25,,1565809,1,,,0,70,,1565810,1,,,0,29,,1565811,1,,,0,68,,1565812,1,,,0,100,,1565813,1,,,0,100,,1565814,1,,,0,100,,1565815,1,,,0,99,,1565816,1,,,0
1303,'20261006',641,,1512540,1,,,0,104,,1512541,1,,,0,69,,1512542,1,,,0,101,,1512543,1,,,0,101,,1512544,1,,,0,99,,1512545,1,,,0,101,,1512546,1,,,0,99,,1512547,1,,,0,100,,1512548,1,,,0,96,,1512549,1,,,0,31,,1512558,1,,,0,70,,1512550,1,,,0,32,,1512559,1,,,0,76,,1512551,1,,,0,25,,1512560,1,,,0,70,,1512552,1,,,0,29,,1512561,1,,,0,68,,1512553,1,,,0,100,,1512554,1,,,0,100,,1512555,1,,,0,100,,1512556,1,,,0,99,,1512557,1,,,0
1303,'20261007',641,,1512563,1,,,0,104,,1512564,1,,,0,69,,1512565,1,,,0,101,,1512566,1,,,0,101,,1512567,1,,,0,99,,1512568,1,,,0,101,,1512569,1,,,0,99,,1512570,1,,,0,100,,1512571,1,,,0,96,,1512572,1,,,0,31,,1512581,1,,,0,70,,1512573,1,,,0,32,,1512582,1,,,0,76,,1512574,1,,,0,25,,1512583,1,,,0,70,,1512575,1,,,0,29,,1512584,1,,,0,68,,1512576,1,,,0,100,,1512577,1,,,0,100,,1512578,1,,,0,100,,1512579,1,,,0,99,,1512580,1,,,0
1303,'20261008',641,,1512586,1,,,0,104,,1512587,1,,,0,69,,1512588,1,,,0,101,,1512589,1,,,0,101,,1512590,1,,,0,99,,1512591,1,,,0,101,,1512592,1,,,0,99,,1512593,1,,,0,100,,1512594,1,,,0,96,,1512595,1,,,0,31,,1512604,1,,,0,70,,1512596,1,,,0,32,,1512605,1,,,0,76,,1512597,1,,,0,25,,1512606,1,,,0,70,,1512598,1,,,0,29,,1512607,1,,,0,68,,1512599,1,,,0,100,,1512600,1,,,0,100,,1512601,1,,,0,100,,1512602,1,,,0,99,,1512603,1,,,0
1303,'20261009',641,,1512609,1,,,0,104,,1512610,1,,,0,69,,1512611,1,,,0,101,,1512612,1,,,0,101,,1512613,1,,,0,99,,1512614,1,,,0,101,,1512615,1,,,0,99,,1512616,1,,,0,100,,1512617,1,,,0,96,,1512618,1,,,0,31,,1512627,1,,,0,70,,1512619,1,,,0,32,,1512628,1,,,0,76,,1512620,1,,,0,25,,1512629,1,,,0,70,,1512621,1,,,0,29,,1512630,1,,,0,68,,1512622,1,,,0,100,,1512623,1,,,0,100,,1512624,1,,,0,100,,1512625,1,,,0,99,,1512626,1,,,0
1303,'20261010',754,,1543075,1,,,0,102,,1543076,1,,,0,102,,1543077,1,,,0,142,,1543078,1,,,0,102,,1543079,1,,,0,102,,1543080,1,,,0,101,,1543081,1,,,0,104,,1543082,1,,,0,97,,1543083,1,,,0,100,,1543084,1,,,0,98,,1543085,1,,,0,98,,1543086,1,,,0,98,,1543087,1,,,0,58,,1543088,1,,,0,98,,1543089,1,,,0,98,,1543074,1,,,0
1303,'20261011',754,,1543090,1,,,0,102,,1543091,1,,,0,102,,1543092,1,,,0,142,,1543093,1,,,0,102,,1543094,1,,,0,102,,1543095,1,,,0,101,,1543096,1,,,0,104,,1543097,1,,,0,97,,1543098,1,,,0,100,,1543099,1,,,0,98,,1543100,1,,,0,98,,1543101,1,,,0,98,,1543102,1,,,0,58,,1543103,1,,,0,98,,1543104,1,,,0,98,,1543105,1,,,0
1303,'20261012',754,,1543106,1,,,0,102,,1543107,1,,,0,102,,1543108,1,,,0,142,,1543109,1,,,0,102,,1543110,1,,,0,102,,1543111,1,,,0,101,,1543112,1,,,0,104,,1543113,1,,,0,97,,1543114,1,,,0,100,,1543115,1,,,0,98,,1543116,1,,,0,98,,1543117,1,,,0,98,,1543118,1,,,0,58,,1543119,1,,,0,98,,1543120,1,,,0,98,,1543121,1,,,0
1303,'20261013',641,,1565817,1,,,0,104,,1565818,1,,,0,69,,1565819,1,,,0,101,,1565820,1,,,0,101,,1565821,1,,,0,99,,1565822,1,,,0,101,,1565823,1,,,0,99,,1565824,1,,,0,100,,1565825,1,,,0,96,,1565826,1,,,0,31,,1565835,1,,,0,70,,1565827,1,,,0,32,,1565836,1,,,0,76,,1565828,1,,,0,25,,1565837,1,,,0,70,,1565829,1,,,0,29,,1565838,1,,,0,68,,1565830,1,,,0,100,,1565831,1,,,0,100,,1565832,1,,,0,100,,1565833,1,,,0,99,,1565834,1,,,0
1303,'20261014',641,,1565840,1,,,0,104,,1565841,1,,,0,69,,1565842,1,,,0,101,,1565843,1,,,0,101,,1565844,1,,,0,99,,1565845,1,,,0,101,,1565846,1,,,0,99,,1565847,1,,,0,100,,1565848,1,,,0,96,,1565849,1,,,0,31,,1565858,1,,,0,70,,1565850,1,,,0,32,,1565859,1,,,0,76,,1565851,1,,,0,25,,1565860,1,,,0,70,,1565852,1,,,0,29,,1565861,1,,,0,68,,1565853,1,,,0,100,,1565854,1,,,0,100,,1565855,1,,,0,100,,1565856,1,,,0,99,,1565857,1,,,0
1303,'20261015',641,,1565863,1,,,0,104,,1565864,1,,,0,69,,1565865,1,,,0,101,,1565866,1,,,0,101,,1565867,1,,,0,99,,1565868,1,,,0,101,,1565869,1,,,0,99,,1565870,1,,,0,100,,1565871,1,,,0,96,,1565872,1,,,0,31,,1565881,1,,,0,70,,1565873,1,,,0,32,,1565882,1,,,0,76,,1565874,1,,,0,25,,1565883,1,,,0,70,,1565875,1,,,0,29,,1565884,1,,,0,68,,1565876,1,,,0,100,,1565877,1,,,0,100,,1565878,1,,,0,100,,1565879,1,,,0,99,,1565880,1,,,0
1303,'20261016',641,,1565886,1,,,0,104,,1565887,1,,,0,69,,1565888,1,,,0,101,,1565889,1,,,0,101,,1565890,1,,,0,99,,1565891,1,,,0,101,,1565892,1,,,0,99,,1565893,1,,,0,100,,1565894,1,,,0,96,,1565895,1,,,0,31,,1565904,1,,,0,70,,1565896,1,,,0,32,,1565905,1,,,0,76,,1565897,1,,,0,25,,1565906,1,,,0,70,,1565898,1,,,0,29,,1565907,1,,,0,68,,1565899,1,,,0,100,,1565900,1,,,0,100,,1565901,1,,,0,100,,1565902,1,,,0,99,,1565903,1,,,0
1602,'20261002',649,,1565909,1,,,0,75,,1565910,1,,,0,100,,1565911,1,,,0,103,,1565912,1,,,0,100,,1565913,1,,,0,100,,1565914,1,,,0,99,,1565915,1,,,0,101,,1565916,1,,,0,99,,1565917,1,,,0,97,,1565918,1,,,0,30,,1565919,1,,,0,65,,1565920,1,,,0,84,,1565921,1,,,0,38,,1565922,1,,,0,102,,1565923,1,,,0,101,,1565924,1,,,0,100,,1565925,1,,,0,100,,1565926,1,,,0
1602,'20261003',952,,1565927,1,,,0,201,,1565928,1,,,0,199,,1565929,1,,,0,306,,1565930,1,,,0
1602,'20261004',952,,1565931,1,,,0,201,,1565932,1,,,0,199,,1565933,1,,,0,306,,1565934,1,,,0
1602,'20261005',649,,1565935,1,,,0,75,,1565936,1,,,0,100,,1565937,1,,,0,103,,1565938,1,,,0,100,,1565939,1,,,0,100,,1565940,1,,,0,99,,1565941,1,,,0,101,,1565942,1,,,0,99,,1565943,1,,,0,97,,1565944,1,,,0,30,,1565945,1,,,0,65,,1565946,1,,,0,84,,1565947,1,,,0,38,,1565948,1,,,0,102,,1565949,1,,,0,101,,1565950,1,,,0,100,,1565951,1,,,0,100,,1565952,1,,,0
1602,'20261006',649,,1512676,1,,,0,75,,1512677,1,,,0,100,,1512680,1,,,0,103,,1512681,1,,,0,100,,1512682,1,,,0,100,,1512683,1,,,0,99,,1512684,1,,,0,101,,1512685,1,,,0,99,,1512686,1,,,0,97,,1512687,1,,,0,30,,1512693,1,,,0,65,,1512688,1,,,0,84,,1512678,1,,,0,38,,1512679,1,,,0,102,,1512689,1,,,0,101,,1512690,1,,,0,100,,1512691,1,,,0,100,,1512692,1,,,0
1602,'20261007',649,,1512694,1,,,0,75,,1512695,1,,,0,100,,1512698,1,,,0,103,,1512699,1,,,0,100,,1512700,1,,,0,100,,1512701,1,,,0,99,,1512702,1,,,0,101,,1512703,1,,,0,99,,1512704,1,,,0,97,,1512705,1,,,0,30,,1512711,1,,,0,65,,1512706,1,,,0,84,,1512696,1,,,0,38,,1512697,1,,,0,102,,1512707,1,,,0,101,,1512708,1,,,0,100,,1512709,1,,,0,100,,1512710,1,,,0
1602,'20261008',649,,1512712,1,,,0,75,,1512713,1,,,0,100,,1512716,1,,,0,103,,1512717,1,,,0,100,,1512718,1,,,0,100,,1512719,1,,,0,99,,1512720,1,,,0,101,,1512721,1,,,0,99,,1512722,1,,,0,97,,1512723,1,,,0,30,,1512729,1,,,0,65,,1512724,1,,,0,84,,1512714,1,,,0,38,,1512715,1,,,0,102,,1512725,1,,,0,101,,1512726,1,,,0,100,,1512727,1,,,0,100,,1512728,1,,,0
1602,'20261009',649,,1512730,1,,,0,75,,1512731,1,,,0,100,,1512734,1,,,0,103,,1512735,1,,,0,100,,1512736,1,,,0,100,,1512737,1,,,0,99,,1512738,1,,,0,101,,1512739,1,,,0,99,,1512740,1,,,0,97,,1512741,1,,,0,30,,1512747,1,,,0,65,,1512742,1,,,0,84,,1512732,1,,,0,38,,1512733,1,,,0,102,,1512743,1,,,0,101,,1512744,1,,,0,100,,1512745,1,,,0,100,,1512746,1,,,0
1602,'20261010',952,,1543179,1,,,0,201,,1543176,1,,,0,199,,1543177,1,,,0,306,,1543178,1,,,0
1602,'20261011',952,,1543183,1,,,0,201,,1543180,1,,,0,199,,1543181,1,,,0,306,,1543182,1,,,0
1602,'20261012',952,,1543187,1,,,0,201,,1543184,1,,,0,199,,1543185,1,,,0,306,,1543186,1,,,0
1602,'20261013',649,,1565953,1,,,0,75,,1565954,1,,,0,100,,1565957,1,,,0,103,,1565958,1,,,0,100,,1565959,1,,,0,100,,1565960,1,,,0,99,,1565961,1,,,0,101,,1565962,1,,,0,99,,1565963,1,,,0,97,,1565964,1,,,0,30,,1565970,1,,,0,65,,1565965,1,,,0,84,,1565955,1,,,0,38,,1565956,1,,,0,102,,1565966,1,,,0,101,,1565967,1,,,0,100,,1565968,1,,,0,100,,1565969,1,,,0
1602,'20261014',649,,1565971,1,,,0,75,,1565972,1,,,0,100,,1565975,1,,,0,103,,1565976,1,,,0,100,,1565977,1,,,0,100,,1565978,1,,,0,99,,1565979,1,,,0,101,,1565980,1,,,0,99,,1565981,1,,,0,97,,1565982,1,,,0,30,,1565988,1,,,0,65,,1565983,1,,,0,84,,1565973,1,,,0,38,,1565974,1,,,0,102,,1565984,1,,,0,101,,1565985,1,,,0,100,,1565986,1,,,0,100,,1565987,1,,,0
1602,'20261015',649,,1565989,1,,,0,75,,1565990,1,,,0,100,,1565993,1,,,0,103,,1565994,1,,,0,100,,1565995,1,,,0,100,,1565996,1,,,0,99,,1565997,1,,,0,101,,1565998,1,,,0,99,,1565999,1,,,0,97,,1566000,1,,,0,30,,1566006,1,,,0,65,,1566001,1,,,0,84,,1565991,1,,,0,38,,1565992,1,,,0,102,,1566002,1,,,0,101,,1566003,1,,,0,100,,1566004,1,,,0,100,,1566005,1,,,0
1602,'20261016',649,,1566007,1,,,0,75,,1566008,1,,,0,100,,1566011,1,,,0,103,,1566012,1,,,0,100,,1566013,1,,,0,100,,1566014,1,,,0,99,,1566015,1,,,0,101,,1566016,1,,,0,99,,1566017,1,,,0,97,,1566018,1,,,0,30,,1566024,1,,,0,65,,1566019,1,,,0,84,,1566009,1,,,0,38,,1566010,1,,,0,102,,1566020,1,,,0,101,,1566021,1,,,0,100,,1566022,1,,,0,100,,1566023,1,,,0
2201,'20261002',641,,1567167,22,,,0,72,,1567168,22,,,0,32,,1567169,22,,,0,69,,1567170,22,,,0,29,,1567171,22,,,0,702,,1567172,22,,,0,72,,1567173,22,,,0,31,,1567174,22,,,0,67,,1567175,22,,,0,126,,1567176,22,,,0
2201,'20261005',641,,1567177,22,,,0,72,,1567178,22,,,0,32,,1567179,22,,,0,69,,1567180,22,,,0,29,,1567181,22,,,0,702,,1567182,22,,,0,72,,1567183,22,,,0,31,,1567184,22,,,0,67,,1567185,22,,,0,126,,1567186,22,,,0
2201,'20261006',641,,1513919,22,,,0,72,,1513910,22,,,0,32,,1513911,22,,,0,69,,1513912,22,,,0,29,,1513913,22,,,0,702,,1513914,22,,,0,72,,1513915,22,,,0,31,,1513916,22,,,0,67,,1513917,22,,,0,33,,1513918,22,,,0,93,,1513920,22,,,0
2201,'20261007',641,,1513930,22,,,0,72,,1513921,22,,,0,32,,1513922,22,,,0,69,,1513923,22,,,0,29,,1513924,22,,,0,702,,1513925,22,,,0,72,,1513926,22,,,0,31,,1513927,22,,,0,67,,1513928,22,,,0,33,,1513929,22,,,0,93,,1513931,22,,,0
2201,'20261008',641,,1513941,22,,,0,72,,1513932,22,,,0,32,,1513933,22,,,0,69,,1513934,22,,,0,29,,1513935,22,,,0,702,,1513936,22,,,0,72,,1513937,22,,,0,31,,1513938,22,,,0,67,,1513939,22,,,0,33,,1513940,22,,,0,93,,1513942,22,,,0
2201,'20261009',641,,1513952,22,,,0,72,,1513943,22,,,0,32,,1513944,22,,,0,69,,1513945,22,,,0,29,,1513946,22,,,0,702,,1513947,22,,,0,72,,1513948,22,,,0,31,,1513949,22,,,0,67,,1513950,22,,,0,33,,1513951,22,,,0,93,,1513953,22,,,0
2201,'20261013',641,,1567196,22,,,0,72,,1567187,22,,,0,32,,1567188,22,,,0,69,,1567189,22,,,0,29,,1567190,22,,,0,702,,1567191,22,,,0,72,,1567192,22,,,0,31,,1567193,22,,,0,67,,1567194,22,,,0,33,,1567195,22,,,0,93,,1567197,22,,,0
2201,'20261014',641,,1567207,22,,,0,72,,1567198,22,,,0,32,,1567199,22,,,0,69,,1567200,22,,,0,29,,1567201,22,,,0,702,,1567202,22,,,0,72,,1567203,22,,,0,31,,1567204,22,,,0,67,,1567205,22,,,0,33,,1567206,22,,,0,93,,1567208,22,,,0
2201,'20261015',641,,1567218,22,,,0,72,,1567209,22,,,0,32,,1567210,22,,,0,69,,1567211,22,,,0,29,,1567212,22,,,0,702,,1567213,22,,,0,72,,1567214,22,,,0,31,,1567215,22,,,0,67,,1567216,22,,,0,33,,1567217,22,,,0,93,,1567219,22,,,0
2201,'20261016',641,,1567229,22,,,0,72,,1567220,22,,,0,32,,1567221,22,,,0,69,,1567222,22,,,0,29,,1567223,22,,,0,702,,1567224,22,,,0,72,,1567225,22,,,0,31,,1567226,22,,,0,67,,1567227,22,,,0,33,,1567228,22,,,0,93,,1567230,22,,,0
7901,'20261002',704,,1575402,51,,,0,31,,1575403,51,,,0,70,,1575404,51,,,0,29,,1575405,51,,,0,69,,1575406,51,,,0,100,,1575407,51,,,0
7901,'20261005',704,,1575460,51,,,0,31,,1575461,51,,,0,70,,1575462,51,,,0,29,,1575463,51,,,0,69,,1575464,51,,,0,100,,1575465,51,,,0
7901,'20261006',704,,1522207,51,,,0,31,,1522208,51,,,0,70,,1522209,51,,,0,29,,1522210,51,,,0,69,,1522211,51,,,0,100,,1522212,51,,,0
7901,'20261007',704,,1522229,51,,,0,31,,1522230,51,,,0,70,,1522231,51,,,0,29,,1522232,51,,,0,69,,1522233,51,,,0,100,,1522234,51,,,0
7901,'20261008',704,,1522251,51,,,0,31,,1522252,51,,,0,70,,1522253,51,,,0,29,,1522254,51,,,0,69,,1522255,51,,,0,100,,1522256,51,,,0
7901,'20261009',704,,1522273,51,,,0,31,,1522274,51,,,0,70,,1522275,51,,,0,29,,1522276,51,,,0,69,,1522277,51,,,0,100,,1522278,51,,,0
7901,'20261013',704,,1575482,51,,,0,31,,1575483,51,,,0,70,,1575484,51,,,0,29,,1575485,51,,,0,69,,1575486,51,,,0,100,,1575487,51,,,0
7901,'20261014',704,,1575504,51,,,0,31,,1575505,51,,,0,70,,1575506,51,,,0,29,,1575507,51,,,0,69,,1575508,51,,,0,100,,1575509,51,,,0
7901,'20261015',704,,1575526,51,,,0,31,,1575527,51,,,0,70,,1575528,51,,,0,29,,1575529,51,,,0,69,,1575530,51,,,0,100,,1575531,51,,,0
7901,'20261016',704,,1575548,51,,,0,31,,1575549,51,,,0,70,,1575550,51,,,0,29,,1575551,51,,,0,69,,1575552,51,,,0,100,,1575553,51,,,0
8801,'20261002',719,,1577660,37,,,0,2,,1577661,37,,,0,31,,1577662,37,,,0,72,,1577663,37,,,0,25,,1577664,37,,,0,169,,1577665,37,,,0,535,,1577666,37,,,0,71,,1577667,37,,,0,99,,1577668,37,,,0,124,,1577669,37,,,0
8801,'20261005',719,,1577670,37,,,0,2,,1577671,37,,,0,31,,1577672,37,,,0,72,,1577673,37,,,0,25,,1577674,37,,,0,169,,1577675,37,,,0,535,,1577676,37,,,0,71,,1577677,37,,,0,99,,1577678,37,,,0,124,,1577679,37,,,0
8801,'20261006',721,,1524410,37,,,0,31,,1524411,37,,,0,72,,1524412,37,,,0,25,,1524413,37,,,0,169,,1524417,37,,,0,535,,1524414,37,,,0,71,,1524415,37,,,0,99,,1524416,37,,,0,124,,1524418,37,,,0
8801,'20261007',721,,1524419,37,,,0,31,,1524420,37,,,0,72,,1524421,37,,,0,25,,1524422,37,,,0,169,,1524426,37,,,0,535,,1524423,37,,,0,71,,1524424,37,,,0,99,,1524425,37,,,0,124,,1524427,37,,,0
8801,'20261008',721,,1524428,37,,,0,31,,1524429,37,,,0,72,,1524430,37,,,0,25,,1524431,37,,,0,169,,1524435,37,,,0,535,,1524432,37,,,0,71,,1524433,37,,,0,99,,1524434,37,,,0,124,,1524436,37,,,0
8801,'20261009',721,,1524437,37,,,0,31,,1524438,37,,,0,72,,1524439,37,,,0,25,,1524440,37,,,0,169,,1524444,37,,,0,535,,1524441,37,,,0,71,,1524442,37,,,0,99,,1524443,37,,,0,124,,1524445,37,,,0
8801,'20261013',721,,1577680,37,,,0,31,,1577681,37,,,0,72,,1577682,37,,,0,25,,1577683,37,,,0,169,,1577687,37,,,0,535,,1577684,37,,,0,71,,1577685,37,,,0,99,,1577686,37,,,0,124,,1577688,37,,,0
8801,'20261014',721,,1577689,37,,,0,31,,1577690,37,,,0,72,,1577691,37,,,0,25,,1577692,37,,,0,169,,1577696,37,,,0,535,,1577693,37,,,0,71,,1577694,37,,,0,99,,1577695,37,,,0,124,,1577697,37,,,0
8801,'20261015',721,,1577698,37,,,0,31,,1577699,37,,,0,72,,1577700,37,,,0,25,,1577701,37,,,0,169,,1577705,37,,,0,535,,1577702,37,,,0,71,,1577703,37,,,0,99,,1577704,37,,,0,124,,1577706,37,,,0
8801,'20261016',721,,1577707,37,,,0,31,,1577708,37,,,0,72,,1577709,37,,,0,25,,1577710,37,,,0,169,,1577714,37,,,0,535,,1577711,37,,,0,71,,1577712,37,,,0,99,,1577713,37,,,0,124,,1577715,37,,,0
9102,'20261002',541,,1577787,51,,,0,102,,1577788,51,,,0,72,,1577789,51,,,0,31,,1577790,51,,,0,70,,1577791,51,,,0,30,,1577792,51,,,0,69,,1577793,50,,,0,99,,1577794,50,,,0,100,,1577795,50,,,0,102,,1577796,50,,,0,99,,1577797,50,,,0,100,,1577798,50,,,0,100,,1577799,50,,,0,98,,1577800,51,,,0,104,,1577801,51,,,0,100,,1577802,51,,,0,97,,1577803,50,,,0,100,,1577804,50,,,0,99,,1577805,50,,,0,99,,1577806,50,,,0,98,,1577807,51,,,0
9102,'20261003',610,,1577808,51,,,0,101,,1577809,51,,,0,101,,1577810,51,,,0,100,,1577811,50,,,0,101,,1577812,50,,,0,101,,1577813,50,,,0,100,,1577814,50,,,0,100,,1577815,50,,,0,100,,1577816,50,,,0,100,,1577817,50,,,0,100,,1577818,50,,,0,100,,1577819,50,,,0,99,,1577820,50,,,0,98,,1577821,51,,,0,100,,1577822,51,,,0,100,,1577823,51,,,0,100,,1577824,51,,,0,99,,1577825,51,,,0
9102,'20261004',610,,1577826,51,,,0,101,,1577827,51,,,0,101,,1577828,51,,,0,100,,1577829,50,,,0,101,,1577830,50,,,0,101,,1577831,50,,,0,100,,1577832,50,,,0,100,,1577833,50,,,0,100,,1577834,50,,,0,100,,1577835,50,,,0,100,,1577836,50,,,0,100,,1577837,50,,,0,99,,1577838,50,,,0,98,,1577839,51,,,0,100,,1577840,51,,,0,100,,1577841,51,,,0,100,,1577842,51,,,0,99,,1577843,51,,,0
9102,'20261005',541,,1577844,51,,,0,102,,1577845,51,,,0,72,,1577846,51,,,0,31,,1577847,51,,,0,70,,1577848,51,,,0,30,,1577849,51,,,0,69,,1577850,50,,,0,99,,1577851,50,,,0,100,,1577852,50,,,0,102,,1577853,50,,,0,99,,1577854,50,,,0,100,,1577855,50,,,0,100,,1577856,50,,,0,98,,1577857,51,,,0,104,,1577858,51,,,0,100,,1577859,51,,,0,97,,1577860,50,,,0,100,,1577861,50,,,0,99,,1577862,50,,,0,99,,1577863,50,,,0,98,,1577864,51,,,0
9102,'20261006',541,,1524596,51,,,0,102,,1524597,51,,,0,72,,1524598,51,,,0,31,,1524599,51,,,0,70,,1524600,51,,,0,30,,1524601,51,,,0,69,,1524602,50,,,0,99,,1524603,50,,,0,100,,1524604,50,,,0,102,,1524605,50,,,0,99,,1524606,50,,,0,100,,1524607,50,,,0,100,,1524608,50,,,0,98,,1524609,51,,,0,104,,1524610,51,,,0,100,,1524611,51,,,0,97,,1524612,50,,,0,100,,1524613,50,,,0,99,,1524614,50,,,0,99,,1524615,50,,,0,98,,1524616,51,,,0
9102,'20261007',541,,1524617,51,,,0,102,,1524618,51,,,0,72,,1524619,51,,,0,31,,1524620,51,,,0,70,,1524621,51,,,0,30,,1524622,51,,,0,69,,1524623,50,,,0,99,,1524624,50,,,0,100,,1524625,50,,,0,102,,1524626,50,,,0,99,,1524627,50,,,0,100,,1524628,50,,,0,100,,1524629,50,,,0,98,,1524630,51,,,0,104,,1524631,51,,,0,100,,1524632,51,,,0,97,,1524633,50,,,0,100,,1524634,50,,,0,99,,1524635,50,,,0,99,,1524636,50,,,0,98,,1524637,51,,,0
9102,'20261008',541,,1524638,51,,,0,102,,1524639,51,,,0,72,,1524640,51,,,0,31,,1524641,51,,,0,70,,1524642,51,,,0,30,,1524643,51,,,0,69,,1524644,50,,,0,99,,1524645,50,,,0,100,,1524646,50,,,0,102,,1524647,50,,,0,99,,1524648,50,,,0,100,,1524649,50,,,0,100,,1524650,50,,,0,98,,1524651,51,,,0,104,,1524652,51,,,0,100,,1524653,51,,,0,97,,1524654,50,,,0,100,,1524655,50,,,0,99,,1524656,50,,,0,99,,1524657,50,,,0,98,,1524658,51,,,0
9102,'20261009',541,,1524659,51,,,0,102,,1524660,51,,,0,72,,1524661,51,,,0,31,,1524662,51,,,0,70,,1524663,51,,,0,30,,1524664,51,,,0,69,,1524665,50,,,0,99,,1524666,50,,,0,100,,1524667,50,,,0,102,,1524668,50,,,0,99,,1524669,50,,,0,100,,1524670,50,,,0,100,,1524671,50,,,0,98,,1524672,51,,,0,104,,1524673,51,,,0,100,,1524674,51,,,0,97,,1524675,50,,,0,100,,1524676,50,,,0,99,,1524677,50,,,0,99,,1524678,50,,,0,98,,1524679,51,,,0
9102,'20261010',610,,1551354,51,,,0,101,,1551355,51,,,0,101,,1551356,51,,,0,100,,1551357,50,,,0,101,,1551358,50,,,0,101,,1551359,50,,,0,100,,1551360,50,,,0,100,,1551361,50,,,0,100,,1551362,50,,,0,100,,1551363,50,,,0,100,,1551364,50,,,0,100,,1551365,50,,,0,99,,1551366,50,,,0,98,,1551367,51,,,0,100,,1551368,51,,,0,100,,1551369,51,,,0,100,,1551370,51,,,0,99,,1551371,51,,,0
9102,'20261011',610,,1551372,51,,,0,101,,1551373,51,,,0,101,,1551374,51,,,0,100,,1551375,50,,,0,101,,1551376,50,,,0,101,,1551377,50,,,0,100,,1551378,50,,,0,100,,1551379,50,,,0,100,,1551380,50,,,0,100,,1551381,50,,,0,100,,1551382,50,,,0,100,,1551383,50,,,0,99,,1551384,50,,,0,98,,1551385,51,,,0,100,,1551386,51,,,0,100,,1551387,51,,,0,100,,1551388,51,,,0,99,,1551389,51,,,0
9102,'20261012',610,,1551390,51,,,0,101,,1551391,51,,,0,101,,1551392,51,,,0,100,,1551393,50,,,0,101,,1551394,50,,,0,101,,1551395,50,,,0,100,,1551396,50,,,0,100,,1551397,50,,,0,100,,1551398,50,,,0,100,,1551399,50,,,0,100,,1551400,50,,,0,100,,1551401,50,,,0,99,,1551402,50,,,0,98,,1551403,51,,,0,100,,1551404,51,,,0,100,,1551405,51,,,0,100,,1551406,51,,,0,99,,1551407,51,,,0
9102,'20261013',541,,1577865,51,,,0,102,,1577866,51,,,0,72,,1577867,51,,,0,31,,1577868,51,,,0,70,,1577869,51,,,0,30,,1577870,51,,,0,69,,1577871,50,,,0,99,,1577872,50,,,0,100,,1577873,50,,,0,102,,1577874,50,,,0,99,,1577875,50,,,0,100,,1577876,50,,,0,100,,1577877,50,,,0,98,,1577878,51,,,0,104,,1577879,51,,,0,100,,1577880,51,,,0,97,,1577881,50,,,0,100,,1577882,50,,,0,99,,1577883,50,,,0,99,,1577884,50,,,0,98,,1577885,51,,,0
9102,'20261014',541,,1577886,51,,,0,102,,1577887,51,,,0,72,,1577888,51,,,0,31,,1577889,51,,,0,70,,1577890,51,,,0,30,,1577891,51,,,0,69,,1577892,50,,,0,99,,1577893,50,,,0,100,,1577894,50,,,0,102,,1577895,50,,,0,99,,1577896,50,,,0,100,,1577897,50,,,0,100,,1577898,50,,,0,98,,1577899,51,,,0,104,,1577900,51,,,0,100,,1577901,51,,,0,97,,1577902,50,,,0,100,,1577903,50,,,0,99,,1577904,50,,,0,99,,1577905,50,,,0,98,,1577906,51,,,0
9102,'20261015',541,,1577907,51,,,0,102,,1577908,51,,,0,72,,1577909,51,,,0,31,,1577910,51,,,0,70,,1577911,51,,,0,30,,1577912,51,,,0,69,,1577913,50,,,0,99,,1577914,50,,,0,100,,1577915,50,,,0,102,,1577916,50,,,0,99,,1577917,50,,,0,100,,1577918,50,,,0,100,,1577919,50,,,0,98,,1577920,51,,,0,104,,1577921,51,,,0,100,,1577922,51,,,0,97,,1577923,50,,,0,100,,1577924,50,,,0,99,,1577925,50,,,0,99,,1577926,50,,,0,98,,1577927,51,,,0
9102,'20261016',541,,1577928,51,,,0,102,,1577929,51,,,0,72,,1577930,51,,,0,31,,1577931,51,,,0,70,,1577932,51,,,0,30,,1577933,51,,,0,69,,1577934,50,,,0,99,,1577935,50,,,0,100,,1577936,50,,,0,102,,1577937,50,,,0,99,,1577938,50,,,0,100,,1577939,50,,,0,100,,1577940,50,,,0,98,,1577941,51,,,0,104,,1577942,51,,,0,100,,1577943,51,,,0,97,,1577944,50,,,0,100,,1577945,50,,,0,99,,1577946,50,,,0,99,,1577947,50,,,0,98,,1577948,51,,,0
9202,'20261002',610,,1578113,42,,,0,99,,1578114,42,,,0,36,,1578115,42,,,0,72,,1578116,42,,,0,29,,1578117,42,,,0,69,,1578118,42,,,0,99,,1578119,42,,,0,100,,1578120,42,,,0,102,,1578121,42,,,0,100,,1578122,42,,,0,100,,1578123,42,,,0,100,,1578124,42,,,0,108,,1578125,42,,,0,101,,1578126,42,,,0,94,,1578127,42,,,0,96,,1578128,42,,,0,98,,1578129,42,,,0,99,,1578130,42,,,0,98,,1578131,42,,,0,97,,1578132,42,,,0
9202,'20261003',628,,1578133,42,,,0,102,,1578134,42,,,0,100,,1578135,42,,,0,100,,1578136,42,,,0,101,,1578137,42,,,0,100,,1578138,42,,,0,97,,1578139,42,,,0,101,,1578140,42,,,0,101,,1578141,42,,,0,102,,1578142,42,,,0,101,,1578143,42,,,0,104,,1578144,42,,,0,96,,1578145,42,,,0,99,,1578146,42,,,0,97,,1578147,42,,,0,100,,1578148,42,,,0,100,,1578149,42,,,0
9202,'20261004',628,,1578150,42,,,0,102,,1578151,42,,,0,100,,1578152,42,,,0,100,,1578153,42,,,0,101,,1578154,42,,,0,100,,1578155,42,,,0,97,,1578156,42,,,0,101,,1578157,42,,,0,101,,1578158,42,,,0,102,,1578159,42,,,0,101,,1578160,42,,,0,104,,1578161,42,,,0,96,,1578162,42,,,0,99,,1578163,42,,,0,97,,1578164,42,,,0,100,,1578165,42,,,0,100,,1578166,42,,,0
9202,'20261005',610,,1578167,42,,,0,99,,1578168,42,,,0,36,,1578169,42,,,0,72,,1578170,42,,,0,29,,1578171,42,,,0,69,,1578172,42,,,0,99,,1578173,42,,,0,100,,1578174,42,,,0,102,,1578175,42,,,0,100,,1578176,42,,,0,100,,1578177,42,,,0,100,,1578178,42,,,0,108,,1578179,42,,,0,101,,1578180,42,,,0,94,,1578181,42,,,0,96,,1578182,42,,,0,98,,1578183,42,,,0,99,,1578184,42,,,0,98,,1578185,42,,,0,97,,1578186,42,,,0
9202,'20261006',610,,1524936,42,,,0,99,,1524935,42,,,0,36,,1524934,42,,,0,72,,1524917,42,,,0,29,,1524933,42,,,0,69,,1524918,42,,,0,99,,1524919,42,,,0,100,,1524920,42,,,0,102,,1524922,42,,,0,100,,1524923,42,,,0,100,,1524921,42,,,0,100,,1524929,42,,,0,108,,1524927,42,,,0,101,,1524928,42,,,0,94,,1524930,42,,,0,96,,1524924,42,,,0,98,,1524925,42,,,0,99,,1524926,42,,,0,98,,1524931,42,,,0,97,,1524932,42,,,0
9202,'20261007',610,,1524956,42,,,0,99,,1524955,42,,,0,36,,1524954,42,,,0,72,,1524937,42,,,0,29,,1524953,42,,,0,69,,1524938,42,,,0,99,,1524939,42,,,0,100,,1524940,42,,,0,102,,1524942,42,,,0,100,,1524943,42,,,0,100,,1524941,42,,,0,100,,1524949,42,,,0,108,,1524947,42,,,0,101,,1524948,42,,,0,94,,1524950,42,,,0,96,,1524944,42,,,0,98,,1524945,42,,,0,99,,1524946,42,,,0,98,,1524951,42,,,0,97,,1524952,42,,,0
9202,'20261008',610,,1524976,42,,,0,99,,1524975,42,,,0,36,,1524974,42,,,0,72,,1524957,42,,,0,29,,1524973,42,,,0,69,,1524958,42,,,0,99,,1524959,42,,,0,100,,1524960,42,,,0,102,,1524962,42,,,0,100,,1524963,42,,,0,100,,1524961,42,,,0,100,,1524969,42,,,0,108,,1524967,42,,,0,101,,1524968,42,,,0,94,,1524970,42,,,0,96,,1524964,42,,,0,98,,1524965,42,,,0,99,,1524966,42,,,0,98,,1524971,42,,,0,97,,1524972,42,,,0
9202,'20261009',610,,1524996,42,,,0,99,,1524995,42,,,0,36,,1524994,42,,,0,72,,1524977,42,,,0,29,,1524993,42,,,0,69,,1524978,42,,,0,99,,1524979,42,,,0,100,,1524980,42,,,0,102,,1524982,42,,,0,100,,1524983,42,,,0,100,,1524981,42,,,0,100,,1524989,42,,,0,108,,1524987,42,,,0,101,,1524988,42,,,0,94,,1524990,42,,,0,96,,1524984,42,,,0,98,,1524985,42,,,0,99,,1524986,42,,,0,98,,1524991,42,,,0,97,,1524992,42,,,0
9202,'20261010',628,,1551604,42,,,0,102,,1551603,42,,,0,100,,1551588,42,,,0,100,,1551599,42,,,0,101,,1551598,42,,,0,100,,1551589,42,,,0,97,,1551600,42,,,0,101,,1551592,42,,,0,101,,1551594,42,,,0,102,,1551593,42,,,0,101,,1551601,42,,,0,104,,1551590,42,,,0,96,,1551591,42,,,0,99,,1551602,42,,,0,97,,1551595,42,,,0,100,,1551596,42,,,0,100,,1551597,42,,,0
9202,'20261011',628,,1551621,42,,,0,102,,1551620,42,,,0,100,,1551605,42,,,0,100,,1551615,42,,,0,101,,1551614,42,,,0,100,,1551606,42,,,0,97,,1551616,42,,,0,101,,1551609,42,,,0,101,,1551611,42,,,0,102,,1551610,42,,,0,101,,1551617,42,,,0,104,,1551607,42,,,0,96,,1551608,42,,,0,99,,1551618,42,,,0,97,,1551612,42,,,0,100,,1551613,42,,,0,100,,1551619,42,,,0
9202,'20261012',628,,1551638,42,,,0,102,,1551637,42,,,0,100,,1551622,42,,,0,100,,1551632,42,,,0,101,,1551631,42,,,0,100,,1551623,42,,,0,97,,1551633,42,,,0,101,,1551626,42,,,0,101,,1551628,42,,,0,102,,1551627,42,,,0,101,,1551634,42,,,0,104,,1551624,42,,,0,96,,1551625,42,,,0,99,,1551635,42,,,0,97,,1551629,42,,,0,100,,1551630,42,,,0,100,,1551636,42,,,0
9202,'20261013',610,,1578206,42,,,0,99,,1578205,42,,,0,36,,1578204,42,,,0,72,,1578187,42,,,0,29,,1578203,42,,,0,69,,1578188,42,,,0,99,,1578189,42,,,0,100,,1578190,42,,,0,102,,1578192,42,,,0,100,,1578193,42,,,0,100,,1578191,42,,,0,100,,1578199,42,,,0,108,,1578197,42,,,0,101,,1578198,42,,,0,94,,1578200,42,,,0,96,,1578194,42,,,0,98,,1578195,42,,,0,99,,1578196,42,,,0,98,,1578201,42,,,0,97,,1578202,42,,,0
9202,'20261014',610,,1578226,42,,,0,99,,1578225,42,,,0,36,,1578224,42,,,0,72,,1578207,42,,,0,29,,1578223,42,,,0,69,,1578208,42,,,0,99,,1578209,42,,,0,100,,1578210,42,,,0,102,,1578212,42,,,0,100,,1578213,42,,,0,100,,1578211,42,,,0,100,,1578219,42,,,0,108,,1578217,42,,,0,101,,1578218,42,,,0,94,,1578220,42,,,0,96,,1578214,42,,,0,98,,1578215,42,,,0,99,,1578216,42,,,0,98,,1578221,42,,,0,97,,1578222,42,,,0
9202,'20261015',610,,1578246,42,,,0,99,,1578245,42,,,0,36,,1578244,42,,,0,72,,1578227,42,,,0,29,,1578243,42,,,0,69,,1578228,42,,,0,99,,1578229,42,,,0,100,,1578230,42,,,0,102,,1578232,42,,,0,100,,1578233,42,,,0,100,,1578231,42,,,0,100,,1578239,42,,,0,108,,1578237,42,,,0,101,,1578238,42,,,0,94,,1578240,42,,,0,96,,1578234,42,,,0,98,,1578235,42,,,0,99,,1578236,42,,,0,98,,1578241,42,,,0,97,,1578242,42,,,0
9202,'20261016',610,,1578266,42,,,0,99,,1578265,42,,,0,36,,1578264,42,,,0,72,,1578247,42,,,0,29,,1578263,42,,,0,69,,1578248,42,,,0,99,,1578249,42,,,0,100,,1578250,42,,,0,102,,1578252,42,,,0,100,,1578253,42,,,0,100,,1578251,42,,,0,100,,1578259,42,,,0,108,,1578257,42,,,0,101,,1578258,42,,,0,94,,1578260,42,,,0,96,,1578254,42,,,0,98,,1578255,42,,,0,99,,1578256,42,,,0,98,,1578261,42,,,0,97,,1578262,42,,,0
9301,'20261002',619,,1578691,51,0,31 10 1 32 13,0,14,,1578679,56,0,36 13,0,89,,1578692,51,0,31 10 1 32 13,0,16,,1578693,51,0,31 10 1 32 13,0,13,,1578690,13,0,31 10 1 32 13,0,2,,1578694,51,0,31 10 1 32 13,0,60,,1578680,56,0,36 13,0,14,,1578695,51,0,31 10 1 32 13,0,27,,1578696,51,0,31 10 1 32 13,0,70,,1578697,51,0,31 10 1 32 13,0,14,,1578681,56,0,36 13,0,17,,1578698,51,0,31 10 1 32 13,0,98,,1578699,51,0,31 10 1 32 13,0,54,,1578682,56,0,36 13,0,46,,1578700,51,0,31 10 1 32 13,0,86,,1578683,56,0,36 13,0,13,,1578701,51,0,31 10 1 32 13,0,101,,1578702,51,0,31 10 1 32 13,0,56,,1578684,56,0,36 13,0,43,,1578703,51,0,31 10 1 32 13,0,90,,1578685,56,0,36 13,0,8,,1578704,51,0,31 10 1 32 13,0,66,,1578705,51,0,31 10 1 32 13,0,31,,1578706,51,0,31 10 1 32 13,0,70,,1578686,56,0,36 13,0,5,,1578707,51,0,31 10 1 32 13,0,35,,1578708,51,0,31 10 1 32 13,0,81,,1578687,56,0,36 13,0,14,,1578709,51,0,31 10 1 32 13,0,99,,1578710,51,0,31 10 1 32 13,0,55,,1578688,56,0,36 13,0,45,,1578711,51,0,31 10 1 32 13,0,84,,1578689,56,0,36 13,0,15,,1578712,51,0,31 10 1 32 13,0,100,,1578713,51,0,31 10 1 32 13,0
9301,'20261003',633,,1578714,56,0,36 13,0,15,,1578725,51,0,31 10 1 32 13,0,101,,1578726,51,0,31 10 1 32 13,0,56,,1578715,56,0,36 13,0,44,,1578727,51,0,31 10 1 32 13,0,86,,1578716,56,0,36 13,0,15,,1578728,51,0,31 10 1 32 13,0,101,,1578729,51,0,31 10 1 32 13,0,57,,1578717,56,0,36 13,0,43,,1578730,51,0,31 10 1 32 13,0,87,,1578718,56,0,36 13,0,13,,1578731,51,0,31 10 1 32 13,0,101,,1578732,51,0,31 10 1 32 13,0,57,,1578719,56,0,36 13,0,43,,1578733,51,0,31 10 1 32 13,0,88,,1578720,56,0,36 13,0,12,,1578734,51,0,31 10 1 32 13,0,101,,1578735,51,0,31 10 1 32 13,0,58,,1578721,56,0,36 13,0,41,,1578736,51,0,31 10 1 32 13,0,83,,1578722,56,0,36 13,0,15,,1578737,51,0,31 10 1 32 13,0,98,,1578738,51,0,31 10 1 32 13,0,56,,1578723,56,0,36 13,0,44,,1578739,51,0,31 10 1 32 13,0,85,,1578724,56,0,36 13,0,115,,1578740,51,0,31 10 1 32 13,0
9301,'20261004',633,,1578741,56,0,36 13,0,15,,1578752,51,0,31 10 1 32 13,0,101,,1578753,51,0,31 10 1 32 13,0,56,,1578742,56,0,36 13,0,44,,1578754,51,0,31 10 1 32 13,0,86,,1578743,56,0,36 13,0,15,,1578755,51,0,31 10 1 32 13,0,101,,1578756,51,0,31 10 1 32 13,0,57,,1578744,56,0,36 13,0,43,,1578757,51,0,31 10 1 32 13,0,87,,1578745,56,0,36 13,0,13,,1578758,51,0,31 10 1 32 13,0,101,,1578759,51,0,31 10 1 32 13,0,57,,1578746,56,0,36 13,0,43,,1578760,51,0,31 10 1 32 13,0,88,,1578747,56,0,36 13,0,12,,1578761,51,0,31 10 1 32 13,0,101,,1578762,51,0,31 10 1 32 13,0,58,,1578748,56,0,36 13,0,41,,1578763,51,0,31 10 1 32 13,0,83,,1578749,56,0,36 13,0,15,,1578764,51,0,31 10 1 32 13,0,98,,1578765,51,0,31 10 1 32 13,0,56,,1578750,56,0,36 13,0,44,,1578766,51,0,31 10 1 32 13,0,85,,1578751,56,0,36 13,0,115,,1578767,51,0,31 10 1 32 13,0
9301,'20261005',619,,1578780,51,0,31 10 1 32 13,0,14,,1578768,56,0,36 13,0,89,,1578781,51,0,31 10 1 32 13,0,16,,1578782,51,0,31 10 1 32 13,0,13,,1578779,13,0,31 10 1 32 13,0,2,,1578783,51,0,31 10 1 32 13,0,60,,1578769,56,0,36 13,0,14,,1578784,51,0,31 10 1 32 13,0,27,,1578785,51,0,31 10 1 32 13,0,70,,1578786,51,0,31 10 1 32 13,0,14,,1578770,56,0,36 13,0,17,,1578787,51,0,31 10 1 32 13,0,98,,1578788,51,0,31 10 1 32 13,0,54,,1578771,56,0,36 13,0,46,,1578789,51,0,31 10 1 32 13,0,86,,1578772,56,0,36 13,0,13,,1578790,51,0,31 10 1 32 13,0,101,,1578791,51,0,31 10 1 32 13,0,56,,1578773,56,0,36 13,0,43,,1578792,51,0,31 10 1 32 13,0,90,,1578774,56,0,36 13,0,8,,1578793,51,0,31 10 1 32 13,0,66,,1578794,51,0,31 10 1 32 13,0,31,,1578795,51,0,31 10 1 32 13,0,70,,1578775,56,0,36 13,0,5,,1578796,51,0,31 10 1 32 13,0,35,,1578797,51,0,31 10 1 32 13,0,81,,1578776,56,0,36 13,0,14,,1578798,51,0,31 10 1 32 13,0,99,,1578799,51,0,31 10 1 32 13,0,55,,1578777,56,0,36 13,0,45,,1578800,51,0,31 10 1 32 13,0,84,,1578778,56,0,36 13,0,15,,1578801,51,0,31 10 1 32 13,0,100,,1578802,51,0,31 10 1 32 13,0
9301,'20261006',619,,1525546,51,0,31 10 1 32 13,0,14,,1525554,56,0,36 13,0,89,,1525531,51,0,31 10 1 32 13,0,16,,1525553,51,0,31 10 1 32 13,0,15,,1525532,51,0,31 10 1 32 13,0,60,,1525555,56,0,36 13,0,14,,1525533,51,0,31 10 1 32 13,0,27,,1525534,51,0,31 10 1 32 13,0,70,,1525535,51,0,31 10 1 32 13,0,14,,1525556,56,0,36 13,0,17,,1525544,51,0,31 10 1 32 13,0,98,,1525536,51,0,31 10 1 32 13,0,54,,1525557,56,0,36 13,0,46,,1525549,51,0,31 10 1 32 13,0,86,,1525558,56,0,36 13,0,13,,1525537,51,0,31 10 1 32 13,0,101,,1525550,51,0,31 10 1 32 13,0,56,,1525559,56,0,36 13,0,43,,1525538,51,0,31 10 1 32 13,0,90,,1525560,56,0,36 13,0,8,,1525542,51,0,31 10 1 32 13,0,66,,1525551,51,0,31 10 1 32 13,0,31,,1525539,51,0,31 10 1 32 13,0,70,,1525561,56,0,36 13,0,5,,1525552,51,0,31 10 1 32 13,0,35,,1525545,51,0,31 10 1 32 13,0,81,,1525562,56,0,36 13,0,14,,1525543,51,0,31 10 1 32 13,0,99,,1525547,51,0,31 10 1 32 13,0,55,,1525563,56,0,36 13,0,45,,1525540,51,0,31 10 1 32 13,0,84,,1525564,56,0,36 13,0,15,,1525548,51,0,31 10 1 32 13,0,100,,1525541,51,0,31 10 1 32 13,0
9301,'20261007',619,,1525580,51,0,31 10 1 32 13,0,14,,1525588,56,0,36 13,0,89,,1525565,51,0,31 10 1 32 13,0,16,,1525587,51,0,31 10 1 32 13,0,15,,1525566,51,0,31 10 1 32 13,0,60,,1525589,56,0,36 13,0,14,,1525567,51,0,31 10 1 32 13,0,27,,1525568,51,0,31 10 1 32 13,0,70,,1525569,51,0,31 10 1 32 13,0,14,,1525590,56,0,36 13,0,17,,1525578,51,0,31 10 1 32 13,0,98,,1525570,51,0,31 10 1 32 13,0,54,,1525591,56,0,36 13,0,46,,1525583,51,0,31 10 1 32 13,0,86,,1525592,56,0,36 13,0,13,,1525571,51,0,31 10 1 32 13,0,101,,1525584,51,0,31 10 1 32 13,0,56,,1525593,56,0,36 13,0,43,,1525572,51,0,31 10 1 32 13,0,90,,1525594,56,0,36 13,0,8,,1525576,51,0,31 10 1 32 13,0,66,,1525585,51,0,31 10 1 32 13,0,31,,1525573,51,0,31 10 1 32 13,0,70,,1525595,56,0,36 13,0,5,,1525586,51,0,31 10 1 32 13,0,35,,1525579,51,0,31 10 1 32 13,0,81,,1525596,56,0,36 13,0,14,,1525577,51,0,31 10 1 32 13,0,99,,1525581,51,0,31 10 1 32 13,0,55,,1525597,56,0,36 13,0,45,,1525574,51,0,31 10 1 32 13,0,84,,1525598,56,0,36 13,0,15,,1525582,51,0,31 10 1 32 13,0,100,,1525575,51,0,31 10 1 32 13,0
9301,'20261008',619,,1525614,51,0,31 10 1 32 13,0,14,,1525622,56,0,36 13,0,89,,1525599,51,0,31 10 1 32 13,0,16,,1525621,51,0,31 10 1 32 13,0,15,,1525600,51,0,31 10 1 32 13,0,60,,1525623,56,0,36 13,0,14,,1525601,51,0,31 10 1 32 13,0,27,,1525602,51,0,31 10 1 32 13,0,70,,1525603,51,0,31 10 1 32 13,0,14,,1525624,56,0,36 13,0,17,,1525612,51,0,31 10 1 32 13,0,98,,1525604,51,0,31 10 1 32 13,0,54,,1525625,56,0,36 13,0,46,,1525617,51,0,31 10 1 32 13,0,86,,1525626,56,0,36 13,0,13,,1525605,51,0,31 10 1 32 13,0,101,,1525618,51,0,31 10 1 32 13,0,56,,1525627,56,0,36 13,0,43,,1525606,51,0,31 10 1 32 13,0,90,,1525628,56,0,36 13,0,8,,1525610,51,0,31 10 1 32 13,0,66,,1525619,51,0,31 10 1 32 13,0,31,,1525607,51,0,31 10 1 32 13,0,70,,1525629,56,0,36 13,0,5,,1525620,51,0,31 10 1 32 13,0,35,,1525613,51,0,31 10 1 32 13,0,81,,1525630,56,0,36 13,0,14,,1525611,51,0,31 10 1 32 13,0,99,,1525615,51,0,31 10 1 32 13,0,55,,1525631,56,0,36 13,0,45,,1525608,51,0,31 10 1 32 13,0,84,,1525632,56,0,36 13,0,15,,1525616,51,0,31 10 1 32 13,0,100,,1525609,51,0,31 10 1 32 13,0
9301,'20261009',619,,1525648,51,0,31 10 1 32 13,0,14,,1525656,56,0,36 13,0,89,,1525633,51,0,31 10 1 32 13,0,16,,1525655,51,0,31 10 1 32 13,0,15,,1525634,51,0,31 10 1 32 13,0,60,,1525657,56,0,36 13,0,14,,1525635,51,0,31 10 1 32 13,0,27,,1525636,51,0,31 10 1 32 13,0,70,,1525637,51,0,31 10 1 32 13,0,14,,1525658,56,0,36 13,0,17,,1525646,51,0,31 10 1 32 13,0,98,,1525638,51,0,31 10 1 32 13,0,54,,1525659,56,0,36 13,0,46,,1525651,51,0,31 10 1 32 13,0,86,,1525660,56,0,36 13,0,13,,1525639,51,0,31 10 1 32 13,0,101,,1525652,51,0,31 10 1 32 13,0,56,,1525661,56,0,36 13,0,43,,1525640,51,0,31 10 1 32 13,0,90,,1525662,56,0,36 13,0,8,,1525644,51,0,31 10 1 32 13,0,66,,1525653,51,0,31 10 1 32 13,0,31,,1525641,51,0,31 10 1 32 13,0,70,,1525663,56,0,36 13,0,5,,1525654,51,0,31 10 1 32 13,0,35,,1525647,51,0,31 10 1 32 13,0,81,,1525664,56,0,36 13,0,14,,1525645,51,0,31 10 1 32 13,0,99,,1525649,51,0,31 10 1 32 13,0,55,,1525665,56,0,36 13,0,45,,1525642,51,0,31 10 1 32 13,0,84,,1525666,56,0,36 13,0,15,,1525650,51,0,31 10 1 32 13,0,100,,1525643,51,0,31 10 1 32 13,0
9301,'20261010',633,,1552053,56,0,36 13,0,15,,1552052,51,0,31 10 1 32 13,0,101,,1552042,51,0,31 10 1 32 13,0,56,,1552054,56,0,36 13,0,44,,1552037,51,0,31 10 1 32 13,0,86,,1552055,56,0,36 13,0,15,,1552051,51,0,31 10 1 32 13,0,101,,1552044,51,0,31 10 1 32 13,0,57,,1552056,56,0,36 13,0,43,,1552046,51,0,31 10 1 32 13,0,87,,1552057,56,0,36 13,0,13,,1552038,51,0,31 10 1 32 13,0,101,,1552047,51,0,31 10 1 32 13,0,57,,1552058,56,0,36 13,0,43,,1552045,51,0,31 10 1 32 13,0,88,,1552059,56,0,36 13,0,12,,1552048,51,0,31 10 1 32 13,0,101,,1552039,51,0,31 10 1 32 13,0,58,,1552060,56,0,36 13,0,41,,1552049,51,0,31 10 1 32 13,0,83,,1552061,56,0,36 13,0,15,,1552043,51,0,31 10 1 32 13,0,98,,1552050,51,0,31 10 1 32 13,0,56,,1552062,56,0,36 13,0,44,,1552040,51,0,31 10 1 32 13,0,85,,1552063,56,0,36 13,0,115,,1552041,51,0,31 10 1 32 13,0
9301,'20261011',633,,1552080,56,0,36 13,0,15,,1552079,51,0,31 10 1 32 13,0,101,,1552076,51,0,31 10 1 32 13,0,56,,1552081,56,0,36 13,0,44,,1552069,51,0,31 10 1 32 13,0,86,,1552082,56,0,36 13,0,15,,1552077,51,0,31 10 1 32 13,0,101,,1552064,51,0,31 10 1 32 13,0,57,,1552083,56,0,36 13,0,43,,1552072,51,0,31 10 1 32 13,0,87,,1552084,56,0,36 13,0,13,,1552065,51,0,31 10 1 32 13,0,101,,1552073,51,0,31 10 1 32 13,0,57,,1552085,56,0,36 13,0,43,,1552070,51,0,31 10 1 32 13,0,88,,1552086,56,0,36 13,0,12,,1552074,51,0,31 10 1 32 13,0,101,,1552066,51,0,31 10 1 32 13,0,58,,1552087,56,0,36 13,0,41,,1552075,51,0,31 10 1 32 13,0,83,,1552088,56,0,36 13,0,15,,1552071,51,0,31 10 1 32 13,0,98,,1552078,51,0,31 10 1 32 13,0,56,,1552089,56,0,36 13,0,44,,1552067,51,0,31 10 1 32 13,0,85,,1552090,56,0,36 13,0,115,,1552068,51,0,31 10 1 32 13,0
9301,'20261012',633,,1552107,56,0,36 13,0,15,,1552106,51,0,31 10 1 32 13,0,101,,1552103,51,0,31 10 1 32 13,0,56,,1552108,56,0,36 13,0,44,,1552096,51,0,31 10 1 32 13,0,86,,1552109,56,0,36 13,0,15,,1552104,51,0,31 10 1 32 13,0,101,,1552091,51,0,31 10 1 32 13,0,57,,1552110,56,0,36 13,0,43,,1552099,51,0,31 10 1 32 13,0,87,,1552111,56,0,36 13,0,13,,1552092,51,0,31 10 1 32 13,0,101,,1552100,51,0,31 10 1 32 13,0,57,,1552112,56,0,36 13,0,43,,1552097,51,0,31 10 1 32 13,0,88,,1552113,56,0,36 13,0,12,,1552101,51,0,31 10 1 32 13,0,101,,1552093,51,0,31 10 1 32 13,0,58,,1552114,56,0,36 13,0,41,,1552102,51,0,31 10 1 32 13,0,83,,1552115,56,0,36 13,0,15,,1552098,51,0,31 10 1 32 13,0,98,,1552105,51,0,31 10 1 32 13,0,56,,1552116,56,0,36 13,0,44,,1552094,51,0,31 10 1 32 13,0,85,,1552117,56,0,36 13,0,115,,1552095,51,0,31 10 1 32 13,0
9301,'20261013',619,,1578818,51,0,31 10 1 32 13,0,14,,1578826,56,0,36 13,0,89,,1578803,51,0,31 10 1 32 13,0,16,,1578825,51,0,31 10 1 32 13,0,15,,1578804,51,0,31 10 1 32 13,0,60,,1578827,56,0,36 13,0,14,,1578805,51,0,31 10 1 32 13,0,27,,1578806,51,0,31 10 1 32 13,0,70,,1578807,51,0,31 10 1 32 13,0,14,,1578828,56,0,36 13,0,17,,1578816,51,0,31 10 1 32 13,0,98,,1578808,51,0,31 10 1 32 13,0,54,,1578829,56,0,36 13,0,46,,1578821,51,0,31 10 1 32 13,0,86,,1578830,56,0,36 13,0,13,,1578809,51,0,31 10 1 32 13,0,101,,1578822,51,0,31 10 1 32 13,0,56,,1578831,56,0,36 13,0,43,,1578810,51,0,31 10 1 32 13,0,90,,1578832,56,0,36 13,0,8,,1578814,51,0,31 10 1 32 13,0,66,,1578823,51,0,31 10 1 32 13,0,31,,1578811,51,0,31 10 1 32 13,0,70,,1578833,56,0,36 13,0,5,,1578824,51,0,31 10 1 32 13,0,35,,1578817,51,0,31 10 1 32 13,0,81,,1578834,56,0,36 13,0,14,,1578815,51,0,31 10 1 32 13,0,99,,1578819,51,0,31 10 1 32 13,0,55,,1578835,56,0,36 13,0,45,,1578812,51,0,31 10 1 32 13,0,84,,1578836,56,0,36 13,0,15,,1578820,51,0,31 10 1 32 13,0,100,,1578813,51,0,31 10 1 32 13,0
9301,'20261014',619,,1578852,51,0,31 10 1 32 13,0,14,,1578860,56,0,36 13,0,89,,1578837,51,0,31 10 1 32 13,0,16,,1578859,51,0,31 10 1 32 13,0,15,,1578838,51,0,31 10 1 32 13,0,60,,1578861,56,0,36 13,0,14,,1578839,51,0,31 10 1 32 13,0,27,,1578840,51,0,31 10 1 32 13,0,70,,1578841,51,0,31 10 1 32 13,0,14,,1578862,56,0,36 13,0,17,,1578850,51,0,31 10 1 32 13,0,98,,1578842,51,0,31 10 1 32 13,0,54,,1578863,56,0,36 13,0,46,,1578855,51,0,31 10 1 32 13,0,86,,1578864,56,0,36 13,0,13,,1578843,51,0,31 10 1 32 13,0,101,,1578856,51,0,31 10 1 32 13,0,56,,1578865,56,0,36 13,0,43,,1578844,51,0,31 10 1 32 13,0,90,,1578866,56,0,36 13,0,8,,1578848,51,0,31 10 1 32 13,0,66,,1578857,51,0,31 10 1 32 13,0,31,,1578845,51,0,31 10 1 32 13,0,70,,1578867,56,0,36 13,0,5,,1578858,51,0,31 10 1 32 13,0,35,,1578851,51,0,31 10 1 32 13,0,81,,1578868,56,0,36 13,0,14,,1578849,51,0,31 10 1 32 13,0,99,,1578853,51,0,31 10 1 32 13,0,55,,1578869,56,0,36 13,0,45,,1578846,51,0,31 10 1 32 13,0,84,,1578870,56,0,36 13,0,15,,1578854,51,0,31 10 1 32 13,0,100,,1578847,51,0,31 10 1 32 13,0
9301,'20261015',619,,1578886,51,0,31 10 1 32 13,0,14,,1578894,56,0,36 13,0,89,,1578871,51,0,31 10 1 32 13,0,16,,1578893,51,0,31 10 1 32 13,0,15,,1578872,51,0,31 10 1 32 13,0,60,,1578895,56,0,36 13,0,14,,1578873,51,0,31 10 1 32 13,0,27,,1578874,51,0,31 10 1 32 13,0,70,,1578875,51,0,31 10 1 32 13,0,14,,1578896,56,0,36 13,0,17,,1578884,51,0,31 10 1 32 13,0,98,,1578876,51,0,31 10 1 32 13,0,54,,1578897,56,0,36 13,0,46,,1578889,51,0,31 10 1 32 13,0,86,,1578898,56,0,36 13,0,13,,1578877,51,0,31 10 1 32 13,0,101,,1578890,51,0,31 10 1 32 13,0,56,,1578899,56,0,36 13,0,43,,1578878,51,0,31 10 1 32 13,0,90,,1578900,56,0,36 13,0,8,,1578882,51,0,31 10 1 32 13,0,66,,1578891,51,0,31 10 1 32 13,0,31,,1578879,51,0,31 10 1 32 13,0,70,,1578901,56,0,36 13,0,5,,1578892,51,0,31 10 1 32 13,0,35,,1578885,51,0,31 10 1 32 13,0,81,,1578902,56,0,36 13,0,14,,1578883,51,0,31 10 1 32 13,0,99,,1578887,51,0,31 10 1 32 13,0,55,,1578903,56,0,36 13,0,45,,1578880,51,0,31 10 1 32 13,0,84,,1578904,56,0,36 13,0,15,,1578888,51,0,31 10 1 32 13,0,100,,1578881,51,0,31 10 1 32 13,0
9301,'20261016',619,,1578920,51,0,31 10 1 32 13,0,14,,1578928,56,0,36 13,0,89,,1578905,51,0,31 10 1 32 13,0,16,,1578927,51,0,31 10 1 32 13,0,15,,1578906,51,0,31 10 1 32 13,0,60,,1578929,56,0,36 13,0,14,,1578907,51,0,31 10 1 32 13,0,27,,1578908,51,0,31 10 1 32 13,0,70,,1578909,51,0,31 10 1 32 13,0,14,,1578930,56,0,36 13,0,17,,1578918,51,0,31 10 1 32 13,0,98,,1578910,51,0,31 10 1 32 13,0,54,,1578931,56,0,36 13,0,46,,1578923,51,0,31 10 1 32 13,0,86,,1578932,56,0,36 13,0,13,,1578911,51,0,31 10 1 32 13,0,101,,1578924,51,0,31 10 1 32 13,0,56,,1578933,56,0,36 13,0,43,,1578912,51,0,31 10 1 32 13,0,90,,1578934,56,0,36 13,0,8,,1578916,51,0,31 10 1 32 13,0,66,,1578925,51,0,31 10 1 32 13,0,31,,1578913,51,0,31 10 1 32 13,0,70,,1578935,56,0,36 13,0,5,,1578926,51,0,31 10 1 32 13,0,35,,1578919,51,0,31 10 1 32 13,0,81,,1578936,56,0,36 13,0,14,,1578917,51,0,31 10 1 32 13,0,99,,1578921,51,0,31 10 1 32 13,0,55,,1578937,56,0,36 13,0,45,,1578914,51,0,31 10 1 32 13,0,84,,1578938,56,0,36 13,0,15,,1578922,51,0,31 10 1 32 13,0,100,,1578915,51,0,31 10 1 32 13,0
9402,'20261002',624,,1578940,41,,,0,99,,1578939,41,,,0,2,,1578941,41,,,0,33,,1578942,41,,,0,73,,1578943,41,,,0,28,,1578944,41,,,0,71,,1578945,41,,,0,99,,1578946,41,,,0,100,,1578947,41,,,0,100,,1578948,41,,,0,99,,1578949,41,,,0,100,,1578950,41,,,0,102,,1578951,41,,,0,104,,1578952,41,,,0,99,,1578953,41,,,0,98,,1578954,41,,,0,96,,1578955,41,,,0,99,,1578956,41,,,0,99,,1578957,41,,,0,98,,1578958,41,,,0,99,,1578959,41,,,0
9402,'20261003',616,,1578960,41,,,0,101,,1578961,41,,,0,101,,1578962,41,,,0,100,,1578963,41,,,0,103,,1578964,41,,,0,101,,1578965,41,,,0,101,,1578966,41,,,0,100,,1578967,41,,,0,100,,1578968,41,,,0,100,,1578969,41,,,0,100,,1578970,41,,,0,100,,1578971,41,,,0,98,,1578972,41,,,0,99,,1578973,41,,,0,99,,1578974,41,,,0,99,,1578975,41,,,0,99,,1578976,41,,,0,99,,1578977,41,,,0
9402,'20261004',616,,1578978,41,,,0,101,,1578979,41,,,0,101,,1578980,41,,,0,100,,1578981,41,,,0,103,,1578982,41,,,0,101,,1578983,41,,,0,101,,1578984,41,,,0,100,,1578985,41,,,0,100,,1578986,41,,,0,100,,1578987,41,,,0,100,,1578988,41,,,0,100,,1578989,41,,,0,98,,1578990,41,,,0,99,,1578991,41,,,0,99,,1578992,41,,,0,99,,1578993,41,,,0,99,,1578994,41,,,0,99,,1578995,41,,,0
9402,'20261005',624,,1578997,41,,,0,99,,1578996,41,,,0,2,,1578998,41,,,0,33,,1578999,41,,,0,73,,1579000,41,,,0,28,,1579001,41,,,0,71,,1579002,41,,,0,99,,1579003,41,,,0,100,,1579004,41,,,0,100,,1579005,41,,,0,99,,1579006,41,,,0,100,,1579007,41,,,0,102,,1579008,41,,,0,104,,1579009,41,,,0,99,,1579010,41,,,0,98,,1579011,41,,,0,96,,1579012,41,,,0,99,,1579013,41,,,0,99,,1579014,41,,,0,98,,1579015,41,,,0,99,,1579016,41,,,0
9402,'20261006',624,,1525745,41,,,0,101,,1525747,41,,,0,33,,1525762,41,,,0,73,,1525763,41,,,0,28,,1525761,41,,,0,71,,1525746,41,,,0,99,,1525764,41,,,0,100,,1525748,41,,,0,100,,1525749,41,,,0,99,,1525750,41,,,0,100,,1525751,41,,,0,102,,1525752,41,,,0,104,,1525753,41,,,0,99,,1525754,41,,,0,98,,1525755,41,,,0,96,,1525756,41,,,0,99,,1525757,41,,,0,99,,1525758,41,,,0,98,,1525759,41,,,0,99,,1525760,41,,,0
9402,'20261007',624,,1525765,41,,,0,101,,1525767,41,,,0,33,,1525782,41,,,0,73,,1525783,41,,,0,28,,1525781,41,,,0,71,,1525766,41,,,0,99,,1525784,41,,,0,100,,1525768,41,,,0,100,,1525769,41,,,0,99,,1525770,41,,,0,100,,1525771,41,,,0,102,,1525772,41,,,0,104,,1525773,41,,,0,99,,1525774,41,,,0,98,,1525775,41,,,0,96,,1525776,41,,,0,99,,1525777,41,,,0,99,,1525778,41,,,0,98,,1525779,41,,,0,99,,1525780,41,,,0
9402,'20261008',624,,1525785,41,,,0,101,,1525787,41,,,0,33,,1525802,41,,,0,73,,1525803,41,,,0,28,,1525801,41,,,0,71,,1525786,41,,,0,99,,1525804,41,,,0,100,,1525788,41,,,0,100,,1525789,41,,,0,99,,1525790,41,,,0,100,,1525791,41,,,0,102,,1525792,41,,,0,104,,1525793,41,,,0,99,,1525794,41,,,0,98,,1525795,41,,,0,96,,1525796,41,,,0,99,,1525797,41,,,0,99,,1525798,41,,,0,98,,1525799,41,,,0,99,,1525800,41,,,0
9402,'20261009',624,,1525805,41,,,0,101,,1525807,41,,,0,33,,1525822,41,,,0,73,,1525823,41,,,0,28,,1525821,41,,,0,71,,1525806,41,,,0,99,,1525824,41,,,0,100,,1525808,41,,,0,100,,1525809,41,,,0,99,,1525810,41,,,0,100,,1525811,41,,,0,102,,1525812,41,,,0,104,,1525813,41,,,0,99,,1525814,41,,,0,98,,1525815,41,,,0,96,,1525816,41,,,0,99,,1525817,41,,,0,99,,1525818,41,,,0,98,,1525819,41,,,0,99,,1525820,41,,,0
9402,'20261010',616,,1552198,41,,,0,101,,1552181,41,,,0,101,,1552182,41,,,0,100,,1552183,41,,,0,103,,1552184,41,,,0,101,,1552185,41,,,0,101,,1552186,41,,,0,100,,1552187,41,,,0,100,,1552188,41,,,0,100,,1552189,41,,,0,100,,1552190,41,,,0,100,,1552191,41,,,0,98,,1552192,41,,,0,99,,1552193,41,,,0,99,,1552194,41,,,0,99,,1552195,41,,,0,99,,1552196,41,,,0,99,,1552197,41,,,0
9402,'20261011',616,,1552216,41,,,0,101,,1552199,41,,,0,101,,1552200,41,,,0,100,,1552201,41,,,0,103,,1552202,41,,,0,101,,1552203,41,,,0,101,,1552204,41,,,0,100,,1552205,41,,,0,100,,1552206,41,,,0,100,,1552207,41,,,0,100,,1552208,41,,,0,100,,1552209,41,,,0,98,,1552210,41,,,0,99,,1552211,41,,,0,99,,1552212,41,,,0,99,,1552213,41,,,0,99,,1552214,41,,,0,99,,1552215,41,,,0
9402,'20261012',616,,1552234,41,,,0,101,,1552217,41,,,0,101,,1552218,41,,,0,100,,1552219,41,,,0,103,,1552220,41,,,0,101,,1552221,41,,,0,101,,1552222,41,,,0,100,,1552223,41,,,0,100,,1552224,41,,,0,100,,1552225,41,,,0,100,,1552226,41,,,0,100,,1552227,41,,,0,98,,1552228,41,,,0,99,,1552229,41,,,0,99,,1552230,41,,,0,99,,1552231,41,,,0,99,,1552232,41,,,0,99,,1552233,41,,,0
9402,'20261013',624,,1579017,41,,,0,101,,1579019,41,,,0,33,,1579034,41,,,0,73,,1579035,41,,,0,28,,1579033,41,,,0,71,,1579018,41,,,0,99,,1579036,41,,,0,100,,1579020,41,,,0,100,,1579021,41,,,0,99,,1579022,41,,,0,100,,1579023,41,,,0,102,,1579024,41,,,0,104,,1579025,41,,,0,99,,1579026,41,,,0,98,,1579027,41,,,0,96,,1579028,41,,,0,99,,1579029,41,,,0,99,,1579030,41,,,0,98,,1579031,41,,,0,99,,1579032,41,,,0
9402,'20261014',624,,1579037,41,,,0,101,,1579039,41,,,0,33,,1579054,41,,,0,73,,1579055,41,,,0,28,,1579053,41,,,0,71,,1579038,41,,,0,99,,1579056,41,,,0,100,,1579040,41,,,0,100,,1579041,41,,,0,99,,1579042,41,,,0,100,,1579043,41,,,0,102,,1579044,41,,,0,104,,1579045,41,,,0,99,,1579046,41,,,0,98,,1579047,41,,,0,96,,1579048,41,,,0,99,,1579049,41,,,0,99,,1579050,41,,,0,98,,1579051,41,,,0,99,,1579052,41,,,0
9402,'20261015',624,,1579057,41,,,0,101,,1579059,41,,,0,33,,1579074,41,,,0,73,,1579075,41,,,0,28,,1579073,41,,,0,71,,1579058,41,,,0,99,,1579076,41,,,0,100,,1579060,41,,,0,100,,1579061,41,,,0,99,,1579062,41,,,0,100,,1579063,41,,,0,102,,1579064,41,,,0,104,,1579065,41,,,0,99,,1579066,41,,,0,98,,1579067,41,,,0,96,,1579068,41,,,0,99,,1579069,41,,,0,99,,1579070,41,,,0,98,,1579071,41,,,0,99,,1579072,41,,,0
9402,'20261016',624,,1579077,41,,,0,101,,1579079,41,,,0,33,,1579094,41,,,0,73,,1579095,41,,,0,28,,1579093,41,,,0,71,,1579078,41,,,0,99,,1579096,41,,,0,100,,1579080,41,,,0,100,,1579081,41,,,0,99,,1579082,41,,,0,100,,1579083,41,,,0,102,,1579084,41,,,0,104,,1579085,41,,,0,99,,1579086,41,,,0,98,,1579087,41,,,0,96,,1579088,41,,,0,99,,1579089,41,,,0,99,,1579090,41,,,0,98,,1579091,41,,,0,99,,1579092,41,,,0
33001,'20261002',645,,1581288,23,4,,0,61,,1581289,23,4,,0,10,,1581290,23,4,,0,16,,1581291,23,4,,0,15,,1581292,23,4,,0,57,,1581293,23,4,,0,25,,1581294,23,4,,0,30,,1581295,23,4,,0,55,,1581296,23,4,,0,17,,1581287,23,4,,0,2,,1581297,23,4,,0,100,,1581298,23,4,,0,93,,1581299,23,4,,0,100,,1581300,23,4,,0
33001,'20261005',645,,1581302,23,4,,0,61,,1581303,23,4,,0,10,,1581304,23,4,,0,16,,1581305,23,4,,0,15,,1581306,23,4,,0,57,,1581307,23,4,,0,25,,1581308,23,4,,0,30,,1581309,23,4,,0,55,,1581310,23,4,,0,17,,1581301,23,4,,0,2,,1581311,23,4,,0,100,,1581312,23,4,,0,93,,1581313,23,4,,0,100,,1581314,23,4,,0
33001,'20261006',645,,1528043,23,4,,0,61,,1528039,23,4,,0,10,,1528040,23,4,,0,16,,1528051,23,4,,0,15,,1528044,23,4,,0,57,,1528045,23,4,,0,25,,1528046,23,4,,0,30,,1528047,23,4,,0,55,,1528041,23,4,,0,19,,1528048,23,4,,0,100,,1528049,23,4,,0,93,,1528042,23,4,,0,100,,1528050,23,4,,0
33001,'20261007',645,,1528056,23,4,,0,61,,1528052,23,4,,0,10,,1528053,23,4,,0,16,,1528064,23,4,,0,15,,1528057,23,4,,0,57,,1528058,23,4,,0,25,,1528059,23,4,,0,30,,1528060,23,4,,0,55,,1528054,23,4,,0,19,,1528061,23,4,,0,100,,1528062,23,4,,0,93,,1528055,23,4,,0,100,,1528063,23,4,,0
33001,'20261008',645,,1528069,23,4,,0,61,,1528065,23,4,,0,10,,1528066,23,4,,0,16,,1528077,23,4,,0,15,,1528070,23,4,,0,57,,1528071,23,4,,0,25,,1528072,23,4,,0,30,,1528073,23,4,,0,55,,1528067,23,4,,0,19,,1528074,23,4,,0,100,,1528075,23,4,,0,93,,1528068,23,4,,0,100,,1528076,23,4,,0
33001,'20261009',645,,1528082,23,4,,0,61,,1528078,23,4,,0,10,,1528079,23,4,,0,16,,1528090,23,4,,0,15,,1528083,23,4,,0,57,,1528084,23,4,,0,25,,1528085,23,4,,0,30,,1528086,23,4,,0,55,,1528080,23,4,,0,19,,1528087,23,4,,0,100,,1528088,23,4,,0,93,,1528081,23,4,,0,100,,1528089,23,4,,0
33001,'20261013',645,,1581319,23,4,,0,61,,1581315,23,4,,0,10,,1581316,23,4,,0,16,,1581327,23,4,,0,15,,1581320,23,4,,0,57,,1581321,23,4,,0,25,,1581322,23,4,,0,30,,1581323,23,4,,0,55,,1581317,23,4,,0,19,,1581324,23,4,,0,100,,1581325,23,4,,0,93,,1581318,23,4,,0,100,,1581326,23,4,,0
33001,'20261014',645,,1581332,23,4,,0,61,,1581328,23,4,,0,10,,1581329,23,4,,0,16,,1581340,23,4,,0,15,,1581333,23,4,,0,57,,1581334,23,4,,0,25,,1581335,23,4,,0,30,,1581336,23,4,,0,55,,1581330,23,4,,0,19,,1581337,23,4,,0,100,,1581338,23,4,,0,93,,1581331,23,4,,0,100,,1581339,23,4,,0
33001,'20261015',645,,1581345,23,4,,0,61,,1581341,23,4,,0,10,,1581342,23,4,,0,16,,1581353,23,4,,0,15,,1581346,23,4,,0,57,,1581347,23,4,,0,25,,1581348,23,4,,0,30,,1581349,23,4,,0,55,,1581343,23,4,,0,19,,1581350,23,4,,0,100,,1581351,23,4,,0,93,,1581344,23,4,,0,100,,1581352,23,4,,0
33001,'20261016',645,,1581358,23,4,,0,61,,1581354,23,4,,0,10,,1581355,23,4,,0,16,,1581366,23,4,,0,15,,1581359,23,4,,0,57,,1581360,23,4,,0,25,,1581361,23,4,,0,30,,1581362,23,4,,0,55,,1581356,23,4,,0,19,,1581363,23,4,,0,100,,1581364,23,4,,0,93,,1581357,23,4,,0,100,,1581365,23,4,,0
33101,'20261002',703,,1581385,2,4,,0,23,,1581386,2,4,,0,32,,1581387,2,4,,0
33101,'20261005',703,,1581388,2,4,,0,23,,1581389,2,4,,0,32,,1581390,2,4,,0
33101,'20261006',703,,1528115,2,4,,0,23,,1528116,2,4,,0,32,,1528117,2,4,,0
33101,'20261007',703,,1528118,2,4,,0,23,,1528119,2,4,,0,32,,1528120,2,4,,0
33101,'20261008',703,,1528121,2,4,,0,23,,1528122,2,4,,0,32,,1528123,2,4,,0
33101,'20261009',703,,1528124,2,4,,0,23,,1528125,2,4,,0,32,,1528126,2,4,,0
33101,'20261013',703,,1581391,2,4,,0,23,,1581392,2,4,,0,32,,1581393,2,4,,0
33101,'20261014',703,,1581394,2,4,,0,23,,1581395,2,4,,0,32,,1581396,2,4,,0
33101,'20261015',703,,1581397,2,4,,0,23,,1581398,2,4,,0,32,,1581399,2,4,,0
33101,'20261016',703,,1581400,2,4,,0,23,,1581401,2,4,,0,32,,1581402,2,4,,0
33601,'20261002',727,,1581421,47,4,,0,22,,1581422,47,4,,0
33601,'20261005',727,,1581423,47,4,,0,22,,1581424,47,4,,0
33601,'20261006',727,,1528149,47,4,,0,22,,1528150,47,4,,0
33601,'20261007',727,,1528151,47,4,,0,22,,1528152,47,4,,0
33601,'20261008',727,,1528153,47,4,,0,22,,1528154,47,4,,0
33601,'20261009',727,,1528155,47,4,,0,22,,1528156,47,4,,0
33601,'20261013',727,,1581425,47,4,,0,22,,1581426,47,4,,0
33601,'20261014',727,,1581427,47,4,,0,22,,1581428,47,4,,0
33601,'20261015',727,,1581429,47,4,,0,22,,1581430,47,4,,0
33601,'20261016',727,,1581431,47,4,,0,22,,1581432,47,4,,0
33701,'20261002',702,,1581463,25,4,,0,9,,1581464,25,4,,0,12,,1581465,25,4,,0,35,,1581466,25,4,,0,72,,1581467,25,4,,0,99,,1581468,25,4,,0,201,,1581469,25,4,,0
33701,'20261005',702,,1581470,25,4,,0,9,,1581471,25,4,,0,12,,1581472,25,4,,0,35,,1581473,25,4,,0,72,,1581474,25,4,,0,99,,1581475,25,4,,0,201,,1581476,25,4,,0
33701,'20261006',702,,1528201,25,4,,0,9,,1528205,25,4,,0,12,,1528202,25,4,,0,35,,1528206,25,4,,0,72,,1528207,25,4,,0,99,,1528203,25,4,,0,201,,1528204,25,4,,0
33701,'20261007',702,,1528208,25,4,,0,9,,1528212,25,4,,0,12,,1528209,25,4,,0,35,,1528213,25,4,,0,72,,1528214,25,4,,0,99,,1528210,25,4,,0,201,,1528211,25,4,,0
33701,'20261008',702,,1528215,25,4,,0,9,,1528219,25,4,,0,12,,1528216,25,4,,0,35,,1528220,25,4,,0,72,,1528221,25,4,,0,99,,1528217,25,4,,0,201,,1528218,25,4,,0
33701,'20261009',702,,1528222,25,4,,0,9,,1528226,25,4,,0,12,,1528223,25,4,,0,35,,1528227,25,4,,0,72,,1528228,25,4,,0,99,,1528224,25,4,,0,201,,1528225,25,4,,0
33701,'20261013',702,,1581477,25,4,,0,9,,1581481,25,4,,0,12,,1581478,25,4,,0,35,,1581482,25,4,,0,72,,1581483,25,4,,0,99,,1581479,25,4,,0,201,,1581480,25,4,,0
33701,'20261014',702,,1581484,25,4,,0,9,,1581488,25,4,,0,12,,1581485,25,4,,0,35,,1581489,25,4,,0,72,,1581490,25,4,,0,99,,1581486,25,4,,0,201,,1581487,25,4,,0
33701,'20261015',702,,1581491,25,4,,0,9,,1581495,25,4,,0,12,,1581492,25,4,,0,35,,1581496,25,4,,0,72,,1581497,25,4,,0,99,,1581493,25,4,,0,201,,1581494,25,4,,0
33701,'20261016',702,,1581498,25,4,,0,9,,1581502,25,4,,0,12,,1581499,25,4,,0,35,,1581503,25,4,,0,72,,1581504,25,4,,0,99,,1581500,25,4,,0,201,,1581501,25,4,,0
33801,'20261002',701,,1581529,33,4,,0,16,,1581530,33,4,,0,41,,1581531,33,4,,0,375,,1581532,33,4,,0
33801,'20261005',701,,1581533,33,4,,0,16,,1581534,33,4,,0,41,,1581535,33,4,,0,375,,1581536,33,4,,0
33801,'20261006',701,,1528261,33,4,,0,16,,1528262,33,4,,0,41,,1528263,33,4,,0,375,,1528264,33,4,,0
33801,'20261007',701,,1528265,33,4,,0,16,,1528266,33,4,,0,41,,1528267,33,4,,0,375,,1528268,33,4,,0
33801,'20261008',701,,1528269,33,4,,0,16,,1528270,33,4,,0,41,,1528271,33,4,,0,375,,1528272,33,4,,0
33801,'20261009',701,,1528273,33,4,,0,16,,1528274,33,4,,0,41,,1528275,33,4,,0,375,,1528276,33,4,,0
33801,'20261013',701,,1581537,33,4,,0,16,,1581538,33,4,,0,41,,1581539,33,4,,0,375,,1581540,33,4,,0
33801,'20261014',701,,1581541,33,4,,0,16,,1581542,33,4,,0,41,,1581543,33,4,,0,375,,1581544,33,4,,0
33801,'20261015',701,,1581545,33,4,,0,16,,1581546,33,4,,0,41,,1581547,33,4,,0,375,,1581548,33,4,,0
33801,'20261016',701,,1581549,33,4,,0,16,,1581550,33,4,,0,41,,1581551,33,4,,0,375,,1581552,33,4,,0
35001,'20261002',659,,1581584,42,4,,0,58,,1581585,42,4,,0,41,,1581586,42,4,,0,74,,1581587,42,4,,0,104,,1581588,42,4,,0,200,,1581589,42,4,,0
35001,'20261005',659,,1581590,42,4,,0,58,,1581591,42,4,,0,41,,1581592,42,4,,0,74,,1581593,42,4,,0,104,,1581594,42,4,,0,200,,1581595,42,4,,0
35001,'20261006',659,,1528319,42,4,,0,58,,1528320,42,4,,0,41,,1528323,42,4,,0,74,,1528324,42,4,,0,104,,1528321,42,4,,0,200,,1528322,42,4,,0
35001,'20261007',659,,1528325,42,4,,0,58,,1528326,42,4,,0,41,,1528329,42,4,,0,74,,1528330,42,4,,0,104,,1528327,42,4,,0,200,,1528328,42,4,,0
35001,'20261008',659,,1528331,42,4,,0,58,,1528332,42,4,,0,41,,1528335,42,4,,0,74,,1528336,42,4,,0,104,,1528333,42,4,,0,200,,1528334,42,4,,0
35001,'20261009',659,,1528337,42,4,,0,58,,1528338,42,4,,0,41,,1528341,42,4,,0,74,,1528342,42,4,,0,104,,1528339,42,4,,0,200,,1528340,42,4,,0
35001,'20261013',659,,1581596,42,4,,0,58,,1581597,42,4,,0,41,,1581600,42,4,,0,74,,1581601,42,4,,0,104,,1581598,42,4,,0,200,,1581599,42,4,,0
35001,'20261014',659,,1581602,42,4,,0,58,,1581603,42,4,,0,41,,1581606,42,4,,0,74,,1581607,42,4,,0,104,,1581604,42,4,,0,200,,1581605,42,4,,0
35001,'20261015',659,,1581608,42,4,,0,58,,1581609,42,4,,0,41,,1581612,42,4,,0,74,,1581613,42,4,,0,104,,1581610,42,4,,0,200,,1581611,42,4,,0
35001,'20261016',659,,1581614,42,4,,0,58,,1581615,42,4,,0,41,,1581618,42,4,,0,74,,1581619,42,4,,0,104,,1581616,42,4,,0,200,,1581617,42,4,,0
35401,'20261002',732,,1581638,29,4,,0,401,,1581639,29,4,,0
35401,'20261005',732,,1581640,29,4,,0,401,,1581641,29,4,,0
35401,'20261006',732,,1528365,29,4,,0,401,,1528366,29,4,,0
35401,'20261007',732,,1528367,29,4,,0,401,,1528368,29,4,,0
35401,'20261008',732,,1528369,29,4,,0,401,,1528370,29,4,,0
35401,'20261009',732,,1528371,29,4,,0,401,,1528372,29,4,,0
35401,'20261013',732,,1581642,29,4,,0,401,,1581643,29,4,,0
35401,'20261014',732,,1581644,29,4,,0,401,,1581645,29,4,,0
35401,'20261015',732,,1581646,29,4,,0,401,,1581647,29,4,,0
35401,'20261016',732,,1581648,29,4,,0,401,,1581649,29,4,,0
35501,'20261002',728,,1581668,31,4,,0,206,,1581669,31,4,,0
35501,'20261005',728,,1581670,31,4,,0,206,,1581671,31,4,,0
35501,'20261006',728,,1528395,31,4,,0,206,,1528396,31,4,,0
35501,'20261007',728,,1528397,31,4,,0,206,,1528398,31,4,,0
35501,'20261008',728,,1528399,31,4,,0,206,,1528400,31,4,,0
35501,'20261009',728,,1528401,31,4,,0,206,,1528402,31,4,,0
35501,'20261013',728,,1581672,31,4,,0,206,,1581673,31,4,,0
35501,'20261014',728,,1581674,31,4,,0,206,,1581675,31,4,,0
35501,'20261015',728,,1581676,31,4,,0,206,,1581677,31,4,,0
35501,'20261016',728,,1581678,31,4,,0,206,,1581679,31,4,,0
35801,'20261002',729,,1581698,37,4,,0,30,,1581699,37,4,,0
35801,'20261005',729,,1581700,37,4,,0,30,,1581701,37,4,,0
35801,'20261006',729,,1528425,37,4,,0,30,,1528426,37,4,,0
35801,'20261007',729,,1528427,37,4,,0,30,,1528428,37,4,,0
35801,'20261008',729,,1528429,37,4,,0,30,,1528430,37,4,,0
35801,'20261009',729,,1528431,37,4,,0,30,,1528432,37,4,,0
35801,'20261013',729,,1581702,37,4,,0,30,,1581703,37,4,,0
35801,'20261014',729,,1581704,37,4,,0,30,,1581705,37,4,,0
35801,'20261015',729,,1581706,37,4,,0,30,,1581707,37,4,,0
35801,'20261016',729,,1581708,37,4,,0,30,,1581709,37,4,,0
37001,'20261002',702,,1581743,41,4,,0,10,,1581744,41,4,,0,11,,1581745,41,4,,0,13,,1581741,22,4,,0,2,,1581746,41,4,,0,65,,1581747,41,4,,0,133,,1581742,22,4,,0,2,,1581748,41,4,,0,200,,1581749,41,4,,0
37001,'20261005',702,,1581752,41,4,,0,10,,1581753,41,4,,0,11,,1581754,41,4,,0,13,,1581750,22,4,,0,2,,1581755,41,4,,0,65,,1581756,41,4,,0,133,,1581751,22,4,,0,2,,1581757,41,4,,0,200,,1581758,41,4,,0
37001,'20261006',702,,1528483,41,4,,0,10,,1528484,41,4,,0,11,,1528485,41,4,,0,15,,1528486,41,4,,0,65,,1528487,41,4,,0,133,,1528490,22,4,,0,2,,1528488,41,4,,0,200,,1528489,41,4,,0
37001,'20261007',702,,1528491,41,4,,0,10,,1528492,41,4,,0,11,,1528493,41,4,,0,15,,1528494,41,4,,0,65,,1528495,41,4,,0,133,,1528498,22,4,,0,2,,1528496,41,4,,0,200,,1528497,41,4,,0
37001,'20261008',702,,1528499,41,4,,0,10,,1528500,41,4,,0,11,,1528501,41,4,,0,15,,1528502,41,4,,0,65,,1528503,41,4,,0,133,,1528506,22,4,,0,2,,1528504,41,4,,0,200,,1528505,41,4,,0
37001,'20261009',702,,1528507,41,4,,0,10,,1528508,41,4,,0,11,,1528509,41,4,,0,15,,1528510,41,4,,0,65,,1528511,41,4,,0,133,,1528514,22,4,,0,2,,1528512,41,4,,0,200,,1528513,41,4,,0
37001,'20261013',702,,1581759,41,4,,0,10,,1581760,41,4,,0,11,,1581761,41,4,,0,15,,1581762,41,4,,0,65,,1581763,41,4,,0,133,,1581766,22,4,,0,2,,1581764,41,4,,0,200,,1581765,41,4,,0
37001,'20261014',702,,1581767,41,4,,0,10,,1581768,41,4,,0,11,,1581769,41,4,,0,15,,1581770,41,4,,0,65,,1581771,41,4,,0,133,,1581774,22,4,,0,2,,1581772,41,4,,0,200,,1581773,41,4,,0
37001,'20261015',702,,1581775,41,4,,0,10,,1581776,41,4,,0,11,,1581777,41,4,,0,15,,1581778,41,4,,0,65,,1581779,41,4,,0,133,,1581782,22,4,,0,2,,1581780,41,4,,0,200,,1581781,41,4,,0
37001,'20261016',702,,1581783,41,4,,0,10,,1581784,41,4,,0,11,,1581785,41,4,,0,15,,1581786,41,4,,0,65,,1581787,41,4,,0,133,,1581790,22,4,,0,2,,1581788,41,4,,0,200,,1581789,41,4,,0
37201,'20261002',655,,1581815,68,4,,0,67,,1581816,68,4,,0,37,,1581817,68,4,,0,172,,1581818,68,4,,0,200,,1581819,68,4,,0
37201,'20261005',655,,1581820,68,4,,0,67,,1581821,68,4,,0,37,,1581822,68,4,,0,172,,1581823,68,4,,0,200,,1581824,68,4,,0
37201,'20261006',655,,1528550,68,4,,0,67,,1528549,68,4,,0,37,,1528553,68,4,,0,172,,1528551,68,4,,0,200,,1528552,68,4,,0
37201,'20261007',655,,1528555,68,4,,0,67,,1528554,68,4,,0,37,,1528558,68,4,,0,172,,1528556,68,4,,0,200,,1528557,68,4,,0
37201,'20261008',655,,1528560,68,4,,0,67,,1528559,68,4,,0,37,,1528563,68,4,,0,172,,1528561,68,4,,0,200,,1528562,68,4,,0
37201,'20261009',655,,1528565,68,4,,0,67,,1528564,68,4,,0,37,,1528568,68,4,,0,172,,1528566,68,4,,0,200,,1528567,68,4,,0
37201,'20261013',655,,1581826,68,4,,0,67,,1581825,68,4,,0,37,,1581829,68,4,,0,172,,1581827,68,4,,0,200,,1581828,68,4,,0
37201,'20261014',655,,1581831,68,4,,0,67,,1581830,68,4,,0,37,,1581834,68,4,,0,172,,1581832,68,4,,0,200,,1581833,68,4,,0
37201,'20261015',655,,1581836,68,4,,0,67,,1581835,68,4,,0,37,,1581839,68,4,,0,172,,1581837,68,4,,0,200,,1581838,68,4,,0
37201,'20261016',655,,1581841,68,4,,0,67,,1581840,68,4,,0,37,,1581844,68,4,,0,172,,1581842,68,4,,0,200,,1581843,68,4,,0
37401,'20261002',724,,1581863,37,4,,0,88,,1581864,37,4,,0,125,,1581865,37,4,,0
37401,'20261005',724,,1581866,37,4,,0,88,,1581867,37,4,,0,125,,1581868,37,4,,0
37401,'20261006',724,,1528593,37,4,,0,88,,1528594,37,4,,0,125,,1528595,37,4,,0
37401,'20261007',724,,1528596,37,4,,0,88,,1528597,37,4,,0,125,,1528598,37,4,,0
37401,'20261008',724,,1528599,37,4,,0,88,,1528600,37,4,,0,125,,1528601,37,4,,0
37401,'20261009',724,,1528602,37,4,,0,88,,1528603,37,4,,0,125,,1528604,37,4,,0
37401,'20261013',724,,1581869,37,4,,0,88,,1581870,37,4,,0,125,,1581871,37,4,,0
37401,'20261014',724,,1581872,37,4,,0,88,,1581873,37,4,,0,125,,1581874,37,4,,0
37401,'20261015',724,,1581875,37,4,,0,88,,1581876,37,4,,0,125,,1581877,37,4,,0
37401,'20261016',724,,1581878,37,4,,0,88,,1581879,37,4,,0,125,,1581880,37,4,,0
38001,'20261002',720,,1581905,52,4,,0,16,,1581906,52,4,,0,66,,1581907,52,4,,0,329,,1581908,52,4,,0
38001,'20261005',720,,1581909,52,4,,0,16,,1581910,52,4,,0,66,,1581911,52,4,,0,329,,1581912,52,4,,0
38001,'20261006',720,,1528637,52,4,,0,16,,1528639,52,4,,0,66,,1528638,52,4,,0,329,,1528640,52,4,,0
38001,'20261007',720,,1528641,52,4,,0,16,,1528643,52,4,,0,66,,1528642,52,4,,0,329,,1528644,52,4,,0
38001,'20261008',720,,1528645,52,4,,0,16,,1528647,52,4,,0,66,,1528646,52,4,,0,329,,1528648,52,4,,0
38001,'20261009',720,,1528649,52,4,,0,16,,1528651,52,4,,0,66,,1528650,52,4,,0,329,,1528652,52,4,,0
38001,'20261013',720,,1581913,52,4,,0,16,,1581915,52,4,,0,66,,1581914,52,4,,0,329,,1581916,52,4,,0
38001,'20261014',720,,1581917,52,4,,0,16,,1581919,52,4,,0,66,,1581918,52,4,,0,329,,1581920,52,4,,0
38001,'20261015',720,,1581921,52,4,,0,16,,1581923,52,4,,0,66,,1581922,52,4,,0,329,,1581924,52,4,,0
38001,'20261016',720,,1581925,52,4,,0,16,,1581927,52,4,,0,66,,1581926,52,4,,0,329,,1581928,52,4,,0
38101,'20261002',657,,1581953,36,4,,0,74,,1581954,36,4,,0,10,,1581955,36,4,,0,14,,1581956,36,4,,0,184,,1581957,36,4,,0
38101,'20261005',657,,1581958,36,4,,0,74,,1581959,36,4,,0,10,,1581960,36,4,,0,14,,1581961,36,4,,0,184,,1581962,36,4,,0
38101,'20261006',657,,1528689,36,4,,0,74,,1528687,36,4,,0,10,,1528691,36,4,,0,14,,1528690,36,4,,0,184,,1528688,36,4,,0
38101,'20261007',657,,1528694,36,4,,0,74,,1528692,36,4,,0,10,,1528696,36,4,,0,14,,1528695,36,4,,0,184,,1528693,36,4,,0
38101,'20261008',657,,1528699,36,4,,0,74,,1528697,36,4,,0,10,,1528701,36,4,,0,14,,1528700,36,4,,0,184,,1528698,36,4,,0
38101,'20261009',657,,1528704,36,4,,0,74,,1528702,36,4,,0,10,,1528706,36,4,,0,14,,1528705,36,4,,0,184,,1528703,36,4,,0
38101,'20261013',657,,1581965,36,4,,0,74,,1581963,36,4,,0,10,,1581967,36,4,,0,14,,1581966,36,4,,0,184,,1581964,36,4,,0
38101,'20261014',657,,1581970,36,4,,0,74,,1581968,36,4,,0,10,,1581972,36,4,,0,14,,1581971,36,4,,0,184,,1581969,36,4,,0
38101,'20261015',657,,1581975,36,4,,0,74,,1581973,36,4,,0,10,,1581977,36,4,,0,14,,1581976,36,4,,0,184,,1581974,36,4,,0
38101,'20261016',657,,1581980,36,4,,0,74,,1581978,36,4,,0,10,,1581982,36,4,,0,14,,1581981,36,4,,0,184,,1581979,36,4,,0
38201,'20261002',649,,1582008,53,4,,0,52,,1582009,53,4,,0,14,,1582010,53,4,,0,15,,1582011,53,4,,0,28,,1582012,53,4,,0,171,,1582007,53,4,,0,2,,1582013,53,4,,0,200,,1582014,53,4,,0
38201,'20261005',649,,1582016,53,4,,0,52,,1582017,53,4,,0,14,,1582018,53,4,,0,15,,1582019,53,4,,0,28,,1582020,53,4,,0,171,,1582015,53,4,,0,2,,1582021,53,4,,0,200,,1582022,53,4,,0
38201,'20261006',649,,1528748,53,4,,0,52,,1528752,53,4,,0,14,,1528751,53,4,,0,15,,1528749,53,4,,0,28,,1528753,53,4,,0,173,,1528750,53,4,,0,200,,1528747,53,4,,0
38201,'20261007',649,,1528755,53,4,,0,52,,1528759,53,4,,0,14,,1528758,53,4,,0,15,,1528756,53,4,,0,28,,1528760,53,4,,0,173,,1528757,53,4,,0,200,,1528754,53,4,,0
38201,'20261008',649,,1528762,53,4,,0,52,,1528766,53,4,,0,14,,1528765,53,4,,0,15,,1528763,53,4,,0,28,,1528767,53,4,,0,173,,1528764,53,4,,0,200,,1528761,53,4,,0
38201,'20261009',649,,1528769,53,4,,0,52,,1528773,53,4,,0,14,,1528772,53,4,,0,15,,1528770,53,4,,0,28,,1528774,53,4,,0,173,,1528771,53,4,,0,200,,1528768,53,4,,0
38201,'20261013',649,,1582024,53,4,,0,52,,1582028,53,4,,0,14,,1582027,53,4,,0,15,,1582025,53,4,,0,28,,1582029,53,4,,0,173,,1582026,53,4,,0,200,,1582023,53,4,,0
38201,'20261014',649,,1582031,53,4,,0,52,,1582035,53,4,,0,14,,1582034,53,4,,0,15,,1582032,53,4,,0,28,,1582036,53,4,,0,173,,1582033,53,4,,0,200,,1582030,53,4,,0
38201,'20261015',649,,1582038,53,4,,0,52,,1582042,53,4,,0,14,,1582041,53,4,,0,15,,1582039,53,4,,0,28,,1582043,53,4,,0,173,,1582040,53,4,,0,200,,1582037,53,4,,0
38201,'20261016',649,,1582045,53,4,,0,52,,1582049,53,4,,0,14,,1582048,53,4,,0,15,,1582046,53,4,,0,28,,1582050,53,4,,0,173,,1582047,53,4,,0,200,,1582044,53,4,,0
38401,'20261002',656,,1582075,60,4,,0,71,,1582076,60,4,,0,32,,1582077,60,4,,0,177,,1582078,60,4,,0
38401,'20261005',656,,1582079,60,4,,0,71,,1582080,60,4,,0,32,,1582081,60,4,,0,177,,1582082,60,4,,0
38401,'20261006',656,,1528809,60,4,,0,71,,1528807,60,4,,0,32,,1528808,60,4,,0,177,,1528810,60,4,,0
38401,'20261007',656,,1528813,60,4,,0,71,,1528811,60,4,,0,32,,1528812,60,4,,0,177,,1528814,60,4,,0
38401,'20261008',656,,1528817,60,4,,0,71,,1528815,60,4,,0,32,,1528816,60,4,,0,177,,1528818,60,4,,0
38401,'20261009',656,,1528821,60,4,,0,71,,1528819,60,4,,0,32,,1528820,60,4,,0,177,,1528822,60,4,,0
38401,'20261013',656,,1582085,60,4,,0,71,,1582083,60,4,,0,32,,1582084,60,4,,0,177,,1582086,60,4,,0
38401,'20261014',656,,1582089,60,4,,0,71,,1582087,60,4,,0,32,,1582088,60,4,,0,177,,1582090,60,4,,0
38401,'20261015',656,,1582093,60,4,,0,71,,1582091,60,4,,0,32,,1582092,60,4,,0,177,,1582094,60,4,,0
38401,'20261016',656,,1582097,60,4,,0,71,,1582095,60,4,,0,32,,1582096,60,4,,0,177,,1582098,60,4,,0
53001,'20261002',654,,1582161,23,4,,0,63,,1582162,23,4,,0,23,,1582163,23,4,,0,16,,1582164,23,4,,0,62,,1582160,23,4,,0,2,,1582165,23,4,,0,90,,1582166,23,4,,0,200,,1582167,23,4,,0
53001,'20261005',654,,1582169,23,4,,0,63,,1582170,23,4,,0,23,,1582171,23,4,,0,16,,1582172,23,4,,0,62,,1582168,23,4,,0,2,,1582173,23,4,,0,90,,1582174,23,4,,0,200,,1582175,23,4,,0
53001,'20261006',654,,1528900,23,4,,0,63,,1528901,23,4,,0,23,,1528904,23,4,,0,16,,1528902,23,4,,0,64,,1528903,23,4,,0,90,,1528905,23,4,,0,200,,1528906,23,4,,0
53001,'20261007',654,,1528907,23,4,,0,63,,1528908,23,4,,0,23,,1528911,23,4,,0,16,,1528909,23,4,,0,64,,1528910,23,4,,0,90,,1528912,23,4,,0,200,,1528913,23,4,,0
53001,'20261008',654,,1528914,23,4,,0,63,,1528915,23,4,,0,23,,1528918,23,4,,0,16,,1528916,23,4,,0,64,,1528917,23,4,,0,90,,1528919,23,4,,0,200,,1528920,23,4,,0
53001,'20261009',654,,1528921,23,4,,0,63,,1528922,23,4,,0,23,,1528925,23,4,,0,16,,1528923,23,4,,0,64,,1528924,23,4,,0,90,,1528926,23,4,,0,200,,1528927,23,4,,0
53001,'20261013',654,,1582176,23,4,,0,63,,1582177,23,4,,0,23,,1582180,23,4,,0,16,,1582178,23,4,,0,64,,1582179,23,4,,0,90,,1582181,23,4,,0,200,,1582182,23,4,,0
53001,'20261014',654,,1582183,23,4,,0,63,,1582184,23,4,,0,23,,1582187,23,4,,0,16,,1582185,23,4,,0,64,,1582186,23,4,,0,90,,1582188,23,4,,0,200,,1582189,23,4,,0
53001,'20261015',654,,1582190,23,4,,0,63,,1582191,23,4,,0,23,,1582194,23,4,,0,16,,1582192,23,4,,0,64,,1582193,23,4,,0,90,,1582195,23,4,,0,200,,1582196,23,4,,0
53001,'20261016',654,,1582197,23,4,,0,63,,1582198,23,4,,0,23,,1582201,23,4,,0,16,,1582199,23,4,,0,64,,1582200,23,4,,0,90,,1582202,23,4,,0,200,,1582203,23,4,,0
53101,'20261002',702,,1582222,2,4,,0,30,,1582223,2,4,,0,76,,1582224,2,4,,0
53101,'20261005',702,,1582225,2,4,,0,30,,1582226,2,4,,0,76,,1582227,2,4,,0
53101,'20261006',702,,1528952,2,4,,0,30,,1528953,2,4,,0,76,,1528954,2,4,,0
53101,'20261007',702,,1528955,2,4,,0,30,,1528956,2,4,,0,76,,1528957,2,4,,0
53101,'20261008',702,,1528958,2,4,,0,30,,1528959,2,4,,0,76,,1528960,2,4,,0
53101,'20261009',702,,1528961,2,4,,0,30,,1528962,2,4,,0,76,,1528963,2,4,,0
53101,'20261013',702,,1582228,2,4,,0,30,,1582229,2,4,,0,76,,1582230,2,4,,0
53101,'20261014',702,,1582231,2,4,,0,30,,1582232,2,4,,0,76,,1582233,2,4,,0
53101,'20261015',702,,1582234,2,4,,0,30,,1582235,2,4,,0,76,,1582236,2,4,,0
53101,'20261016',702,,1582237,2,4,,0,30,,1582238,2,4,,0,76,,1582239,2,4,,0
53601,'20261002',720,,1582258,47,4,,0,31,,1582259,47,4,,0
53601,'20261005',720,,1582260,47,4,,0,31,,1582261,47,4,,0
53601,'20261006',720,,1528986,47,4,,0,31,,1528987,47,4,,0
53601,'20261007',720,,1528988,47,4,,0,31,,1528989,47,4,,0
53601,'20261008',720,,1528990,47,4,,0,31,,1528991,47,4,,0
53601,'20261009',720,,1528992,47,4,,0,31,,1528993,47,4,,0
53601,'20261013',720,,1582262,47,4,,0,31,,1582263,47,4,,0
53601,'20261014',720,,1582264,47,4,,0,31,,1582265,47,4,,0
53601,'20261015',720,,1582266,47,4,,0,31,,1582267,47,4,,0
53601,'20261016',720,,1582268,47,4,,0,31,,1582269,47,4,,0
53701,'20261002',720,,1582294,25,4,,0,37,,1582295,25,4,,0
53701,'20261005',720,,1582296,25,4,,0,37,,1582297,25,4,,0
53701,'20261006',720,,1529022,25,4,,0,37,,1529023,25,4,,0
53701,'20261007',720,,1529024,25,4,,0,37,,1529025,25,4,,0
53701,'20261008',720,,1529026,25,4,,0,37,,1529027,25,4,,0
53701,'20261009',720,,1529028,25,4,,0,37,,1529029,25,4,,0
53701,'20261013',720,,1582298,25,4,,0,37,,1582299,25,4,,0
53701,'20261014',720,,1582300,25,4,,0,37,,1582301,25,4,,0
53701,'20261015',720,,1582302,25,4,,0,37,,1582303,25,4,,0
53701,'20261016',720,,1582304,25,4,,0,37,,1582305,25,4,,0
53801,'20261002',650,,1582324,33,4,,0,77,,1582325,33,4,,0,77,,1582326,33,4,,0
53801,'20261005',650,,1582327,33,4,,0,77,,1582328,33,4,,0,77,,1582329,33,4,,0
53801,'20261006',650,,1529054,33,4,,0,77,,1529055,33,4,,0,77,,1529056,33,4,,0
53801,'20261007',650,,1529057,33,4,,0,77,,1529058,33,4,,0,77,,1529059,33,4,,0
53801,'20261008',650,,1529060,33,4,,0,77,,1529061,33,4,,0,77,,1529062,33,4,,0
53801,'20261009',650,,1529063,33,4,,0,77,,1529064,33,4,,0,77,,1529065,33,4,,0
53801,'20261013',650,,1582330,33,4,,0,77,,1582331,33,4,,0,77,,1582332,33,4,,0
53801,'20261014',650,,1582333,33,4,,0,77,,1582334,33,4,,0,77,,1582335,33,4,,0
53801,'20261015',650,,1582336,33,4,,0,77,,1582337,33,4,,0,77,,1582338,33,4,,0
53801,'20261016',650,,1582339,33,4,,0,77,,1582340,33,4,,0,77,,1582341,33,4,,0
55001,'20261002',646,,1582372,42,4,,0,68,,1582373,42,4,,0,32,,1582374,42,4,,0,106,,1582375,42,4,,0
55001,'20261005',646,,1582376,42,4,,0,68,,1582377,42,4,,0,32,,1582378,42,4,,0,106,,1582379,42,4,,0
55001,'20261006',646,,1529105,42,4,,0,68,,1529104,42,4,,0,32,,1529106,42,4,,0,106,,1529107,42,4,,0
55001,'20261007',646,,1529109,42,4,,0,68,,1529108,42,4,,0,32,,1529110,42,4,,0,106,,1529111,42,4,,0
55001,'20261008',646,,1529113,42,4,,0,68,,1529112,42,4,,0,32,,1529114,42,4,,0,106,,1529115,42,4,,0
55001,'20261009',646,,1529117,42,4,,0,68,,1529116,42,4,,0,32,,1529118,42,4,,0,106,,1529119,42,4,,0
55001,'20261013',646,,1582381,42,4,,0,68,,1582380,42,4,,0,32,,1582382,42,4,,0,106,,1582383,42,4,,0
55001,'20261014',646,,1582385,42,4,,0,68,,1582384,42,4,,0,32,,1582386,42,4,,0,106,,1582387,42,4,,0
55001,'20261015',646,,1582389,42,4,,0,68,,1582388,42,4,,0,32,,1582390,42,4,,0,106,,1582391,42,4,,0
55001,'20261016',646,,1582393,42,4,,0,68,,1582392,42,4,,0,32,,1582394,42,4,,0,106,,1582395,42,4,,0
55401,'20261002',727,,1582420,29,4,,0,83,,1582421,29,4,,0
55401,'20261005',727,,1582422,29,4,,0,83,,1582423,29,4,,0
55401,'20261006',727,,1529149,29,4,,0,83,,1529148,29,4,,0
55401,'20261007',727,,1529151,29,4,,0,83,,1529150,29,4,,0
55401,'20261008',727,,1529153,29,4,,0,83,,1529152,29,4,,0
55401,'20261009',727,,1529155,29,4,,0,83,,1529154,29,4,,0
55401,'20261013',727,,1582425,29,4,,0,83,,1582424,29,4,,0
55401,'20261014',727,,1582427,29,4,,0,83,,1582426,29,4,,0
55401,'20261015',727,,1582429,29,4,,0,83,,1582428,29,4,,0
55401,'20261016',727,,1582431,29,4,,0,83,,1582430,29,4,,0
55501,'20261002',723,,1582450,31,4,,0,90,,1582451,31,4,,0
55501,'20261005',723,,1582452,31,4,,0,90,,1582453,31,4,,0
55501,'20261006',723,,1529179,31,4,,0,90,,1529178,31,4,,0
55501,'20261007',723,,1529181,31,4,,0,90,,1529180,31,4,,0
55501,'20261008',723,,1529183,31,4,,0,90,,1529182,31,4,,0
55501,'20261009',723,,1529185,31,4,,0,90,,1529184,31,4,,0
55501,'20261013',723,,1582455,31,4,,0,90,,1582454,31,4,,0
55501,'20261014',723,,1582457,31,4,,0,90,,1582456,31,4,,0
55501,'20261015',723,,1582459,31,4,,0,90,,1582458,31,4,,0
55501,'20261016',723,,1582461,31,4,,0,90,,1582460,31,4,,0
55801,'20261002',721,,1582480,37,4,,0,92,,1582481,37,4,,0
55801,'20261005',721,,1582482,37,4,,0,92,,1582483,37,4,,0
55801,'20261006',721,,1529208,37,4,,0,92,,1529209,37,4,,0
55801,'20261007',721,,1529210,37,4,,0,92,,1529211,37,4,,0
55801,'20261008',721,,1529212,37,4,,0,92,,1529213,37,4,,0
55801,'20261009',721,,1529214,37,4,,0,92,,1529215,37,4,,0
55801,'20261013',721,,1582484,37,4,,0,92,,1582485,37,4,,0
55801,'20261014',721,,1582486,37,4,,0,92,,1582487,37,4,,0
55801,'20261015',721,,1582488,37,4,,0,92,,1582489,37,4,,0
55801,'20261016',721,,1582490,37,4,,0,92,,1582491,37,4,,0
57001,'20261002',653,,1582522,41,4,,0,70,,1582523,41,4,,0,29,,1582524,41,4,,0
57001,'20261005',653,,1582525,41,4,,0,70,,1582526,41,4,,0,29,,1582527,41,4,,0
57001,'20261006',653,,1529252,41,4,,0,70,,1529253,41,4,,0,29,,1529254,41,4,,0
57001,'20261007',653,,1529255,41,4,,0,70,,1529256,41,4,,0,29,,1529257,41,4,,0
57001,'20261008',653,,1529258,41,4,,0,70,,1529259,41,4,,0,29,,1529260,41,4,,0
57001,'20261009',653,,1529261,41,4,,0,70,,1529262,41,4,,0,29,,1529263,41,4,,0
57001,'20261013',653,,1582528,41,4,,0,70,,1582529,41,4,,0,29,,1582530,41,4,,0
57001,'20261014',653,,1582531,41,4,,0,70,,1582532,41,4,,0,29,,1582533,41,4,,0
57001,'20261015',653,,1582534,41,4,,0,70,,1582535,41,4,,0,29,,1582536,41,4,,0
57001,'20261016',653,,1582537,41,4,,0,70,,1582538,41,4,,0,29,,1582539,41,4,,0
57201,'20261002',658,,1582564,68,4,,0,59,,1582565,68,4,,0,39,,1582566,68,4,,0
57201,'20261005',658,,1582567,68,4,,0,59,,1582568,68,4,,0,39,,1582569,68,4,,0
57201,'20261006',658,,1529294,68,4,,0,59,,1529295,68,4,,0,39,,1529296,68,4,,0
57201,'20261007',658,,1529297,68,4,,0,59,,1529298,68,4,,0,39,,1529299,68,4,,0
57201,'20261008',658,,1529300,68,4,,0,59,,1529301,68,4,,0,39,,1529302,68,4,,0
57201,'20261009',658,,1529303,68,4,,0,59,,1529304,68,4,,0,39,,1529305,68,4,,0
57201,'20261013',658,,1582570,68,4,,0,59,,1582571,68,4,,0,39,,1582572,68,4,,0
57201,'20261014',658,,1582573,68,4,,0,59,,1582574,68,4,,0,39,,1582575,68,4,,0
57201,'20261015',658,,1582576,68,4,,0,59,,1582577,68,4,,0,39,,1582578,68,4,,0
57201,'20261016',658,,1582579,68,4,,0,59,,1582580,68,4,,0,39,,1582581,68,4,,0
57401,'20261002',653,,1582606,37,4,,0,65,,1582607,37,4,,0,40,,1582608,37,4,,0
57401,'20261005',653,,1582609,37,4,,0,65,,1582610,37,4,,0,40,,1582611,37,4,,0
57401,'20261006',653,,1529337,37,4,,0,65,,1529338,37,4,,0,40,,1529336,37,4,,0
57401,'20261007',653,,1529340,37,4,,0,65,,1529341,37,4,,0,40,,1529339,37,4,,0
57401,'20261008',653,,1529343,37,4,,0,65,,1529344,37,4,,0,40,,1529342,37,4,,0
57401,'20261009',653,,1529346,37,4,,0,65,,1529347,37,4,,0,40,,1529345,37,4,,0
57401,'20261013',653,,1582613,37,4,,0,65,,1582614,37,4,,0,40,,1582612,37,4,,0
57401,'20261014',653,,1582616,37,4,,0,65,,1582617,37,4,,0,40,,1582615,37,4,,0
57401,'20261015',653,,1582619,37,4,,0,65,,1582620,37,4,,0,40,,1582618,37,4,,0
57401,'20261016',653,,1582622,37,4,,0,65,,1582623,37,4,,0,40,,1582621,37,4,,0
58001,'20261002',730,,1582648,52,4,,0,28,,1582649,52,4,,0,74,,1582650,52,4,,0
58001,'20261005',730,,1582651,52,4,,0,28,,1582652,52,4,,0,74,,1582653,52,4,,0
58001,'20261006',730,,1529379,52,4,,0,28,,1529378,52,4,,0,74,,1529380,52,4,,0
58001,'20261007',730,,1529382,52,4,,0,28,,1529381,52,4,,0,74,,1529383,52,4,,0
58001,'20261008',730,,1529385,52,4,,0,28,,1529384,52,4,,0,74,,1529386,52,4,,0
58001,'20261009',730,,1529388,52,4,,0,28,,1529387,52,4,,0,74,,1529389,52,4,,0
58001,'20261013',730,,1582655,52,4,,0,28,,1582654,52,4,,0,74,,1582656,52,4,,0
58001,'20261014',730,,1582658,52,4,,0,28,,1582657,52,4,,0,74,,1582659,52,4,,0
58001,'20261015',730,,1582661,52,4,,0,28,,1582660,52,4,,0,74,,1582662,52,4,,0
58001,'20261016',730,,1582664,52,4,,0,28,,1582663,52,4,,0,74,,1582665,52,4,,0
58101,'20261002',654,,1582684,36,4,,0,76,,1582685,36,4,,0,27,,1582686,36,4,,0
58101,'20261005',654,,1582687,36,4,,0,76,,1582688,36,4,,0,27,,1582689,36,4,,0
58101,'20261006',654,,1529414,36,4,,0,76,,1529415,36,4,,0,27,,1529416,36,4,,0
58101,'20261007',654,,1529417,36,4,,0,76,,1529418,36,4,,0,27,,1529419,36,4,,0
58101,'20261008',654,,1529420,36,4,,0,76,,1529421,36,4,,0,27,,1529422,36,4,,0
58101,'20261009',654,,1529423,36,4,,0,76,,1529424,36,4,,0,27,,1529425,36,4,,0
58101,'20261013',654,,1582690,36,4,,0,76,,1582691,36,4,,0,27,,1582692,36,4,,0
58101,'20261014',654,,1582693,36,4,,0,76,,1582694,36,4,,0,27,,1582695,36,4,,0
58101,'20261015',654,,1582696,36,4,,0,76,,1582697,36,4,,0,27,,1582698,36,4,,0
58101,'20261016',654,,1582699,36,4,,0,76,,1582700,36,4,,0,27,,1582701,36,4,,0
58201,'20261002',655,,1582732,53,4,,0,52,,1582733,53,4,,0,24,,1582734,53,4,,0,16,,1582735,53,4,,0,55,,1582736,53,4,,0
58201,'20261005',655,,1582737,53,4,,0,52,,1582738,53,4,,0,24,,1582739,53,4,,0,16,,1582740,53,4,,0,55,,1582741,53,4,,0
58201,'20261006',655,,1529468,53,4,,0,52,,1529466,53,4,,0,24,,1529469,53,4,,0,16,,1529467,53,4,,0,55,,1529470,53,4,,0
58201,'20261007',655,,1529473,53,4,,0,52,,1529471,53,4,,0,24,,1529474,53,4,,0,16,,1529472,53,4,,0,55,,1529475,53,4,,0
58201,'20261008',655,,1529478,53,4,,0,52,,1529476,53,4,,0,24,,1529479,53,4,,0,16,,1529477,53,4,,0,55,,1529480,53,4,,0
58201,'20261009',655,,1529483,53,4,,0,52,,1529481,53,4,,0,24,,1529484,53,4,,0,16,,1529482,53,4,,0,55,,1529485,53,4,,0
58201,'20261013',655,,1582744,53,4,,0,52,,1582742,53,4,,0,24,,1582745,53,4,,0,16,,1582743,53,4,,0,55,,1582746,53,4,,0
58201,'20261014',655,,1582749,53,4,,0,52,,1582747,53,4,,0,24,,1582750,53,4,,0,16,,1582748,53,4,,0,55,,1582751,53,4,,0
58201,'20261015',655,,1582754,53,4,,0,52,,1582752,53,4,,0,24,,1582755,53,4,,0,16,,1582753,53,4,,0,55,,1582756,53,4,,0
58201,'20261016',655,,1582759,53,4,,0,52,,1582757,53,4,,0,24,,1582760,53,4,,0,16,,1582758,53,4,,0,55,,1582761,53,4,,0
58401,'20261002',657,,1582786,60,4,,0,71,,1582787,60,4,,0,29,,1582788,60,4,,0
58401,'20261005',657,,1582789,60,4,,0,71,,1582790,60,4,,0,29,,1582791,60,4,,0
58401,'20261006',657,,1529517,60,4,,0,71,,1529516,60,4,,0,29,,1529518,60,4,,0
58401,'20261007',657,,1529520,60,4,,0,71,,1529519,60,4,,0,29,,1529521,60,4,,0
58401,'20261008',657,,1529523,60,4,,0,71,,1529522,60,4,,0,29,,1529524,60,4,,0
58401,'20261009',657,,1529526,60,4,,0,71,,1529525,60,4,,0,29,,1529527,60,4,,0
58401,'20261013',657,,1582793,60,4,,0,71,,1582792,60,4,,0,29,,1582794,60,4,,0
58401,'20261014',657,,1582796,60,4,,0,71,,1582795,60,4,,0,29,,1582797,60,4,,0
58401,'20261015',657,,1582799,60,4,,0,71,,1582798,60,4,,0,29,,1582800,60,4,,0
58401,'20261016',657,,1582802,60,4,,0,71,,1582801,60,4,,0,29,,1582803,60,4,,0
80401,'20261002',551,,1589323,46,,,1,55,,1589324,46,,,1,15,,1589325,46,,,1,15,,1589326,46,,,1,16,,1589327,46,,,1,55,,1589328,46,,,1,13,,1589329,46,,,1,11,,1589330,46,,,1,9,,1589331,46,,,1,12,,1589332,46,,,1,50,,1589333,46,,,1,10,,1589334,46,,,1,10,,1589335,46,,,1,9,,1589336,46,,,1,9,,1589337,46,,,1,11,,1589338,46,,,1,52,,1589339,46,,,1,14,,1589340,46,,,1,15,,1589341,46,,,1,15,,1589342,46,,,1,54,,1589343,46,,,1,14,,1589344,46,,,1,15,,1589345,46,,,1,15,,1589346,46,,,1,14,,1589347,46,,,1,56,,1589348,46,,,1,14,,1589349,46,,,1,15,,1589350,46,,,1,14,,1589351,46,,,1,57,,1589352,46,,,1,15,,1589353,46,,,1,15,,1589354,46,,,1,55,,1589355,46,,,1,15,,1589356,46,,,1,15,,1589357,46,,,1,15,,1589358,46,,,1,55,,1589359,46,,,1,15,,1589360,46,,,1,14,,1589361,46,,,1,16,,1589362,46,,,1,55,,1589363,46,,,1,15,,1589364,46,,,1,16,,1589365,46,,,1,14,,1589366,46,,,1,57,,1589367,46,,,1,14,,1589368,46,,,1,17,,1589369,46,,,1,16,,1589370,46,,,1,51,,1589371,46,,,1,12,,1589372,46,,,1,10,,1589373,46,,,1,12,,1589374,46,,,1,14,,1589375,46,,,1,54,,1589376,46,,,1,15,,1589377,46,,,1,15,,1589378,46,,,1,18,,1589379,46,,,1,57,,1589380,46,,,1,18,,1589381,46,,,1,18,,1589382,46,,,1,58,,1589383,46,,,1,18,,1589384,46,,,1,17,,1589385,46,,,1,18,,1589386,46,,,1,58,,1589387,46,,,1,18,,1589388,46,,,1,18,,1589389,46,,,1,57,,1589390,46,,,1,18,,1589391,46,,,1,16,,1589392,46,,,1,18,,1589393,46,,,1,57,,1589394,46,,,1,18,,1589395,46,,,1,17,,1589396,46,,,1,58,,1589397,46,,,1,16,,1589398,46,,,1,17,,1589399,46,,,1,18,,1589400,46,,,1
80401,'20261003',700,,1589401,46,,,1,17,,1589402,46,,,1,18,,1589403,46,,,1,18,,1589404,46,,,1,58,,1589405,46,,,1,18,,1589406,46,,,1,17,,1589407,46,,,1,57,,1589408,46,,,1,15,,1589409,46,,,1,16,,1589410,46,,,1,15,,1589411,46,,,1,56,,1589412,46,,,1,15,,1589413,46,,,1,16,,1589414,46,,,1,16,,1589415,46,,,1,54,,1589416,46,,,1,15,,1589417,46,,,1,14,,1589418,46,,,1,14,,1589419,46,,,1,55,,1589420,46,,,1,14,,1589421,46,,,1,15,,1589422,46,,,1,15,,1589423,46,,,1,54,,1589424,46,,,1,15,,1589425,46,,,1,14,,1589426,46,,,1,15,,1589427,46,,,1,55,,1589428,46,,,1,15,,1589429,46,,,1,15,,1589430,46,,,1,15,,1589431,46,,,1,55,,1589432,46,,,1,15,,1589433,46,,,1,15,,1589434,46,,,1,15,,1589435,46,,,1,54,,1589436,46,,,1,15,,1589437,46,,,1,14,,1589438,46,,,1,15,,1589439,46,,,1,14,,1589440,46,,,1,56,,1589441,46,,,1,16,,1589442,46,,,1,19,,1589443,46,,,1,58,,1589444,46,,,1,19,,1589445,46,,,1,18,,1589446,46,,,1,59,,1589447,46,,,1,18,,1589448,46,,,1,18,,1589449,46,,,1,18,,1589450,46,,,1,58,,1589451,46,,,1,18,,1589452,46,,,1,18,,1589453,46,,,1,57,,1589454,46,,,1,18,,1589455,46,,,1,18,,1589456,46,,,1,58,,1589457,46,,,1,18,,1589458,46,,,1,18,,1589459,46,,,1,18,,1589460,46,,,1,58,,1589461,46,,,1,18,,1589462,46,,,1,18,,1589463,46,,,1,58,,1589464,46,,,1,18,,1589465,46,,,1
80401,'20261004',700,,1589466,46,,,1,17,,1589467,46,,,1,18,,1589468,46,,,1,18,,1589469,46,,,1,58,,1589470,46,,,1,18,,1589471,46,,,1,17,,1589472,46,,,1,57,,1589473,46,,,1,15,,1589474,46,,,1,16,,1589475,46,,,1,15,,1589476,46,,,1,56,,1589477,46,,,1,15,,1589478,46,,,1,16,,1589479,46,,,1,16,,1589480,46,,,1,54,,1589481,46,,,1,15,,1589482,46,,,1,14,,1589483,46,,,1,14,,1589484,46,,,1,55,,1589485,46,,,1,14,,1589486,46,,,1,15,,1589487,46,,,1,15,,1589488,46,,,1,54,,1589489,46,,,1,15,,1589490,46,,,1,14,,1589491,46,,,1,15,,1589492,46,,,1,55,,1589493,46,,,1,15,,1589494,46,,,1,15,,1589495,46,,,1,15,,1589496,46,,,1,55,,1589497,46,,,1,15,,1589498,46,,,1,15,,1589499,46,,,1,15,,1589500,46,,,1,54,,1589501,46,,,1,15,,1589502,46,,,1,14,,1589503,46,,,1,15,,1589504,46,,,1,14,,1589505,46,,,1,56,,1589506,46,,,1,16,,1589507,46,,,1,19,,1589508,46,,,1,58,,1589509,46,,,1,19,,1589510,46,,,1,18,,1589511,46,,,1,59,,1589512,46,,,1,18,,1589513,46,,,1,18,,1589514,46,,,1,18,,1589515,46,,,1,58,,1589516,46,,,1,18,,1589517,46,,,1,18,,1589518,46,,,1,57,,1589519,46,,,1,18,,1589520,46,,,1,18,,1589521,46,,,1,58,,1589522,46,,,1,18,,1589523,46,,,1,18,,1589524,46,,,1,18,,1589525,46,,,1,58,,1589526,46,,,1,18,,1589527,46,,,1,18,,1589528,46,,,1,58,,1589529,46,,,1,18,,1589530,46,,,1
80401,'20261005',551,,1589531,46,,,1,55,,1589532,46,,,1,15,,1589533,46,,,1,15,,1589534,46,,,1,16,,1589535,46,,,1,55,,1589536,46,,,1,13,,1589537,46,,,1,11,,1589538,46,,,1,9,,1589539,46,,,1,12,,1589540,46,,,1,50,,1589541,46,,,1,10,,1589542,46,,,1,10,,1589543,46,,,1,9,,1589544,46,,,1,9,,1589545,46,,,1,11,,1589546,46,,,1,52,,1589547,46,,,1,14,,1589548,46,,,1,15,,1589549,46,,,1,15,,1589550,46,,,1,54,,1589551,46,,,1,14,,1589552,46,,,1,15,,1589553,46,,,1,15,,1589554,46,,,1,14,,1589555,46,,,1,56,,1589556,46,,,1,14,,1589557,46,,,1,15,,1589558,46,,,1,14,,1589559,46,,,1,57,,1589560,46,,,1,15,,1589561,46,,,1,15,,1589562,46,,,1,55,,1589563,46,,,1,15,,1589564,46,,,1,15,,1589565,46,,,1,15,,1589566,46,,,1,55,,1589567,46,,,1,15,,1589568,46,,,1,14,,1589569,46,,,1,16,,1589570,46,,,1,55,,1589571,46,,,1,15,,1589572,46,,,1,16,,1589573,46,,,1,14,,1589574,46,,,1,57,,1589575,46,,,1,14,,1589576,46,,,1,17,,1589577,46,,,1,16,,1589578,46,,,1,51,,1589579,46,,,1,12,,1589580,46,,,1,10,,1589581,46,,,1,12,,1589582,46,,,1,14,,1589583,46,,,1,54,,1589584,46,,,1,15,,1589585,46,,,1,15,,1589586,46,,,1,18,,1589587,46,,,1,57,,1589588,46,,,1,18,,1589589,46,,,1,18,,1589590,46,,,1,58,,1589591,46,,,1,18,,1589592,46,,,1,17,,1589593,46,,,1,18,,1589594,46,,,1,58,,1589595,46,,,1,18,,1589596,46,,,1,18,,1589597,46,,,1,57,,1589598,46,,,1,18,,1589599,46,,,1,16,,1589600,46,,,1,18,,1589601,46,,,1,57,,1589602,46,,,1,18,,1589603,46,,,1,17,,1589604,46,,,1,58,,1589605,46,,,1,16,,1589606,46,,,1,17,,1589607,46,,,1,18,,1589608,46,,,1
80401,'20261006',551,,1536398,46,,,1,55,,1536386,46,,,1,15,,1536322,46,,,1,15,,1536387,46,,,1,16,,1536369,46,,,1,55,,1536323,46,,,1,13,,1536324,46,,,1,11,,1536325,46,,,1,9,,1536326,46,,,1,12,,1536382,46,,,1,50,,1536376,46,,,1,10,,1536327,46,,,1,10,,1536328,46,,,1,9,,1536329,46,,,1,9,,1536330,46,,,1,11,,1536343,46,,,1,52,,1536344,46,,,1,14,,1536345,46,,,1,15,,1536383,46,,,1,15,,1536331,46,,,1,54,,1536332,46,,,1,14,,1536333,46,,,1,15,,1536334,46,,,1,15,,1536335,46,,,1,14,,1536384,46,,,1,56,,1536377,46,,,1,14,,1536336,46,,,1,15,,1536337,46,,,1,14,,1536338,46,,,1,57,,1536339,46,,,1,15,,1536340,46,,,1,15,,1536381,46,,,1,55,,1536341,46,,,1,15,,1536346,46,,,1,15,,1536347,46,,,1,15,,1536378,46,,,1,55,,1536342,46,,,1,15,,1536348,46,,,1,14,,1536349,46,,,1,16,,1536350,46,,,1,55,,1536351,46,,,1,15,,1536352,46,,,1,16,,1536380,46,,,1,14,,1536353,46,,,1,57,,1536354,46,,,1,14,,1536356,46,,,1,17,,1536385,46,,,1,16,,1536357,46,,,1,51,,1536358,46,,,1,12,,1536355,46,,,1,10,,1536359,46,,,1,12,,1536368,46,,,1,14,,1536393,46,,,1,54,,1536370,46,,,1,15,,1536360,46,,,1,15,,1536396,46,,,1,18,,1536379,46,,,1,57,,1536371,46,,,1,18,,1536372,46,,,1,18,,1536361,46,,,1,58,,1536362,46,,,1,18,,1536390,46,,,1,17,,1536373,46,,,1,18,,1536391,46,,,1,58,,1536392,46,,,1,18,,1536389,46,,,1,18,,1536388,46,,,1,57,,1536375,46,,,1,18,,1536374,46,,,1,16,,1536363,46,,,1,18,,1536364,46,,,1,57,,1536395,46,,,1,18,,1536365,46,,,1,17,,1536394,46,,,1,58,,1536366,46,,,1,16,,1536367,46,,,1,17,,1536397,46,,,1,18,,1536399,46,,,1
80401,'20261007',551,,1536476,46,,,1,55,,1536464,46,,,1,15,,1536400,46,,,1,15,,1536465,46,,,1,16,,1536447,46,,,1,55,,1536401,46,,,1,13,,1536402,46,,,1,11,,1536403,46,,,1,9,,1536404,46,,,1,12,,1536460,46,,,1,50,,1536454,46,,,1,10,,1536405,46,,,1,10,,1536406,46,,,1,9,,1536407,46,,,1,9,,1536408,46,,,1,11,,1536421,46,,,1,52,,1536422,46,,,1,14,,1536423,46,,,1,15,,1536461,46,,,1,15,,1536409,46,,,1,54,,1536410,46,,,1,14,,1536411,46,,,1,15,,1536412,46,,,1,15,,1536413,46,,,1,14,,1536462,46,,,1,56,,1536455,46,,,1,14,,1536414,46,,,1,15,,1536415,46,,,1,14,,1536416,46,,,1,57,,1536417,46,,,1,15,,1536418,46,,,1,15,,1536459,46,,,1,55,,1536419,46,,,1,15,,1536424,46,,,1,15,,1536425,46,,,1,15,,1536456,46,,,1,55,,1536420,46,,,1,15,,1536426,46,,,1,14,,1536427,46,,,1,16,,1536428,46,,,1,55,,1536429,46,,,1,15,,1536430,46,,,1,16,,1536458,46,,,1,14,,1536431,46,,,1,57,,1536432,46,,,1,14,,1536434,46,,,1,17,,1536463,46,,,1,16,,1536435,46,,,1,51,,1536436,46,,,1,12,,1536433,46,,,1,10,,1536437,46,,,1,12,,1536446,46,,,1,14,,1536471,46,,,1,54,,1536448,46,,,1,15,,1536438,46,,,1,15,,1536474,46,,,1,18,,1536457,46,,,1,57,,1536449,46,,,1,18,,1536450,46,,,1,18,,1536439,46,,,1,58,,1536440,46,,,1,18,,1536468,46,,,1,17,,1536451,46,,,1,18,,1536469,46,,,1,58,,1536470,46,,,1,18,,1536467,46,,,1,18,,1536466,46,,,1,57,,1536453,46,,,1,18,,1536452,46,,,1,16,,1536441,46,,,1,18,,1536442,46,,,1,57,,1536473,46,,,1,18,,1536443,46,,,1,17,,1536472,46,,,1,58,,1536444,46,,,1,16,,1536445,46,,,1,17,,1536475,46,,,1,18,,1536477,46,,,1
80401,'20261008',551,,1536554,46,,,1,55,,1536542,46,,,1,15,,1536478,46,,,1,15,,1536543,46,,,1,16,,1536525,46,,,1,55,,1536479,46,,,1,13,,1536480,46,,,1,11,,1536481,46,,,1,9,,1536482,46,,,1,12,,1536538,46,,,1,50,,1536532,46,,,1,10,,1536483,46,,,1,10,,1536484,46,,,1,9,,1536485,46,,,1,9,,1536486,46,,,1,11,,1536499,46,,,1,52,,1536500,46,,,1,14,,1536501,46,,,1,15,,1536539,46,,,1,15,,1536487,46,,,1,54,,1536488,46,,,1,14,,1536489,46,,,1,15,,1536490,46,,,1,15,,1536491,46,,,1,14,,1536540,46,,,1,56,,1536533,46,,,1,14,,1536492,46,,,1,15,,1536493,46,,,1,14,,1536494,46,,,1,57,,1536495,46,,,1,15,,1536496,46,,,1,15,,1536537,46,,,1,55,,1536497,46,,,1,15,,1536502,46,,,1,15,,1536503,46,,,1,15,,1536534,46,,,1,55,,1536498,46,,,1,15,,1536504,46,,,1,14,,1536505,46,,,1,16,,1536506,46,,,1,55,,1536507,46,,,1,15,,1536508,46,,,1,16,,1536536,46,,,1,14,,1536509,46,,,1,57,,1536510,46,,,1,14,,1536512,46,,,1,17,,1536541,46,,,1,16,,1536513,46,,,1,51,,1536514,46,,,1,12,,1536511,46,,,1,10,,1536515,46,,,1,12,,1536524,46,,,1,14,,1536549,46,,,1,54,,1536526,46,,,1,15,,1536516,46,,,1,15,,1536552,46,,,1,18,,1536535,46,,,1,57,,1536527,46,,,1,18,,1536528,46,,,1,18,,1536517,46,,,1,58,,1536518,46,,,1,18,,1536546,46,,,1,17,,1536529,46,,,1,18,,1536547,46,,,1,58,,1536548,46,,,1,18,,1536545,46,,,1,18,,1536544,46,,,1,57,,1536531,46,,,1,18,,1536530,46,,,1,16,,1536519,46,,,1,18,,1536520,46,,,1,57,,1536551,46,,,1,18,,1536521,46,,,1,17,,1536550,46,,,1,58,,1536522,46,,,1,16,,1536523,46,,,1,17,,1536553,46,,,1,18,,1536555,46,,,1
80401,'20261009',551,,1536632,46,,,1,55,,1536620,46,,,1,15,,1536556,46,,,1,15,,1536621,46,,,1,16,,1536603,46,,,1,55,,1536557,46,,,1,13,,1536558,46,,,1,11,,1536559,46,,,1,9,,1536560,46,,,1,12,,1536616,46,,,1,50,,1536610,46,,,1,10,,1536561,46,,,1,10,,1536562,46,,,1,9,,1536563,46,,,1,9,,1536564,46,,,1,11,,1536577,46,,,1,52,,1536578,46,,,1,14,,1536579,46,,,1,15,,1536617,46,,,1,15,,1536565,46,,,1,54,,1536566,46,,,1,14,,1536567,46,,,1,15,,1536568,46,,,1,15,,1536569,46,,,1,14,,1536618,46,,,1,56,,1536611,46,,,1,14,,1536570,46,,,1,15,,1536571,46,,,1,14,,1536572,46,,,1,57,,1536573,46,,,1,15,,1536574,46,,,1,15,,1536615,46,,,1,55,,1536575,46,,,1,15,,1536580,46,,,1,15,,1536581,46,,,1,15,,1536612,46,,,1,55,,1536576,46,,,1,15,,1536582,46,,,1,14,,1536583,46,,,1,16,,1536584,46,,,1,55,,1536585,46,,,1,15,,1536586,46,,,1,16,,1536614,46,,,1,14,,1536587,46,,,1,57,,1536588,46,,,1,14,,1536590,46,,,1,17,,1536619,46,,,1,16,,1536591,46,,,1,51,,1536592,46,,,1,12,,1536589,46,,,1,10,,1536593,46,,,1,12,,1536602,46,,,1,14,,1536627,46,,,1,54,,1536604,46,,,1,15,,1536594,46,,,1,15,,1536630,46,,,1,18,,1536613,46,,,1,57,,1536605,46,,,1,18,,1536606,46,,,1,18,,1536595,46,,,1,58,,1536596,46,,,1,18,,1536624,46,,,1,17,,1536607,46,,,1,18,,1536625,46,,,1,58,,1536626,46,,,1,18,,1536623,46,,,1,18,,1536622,46,,,1,57,,1536609,46,,,1,18,,1536608,46,,,1,16,,1536597,46,,,1,18,,1536598,46,,,1,57,,1536629,46,,,1,18,,1536599,46,,,1,17,,1536628,46,,,1,58,,1536600,46,,,1,16,,1536601,46,,,1,17,,1536631,46,,,1,18,,1536633,46,,,1
80401,'20261010',700,,1559088,46,,,1,17,,1559140,46,,,1,18,,1559139,46,,,1,18,,1559089,46,,,1,58,,1559090,46,,,1,18,,1559141,46,,,1,17,,1559128,46,,,1,57,,1559129,46,,,1,15,,1559130,46,,,1,16,,1559142,46,,,1,15,,1559091,46,,,1,56,,1559131,46,,,1,15,,1559132,46,,,1,16,,1559143,46,,,1,16,,1559092,46,,,1,54,,1559133,46,,,1,15,,1559134,46,,,1,14,,1559144,46,,,1,14,,1559093,46,,,1,55,,1559135,46,,,1,14,,1559136,46,,,1,15,,1559094,46,,,1,15,,1559137,46,,,1,54,,1559095,46,,,1,15,,1559096,46,,,1,14,,1559097,46,,,1,15,,1559098,46,,,1,55,,1559099,46,,,1,15,,1559100,46,,,1,15,,1559101,46,,,1,15,,1559102,46,,,1,55,,1559103,46,,,1,15,,1559104,46,,,1,15,,1559105,46,,,1,15,,1559106,46,,,1,54,,1559107,46,,,1,15,,1559108,46,,,1,14,,1559109,46,,,1,15,,1559110,46,,,1,14,,1559111,46,,,1,56,,1559112,46,,,1,16,,1559113,46,,,1,19,,1559114,46,,,1,58,,1559115,46,,,1,19,,1559138,46,,,1,18,,1559149,46,,,1,59,,1559116,46,,,1,18,,1559117,46,,,1,18,,1559150,46,,,1,18,,1559118,46,,,1,58,,1559151,46,,,1,18,,1559119,46,,,1,18,,1559120,46,,,1,57,,1559152,46,,,1,18,,1559121,46,,,1,18,,1559147,46,,,1,58,,1559122,46,,,1,18,,1559123,46,,,1,18,,1559146,46,,,1,18,,1559124,46,,,1,58,,1559145,46,,,1,18,,1559125,46,,,1,18,,1559126,46,,,1,58,,1559148,46,,,1,18,,1559127,46,,,1
80401,'20261011',700,,1559153,46,,,1,17,,1559154,46,,,1,18,,1559205,46,,,1,18,,1559204,46,,,1,58,,1559155,46,,,1,18,,1559206,46,,,1,17,,1559193,46,,,1,57,,1559194,46,,,1,15,,1559195,46,,,1,16,,1559207,46,,,1,15,,1559157,46,,,1,56,,1559196,46,,,1,15,,1559197,46,,,1,16,,1559208,46,,,1,16,,1559156,46,,,1,54,,1559198,46,,,1,15,,1559199,46,,,1,14,,1559209,46,,,1,14,,1559158,46,,,1,55,,1559200,46,,,1,14,,1559201,46,,,1,15,,1559159,46,,,1,15,,1559202,46,,,1,54,,1559160,46,,,1,15,,1559161,46,,,1,14,,1559162,46,,,1,15,,1559163,46,,,1,55,,1559164,46,,,1,15,,1559165,46,,,1,15,,1559166,46,,,1,15,,1559167,46,,,1,55,,1559168,46,,,1,15,,1559169,46,,,1,15,,1559170,46,,,1,15,,1559171,46,,,1,54,,1559172,46,,,1,15,,1559173,46,,,1,14,,1559174,46,,,1,15,,1559175,46,,,1,14,,1559176,46,,,1,56,,1559177,46,,,1,16,,1559178,46,,,1,19,,1559179,46,,,1,58,,1559180,46,,,1,19,,1559181,46,,,1,18,,1559203,46,,,1,59,,1559210,46,,,1,18,,1559182,46,,,1,18,,1559183,46,,,1,18,,1559211,46,,,1,58,,1559184,46,,,1,18,,1559212,46,,,1,18,,1559185,46,,,1,57,,1559186,46,,,1,18,,1559213,46,,,1,18,,1559187,46,,,1,58,,1559214,46,,,1,18,,1559188,46,,,1,18,,1559189,46,,,1,18,,1559215,46,,,1,58,,1559190,46,,,1,18,,1559216,46,,,1,18,,1559191,46,,,1,58,,1559217,46,,,1,18,,1559192,46,,,1
80401,'20261012',700,,1559218,46,,,1,17,,1559219,46,,,1,18,,1559270,46,,,1,18,,1559269,46,,,1,58,,1559220,46,,,1,18,,1559271,46,,,1,17,,1559258,46,,,1,57,,1559259,46,,,1,15,,1559260,46,,,1,16,,1559272,46,,,1,15,,1559222,46,,,1,56,,1559261,46,,,1,15,,1559262,46,,,1,16,,1559273,46,,,1,16,,1559221,46,,,1,54,,1559263,46,,,1,15,,1559264,46,,,1,14,,1559274,46,,,1,14,,1559223,46,,,1,55,,1559265,46,,,1,14,,1559266,46,,,1,15,,1559224,46,,,1,15,,1559267,46,,,1,54,,1559225,46,,,1,15,,1559226,46,,,1,14,,1559227,46,,,1,15,,1559228,46,,,1,55,,1559229,46,,,1,15,,1559230,46,,,1,15,,1559231,46,,,1,15,,1559232,46,,,1,55,,1559233,46,,,1,15,,1559234,46,,,1,15,,1559235,46,,,1,15,,1559236,46,,,1,54,,1559237,46,,,1,15,,1559238,46,,,1,14,,1559239,46,,,1,15,,1559240,46,,,1,14,,1559241,46,,,1,56,,1559242,46,,,1,16,,1559243,46,,,1,19,,1559244,46,,,1,58,,1559245,46,,,1,19,,1559246,46,,,1,18,,1559268,46,,,1,59,,1559275,46,,,1,18,,1559247,46,,,1,18,,1559248,46,,,1,18,,1559276,46,,,1,58,,1559249,46,,,1,18,,1559277,46,,,1,18,,1559250,46,,,1,57,,1559251,46,,,1,18,,1559278,46,,,1,18,,1559252,46,,,1,58,,1559279,46,,,1,18,,1559253,46,,,1,18,,1559254,46,,,1,18,,1559280,46,,,1,58,,1559255,46,,,1,18,,1559281,46,,,1,18,,1559256,46,,,1,58,,1559282,46,,,1,18,,1559257,46,,,1
80401,'20261013',551,,1589685,46,,,1,55,,1589673,46,,,1,15,,1589609,46,,,1,15,,1589674,46,,,1,16,,1589656,46,,,1,55,,1589610,46,,,1,13,,1589611,46,,,1,11,,1589612,46,,,1,9,,1589613,46,,,1,12,,1589669,46,,,1,50,,1589663,46,,,1,10,,1589614,46,,,1,10,,1589615,46,,,1,9,,1589616,46,,,1,9,,1589617,46,,,1,11,,1589630,46,,,1,52,,1589631,46,,,1,14,,1589632,46,,,1,15,,1589670,46,,,1,15,,1589618,46,,,1,54,,1589619,46,,,1,14,,1589620,46,,,1,15,,1589621,46,,,1,15,,1589622,46,,,1,14,,1589671,46,,,1,56,,1589664,46,,,1,14,,1589623,46,,,1,15,,1589624,46,,,1,14,,1589625,46,,,1,57,,1589626,46,,,1,15,,1589627,46,,,1,15,,1589668,46,,,1,55,,1589628,46,,,1,15,,1589633,46,,,1,15,,1589634,46,,,1,15,,1589665,46,,,1,55,,1589629,46,,,1,15,,1589635,46,,,1,14,,1589636,46,,,1,16,,1589637,46,,,1,55,,1589638,46,,,1,15,,1589639,46,,,1,16,,1589667,46,,,1,14,,1589640,46,,,1,57,,1589641,46,,,1,14,,1589643,46,,,1,17,,1589672,46,,,1,16,,1589644,46,,,1,51,,1589645,46,,,1,12,,1589642,46,,,1,10,,1589646,46,,,1,12,,1589655,46,,,1,14,,1589680,46,,,1,54,,1589657,46,,,1,15,,1589647,46,,,1,15,,1589683,46,,,1,18,,1589666,46,,,1,57,,1589658,46,,,1,18,,1589659,46,,,1,18,,1589648,46,,,1,58,,1589649,46,,,1,18,,1589677,46,,,1,17,,1589660,46,,,1,18,,1589678,46,,,1,58,,1589679,46,,,1,18,,1589676,46,,,1,18,,1589675,46,,,1,57,,1589662,46,,,1,18,,1589661,46,,,1,16,,1589650,46,,,1,18,,1589651,46,,,1,57,,1589682,46,,,1,18,,1589652,46,,,1,17,,1589681,46,,,1,58,,1589653,46,,,1,16,,1589654,46,,,1,17,,1589684,46,,,1,18,,1589686,46,,,1
80401,'20261014',551,,1589763,46,,,1,55,,1589751,46,,,1,15,,1589687,46,,,1,15,,1589752,46,,,1,16,,1589734,46,,,1,55,,1589688,46,,,1,13,,1589689,46,,,1,11,,1589690,46,,,1,9,,1589691,46,,,1,12,,1589747,46,,,1,50,,1589741,46,,,1,10,,1589692,46,,,1,10,,1589693,46,,,1,9,,1589694,46,,,1,9,,1589695,46,,,1,11,,1589708,46,,,1,52,,1589709,46,,,1,14,,1589710,46,,,1,15,,1589748,46,,,1,15,,1589696,46,,,1,54,,1589697,46,,,1,14,,1589698,46,,,1,15,,1589699,46,,,1,15,,1589700,46,,,1,14,,1589749,46,,,1,56,,1589742,46,,,1,14,,1589701,46,,,1,15,,1589702,46,,,1,14,,1589703,46,,,1,57,,1589704,46,,,1,15,,1589705,46,,,1,15,,1589746,46,,,1,55,,1589706,46,,,1,15,,1589711,46,,,1,15,,1589712,46,,,1,15,,1589743,46,,,1,55,,1589707,46,,,1,15,,1589713,46,,,1,14,,1589714,46,,,1,16,,1589715,46,,,1,55,,1589716,46,,,1,15,,1589717,46,,,1,16,,1589745,46,,,1,14,,1589718,46,,,1,57,,1589719,46,,,1,14,,1589721,46,,,1,17,,1589750,46,,,1,16,,1589722,46,,,1,51,,1589723,46,,,1,12,,1589720,46,,,1,10,,1589724,46,,,1,12,,1589733,46,,,1,14,,1589758,46,,,1,54,,1589735,46,,,1,15,,1589725,46,,,1,15,,1589761,46,,,1,18,,1589744,46,,,1,57,,1589736,46,,,1,18,,1589737,46,,,1,18,,1589726,46,,,1,58,,1589727,46,,,1,18,,1589755,46,,,1,17,,1589738,46,,,1,18,,1589756,46,,,1,58,,1589757,46,,,1,18,,1589754,46,,,1,18,,1589753,46,,,1,57,,1589740,46,,,1,18,,1589739,46,,,1,16,,1589728,46,,,1,18,,1589729,46,,,1,57,,1589760,46,,,1,18,,1589730,46,,,1,17,,1589759,46,,,1,58,,1589731,46,,,1,16,,1589732,46,,,1,17,,1589762,46,,,1,18,,1589764,46,,,1
80401,'20261015',551,,1589841,46,,,1,55,,1589829,46,,,1,15,,1589765,46,,,1,15,,1589830,46,,,1,16,,1589812,46,,,1,55,,1589766,46,,,1,13,,1589767,46,,,1,11,,1589768,46,,,1,9,,1589769,46,,,1,12,,1589825,46,,,1,50,,1589819,46,,,1,10,,1589770,46,,,1,10,,1589771,46,,,1,9,,1589772,46,,,1,9,,1589773,46,,,1,11,,1589786,46,,,1,52,,1589787,46,,,1,14,,1589788,46,,,1,15,,1589826,46,,,1,15,,1589774,46,,,1,54,,1589775,46,,,1,14,,1589776,46,,,1,15,,1589777,46,,,1,15,,1589778,46,,,1,14,,1589827,46,,,1,56,,1589820,46,,,1,14,,1589779,46,,,1,15,,1589780,46,,,1,14,,1589781,46,,,1,57,,1589782,46,,,1,15,,1589783,46,,,1,15,,1589824,46,,,1,55,,1589784,46,,,1,15,,1589789,46,,,1,15,,1589790,46,,,1,15,,1589821,46,,,1,55,,1589785,46,,,1,15,,1589791,46,,,1,14,,1589792,46,,,1,16,,1589793,46,,,1,55,,1589794,46,,,1,15,,1589795,46,,,1,16,,1589823,46,,,1,14,,1589796,46,,,1,57,,1589797,46,,,1,14,,1589799,46,,,1,17,,1589828,46,,,1,16,,1589800,46,,,1,51,,1589801,46,,,1,12,,1589798,46,,,1,10,,1589802,46,,,1,12,,1589811,46,,,1,14,,1589836,46,,,1,54,,1589813,46,,,1,15,,1589803,46,,,1,15,,1589839,46,,,1,18,,1589822,46,,,1,57,,1589814,46,,,1,18,,1589815,46,,,1,18,,1589804,46,,,1,58,,1589805,46,,,1,18,,1589833,46,,,1,17,,1589816,46,,,1,18,,1589834,46,,,1,58,,1589835,46,,,1,18,,1589832,46,,,1,18,,1589831,46,,,1,57,,1589818,46,,,1,18,,1589817,46,,,1,16,,1589806,46,,,1,18,,1589807,46,,,1,57,,1589838,46,,,1,18,,1589808,46,,,1,17,,1589837,46,,,1,58,,1589809,46,,,1,16,,1589810,46,,,1,17,,1589840,46,,,1,18,,1589842,46,,,1
80401,'20261016',551,,1589919,46,,,1,55,,1589907,46,,,1,15,,1589843,46,,,1,15,,1589908,46,,,1,16,,1589890,46,,,1,55,,1589844,46,,,1,13,,1589845,46,,,1,11,,1589846,46,,,1,9,,1589847,46,,,1,12,,1589903,46,,,1,50,,1589897,46,,,1,10,,1589848,46,,,1,10,,1589849,46,,,1,9,,1589850,46,,,1,9,,1589851,46,,,1,11,,1589864,46,,,1,52,,1589865,46,,,1,14,,1589866,46,,,1,15,,1589904,46,,,1,15,,1589852,46,,,1,54,,1589853,46,,,1,14,,1589854,46,,,1,15,,1589855,46,,,1,15,,1589856,46,,,1,14,,1589905,46,,,1,56,,1589898,46,,,1,14,,1589857,46,,,1,15,,1589858,46,,,1,14,,1589859,46,,,1,57,,1589860,46,,,1,15,,1589861,46,,,1,15,,1589902,46,,,1,55,,1589862,46,,,1,15,,1589867,46,,,1,15,,1589868,46,,,1,15,,1589899,46,,,1,55,,1589863,46,,,1,15,,1589869,46,,,1,14,,1589870,46,,,1,16,,1589871,46,,,1,55,,1589872,46,,,1,15,,1589873,46,,,1,16,,1589901,46,,,1,14,,1589874,46,,,1,57,,1589875,46,,,1,14,,1589877,46,,,1,17,,1589906,46,,,1,16,,1589878,46,,,1,51,,1589879,46,,,1,12,,1589876,46,,,1,10,,1589880,46,,,1,12,,1589889,46,,,1,14,,1589914,46,,,1,54,,1589891,46,,,1,15,,1589881,46,,,1,15,,1589917,46,,,1,18,,1589900,46,,,1,57,,1589892,46,,,1,18,,1589893,46,,,1,18,,1589882,46,,,1,58,,1589883,46,,,1,18,,1589911,46,,,1,17,,1589894,46,,,1,18,,1589912,46,,,1,58,,1589913,46,,,1,18,,1589910,46,,,1,18,,1589909,46,,,1,57,,1589896,46,,,1,18,,1589895,46,,,1,16,,1589884,46,,,1,18,,1589885,46,,,1,57,,1589916,46,,,1,18,,1589886,46,,,1,17,,1589915,46,,,1,58,,1589887,46,,,1,16,,1589888,46,,,1,17,,1589918,46,,,1,18,,1589920,46,,,1
