23101,'20261006',704,,1611528,5,4,,0,27,,1611529,5,4,,0,73,,1611530,5,4,,0,22,,1611531,5,4,,0
23101,'20261007',704,,1611532,5,4,,0,27,,1611533,5,4,,0,73,,1611534,5,4,,0,22,,1611535,5,4,,0
23101,'20261008',704,,1611536,5,4,,0,27,,1611537,5,4,,0,73,,1611538,5,4,,0,22,,1611539,5,4,,0
23101,'20261009',704,,1611540,5,4,,0,27,,1611541,5,4,,0,73,,1611542,5,4,,0,22,,1611543,5,4,,0
23101,'20261013',704,,1579797,5,4,,0,27,,1579798,5,4,,0,73,,1579795,5,4,,0,22,,1579796,5,4,,0
23101,'20261014',704,,1579801,5,4,,0,27,,1579802,5,4,,0,73,,1579799,5,4,,0,22,,1579800,5,4,,0
23101,'20261015',704,,1579805,5,4,,0,27,,1579806,5,4,,0,73,,1579803,5,4,,0,22,,1579804,5,4,,0
23101,'20261016',704,,1579809,5,4,,0,27,,1579810,5,4,,0,73,,1579807,5,4,,0,22,,1579808,5,4,,0
23101,'20261019',704,,1611546,5,4,,0,27,,1611547,5,4,,0,73,,1611544,5,4,,0,22,,1611545,5,4,,0
23101,'20261020',704,,1611550,5,4,,0,27,,1611551,5,4,,0,73,,1611548,5,4,,0,22,,1611549,5,4,,0
23701,'20261006',636,,1611666,28,4,,0,15,,1611667,28,4,,0,69,,1611668,28,4,,0,25,,1611669,28,4,,0,61,,1611670,28,4,,0,27,,1611671,28,4,,0
23701,'20261007',636,,1611672,28,4,,0,15,,1611673,28,4,,0,69,,1611674,28,4,,0,25,,1611675,28,4,,0,61,,1611676,28,4,,0,27,,1611677,28,4,,0
23701,'20261008',636,,1611678,28,4,,0,15,,1611679,28,4,,0,69,,1611680,28,4,,0,25,,1611681,28,4,,0,61,,1611682,28,4,,0,27,,1611683,28,4,,0
23701,'20261009',636,,1611684,28,4,,0,15,,1611685,28,4,,0,69,,1611686,28,4,,0,25,,1611687,28,4,,0,61,,1611688,28,4,,0,27,,1611689,28,4,,0
23701,'20261013',636,,1579937,28,4,,0,15,,1579938,28,4,,0,69,,1579939,28,4,,0,25,,1579940,28,4,,0,61,,1579941,28,4,,0,27,,1579942,28,4,,0
23701,'20261014',636,,1579943,28,4,,0,15,,1579944,28,4,,0,69,,1579945,28,4,,0,25,,1579946,28,4,,0,61,,1579947,28,4,,0,27,,1579948,28,4,,0
23701,'20261015',636,,1579949,28,4,,0,15,,1579950,28,4,,0,69,,1579951,28,4,,0,25,,1579952,28,4,,0,61,,1579953,28,4,,0,27,,1579954,28,4,,0
23701,'20261016',636,,1579955,28,4,,0,15,,1579956,28,4,,0,69,,1579957,28,4,,0,25,,1579958,28,4,,0,61,,1579959,28,4,,0,27,,1579960,28,4,,0
23701,'20261019',636,,1611690,28,4,,0,15,,1611691,28,4,,0,69,,1611692,28,4,,0,25,,1611693,28,4,,0,61,,1611694,28,4,,0,27,,1611695,28,4,,0
23701,'20261020',636,,1611696,28,4,,0,15,,1611697,28,4,,0,69,,1611698,28,4,,0,25,,1611699,28,4,,0,61,,1611700,28,4,,0,27,,1611701,28,4,,0
27001,'20261006',637,,1612191,44,4,,0,13,,1612192,44,4,,0,7,,1612193,44,4,,0,57,,1612194,44,4,,0,13,,1612195,44,4,,0,24,,1612190,25,4,,0,2,,1612196,44,4,,0,47,,1612197,44,4,,0,16,,1612198,44,4,,0,19,,1612199,44,4,,0
27001,'20261007',637,,1612201,44,4,,0,13,,1612202,44,4,,0,7,,1612203,44,4,,0,57,,1612204,44,4,,0,13,,1612205,44,4,,0,24,,1612200,25,4,,0,2,,1612206,44,4,,0,47,,1612207,44,4,,0,16,,1612208,44,4,,0,19,,1612209,44,4,,0
27001,'20261008',637,,1612211,44,4,,0,13,,1612212,44,4,,0,7,,1612213,44,4,,0,57,,1612214,44,4,,0,13,,1612215,44,4,,0,24,,1612210,25,4,,0,2,,1612216,44,4,,0,47,,1612217,44,4,,0,16,,1612218,44,4,,0,19,,1612219,44,4,,0
27001,'20261009',637,,1612221,44,4,,0,13,,1612222,44,4,,0,7,,1612223,44,4,,0,57,,1612224,44,4,,0,13,,1612225,44,4,,0,24,,1612220,25,4,,0,2,,1612226,44,4,,0,47,,1612227,44,4,,0,16,,1612228,44,4,,0,19,,1612229,44,4,,0
27001,'20261013',637,,1580465,44,4,,0,13,,1580466,44,4,,0,7,,1580467,44,4,,0,57,,1580468,44,4,,0,13,,1580469,44,4,,0,26,,1580470,44,4,,0,47,,1580471,44,4,,0,16,,1580472,44,4,,0,19,,1580473,44,4,,0
27001,'20261014',637,,1580474,44,4,,0,13,,1580475,44,4,,0,7,,1580476,44,4,,0,57,,1580477,44,4,,0,13,,1580478,44,4,,0,26,,1580479,44,4,,0,47,,1580480,44,4,,0,16,,1580481,44,4,,0,19,,1580482,44,4,,0
27001,'20261015',637,,1580483,44,4,,0,13,,1580484,44,4,,0,7,,1580485,44,4,,0,57,,1580486,44,4,,0,13,,1580487,44,4,,0,26,,1580488,44,4,,0,47,,1580489,44,4,,0,16,,1580490,44,4,,0,19,,1580491,44,4,,0
27001,'20261016',637,,1580492,44,4,,0,13,,1580493,44,4,,0,7,,1580494,44,4,,0,57,,1580495,44,4,,0,13,,1580496,44,4,,0,26,,1580497,44,4,,0,47,,1580498,44,4,,0,16,,1580499,44,4,,0,19,,1580500,44,4,,0
27001,'20261019',637,,1612230,44,4,,0,13,,1612231,44,4,,0,7,,1612232,44,4,,0,57,,1612233,44,4,,0,13,,1612234,44,4,,0,26,,1612235,44,4,,0,47,,1612236,44,4,,0,16,,1612237,44,4,,0,19,,1612238,44,4,,0
27001,'20261020',637,,1612239,44,4,,0,13,,1612240,44,4,,0,7,,1612241,44,4,,0,57,,1612242,44,4,,0,13,,1612243,44,4,,0,26,,1612244,44,4,,0,47,,1612245,44,4,,0,16,,1612246,44,4,,0,19,,1612247,44,4,,0
27201,'20261006',656,,1612278,53,4,,0,64,,1612279,53,4,,0,32,,1612280,53,4,,0,54,,1612281,53,4,,0,28,,1612282,53,4,,0
27201,'20261007',656,,1612283,53,4,,0,64,,1612284,53,4,,0,32,,1612285,53,4,,0,54,,1612286,53,4,,0,28,,1612287,53,4,,0
27201,'20261008',656,,1612288,53,4,,0,64,,1612289,53,4,,0,32,,1612290,53,4,,0,54,,1612291,53,4,,0,28,,1612292,53,4,,0
27201,'20261009',656,,1612293,53,4,,0,64,,1612294,53,4,,0,32,,1612295,53,4,,0,54,,1612296,53,4,,0,28,,1612297,53,4,,0
27201,'20261013',656,,1580545,53,4,,0,64,,1580542,53,4,,0,32,,1580541,53,4,,0,54,,1580544,53,4,,0,28,,1580543,53,4,,0
27201,'20261014',656,,1580550,53,4,,0,64,,1580547,53,4,,0,32,,1580546,53,4,,0,54,,1580549,53,4,,0,28,,1580548,53,4,,0
27201,'20261015',656,,1580555,53,4,,0,64,,1580552,53,4,,0,32,,1580551,53,4,,0,54,,1580554,53,4,,0,28,,1580553,53,4,,0
27201,'20261016',656,,1580560,53,4,,0,64,,1580557,53,4,,0,32,,1580556,53,4,,0,54,,1580559,53,4,,0,28,,1580558,53,4,,0
27201,'20261019',656,,1612302,53,4,,0,64,,1612299,53,4,,0,32,,1612298,53,4,,0,54,,1612301,53,4,,0,28,,1612300,53,4,,0
27201,'20261020',656,,1612307,53,4,,0,64,,1612304,53,4,,0,32,,1612303,53,4,,0,54,,1612306,53,4,,0,28,,1612305,53,4,,0
27301,'20261006',652,,1612332,54,4,,0,65,,1612333,54,4,,0,90,,1612334,54,4,,0,30,,1612335,54,4,,0
27301,'20261007',652,,1612336,54,4,,0,65,,1612337,54,4,,0,90,,1612338,54,4,,0,30,,1612339,54,4,,0
27301,'20261008',652,,1612340,54,4,,0,65,,1612341,54,4,,0,90,,1612342,54,4,,0,30,,1612343,54,4,,0
27301,'20261009',652,,1612344,54,4,,0,65,,1612345,54,4,,0,90,,1612346,54,4,,0,30,,1612347,54,4,,0
27301,'20261013',652,,1580593,54,4,,0,65,,1580594,54,4,,0,90,,1580595,54,4,,0,30,,1580596,54,4,,0
27301,'20261014',652,,1580597,54,4,,0,65,,1580598,54,4,,0,90,,1580599,54,4,,0,30,,1580600,54,4,,0
27301,'20261015',652,,1580601,54,4,,0,65,,1580602,54,4,,0,90,,1580603,54,4,,0,30,,1580604,54,4,,0
27301,'20261016',652,,1580605,54,4,,0,65,,1580606,54,4,,0,90,,1580607,54,4,,0,30,,1580608,54,4,,0
27301,'20261019',652,,1612348,54,4,,0,65,,1612349,54,4,,0,90,,1612350,54,4,,0,30,,1612351,54,4,,0
27301,'20261020',652,,1612352,54,4,,0,65,,1612353,54,4,,0,90,,1612354,54,4,,0,30,,1612355,54,4,,0
27401,'20261006',704,,1612386,40,4,,0,26,,1612387,40,4,,0,71,,1612388,40,4,,0,7,,1612389,40,4,,0,31,,1612390,40,4,,0
27401,'20261007',704,,1612391,40,4,,0,26,,1612392,40,4,,0,71,,1612393,40,4,,0,7,,1612394,40,4,,0,31,,1612395,40,4,,0
27401,'20261008',704,,1612396,40,4,,0,26,,1612397,40,4,,0,71,,1612398,40,4,,0,7,,1612399,40,4,,0,31,,1612400,40,4,,0
27401,'20261009',704,,1612401,40,4,,0,26,,1612402,40,4,,0,71,,1612403,40,4,,0,7,,1612404,40,4,,0,31,,1612405,40,4,,0
27401,'20261013',704,,1580649,40,4,,0,26,,1580650,40,4,,0,71,,1580651,40,4,,0,7,,1580653,40,4,,0,31,,1580652,40,4,,0
27401,'20261014',704,,1580654,40,4,,0,26,,1580655,40,4,,0,71,,1580656,40,4,,0,7,,1580658,40,4,,0,31,,1580657,40,4,,0
27401,'20261015',704,,1580659,40,4,,0,26,,1580660,40,4,,0,71,,1580661,40,4,,0,7,,1580663,40,4,,0,31,,1580662,40,4,,0
27401,'20261016',704,,1580664,40,4,,0,26,,1580665,40,4,,0,71,,1580666,40,4,,0,7,,1580668,40,4,,0,31,,1580667,40,4,,0
27401,'20261019',704,,1612406,40,4,,0,26,,1612407,40,4,,0,71,,1612408,40,4,,0,7,,1612410,40,4,,0,31,,1612409,40,4,,0
27401,'20261020',704,,1612411,40,4,,0,26,,1612412,40,4,,0,71,,1612413,40,4,,0,7,,1612415,40,4,,0,31,,1612414,40,4,,0
27901,'20261006',651,,1612440,42,4,,0,89,,1612441,42,4,,0,76,,1612442,42,4,,0,23,,1612443,42,4,,0
27901,'20261007',651,,1612444,42,4,,0,89,,1612445,42,4,,0,76,,1612446,42,4,,0,23,,1612447,42,4,,0
27901,'20261008',651,,1612448,42,4,,0,89,,1612449,42,4,,0,76,,1612450,42,4,,0,23,,1612451,42,4,,0
27901,'20261009',651,,1612452,42,4,,0,89,,1612453,42,4,,0,76,,1612454,42,4,,0,23,,1612455,42,4,,0
27901,'20261013',651,,1580704,42,4,,0,89,,1580702,42,4,,0,76,,1580703,42,4,,0,23,,1580701,42,4,,0
27901,'20261014',651,,1580708,42,4,,0,89,,1580706,42,4,,0,76,,1580707,42,4,,0,23,,1580705,42,4,,0
27901,'20261015',651,,1580712,42,4,,0,89,,1580710,42,4,,0,76,,1580711,42,4,,0,23,,1580709,42,4,,0
27901,'20261016',651,,1580716,42,4,,0,89,,1580714,42,4,,0,76,,1580715,42,4,,0,23,,1580713,42,4,,0
27901,'20261019',651,,1612459,42,4,,0,89,,1612457,42,4,,0,76,,1612458,42,4,,0,23,,1612456,42,4,,0
27901,'20261020',651,,1612463,42,4,,0,89,,1612461,42,4,,0,76,,1612462,42,4,,0,23,,1612460,42,4,,0
28001,'20261006',651,,1612500,45,4,,0,80,,1612501,45,4,,0,25,,1612502,45,4,,0,59,,1612503,45,4,,0,14,,1612504,45,4,,0,7,,1612505,45,4,,0
28001,'20261007',651,,1612506,45,4,,0,80,,1612507,45,4,,0,25,,1612508,45,4,,0,59,,1612509,45,4,,0,14,,1612510,45,4,,0,7,,1612511,45,4,,0
28001,'20261008',651,,1612512,45,4,,0,80,,1612513,45,4,,0,25,,1612514,45,4,,0,59,,1612515,45,4,,0,14,,1612516,45,4,,0,7,,1612517,45,4,,0
28001,'20261009',651,,1612518,45,4,,0,80,,1612519,45,4,,0,25,,1612520,45,4,,0,59,,1612521,45,4,,0,14,,1612522,45,4,,0,7,,1612523,45,4,,0
28001,'20261013',651,,1580765,45,4,,0,80,,1580766,45,4,,0,25,,1580767,45,4,,0,59,,1580770,45,4,,0,14,,1580768,45,4,,0,7,,1580769,45,4,,0
28001,'20261014',651,,1580771,45,4,,0,80,,1580772,45,4,,0,25,,1580773,45,4,,0,59,,1580776,45,4,,0,14,,1580774,45,4,,0,7,,1580775,45,4,,0
28001,'20261015',651,,1580777,45,4,,0,80,,1580778,45,4,,0,25,,1580779,45,4,,0,59,,1580782,45,4,,0,14,,1580780,45,4,,0,7,,1580781,45,4,,0
28001,'20261016',651,,1580783,45,4,,0,80,,1580784,45,4,,0,25,,1580785,45,4,,0,59,,1580788,45,4,,0,14,,1580786,45,4,,0,7,,1580787,45,4,,0
28001,'20261019',651,,1612524,45,4,,0,80,,1612525,45,4,,0,25,,1612526,45,4,,0,59,,1612529,45,4,,0,14,,1612527,45,4,,0,7,,1612528,45,4,,0
28001,'20261020',651,,1612530,45,4,,0,80,,1612531,45,4,,0,25,,1612532,45,4,,0,59,,1612535,45,4,,0,14,,1612533,45,4,,0,7,,1612534,45,4,,0
28101,'20261006',703,,1612566,40,4,,0,23,,1612567,40,4,,0,80,,1612568,40,4,,0,13,,1612569,40,4,,0,17,,1612570,40,4,,0
28101,'20261007',703,,1612571,40,4,,0,23,,1612572,40,4,,0,80,,1612573,40,4,,0,13,,1612574,40,4,,0,17,,1612575,40,4,,0
28101,'20261008',703,,1612576,40,4,,0,23,,1612577,40,4,,0,80,,1612578,40,4,,0,13,,1612579,40,4,,0,17,,1612580,40,4,,0
28101,'20261009',703,,1612581,40,4,,0,23,,1612582,40,4,,0,80,,1612583,40,4,,0,13,,1612584,40,4,,0,17,,1612585,40,4,,0
28101,'20261013',703,,1580833,40,4,,0,23,,1580832,40,4,,0,80,,1580829,40,4,,0,13,,1580830,40,4,,0,17,,1580831,40,4,,0
28101,'20261014',703,,1580838,40,4,,0,23,,1580837,40,4,,0,80,,1580834,40,4,,0,13,,1580835,40,4,,0,17,,1580836,40,4,,0
28101,'20261015',703,,1580843,40,4,,0,23,,1580842,40,4,,0,80,,1580839,40,4,,0,13,,1580840,40,4,,0,17,,1580841,40,4,,0
28101,'20261016',703,,1580848,40,4,,0,23,,1580847,40,4,,0,80,,1580844,40,4,,0,13,,1580845,40,4,,0,17,,1580846,40,4,,0
28101,'20261019',703,,1612590,40,4,,0,23,,1612589,40,4,,0,80,,1612586,40,4,,0,13,,1612587,40,4,,0,17,,1612588,40,4,,0
28101,'20261020',703,,1612595,40,4,,0,23,,1612594,40,4,,0,80,,1612591,40,4,,0,13,,1612592,40,4,,0,17,,1612593,40,4,,0
28201,'20261006',636,,1612632,58,4,,0,21,,1612633,58,4,,0,81,,1612634,58,4,,0,64,,1612635,58,4,,0,35,,1612636,58,4,,0
28201,'20261007',636,,1612637,58,4,,0,21,,1612638,58,4,,0,81,,1612639,58,4,,0,64,,1612640,58,4,,0,35,,1612641,58,4,,0
28201,'20261008',636,,1612642,58,4,,0,21,,1612643,58,4,,0,81,,1612644,58,4,,0,64,,1612645,58,4,,0,35,,1612646,58,4,,0
28201,'20261009',636,,1612647,58,4,,0,21,,1612648,58,4,,0,81,,1612649,58,4,,0,64,,1612650,58,4,,0,35,,1612651,58,4,,0
28201,'20261013',636,,1580895,58,4,,0,21,,1580898,58,4,,0,81,,1580899,58,4,,0,64,,1580896,58,4,,0,35,,1580897,58,4,,0
28201,'20261014',636,,1580900,58,4,,0,21,,1580903,58,4,,0,81,,1580904,58,4,,0,64,,1580901,58,4,,0,35,,1580902,58,4,,0
28201,'20261015',636,,1580905,58,4,,0,21,,1580908,58,4,,0,81,,1580909,58,4,,0,64,,1580906,58,4,,0,35,,1580907,58,4,,0
28201,'20261016',636,,1580910,58,4,,0,21,,1580913,58,4,,0,81,,1580914,58,4,,0,64,,1580911,58,4,,0,35,,1580912,58,4,,0
28201,'20261019',636,,1612652,58,4,,0,21,,1612655,58,4,,0,81,,1612656,58,4,,0,64,,1612653,58,4,,0,35,,1612654,58,4,,0
28201,'20261020',636,,1612657,58,4,,0,21,,1612660,58,4,,0,81,,1612661,58,4,,0,64,,1612658,58,4,,0,35,,1612659,58,4,,0
28401,'20261006',706,,1612734,73,4,,0,29,,1612735,73,4,,0,68,,1612736,73,4,,0,18,,1612737,73,4,,0,19,,1612738,73,4,,0
28401,'20261007',706,,1612739,73,4,,0,29,,1612740,73,4,,0,68,,1612741,73,4,,0,18,,1612742,73,4,,0,19,,1612743,73,4,,0
28401,'20261008',706,,1612744,73,4,,0,29,,1612745,73,4,,0,68,,1612746,73,4,,0,18,,1612747,73,4,,0,19,,1612748,73,4,,0
28401,'20261009',706,,1612749,73,4,,0,29,,1612750,73,4,,0,68,,1612751,73,4,,0,18,,1612752,73,4,,0,19,,1612753,73,4,,0
28401,'20261013',706,,1581000,73,4,,0,29,,1580997,73,4,,0,68,,1581001,73,4,,0,18,,1580998,73,4,,0,19,,1580999,73,4,,0
28401,'20261014',706,,1581005,73,4,,0,29,,1581002,73,4,,0,68,,1581006,73,4,,0,18,,1581003,73,4,,0,19,,1581004,73,4,,0
28401,'20261015',706,,1581010,73,4,,0,29,,1581007,73,4,,0,68,,1581011,73,4,,0,18,,1581008,73,4,,0,19,,1581009,73,4,,0
28401,'20261016',706,,1581015,73,4,,0,29,,1581012,73,4,,0,68,,1581016,73,4,,0,18,,1581013,73,4,,0,19,,1581014,73,4,,0
28401,'20261019',706,,1612757,73,4,,0,29,,1612754,73,4,,0,68,,1612758,73,4,,0,18,,1612755,73,4,,0,19,,1612756,73,4,,0
28401,'20261020',706,,1612762,73,4,,0,29,,1612759,73,4,,0,68,,1612763,73,4,,0,18,,1612760,73,4,,0,19,,1612761,73,4,,0
28901,'20261006',705,,1612794,34,4,,0,30,,1612795,34,4,,0,20,,1612796,34,4,,0,57,,1612797,34,4,,0,25,,1612798,34,4,,0
28901,'20261007',705,,1612799,34,4,,0,30,,1612800,34,4,,0,20,,1612801,34,4,,0,57,,1612802,34,4,,0,25,,1612803,34,4,,0
28901,'20261008',705,,1612804,34,4,,0,30,,1612805,34,4,,0,20,,1612806,34,4,,0,57,,1612807,34,4,,0,25,,1612808,34,4,,0
28901,'20261009',705,,1612809,34,4,,0,30,,1612810,34,4,,0,20,,1612811,34,4,,0,57,,1612812,34,4,,0,25,,1612813,34,4,,0
28901,'20261013',705,,1581058,34,4,,0,30,,1581057,34,4,,0,20,,1581059,34,4,,0,57,,1581061,34,4,,0,25,,1581060,34,4,,0
28901,'20261014',705,,1581063,34,4,,0,30,,1581062,34,4,,0,20,,1581064,34,4,,0,57,,1581066,34,4,,0,25,,1581065,34,4,,0
28901,'20261015',705,,1581068,34,4,,0,30,,1581067,34,4,,0,20,,1581069,34,4,,0,57,,1581071,34,4,,0,25,,1581070,34,4,,0
28901,'20261016',705,,1581073,34,4,,0,30,,1581072,34,4,,0,20,,1581074,34,4,,0,57,,1581076,34,4,,0,25,,1581075,34,4,,0
28901,'20261019',705,,1612815,34,4,,0,30,,1612814,34,4,,0,20,,1612816,34,4,,0,57,,1612818,34,4,,0,25,,1612817,34,4,,0
28901,'20261020',705,,1612820,34,4,,0,30,,1612819,34,4,,0,20,,1612821,34,4,,0,57,,1612823,34,4,,0,25,,1612822,34,4,,0
80003,'20261006',517,,1615433,32,,,1,15,,1615434,32,,,1,15,,1615435,32,,,1,56,,1615436,32,,,1,13,,1615437,32,,,1,10,,1615438,32,,,1,10,,1615439,32,,,1,11,,1615440,32,,,1,10,,1615441,32,,,1,50,,1615442,32,,,1,11,,1615443,32,,,1,10,,1615444,32,,,1,12,,1615445,32,,,1,10,,1615446,32,,,1,8,,1615447,32,,,1,49,,1615448,32,,,1,10,,1615449,32,,,1,10,,1615450,32,,,1,13,,1615451,32,,,1,14,,1615452,32,,,1,54,,1615453,32,,,1,14,,1615454,32,,,1,14,,1615455,32,,,1,14,,1615456,32,,,1,55,,1615457,32,,,1,16,,1615458,32,,,1,13,,1615459,32,,,1,15,,1615460,32,,,1,55,,1615461,32,,,1,16,,1615462,32,,,1,15,,1615463,32,,,1,15,,1615464,32,,,1,55,,1615465,32,,,1,16,,1615466,32,,,1,15,,1615467,32,,,1,15,,1615468,32,,,1,55,,1615469,32,,,1,15,,1615470,32,,,1,15,,1615471,32,,,1,15,,1615472,32,,,1,55,,1615473,32,,,1,15,,1615474,32,,,1,15,,1615475,32,,,1,16,,1615476,32,,,1,55,,1615477,32,,,1,15,,1615478,32,,,1,12,,1615479,32,,,1,12,,1615480,32,,,1,11,,1615481,32,,,1,50,,1615482,32,,,1,10,,1615483,32,,,1,11,,1615484,32,,,1,10,,1615485,32,,,1,10,,1615486,32,,,1,10,,1615487,32,,,1,50,,1615488,32,,,1,9,,1615489,32,,,1,10,,1615490,32,,,1,10,,1615491,32,,,1,9,,1615492,32,,,1,9,,1615493,32,,,1,50,,1615494,32,,,1,11,,1615495,32,,,1,9,,1615496,32,,,1,13,,1615497,32,,,1,14,,1615498,32,,,1,54,,1615499,32,,,1,16,,1615500,32,,,1,14,,1615501,32,,,1,14,,1615502,32,,,1,53,,1615503,32,,,1,15,,1615504,32,,,1,16,,1615505,32,,,1,15,,1615506,32,,,1,55,,1615507,32,,,1,15,,1615508,32,,,1,16,,1615509,32,,,1,15,,1615510,32,,,1,55,,1615511,32,,,1,15,,1615512,32,,,1,14,,1615513,32,,,1,15,,1615514,32,,,1,55,,1615515,32,,,1,13,,1615516,32,,,1,15,,1615517,32,,,1,16,,1615518,32,,,1,55,,1615519,32,,,1,13,,1615520,32,,,1,16,,1615521,32,,,1,16,,1615522,32,,,1,55,,1615523,32,,,1
80003,'20261007',517,,1615525,32,,,1,15,,1615526,32,,,1,15,,1615527,32,,,1,56,,1615528,32,,,1,13,,1615529,32,,,1,10,,1615530,32,,,1,10,,1615531,32,,,1,11,,1615532,32,,,1,10,,1615533,32,,,1,50,,1615534,32,,,1,11,,1615535,32,,,1,10,,1615536,32,,,1,12,,1615537,32,,,1,10,,1615538,32,,,1,8,,1615539,32,,,1,49,,1615540,32,,,1,10,,1615541,32,,,1,10,,1615542,32,,,1,13,,1615543,32,,,1,14,,1615544,32,,,1,54,,1615545,32,,,1,14,,1615546,32,,,1,14,,1615547,32,,,1,14,,1615548,32,,,1,55,,1615549,32,,,1,16,,1615550,32,,,1,13,,1615551,32,,,1,15,,1615552,32,,,1,55,,1615553,32,,,1,16,,1615554,32,,,1,15,,1615555,32,,,1,15,,1615556,32,,,1,55,,1615557,32,,,1,16,,1615558,32,,,1,15,,1615559,32,,,1,15,,1615560,32,,,1,55,,1615561,32,,,1,15,,1615562,32,,,1,15,,1615563,32,,,1,15,,1615564,32,,,1,55,,1615565,32,,,1,15,,1615566,32,,,1,15,,1615567,32,,,1,16,,1615568,32,,,1,55,,1615569,32,,,1,15,,1615570,32,,,1,12,,1615571,32,,,1,12,,1615572,32,,,1,11,,1615573,32,,,1,50,,1615574,32,,,1,10,,1615575,32,,,1,11,,1615576,32,,,1,10,,1615577,32,,,1,10,,1615578,32,,,1,10,,1615579,32,,,1,50,,1615580,32,,,1,9,,1615581,32,,,1,10,,1615582,32,,,1,10,,1615583,32,,,1,9,,1615584,32,,,1,9,,1615585,32,,,1,50,,1615586,32,,,1,11,,1615587,32,,,1,9,,1615588,32,,,1,13,,1615589,32,,,1,14,,1615590,32,,,1,54,,1615591,32,,,1,16,,1615592,32,,,1,14,,1615593,32,,,1,14,,1615594,32,,,1,53,,1615595,32,,,1,15,,1615596,32,,,1,16,,1615597,32,,,1,15,,1615598,32,,,1,55,,1615599,32,,,1,15,,1615600,32,,,1,16,,1615601,32,,,1,15,,1615602,32,,,1,55,,1615603,32,,,1,15,,1615604,32,,,1,14,,1615605,32,,,1,15,,1615606,32,,,1,55,,1615607,32,,,1,13,,1615608,32,,,1,15,,1615609,32,,,1,16,,1615610,32,,,1,55,,1615611,32,,,1,13,,1615612,32,,,1,16,,1615613,32,,,1,16,,1615614,32,,,1,55,,1615615,32,,,1
80003,'20261008',517,,1615617,32,,,1,15,,1615618,32,,,1,15,,1615619,32,,,1,56,,1615620,32,,,1,13,,1615621,32,,,1,10,,1615622,32,,,1,10,,1615623,32,,,1,11,,1615624,32,,,1,10,,1615625,32,,,1,50,,1615626,32,,,1,11,,1615627,32,,,1,10,,1615628,32,,,1,12,,1615629,32,,,1,10,,1615630,32,,,1,8,,1615631,32,,,1,49,,1615632,32,,,1,10,,1615633,32,,,1,10,,1615634,32,,,1,13,,1615635,32,,,1,14,,1615636,32,,,1,54,,1615637,32,,,1,14,,1615638,32,,,1,14,,1615639,32,,,1,14,,1615640,32,,,1,55,,1615641,32,,,1,16,,1615642,32,,,1,13,,1615643,32,,,1,15,,1615644,32,,,1,55,,1615645,32,,,1,16,,1615646,32,,,1,15,,1615647,32,,,1,15,,1615648,32,,,1,55,,1615649,32,,,1,16,,1615650,32,,,1,15,,1615651,32,,,1,15,,1615652,32,,,1,55,,1615653,32,,,1,15,,1615654,32,,,1,15,,1615655,32,,,1,15,,1615656,32,,,1,55,,1615657,32,,,1,15,,1615658,32,,,1,15,,1615659,32,,,1,16,,1615660,32,,,1,55,,1615661,32,,,1,15,,1615662,32,,,1,12,,1615663,32,,,1,12,,1615664,32,,,1,11,,1615665,32,,,1,50,,1615666,32,,,1,10,,1615667,32,,,1,11,,1615668,32,,,1,10,,1615669,32,,,1,10,,1615670,32,,,1,10,,1615671,32,,,1,50,,1615672,32,,,1,9,,1615673,32,,,1,10,,1615674,32,,,1,10,,1615675,32,,,1,9,,1615676,32,,,1,9,,1615677,32,,,1,50,,1615678,32,,,1,11,,1615679,32,,,1,9,,1615680,32,,,1,13,,1615681,32,,,1,14,,1615682,32,,,1,54,,1615683,32,,,1,16,,1615684,32,,,1,14,,1615685,32,,,1,14,,1615686,32,,,1,53,,1615687,32,,,1,15,,1615688,32,,,1,16,,1615689,32,,,1,15,,1615690,32,,,1,55,,1615691,32,,,1,15,,1615692,32,,,1,16,,1615693,32,,,1,15,,1615694,32,,,1,55,,1615695,32,,,1,15,,1615696,32,,,1,14,,1615697,32,,,1,15,,1615698,32,,,1,55,,1615699,32,,,1,13,,1615700,32,,,1,15,,1615701,32,,,1,16,,1615702,32,,,1,55,,1615703,32,,,1,13,,1615704,32,,,1,16,,1615705,32,,,1,16,,1615706,32,,,1,55,,1615707,32,,,1
80003,'20261009',517,,1615709,32,,,1,15,,1615710,32,,,1,15,,1615711,32,,,1,56,,1615712,32,,,1,13,,1615713,32,,,1,10,,1615714,32,,,1,10,,1615715,32,,,1,11,,1615716,32,,,1,10,,1615717,32,,,1,50,,1615718,32,,,1,11,,1615719,32,,,1,10,,1615720,32,,,1,12,,1615721,32,,,1,10,,1615722,32,,,1,8,,1615723,32,,,1,49,,1615724,32,,,1,10,,1615725,32,,,1,10,,1615726,32,,,1,13,,1615727,32,,,1,14,,1615728,32,,,1,54,,1615729,32,,,1,14,,1615730,32,,,1,14,,1615731,32,,,1,14,,1615732,32,,,1,55,,1615733,32,,,1,16,,1615734,32,,,1,13,,1615735,32,,,1,15,,1615736,32,,,1,55,,1615737,32,,,1,16,,1615738,32,,,1,15,,1615739,32,,,1,15,,1615740,32,,,1,55,,1615741,32,,,1,16,,1615742,32,,,1,15,,1615743,32,,,1,15,,1615744,32,,,1,55,,1615745,32,,,1,15,,1615746,32,,,1,15,,1615747,32,,,1,15,,1615748,32,,,1,55,,1615749,32,,,1,15,,1615750,32,,,1,15,,1615751,32,,,1,16,,1615752,32,,,1,55,,1615753,32,,,1,15,,1615754,32,,,1,12,,1615755,32,,,1,12,,1615756,32,,,1,11,,1615757,32,,,1,50,,1615758,32,,,1,10,,1615759,32,,,1,11,,1615760,32,,,1,10,,1615761,32,,,1,10,,1615762,32,,,1,10,,1615763,32,,,1,50,,1615764,32,,,1,9,,1615765,32,,,1,10,,1615766,32,,,1,10,,1615767,32,,,1,9,,1615768,32,,,1,9,,1615769,32,,,1,50,,1615770,32,,,1,11,,1615771,32,,,1,9,,1615772,32,,,1,13,,1615773,32,,,1,14,,1615774,32,,,1,54,,1615775,32,,,1,16,,1615776,32,,,1,14,,1615777,32,,,1,14,,1615778,32,,,1,53,,1615779,32,,,1,15,,1615780,32,,,1,16,,1615781,32,,,1,15,,1615782,32,,,1,55,,1615783,32,,,1,15,,1615784,32,,,1,16,,1615785,32,,,1,15,,1615786,32,,,1,55,,1615787,32,,,1,15,,1615788,32,,,1,14,,1615789,32,,,1,15,,1615790,32,,,1,55,,1615791,32,,,1,13,,1615792,32,,,1,15,,1615793,32,,,1,16,,1615794,32,,,1,55,,1615795,32,,,1,13,,1615796,32,,,1,16,,1615797,32,,,1,16,,1615798,32,,,1,55,,1615799,32,,,1
80003,'20261010',557,,1555071,32,,,1,55,,1555072,32,,,1,15,,1555073,32,,,1,15,,1555074,32,,,1,16,,1555075,32,,,1,56,,1555076,32,,,1,15,,1555077,32,,,1,15,,1555079,32,,,1,15,,1555080,32,,,1,55,,1555081,32,,,1,16,,1555078,32,,,1,15,,1555082,32,,,1,55,,1555083,32,,,1,16,,1555084,32,,,1,15,,1555085,32,,,1,15,,1555086,32,,,1,54,,1555087,32,,,1,15,,1555088,32,,,1,15,,1555089,32,,,1,16,,1555091,32,,,1,56,,1555092,32,,,1,15,,1555093,32,,,1,15,,1555090,32,,,1,15,,1555094,32,,,1,56,,1555095,32,,,1,16,,1555096,32,,,1,13,,1555097,32,,,1,15,,1555098,32,,,1,55,,1555100,32,,,1,15,,1555099,32,,,1,15,,1555101,32,,,1,14,,1555102,32,,,1,56,,1555103,32,,,1,15,,1555104,32,,,1,15,,1555105,32,,,1,15,,1555106,32,,,1,54,,1555107,32,,,1,15,,1555109,32,,,1,15,,1555110,32,,,1,15,,1555111,32,,,1,54,,1555108,32,,,1,16,,1555112,32,,,1,15,,1555113,32,,,1,16,,1555114,32,,,1,54,,1555115,32,,,1,16,,1555116,32,,,1,16,,1555117,32,,,1,14,,1555118,32,,,1,55,,1555120,32,,,1,16,,1555121,32,,,1,15,,1555122,32,,,1,16,,1555119,32,,,1,53,,1555123,32,,,1,15,,1555124,32,,,1,15,,1555125,32,,,1,15,,1555126,32,,,1,55,,1555128,32,,,1,15,,1555129,32,,,1,17,,1555130,32,,,1,17,,1555127,32,,,1,54,,1555131,32,,,1,14,,1555132,32,,,1,15,,1555133,32,,,1,15,,1555134,32,,,1,55,,1555135,32,,,1,15,,1555136,32,,,1,16,,1555137,32,,,1,13,,1555139,32,,,1,55,,1555140,32,,,1,15,,1555141,32,,,1,15,,1555138,32,,,1,15,,1555142,32,,,1,53,,1555143,32,,,1,15,,1555144,32,,,1,14,,1555145,32,,,1,15,,1555146,32,,,1,55,,1555147,32,,,1
80003,'20261011',557,,1555165,32,,,1,55,,1555155,32,,,1,15,,1555160,32,,,1,15,,1555153,32,,,1,16,,1555166,32,,,1,56,,1555151,32,,,1,15,,1555150,32,,,1,15,,1555159,32,,,1,15,,1555167,32,,,1,55,,1555148,32,,,1,16,,1555161,32,,,1,15,,1555154,32,,,1,55,,1555149,32,,,1,16,,1555168,32,,,1,15,,1555169,32,,,1,15,,1555163,32,,,1,54,,1555156,32,,,1,15,,1555164,32,,,1,15,,1555157,32,,,1,16,,1555171,32,,,1,56,,1555152,32,,,1,15,,1555172,32,,,1,15,,1555170,32,,,1,15,,1555175,32,,,1,56,,1555173,32,,,1,16,,1555158,32,,,1,13,,1555180,32,,,1,15,,1555174,32,,,1,55,,1555181,32,,,1,15,,1555176,32,,,1,15,,1555177,32,,,1,14,,1555178,32,,,1,56,,1555179,32,,,1,15,,1555162,32,,,1,15,,1555182,32,,,1,15,,1555198,32,,,1,54,,1555191,32,,,1,15,,1555194,32,,,1,15,,1555188,32,,,1,15,,1555197,32,,,1,54,,1555189,32,,,1,16,,1555190,32,,,1,15,,1555184,32,,,1,16,,1555199,32,,,1,54,,1555200,32,,,1,16,,1555195,32,,,1,16,,1555185,32,,,1,14,,1555192,32,,,1,55,,1555196,32,,,1,16,,1555201,32,,,1,15,,1555202,32,,,1,16,,1555193,32,,,1,53,,1555183,32,,,1,15,,1555203,32,,,1,15,,1555204,32,,,1,15,,1555205,32,,,1,55,,1555206,32,,,1,15,,1555187,32,,,1,17,,1555216,32,,,1,17,,1555186,32,,,1,54,,1555221,32,,,1,14,,1555208,32,,,1,15,,1555210,32,,,1,15,,1555218,32,,,1,55,,1555212,32,,,1,15,,1555211,32,,,1,16,,1555219,32,,,1,13,,1555207,32,,,1,55,,1555215,32,,,1,15,,1555214,32,,,1,15,,1555213,32,,,1,15,,1555220,32,,,1,53,,1555222,32,,,1,15,,1555223,32,,,1,14,,1555209,32,,,1,15,,1555217,32,,,1,55,,1555224,32,,,1
80003,'20261012',557,,1555242,32,,,1,55,,1555232,32,,,1,15,,1555237,32,,,1,15,,1555230,32,,,1,16,,1555243,32,,,1,56,,1555228,32,,,1,15,,1555227,32,,,1,15,,1555236,32,,,1,15,,1555244,32,,,1,55,,1555225,32,,,1,16,,1555238,32,,,1,15,,1555231,32,,,1,55,,1555226,32,,,1,16,,1555245,32,,,1,15,,1555246,32,,,1,15,,1555240,32,,,1,54,,1555233,32,,,1,15,,1555241,32,,,1,15,,1555234,32,,,1,16,,1555248,32,,,1,56,,1555229,32,,,1,15,,1555249,32,,,1,15,,1555247,32,,,1,15,,1555252,32,,,1,56,,1555250,32,,,1,16,,1555235,32,,,1,13,,1555257,32,,,1,15,,1555251,32,,,1,55,,1555258,32,,,1,15,,1555253,32,,,1,15,,1555254,32,,,1,14,,1555255,32,,,1,56,,1555256,32,,,1,15,,1555239,32,,,1,15,,1555259,32,,,1,15,,1555275,32,,,1,54,,1555268,32,,,1,15,,1555271,32,,,1,15,,1555265,32,,,1,15,,1555274,32,,,1,54,,1555266,32,,,1,16,,1555267,32,,,1,15,,1555261,32,,,1,16,,1555276,32,,,1,54,,1555277,32,,,1,16,,1555272,32,,,1,16,,1555262,32,,,1,14,,1555269,32,,,1,55,,1555273,32,,,1,16,,1555278,32,,,1,15,,1555279,32,,,1,16,,1555270,32,,,1,53,,1555260,32,,,1,15,,1555280,32,,,1,15,,1555281,32,,,1,15,,1555282,32,,,1,55,,1555283,32,,,1,15,,1555264,32,,,1,17,,1555293,32,,,1,17,,1555263,32,,,1,54,,1555298,32,,,1,14,,1555285,32,,,1,15,,1555287,32,,,1,15,,1555295,32,,,1,55,,1555289,32,,,1,15,,1555288,32,,,1,16,,1555296,32,,,1,13,,1555284,32,,,1,55,,1555292,32,,,1,15,,1555291,32,,,1,15,,1555290,32,,,1,15,,1555297,32,,,1,53,,1555299,32,,,1,15,,1555300,32,,,1,14,,1555286,32,,,1,15,,1555294,32,,,1,55,,1555301,32,,,1
80003,'20261013',517,,1584102,32,,,1,15,,1584015,32,,,1,15,,1584041,32,,,1,56,,1584038,32,,,1,13,,1584020,32,,,1,10,,1584040,32,,,1,10,,1584017,32,,,1,11,,1584028,32,,,1,10,,1584096,32,,,1,50,,1584095,32,,,1,11,,1584094,32,,,1,10,,1584093,32,,,1,12,,1584092,32,,,1,10,,1584091,32,,,1,8,,1584090,32,,,1,49,,1584089,32,,,1,10,,1584088,32,,,1,10,,1584087,32,,,1,13,,1584086,32,,,1,14,,1584085,32,,,1,54,,1584084,32,,,1,14,,1584083,32,,,1,14,,1584082,32,,,1,14,,1584081,32,,,1,55,,1584080,32,,,1,16,,1584079,32,,,1,13,,1584078,32,,,1,15,,1584077,32,,,1,55,,1584076,32,,,1,16,,1584075,32,,,1,15,,1584074,32,,,1,15,,1584073,32,,,1,55,,1584072,32,,,1,16,,1584071,32,,,1,15,,1584070,32,,,1,15,,1584069,32,,,1,55,,1584068,32,,,1,15,,1584067,32,,,1,15,,1584066,32,,,1,15,,1584065,32,,,1,55,,1584064,32,,,1,15,,1584063,32,,,1,15,,1584030,32,,,1,16,,1584062,32,,,1,55,,1584039,32,,,1,15,,1584036,32,,,1,12,,1584061,32,,,1,12,,1584043,32,,,1,11,,1584101,32,,,1,50,,1584098,32,,,1,10,,1584042,32,,,1,11,,1584025,32,,,1,10,,1584044,32,,,1,10,,1584060,32,,,1,10,,1584019,32,,,1,50,,1584012,32,,,1,9,,1584033,32,,,1,10,,1584059,32,,,1,10,,1584014,32,,,1,9,,1584013,32,,,1,9,,1584058,32,,,1,50,,1584057,32,,,1,11,,1584099,32,,,1,9,,1584016,32,,,1,13,,1584018,32,,,1,14,,1584056,32,,,1,54,,1584034,32,,,1,16,,1584100,32,,,1,14,,1584055,32,,,1,14,,1584022,32,,,1,53,,1584021,32,,,1,15,,1584054,32,,,1,16,,1584023,32,,,1,15,,1584053,32,,,1,55,,1584052,32,,,1,15,,1584024,32,,,1,16,,1584051,32,,,1,15,,1584027,32,,,1,55,,1584026,32,,,1,15,,1584050,32,,,1,14,,1584029,32,,,1,15,,1584049,32,,,1,55,,1584031,32,,,1,13,,1584048,32,,,1,15,,1584032,32,,,1,16,,1584047,32,,,1,55,,1584035,32,,,1,13,,1584046,32,,,1,16,,1584037,32,,,1,16,,1584045,32,,,1,55,,1584097,32,,,1
80003,'20261014',517,,1584193,32,,,1,15,,1584106,32,,,1,15,,1584132,32,,,1,56,,1584129,32,,,1,13,,1584111,32,,,1,10,,1584131,32,,,1,10,,1584108,32,,,1,11,,1584119,32,,,1,10,,1584187,32,,,1,50,,1584186,32,,,1,11,,1584185,32,,,1,10,,1584184,32,,,1,12,,1584183,32,,,1,10,,1584182,32,,,1,8,,1584181,32,,,1,49,,1584180,32,,,1,10,,1584179,32,,,1,10,,1584178,32,,,1,13,,1584177,32,,,1,14,,1584176,32,,,1,54,,1584175,32,,,1,14,,1584174,32,,,1,14,,1584173,32,,,1,14,,1584172,32,,,1,55,,1584171,32,,,1,16,,1584170,32,,,1,13,,1584169,32,,,1,15,,1584168,32,,,1,55,,1584167,32,,,1,16,,1584166,32,,,1,15,,1584165,32,,,1,15,,1584164,32,,,1,55,,1584163,32,,,1,16,,1584162,32,,,1,15,,1584161,32,,,1,15,,1584160,32,,,1,55,,1584159,32,,,1,15,,1584158,32,,,1,15,,1584157,32,,,1,15,,1584156,32,,,1,55,,1584155,32,,,1,15,,1584154,32,,,1,15,,1584121,32,,,1,16,,1584153,32,,,1,55,,1584130,32,,,1,15,,1584127,32,,,1,12,,1584152,32,,,1,12,,1584134,32,,,1,11,,1584192,32,,,1,50,,1584189,32,,,1,10,,1584133,32,,,1,11,,1584116,32,,,1,10,,1584135,32,,,1,10,,1584151,32,,,1,10,,1584110,32,,,1,50,,1584103,32,,,1,9,,1584124,32,,,1,10,,1584150,32,,,1,10,,1584105,32,,,1,9,,1584104,32,,,1,9,,1584149,32,,,1,50,,1584148,32,,,1,11,,1584190,32,,,1,9,,1584107,32,,,1,13,,1584109,32,,,1,14,,1584147,32,,,1,54,,1584125,32,,,1,16,,1584191,32,,,1,14,,1584146,32,,,1,14,,1584113,32,,,1,53,,1584112,32,,,1,15,,1584145,32,,,1,16,,1584114,32,,,1,15,,1584144,32,,,1,55,,1584143,32,,,1,15,,1584115,32,,,1,16,,1584142,32,,,1,15,,1584118,32,,,1,55,,1584117,32,,,1,15,,1584141,32,,,1,14,,1584120,32,,,1,15,,1584140,32,,,1,55,,1584122,32,,,1,13,,1584139,32,,,1,15,,1584123,32,,,1,16,,1584138,32,,,1,55,,1584126,32,,,1,13,,1584137,32,,,1,16,,1584128,32,,,1,16,,1584136,32,,,1,55,,1584188,32,,,1
80003,'20261015',517,,1584284,32,,,1,15,,1584197,32,,,1,15,,1584223,32,,,1,56,,1584220,32,,,1,13,,1584202,32,,,1,10,,1584222,32,,,1,10,,1584199,32,,,1,11,,1584210,32,,,1,10,,1584278,32,,,1,50,,1584277,32,,,1,11,,1584276,32,,,1,10,,1584275,32,,,1,12,,1584274,32,,,1,10,,1584273,32,,,1,8,,1584272,32,,,1,49,,1584271,32,,,1,10,,1584270,32,,,1,10,,1584269,32,,,1,13,,1584268,32,,,1,14,,1584267,32,,,1,54,,1584266,32,,,1,14,,1584265,32,,,1,14,,1584264,32,,,1,14,,1584263,32,,,1,55,,1584262,32,,,1,16,,1584261,32,,,1,13,,1584260,32,,,1,15,,1584259,32,,,1,55,,1584258,32,,,1,16,,1584257,32,,,1,15,,1584256,32,,,1,15,,1584255,32,,,1,55,,1584254,32,,,1,16,,1584253,32,,,1,15,,1584252,32,,,1,15,,1584251,32,,,1,55,,1584250,32,,,1,15,,1584249,32,,,1,15,,1584248,32,,,1,15,,1584247,32,,,1,55,,1584246,32,,,1,15,,1584245,32,,,1,15,,1584212,32,,,1,16,,1584244,32,,,1,55,,1584221,32,,,1,15,,1584218,32,,,1,12,,1584243,32,,,1,12,,1584225,32,,,1,11,,1584283,32,,,1,50,,1584280,32,,,1,10,,1584224,32,,,1,11,,1584207,32,,,1,10,,1584226,32,,,1,10,,1584242,32,,,1,10,,1584201,32,,,1,50,,1584194,32,,,1,9,,1584215,32,,,1,10,,1584241,32,,,1,10,,1584196,32,,,1,9,,1584195,32,,,1,9,,1584240,32,,,1,50,,1584239,32,,,1,11,,1584281,32,,,1,9,,1584198,32,,,1,13,,1584200,32,,,1,14,,1584238,32,,,1,54,,1584216,32,,,1,16,,1584282,32,,,1,14,,1584237,32,,,1,14,,1584204,32,,,1,53,,1584203,32,,,1,15,,1584236,32,,,1,16,,1584205,32,,,1,15,,1584235,32,,,1,55,,1584234,32,,,1,15,,1584206,32,,,1,16,,1584233,32,,,1,15,,1584209,32,,,1,55,,1584208,32,,,1,15,,1584232,32,,,1,14,,1584211,32,,,1,15,,1584231,32,,,1,55,,1584213,32,,,1,13,,1584230,32,,,1,15,,1584214,32,,,1,16,,1584229,32,,,1,55,,1584217,32,,,1,13,,1584228,32,,,1,16,,1584219,32,,,1,16,,1584227,32,,,1,55,,1584279,32,,,1
80003,'20261016',517,,1584375,32,,,1,15,,1584288,32,,,1,15,,1584314,32,,,1,56,,1584311,32,,,1,13,,1584293,32,,,1,10,,1584313,32,,,1,10,,1584290,32,,,1,11,,1584301,32,,,1,10,,1584369,32,,,1,50,,1584368,32,,,1,11,,1584367,32,,,1,10,,1584366,32,,,1,12,,1584365,32,,,1,10,,1584364,32,,,1,8,,1584363,32,,,1,49,,1584362,32,,,1,10,,1584361,32,,,1,10,,1584360,32,,,1,13,,1584359,32,,,1,14,,1584358,32,,,1,54,,1584357,32,,,1,14,,1584356,32,,,1,14,,1584355,32,,,1,14,,1584354,32,,,1,55,,1584353,32,,,1,16,,1584352,32,,,1,13,,1584351,32,,,1,15,,1584350,32,,,1,55,,1584349,32,,,1,16,,1584348,32,,,1,15,,1584347,32,,,1,15,,1584346,32,,,1,55,,1584345,32,,,1,16,,1584344,32,,,1,15,,1584343,32,,,1,15,,1584342,32,,,1,55,,1584341,32,,,1,15,,1584340,32,,,1,15,,1584339,32,,,1,15,,1584338,32,,,1,55,,1584337,32,,,1,15,,1584336,32,,,1,15,,1584303,32,,,1,16,,1584335,32,,,1,55,,1584312,32,,,1,15,,1584309,32,,,1,12,,1584334,32,,,1,12,,1584316,32,,,1,11,,1584374,32,,,1,50,,1584371,32,,,1,10,,1584315,32,,,1,11,,1584298,32,,,1,10,,1584317,32,,,1,10,,1584333,32,,,1,10,,1584292,32,,,1,50,,1584285,32,,,1,9,,1584306,32,,,1,10,,1584332,32,,,1,10,,1584287,32,,,1,9,,1584286,32,,,1,9,,1584331,32,,,1,50,,1584330,32,,,1,11,,1584372,32,,,1,9,,1584289,32,,,1,13,,1584291,32,,,1,14,,1584329,32,,,1,54,,1584307,32,,,1,16,,1584373,32,,,1,14,,1584328,32,,,1,14,,1584295,32,,,1,53,,1584294,32,,,1,15,,1584327,32,,,1,16,,1584296,32,,,1,15,,1584326,32,,,1,55,,1584325,32,,,1,15,,1584297,32,,,1,16,,1584324,32,,,1,15,,1584300,32,,,1,55,,1584299,32,,,1,15,,1584323,32,,,1,14,,1584302,32,,,1,15,,1584322,32,,,1,55,,1584304,32,,,1,13,,1584321,32,,,1,15,,1584305,32,,,1,16,,1584320,32,,,1,55,,1584308,32,,,1,13,,1584319,32,,,1,16,,1584310,32,,,1,16,,1584318,32,,,1,55,,1584370,32,,,1
80003,'20261017',557,,1615800,32,,,1,55,,1615801,32,,,1,15,,1615802,32,,,1,15,,1615803,32,,,1,16,,1615804,32,,,1,56,,1615805,32,,,1,15,,1615806,32,,,1,15,,1615808,32,,,1,15,,1615809,32,,,1,55,,1615810,32,,,1,16,,1615807,32,,,1,15,,1615811,32,,,1,55,,1615812,32,,,1,16,,1615813,32,,,1,15,,1615814,32,,,1,15,,1615815,32,,,1,54,,1615816,32,,,1,15,,1615817,32,,,1,15,,1615818,32,,,1,16,,1615820,32,,,1,56,,1615821,32,,,1,15,,1615822,32,,,1,15,,1615819,32,,,1,15,,1615823,32,,,1,56,,1615824,32,,,1,16,,1615825,32,,,1,13,,1615826,32,,,1,15,,1615827,32,,,1,55,,1615829,32,,,1,15,,1615828,32,,,1,15,,1615830,32,,,1,14,,1615831,32,,,1,56,,1615832,32,,,1,15,,1615833,32,,,1,15,,1615834,32,,,1,15,,1615835,32,,,1,54,,1615836,32,,,1,15,,1615838,32,,,1,15,,1615839,32,,,1,15,,1615840,32,,,1,54,,1615837,32,,,1,16,,1615841,32,,,1,15,,1615842,32,,,1,16,,1615843,32,,,1,54,,1615844,32,,,1,16,,1615845,32,,,1,16,,1615846,32,,,1,14,,1615847,32,,,1,55,,1615849,32,,,1,16,,1615850,32,,,1,15,,1615851,32,,,1,16,,1615848,32,,,1,53,,1615852,32,,,1,15,,1615853,32,,,1,15,,1615854,32,,,1,15,,1615855,32,,,1,55,,1615857,32,,,1,15,,1615858,32,,,1,17,,1615859,32,,,1,17,,1615856,32,,,1,54,,1615860,32,,,1,14,,1615861,32,,,1,15,,1615862,32,,,1,15,,1615863,32,,,1,55,,1615864,32,,,1,15,,1615865,32,,,1,16,,1615866,32,,,1,13,,1615868,32,,,1,55,,1615869,32,,,1,15,,1615870,32,,,1,15,,1615867,32,,,1,15,,1615871,32,,,1,53,,1615872,32,,,1,15,,1615873,32,,,1,14,,1615874,32,,,1,15,,1615875,32,,,1,55,,1615876,32,,,1
80003,'20261018',557,,1615894,32,,,1,55,,1615884,32,,,1,15,,1615889,32,,,1,15,,1615882,32,,,1,16,,1615895,32,,,1,56,,1615880,32,,,1,15,,1615879,32,,,1,15,,1615888,32,,,1,15,,1615896,32,,,1,55,,1615877,32,,,1,16,,1615890,32,,,1,15,,1615883,32,,,1,55,,1615878,32,,,1,16,,1615897,32,,,1,15,,1615898,32,,,1,15,,1615892,32,,,1,54,,1615885,32,,,1,15,,1615893,32,,,1,15,,1615886,32,,,1,16,,1615900,32,,,1,56,,1615881,32,,,1,15,,1615901,32,,,1,15,,1615899,32,,,1,15,,1615904,32,,,1,56,,1615902,32,,,1,16,,1615887,32,,,1,13,,1615909,32,,,1,15,,1615903,32,,,1,55,,1615910,32,,,1,15,,1615905,32,,,1,15,,1615906,32,,,1,14,,1615907,32,,,1,56,,1615908,32,,,1,15,,1615891,32,,,1,15,,1615911,32,,,1,15,,1615927,32,,,1,54,,1615920,32,,,1,15,,1615923,32,,,1,15,,1615917,32,,,1,15,,1615926,32,,,1,54,,1615918,32,,,1,16,,1615919,32,,,1,15,,1615913,32,,,1,16,,1615928,32,,,1,54,,1615929,32,,,1,16,,1615924,32,,,1,16,,1615914,32,,,1,14,,1615921,32,,,1,55,,1615925,32,,,1,16,,1615930,32,,,1,15,,1615931,32,,,1,16,,1615922,32,,,1,53,,1615912,32,,,1,15,,1615932,32,,,1,15,,1615933,32,,,1,15,,1615934,32,,,1,55,,1615935,32,,,1,15,,1615916,32,,,1,17,,1615945,32,,,1,17,,1615915,32,,,1,54,,1615950,32,,,1,14,,1615937,32,,,1,15,,1615939,32,,,1,15,,1615947,32,,,1,55,,1615941,32,,,1,15,,1615940,32,,,1,16,,1615948,32,,,1,13,,1615936,32,,,1,55,,1615944,32,,,1,15,,1615943,32,,,1,15,,1615942,32,,,1,15,,1615949,32,,,1,53,,1615951,32,,,1,15,,1615952,32,,,1,14,,1615938,32,,,1,15,,1615946,32,,,1,55,,1615953,32,,,1
80003,'20261019',517,,1616044,32,,,1,15,,1615957,32,,,1,15,,1615983,32,,,1,56,,1615980,32,,,1,13,,1615962,32,,,1,10,,1615982,32,,,1,10,,1615959,32,,,1,11,,1615970,32,,,1,10,,1616038,32,,,1,50,,1616037,32,,,1,11,,1616036,32,,,1,10,,1616035,32,,,1,12,,1616034,32,,,1,10,,1616033,32,,,1,8,,1616032,32,,,1,49,,1616031,32,,,1,10,,1616030,32,,,1,10,,1616029,32,,,1,13,,1616028,32,,,1,14,,1616027,32,,,1,54,,1616026,32,,,1,14,,1616025,32,,,1,14,,1616024,32,,,1,14,,1616023,32,,,1,55,,1616022,32,,,1,16,,1616021,32,,,1,13,,1616020,32,,,1,15,,1616019,32,,,1,55,,1616018,32,,,1,16,,1616017,32,,,1,15,,1616016,32,,,1,15,,1616015,32,,,1,55,,1616014,32,,,1,16,,1616013,32,,,1,15,,1616012,32,,,1,15,,1616011,32,,,1,55,,1616010,32,,,1,15,,1616009,32,,,1,15,,1616008,32,,,1,15,,1616007,32,,,1,55,,1616006,32,,,1,15,,1616005,32,,,1,15,,1615972,32,,,1,16,,1616004,32,,,1,55,,1615981,32,,,1,15,,1615978,32,,,1,12,,1616003,32,,,1,12,,1615985,32,,,1,11,,1616043,32,,,1,50,,1616040,32,,,1,10,,1615984,32,,,1,11,,1615967,32,,,1,10,,1615986,32,,,1,10,,1616002,32,,,1,10,,1615961,32,,,1,50,,1615954,32,,,1,9,,1615975,32,,,1,10,,1616001,32,,,1,10,,1615956,32,,,1,9,,1615955,32,,,1,9,,1616000,32,,,1,50,,1615999,32,,,1,11,,1616041,32,,,1,9,,1615958,32,,,1,13,,1615960,32,,,1,14,,1615998,32,,,1,54,,1615976,32,,,1,16,,1616042,32,,,1,14,,1615997,32,,,1,14,,1615964,32,,,1,53,,1615963,32,,,1,15,,1615996,32,,,1,16,,1615965,32,,,1,15,,1615995,32,,,1,55,,1615994,32,,,1,15,,1615966,32,,,1,16,,1615993,32,,,1,15,,1615969,32,,,1,55,,1615968,32,,,1,15,,1615992,32,,,1,14,,1615971,32,,,1,15,,1615991,32,,,1,55,,1615973,32,,,1,13,,1615990,32,,,1,15,,1615974,32,,,1,16,,1615989,32,,,1,55,,1615977,32,,,1,13,,1615988,32,,,1,16,,1615979,32,,,1,16,,1615987,32,,,1,55,,1616039,32,,,1
80003,'20261020',517,,1616135,32,,,1,15,,1616048,32,,,1,15,,1616074,32,,,1,56,,1616071,32,,,1,13,,1616053,32,,,1,10,,1616073,32,,,1,10,,1616050,32,,,1,11,,1616061,32,,,1,10,,1616129,32,,,1,50,,1616128,32,,,1,11,,1616127,32,,,1,10,,1616126,32,,,1,12,,1616125,32,,,1,10,,1616124,32,,,1,8,,1616123,32,,,1,49,,1616122,32,,,1,10,,1616121,32,,,1,10,,1616120,32,,,1,13,,1616119,32,,,1,14,,1616118,32,,,1,54,,1616117,32,,,1,14,,1616116,32,,,1,14,,1616115,32,,,1,14,,1616114,32,,,1,55,,1616113,32,,,1,16,,1616112,32,,,1,13,,1616111,32,,,1,15,,1616110,32,,,1,55,,1616109,32,,,1,16,,1616108,32,,,1,15,,1616107,32,,,1,15,,1616106,32,,,1,55,,1616105,32,,,1,16,,1616104,32,,,1,15,,1616103,32,,,1,15,,1616102,32,,,1,55,,1616101,32,,,1,15,,1616100,32,,,1,15,,1616099,32,,,1,15,,1616098,32,,,1,55,,1616097,32,,,1,15,,1616096,32,,,1,15,,1616063,32,,,1,16,,1616095,32,,,1,55,,1616072,32,,,1,15,,1616069,32,,,1,12,,1616094,32,,,1,12,,1616076,32,,,1,11,,1616134,32,,,1,50,,1616131,32,,,1,10,,1616075,32,,,1,11,,1616058,32,,,1,10,,1616077,32,,,1,10,,1616093,32,,,1,10,,1616052,32,,,1,50,,1616045,32,,,1,9,,1616066,32,,,1,10,,1616092,32,,,1,10,,1616047,32,,,1,9,,1616046,32,,,1,9,,1616091,32,,,1,50,,1616090,32,,,1,11,,1616132,32,,,1,9,,1616049,32,,,1,13,,1616051,32,,,1,14,,1616089,32,,,1,54,,1616067,32,,,1,16,,1616133,32,,,1,14,,1616088,32,,,1,14,,1616055,32,,,1,53,,1616054,32,,,1,15,,1616087,32,,,1,16,,1616056,32,,,1,15,,1616086,32,,,1,55,,1616085,32,,,1,15,,1616057,32,,,1,16,,1616084,32,,,1,15,,1616060,32,,,1,55,,1616059,32,,,1,15,,1616083,32,,,1,14,,1616062,32,,,1,15,,1616082,32,,,1,55,,1616064,32,,,1,13,,1616081,32,,,1,15,,1616065,32,,,1,16,,1616080,32,,,1,55,,1616068,32,,,1,13,,1616079,32,,,1,16,,1616070,32,,,1,16,,1616078,32,,,1,55,,1616130,32,,,1
80103,'20261006',516,,1616927,32,,,1,16,,1616928,32,,,1,15,,1616929,32,,,1,55,,1616930,32,,,1,11,,1616931,32,,,1,11,,1616932,32,,,1,10,,1616933,32,,,1,9,,1616934,32,,,1,10,,1616935,32,,,1,50,,1616916,4,,,1,12,,1616937,32,,,1,2,,1616917,4,,,1,11,,1616938,32,,,1,2,,1616918,4,,,1,8,,1616939,32,,,1,3,,1616919,4,,,1,7,,1616940,32,,,1,3,,1616923,4,,,1,6,,1616941,32,,,1,48,,1616920,4,,,1,1,,1616942,32,,,1,7,,1616922,4,,,1,4,,1616943,32,,,1,6,,1616924,4,,,1,2,,1616944,32,,,1,3,,1616921,4,,,1,6,,1616945,32,,,1,11,,1616946,32,,,1,6,,1616926,4,,,1,2,,1616925,4,,,1,48,,1616948,32,,,1,8,,1616949,32,,,1,10,,1616950,32,,,1,13,,1616951,32,,,1,15,,1616952,32,,,1,55,,1616953,32,,,1,16,,1616954,32,,,1,14,,1616955,32,,,1,14,,1616956,32,,,1,55,,1616957,32,,,1,15,,1616958,32,,,1,15,,1616959,32,,,1,15,,1616960,32,,,1,55,,1616961,32,,,1,16,,1616962,32,,,1,15,,1616963,32,,,1,15,,1616964,32,,,1,56,,1616965,32,,,1,14,,1616966,32,,,1,15,,1616967,32,,,1,13,,1616968,32,,,1,55,,1616969,32,,,1,15,,1616970,32,,,1,15,,1616971,32,,,1,15,,1616972,32,,,1,14,,1616973,32,,,1,53,,1616974,32,,,1,12,,1616975,32,,,1,8,,1616976,32,,,1,9,,1616977,32,,,1,8,,1616978,32,,,1,9,,1616979,32,,,1,49,,1616980,32,,,1,10,,1616981,32,,,1,8,,1616982,32,,,1,9,,1616983,32,,,1,10,,1616984,32,,,1,9,,1616985,32,,,1,49,,1616986,32,,,1,9,,1616987,32,,,1,9,,1616988,32,,,1,9,,1616989,32,,,1,10,,1616990,32,,,1,10,,1616991,32,,,1,10,,1616992,32,,,1,50,,1616993,32,,,1,11,,1616994,32,,,1,14,,1616995,32,,,1,14,,1616996,32,,,1,54,,1616997,32,,,1,15,,1616998,32,,,1,15,,1616999,32,,,1,15,,1617000,32,,,1,55,,1617001,32,,,1,15,,1617002,32,,,1,15,,1617003,32,,,1,15,,1617004,32,,,1,55,,1617005,32,,,1,15,,1617006,32,,,1,15,,1617007,32,,,1,14,,1617008,32,,,1,55,,1617009,32,,,1,15,,1617010,32,,,1,15,,1617011,32,,,1,15,,1617012,32,,,1,55,,1617013,32,,,1,15,,1617014,32,,,1,15,,1617015,32,,,1,14,,1617016,32,,,1,55,,1617017,32,,,1,15,,1617018,32,,,1,15,,1617019,32,,,1,15,,1617020,32,,,1,55,,1617021,32,,,1,15,,1617022,32,,,1
80103,'20261007',516,,1617034,32,,,1,16,,1617035,32,,,1,15,,1617036,32,,,1,55,,1617037,32,,,1,11,,1617038,32,,,1,11,,1617039,32,,,1,10,,1617040,32,,,1,9,,1617041,32,,,1,10,,1617042,32,,,1,50,,1617023,4,,,1,12,,1617044,32,,,1,2,,1617024,4,,,1,11,,1617045,32,,,1,2,,1617025,4,,,1,8,,1617046,32,,,1,3,,1617026,4,,,1,7,,1617047,32,,,1,3,,1617030,4,,,1,6,,1617048,32,,,1,48,,1617027,4,,,1,1,,1617049,32,,,1,7,,1617029,4,,,1,4,,1617050,32,,,1,6,,1617031,4,,,1,2,,1617051,32,,,1,3,,1617028,4,,,1,6,,1617052,32,,,1,11,,1617053,32,,,1,6,,1617033,4,,,1,2,,1617032,4,,,1,48,,1617055,32,,,1,8,,1617056,32,,,1,10,,1617057,32,,,1,13,,1617058,32,,,1,15,,1617059,32,,,1,55,,1617060,32,,,1,16,,1617061,32,,,1,14,,1617062,32,,,1,14,,1617063,32,,,1,55,,1617064,32,,,1,15,,1617065,32,,,1,15,,1617066,32,,,1,15,,1617067,32,,,1,55,,1617068,32,,,1,16,,1617069,32,,,1,15,,1617070,32,,,1,15,,1617071,32,,,1,56,,1617072,32,,,1,14,,1617073,32,,,1,15,,1617074,32,,,1,13,,1617075,32,,,1,55,,1617076,32,,,1,15,,1617077,32,,,1,15,,1617078,32,,,1,15,,1617079,32,,,1,14,,1617080,32,,,1,53,,1617081,32,,,1,12,,1617082,32,,,1,8,,1617083,32,,,1,9,,1617084,32,,,1,8,,1617085,32,,,1,9,,1617086,32,,,1,49,,1617087,32,,,1,10,,1617088,32,,,1,8,,1617089,32,,,1,9,,1617090,32,,,1,10,,1617091,32,,,1,9,,1617092,32,,,1,49,,1617093,32,,,1,9,,1617094,32,,,1,9,,1617095,32,,,1,9,,1617096,32,,,1,10,,1617097,32,,,1,10,,1617098,32,,,1,10,,1617099,32,,,1,50,,1617100,32,,,1,11,,1617101,32,,,1,14,,1617102,32,,,1,14,,1617103,32,,,1,54,,1617104,32,,,1,15,,1617105,32,,,1,15,,1617106,32,,,1,15,,1617107,32,,,1,55,,1617108,32,,,1,15,,1617109,32,,,1,15,,1617110,32,,,1,15,,1617111,32,,,1,55,,1617112,32,,,1,15,,1617113,32,,,1,15,,1617114,32,,,1,14,,1617115,32,,,1,55,,1617116,32,,,1,15,,1617117,32,,,1,15,,1617118,32,,,1,15,,1617119,32,,,1,55,,1617120,32,,,1,15,,1617121,32,,,1,15,,1617122,32,,,1,14,,1617123,32,,,1,55,,1617124,32,,,1,15,,1617125,32,,,1,15,,1617126,32,,,1,15,,1617127,32,,,1,55,,1617128,32,,,1,15,,1617129,32,,,1
80103,'20261008',516,,1617141,32,,,1,16,,1617142,32,,,1,15,,1617143,32,,,1,55,,1617144,32,,,1,11,,1617145,32,,,1,11,,1617146,32,,,1,10,,1617147,32,,,1,9,,1617148,32,,,1,10,,1617149,32,,,1,50,,1617130,4,,,1,12,,1617151,32,,,1,2,,1617131,4,,,1,11,,1617152,32,,,1,2,,1617132,4,,,1,8,,1617153,32,,,1,3,,1617133,4,,,1,7,,1617154,32,,,1,3,,1617137,4,,,1,6,,1617155,32,,,1,48,,1617134,4,,,1,1,,1617156,32,,,1,7,,1617136,4,,,1,4,,1617157,32,,,1,6,,1617138,4,,,1,2,,1617158,32,,,1,3,,1617135,4,,,1,6,,1617159,32,,,1,11,,1617160,32,,,1,6,,1617140,4,,,1,2,,1617139,4,,,1,48,,1617162,32,,,1,8,,1617163,32,,,1,10,,1617164,32,,,1,13,,1617165,32,,,1,15,,1617166,32,,,1,55,,1617167,32,,,1,16,,1617168,32,,,1,14,,1617169,32,,,1,14,,1617170,32,,,1,55,,1617171,32,,,1,15,,1617172,32,,,1,15,,1617173,32,,,1,15,,1617174,32,,,1,55,,1617175,32,,,1,16,,1617176,32,,,1,15,,1617177,32,,,1,15,,1617178,32,,,1,56,,1617179,32,,,1,14,,1617180,32,,,1,15,,1617181,32,,,1,13,,1617182,32,,,1,55,,1617183,32,,,1,15,,1617184,32,,,1,15,,1617185,32,,,1,15,,1617186,32,,,1,14,,1617187,32,,,1,53,,1617188,32,,,1,12,,1617189,32,,,1,8,,1617190,32,,,1,9,,1617191,32,,,1,8,,1617192,32,,,1,9,,1617193,32,,,1,49,,1617194,32,,,1,10,,1617195,32,,,1,8,,1617196,32,,,1,9,,1617197,32,,,1,10,,1617198,32,,,1,9,,1617199,32,,,1,49,,1617200,32,,,1,9,,1617201,32,,,1,9,,1617202,32,,,1,9,,1617203,32,,,1,10,,1617204,32,,,1,10,,1617205,32,,,1,10,,1617206,32,,,1,50,,1617207,32,,,1,11,,1617208,32,,,1,14,,1617209,32,,,1,14,,1617210,32,,,1,54,,1617211,32,,,1,15,,1617212,32,,,1,15,,1617213,32,,,1,15,,1617214,32,,,1,55,,1617215,32,,,1,15,,1617216,32,,,1,15,,1617217,32,,,1,15,,1617218,32,,,1,55,,1617219,32,,,1,15,,1617220,32,,,1,15,,1617221,32,,,1,14,,1617222,32,,,1,55,,1617223,32,,,1,15,,1617224,32,,,1,15,,1617225,32,,,1,15,,1617226,32,,,1,55,,1617227,32,,,1,15,,1617228,32,,,1,15,,1617229,32,,,1,14,,1617230,32,,,1,55,,1617231,32,,,1,15,,1617232,32,,,1,15,,1617233,32,,,1,15,,1617234,32,,,1,55,,1617235,32,,,1,15,,1617236,32,,,1
80103,'20261009',516,,1617248,32,,,1,16,,1617249,32,,,1,15,,1617250,32,,,1,55,,1617251,32,,,1,11,,1617252,32,,,1,11,,1617253,32,,,1,10,,1617254,32,,,1,9,,1617255,32,,,1,10,,1617256,32,,,1,50,,1617237,4,,,1,12,,1617258,32,,,1,2,,1617238,4,,,1,11,,1617259,32,,,1,2,,1617239,4,,,1,8,,1617260,32,,,1,3,,1617240,4,,,1,7,,1617261,32,,,1,3,,1617244,4,,,1,6,,1617262,32,,,1,48,,1617241,4,,,1,1,,1617263,32,,,1,7,,1617243,4,,,1,4,,1617264,32,,,1,6,,1617245,4,,,1,2,,1617265,32,,,1,3,,1617242,4,,,1,6,,1617266,32,,,1,11,,1617267,32,,,1,6,,1617247,4,,,1,2,,1617246,4,,,1,48,,1617269,32,,,1,8,,1617270,32,,,1,10,,1617271,32,,,1,13,,1617272,32,,,1,15,,1617273,32,,,1,55,,1617274,32,,,1,16,,1617275,32,,,1,14,,1617276,32,,,1,14,,1617277,32,,,1,55,,1617278,32,,,1,15,,1617279,32,,,1,15,,1617280,32,,,1,15,,1617281,32,,,1,55,,1617282,32,,,1,16,,1617283,32,,,1,15,,1617284,32,,,1,15,,1617285,32,,,1,56,,1617286,32,,,1,14,,1617287,32,,,1,15,,1617288,32,,,1,13,,1617289,32,,,1,55,,1617290,32,,,1,15,,1617291,32,,,1,15,,1617292,32,,,1,15,,1617293,32,,,1,14,,1617294,32,,,1,53,,1617295,32,,,1,12,,1617296,32,,,1,8,,1617297,32,,,1,9,,1617298,32,,,1,8,,1617299,32,,,1,9,,1617300,32,,,1,49,,1617301,32,,,1,10,,1617302,32,,,1,8,,1617303,32,,,1,9,,1617304,32,,,1,10,,1617305,32,,,1,9,,1617306,32,,,1,49,,1617307,32,,,1,9,,1617308,32,,,1,9,,1617309,32,,,1,9,,1617310,32,,,1,10,,1617311,32,,,1,10,,1617312,32,,,1,10,,1617313,32,,,1,50,,1617314,32,,,1,11,,1617315,32,,,1,14,,1617316,32,,,1,14,,1617317,32,,,1,54,,1617318,32,,,1,15,,1617319,32,,,1,15,,1617320,32,,,1,15,,1617321,32,,,1,55,,1617322,32,,,1,15,,1617323,32,,,1,15,,1617324,32,,,1,15,,1617325,32,,,1,55,,1617326,32,,,1,15,,1617327,32,,,1,15,,1617328,32,,,1,14,,1617329,32,,,1,55,,1617330,32,,,1,15,,1617331,32,,,1,15,,1617332,32,,,1,15,,1617333,32,,,1,55,,1617334,32,,,1,15,,1617335,32,,,1,15,,1617336,32,,,1,14,,1617337,32,,,1,55,,1617338,32,,,1,15,,1617339,32,,,1,15,,1617340,32,,,1,15,,1617341,32,,,1,55,,1617342,32,,,1,15,,1617343,32,,,1
80103,'20261010',602,,1556148,32,,,1,18,,1556149,32,,,1,14,,1556150,32,,,1,15,,1556151,32,,,1,55,,1556152,32,,,1,14,,1556153,32,,,1,15,,1556154,32,,,1,15,,1556155,32,,,1,55,,1556156,32,,,1,15,,1556157,32,,,1,15,,1556158,32,,,1,15,,1556159,32,,,1,55,,1556160,32,,,1,15,,1556161,32,,,1,15,,1556162,32,,,1,17,,1556163,32,,,1,57,,1556164,32,,,1,15,,1556165,32,,,1,15,,1556166,32,,,1,16,,1556167,32,,,1,56,,1556168,32,,,1,15,,1556169,32,,,1,16,,1556171,32,,,1,15,,1556172,32,,,1,55,,1556173,32,,,1,16,,1556170,32,,,1,15,,1556174,32,,,1,16,,1556175,32,,,1,57,,1556176,32,,,1,16,,1556177,32,,,1,16,,1556178,32,,,1,55,,1556179,32,,,1,15,,1556180,32,,,1,15,,1556181,32,,,1,15,,1556182,32,,,1,56,,1556183,32,,,1,16,,1556184,32,,,1,14,,1556185,32,,,1,14,,1556186,32,,,1,56,,1556187,32,,,1,15,,1556188,32,,,1,15,,1556189,32,,,1,16,,1556190,32,,,1,55,,1556191,32,,,1,15,,1556192,32,,,1,15,,1556193,32,,,1,15,,1556194,32,,,1,55,,1556195,32,,,1,15,,1556196,32,,,1,14,,1556197,32,,,1,16,,1556198,32,,,1,56,,1556199,32,,,1,14,,1556201,32,,,1,15,,1556202,32,,,1,14,,1556203,32,,,1,55,,1556200,32,,,1,14,,1556204,32,,,1,15,,1556205,32,,,1,15,,1556206,32,,,1,57,,1556207,32,,,1,15,,1556208,32,,,1,15,,1556209,32,,,1,15,,1556210,32,,,1,53,,1556211,32,,,1,15,,1556212,32,,,1,15,,1556213,32,,,1,15,,1556214,32,,,1,56,,1556215,32,,,1,15,,1556216,32,,,1,14,,1556217,32,,,1,15,,1556218,32,,,1,55,,1556219,32,,,1,15,,1556220,32,,,1,15,,1556221,32,,,1,15,,1556222,32,,,1,55,,1556223,32,,,1,14,,1556224,32,,,1
80103,'20261011',602,,1556232,32,,,1,18,,1556225,32,,,1,14,,1556233,32,,,1,15,,1556226,32,,,1,55,,1556228,32,,,1,14,,1556227,32,,,1,15,,1556229,32,,,1,15,,1556230,32,,,1,55,,1556231,32,,,1,15,,1556239,32,,,1,15,,1556234,32,,,1,15,,1556242,32,,,1,55,,1556243,32,,,1,15,,1556240,32,,,1,15,,1556235,32,,,1,17,,1556237,32,,,1,57,,1556241,32,,,1,15,,1556236,32,,,1,15,,1556238,32,,,1,16,,1556253,32,,,1,56,,1556259,32,,,1,15,,1556258,32,,,1,16,,1556256,32,,,1,15,,1556246,32,,,1,55,,1556251,32,,,1,16,,1556255,32,,,1,15,,1556261,32,,,1,16,,1556262,32,,,1,57,,1556245,32,,,1,16,,1556263,32,,,1,16,,1556250,32,,,1,55,,1556260,32,,,1,15,,1556252,32,,,1,15,,1556244,32,,,1,15,,1556254,32,,,1,56,,1556247,32,,,1,16,,1556264,32,,,1,14,,1556257,32,,,1,14,,1556248,32,,,1,56,,1556249,32,,,1,15,,1556274,32,,,1,15,,1556275,32,,,1,16,,1556281,32,,,1,55,,1556279,32,,,1,15,,1556283,32,,,1,15,,1556282,32,,,1,15,,1556276,32,,,1,55,,1556277,32,,,1,15,,1556269,32,,,1,14,,1556278,32,,,1,16,,1556280,32,,,1,56,,1556284,32,,,1,14,,1556268,32,,,1,15,,1556265,32,,,1,14,,1556285,32,,,1,55,,1556272,32,,,1,14,,1556266,32,,,1,15,,1556270,32,,,1,15,,1556267,32,,,1,57,,1556271,32,,,1,15,,1556273,32,,,1,15,,1556286,32,,,1,15,,1556293,32,,,1,53,,1556299,32,,,1,15,,1556300,32,,,1,15,,1556287,32,,,1,15,,1556288,32,,,1,56,,1556294,32,,,1,15,,1556301,32,,,1,14,,1556289,32,,,1,15,,1556296,32,,,1,55,,1556290,32,,,1,15,,1556297,32,,,1,15,,1556291,32,,,1,15,,1556292,32,,,1,55,,1556298,32,,,1,14,,1556295,32,,,1
80103,'20261012',602,,1556309,32,,,1,18,,1556302,32,,,1,14,,1556310,32,,,1,15,,1556303,32,,,1,55,,1556305,32,,,1,14,,1556304,32,,,1,15,,1556306,32,,,1,15,,1556307,32,,,1,55,,1556308,32,,,1,15,,1556316,32,,,1,15,,1556311,32,,,1,15,,1556319,32,,,1,55,,1556320,32,,,1,15,,1556317,32,,,1,15,,1556312,32,,,1,17,,1556314,32,,,1,57,,1556318,32,,,1,15,,1556313,32,,,1,15,,1556315,32,,,1,16,,1556330,32,,,1,56,,1556336,32,,,1,15,,1556335,32,,,1,16,,1556333,32,,,1,15,,1556323,32,,,1,55,,1556328,32,,,1,16,,1556332,32,,,1,15,,1556338,32,,,1,16,,1556339,32,,,1,57,,1556322,32,,,1,16,,1556340,32,,,1,16,,1556327,32,,,1,55,,1556337,32,,,1,15,,1556329,32,,,1,15,,1556321,32,,,1,15,,1556331,32,,,1,56,,1556324,32,,,1,16,,1556341,32,,,1,14,,1556334,32,,,1,14,,1556325,32,,,1,56,,1556326,32,,,1,15,,1556351,32,,,1,15,,1556352,32,,,1,16,,1556358,32,,,1,55,,1556356,32,,,1,15,,1556360,32,,,1,15,,1556359,32,,,1,15,,1556353,32,,,1,55,,1556354,32,,,1,15,,1556346,32,,,1,14,,1556355,32,,,1,16,,1556357,32,,,1,56,,1556361,32,,,1,14,,1556345,32,,,1,15,,1556342,32,,,1,14,,1556362,32,,,1,55,,1556349,32,,,1,14,,1556343,32,,,1,15,,1556347,32,,,1,15,,1556344,32,,,1,57,,1556348,32,,,1,15,,1556350,32,,,1,15,,1556363,32,,,1,15,,1556370,32,,,1,53,,1556376,32,,,1,15,,1556377,32,,,1,15,,1556364,32,,,1,15,,1556365,32,,,1,56,,1556371,32,,,1,15,,1556378,32,,,1,14,,1556366,32,,,1,15,,1556373,32,,,1,55,,1556367,32,,,1,15,,1556374,32,,,1,15,,1556368,32,,,1,15,,1556369,32,,,1,55,,1556375,32,,,1,14,,1556372,32,,,1
80103,'20261013',516,,1585584,32,,,1,16,,1585577,32,,,1,15,,1585490,32,,,1,55,,1585491,32,,,1,11,,1585489,32,,,1,11,,1585493,32,,,1,10,,1585494,32,,,1,9,,1585495,32,,,1,10,,1585492,32,,,1,50,,1585497,32,,,1,12,,1585583,32,,,1,13,,1585498,32,,,1,10,,1585499,32,,,1,10,,1585496,32,,,1,9,,1585500,32,,,1,49,,1585501,32,,,1,11,,1585502,32,,,1,8,,1585503,32,,,1,9,,1585504,32,,,1,11,,1585505,32,,,1,8,,1585506,32,,,1,48,,1585507,32,,,1,8,,1585508,32,,,1,10,,1585509,32,,,1,13,,1585510,32,,,1,15,,1585511,32,,,1,55,,1585512,32,,,1,16,,1585513,32,,,1,14,,1585514,32,,,1,14,,1585515,32,,,1,55,,1585518,32,,,1,15,,1585519,32,,,1,15,,1585520,32,,,1,15,,1585516,32,,,1,55,,1585517,32,,,1,16,,1585521,32,,,1,15,,1585523,32,,,1,15,,1585524,32,,,1,56,,1585522,32,,,1,14,,1585526,32,,,1,15,,1585527,32,,,1,13,,1585525,32,,,1,55,,1585528,32,,,1,15,,1585582,32,,,1,15,,1585529,32,,,1,15,,1585530,32,,,1,14,,1585531,32,,,1,53,,1585532,32,,,1,12,,1585580,32,,,1,8,,1585533,32,,,1,9,,1585534,32,,,1,8,,1585535,32,,,1,9,,1585536,32,,,1,49,,1585537,32,,,1,10,,1585538,32,,,1,8,,1585539,32,,,1,9,,1585541,32,,,1,10,,1585542,32,,,1,9,,1585543,32,,,1,49,,1585540,32,,,1,9,,1585581,32,,,1,9,,1585544,32,,,1,9,,1585545,32,,,1,10,,1585547,32,,,1,10,,1585548,32,,,1,10,,1585549,32,,,1,50,,1585578,32,,,1,11,,1585546,32,,,1,14,,1585550,32,,,1,14,,1585552,32,,,1,54,,1585554,32,,,1,15,,1585551,32,,,1,15,,1585555,32,,,1,15,,1585553,32,,,1,55,,1585556,32,,,1,15,,1585557,32,,,1,15,,1585558,32,,,1,15,,1585559,32,,,1,55,,1585560,32,,,1,15,,1585561,32,,,1,15,,1585562,32,,,1,14,,1585563,32,,,1,55,,1585564,32,,,1,15,,1585565,32,,,1,15,,1585566,32,,,1,15,,1585568,32,,,1,55,,1585569,32,,,1,15,,1585570,32,,,1,15,,1585567,32,,,1,14,,1585571,32,,,1,55,,1585572,32,,,1,15,,1585573,32,,,1,15,,1585574,32,,,1,15,,1585575,32,,,1,55,,1585576,32,,,1,15,,1585579,32,,,1
80103,'20261014',516,,1585680,32,,,1,16,,1585673,32,,,1,15,,1585586,32,,,1,55,,1585587,32,,,1,11,,1585585,32,,,1,11,,1585589,32,,,1,10,,1585590,32,,,1,9,,1585591,32,,,1,10,,1585588,32,,,1,50,,1585593,32,,,1,12,,1585679,32,,,1,13,,1585594,32,,,1,10,,1585595,32,,,1,10,,1585592,32,,,1,9,,1585596,32,,,1,49,,1585597,32,,,1,11,,1585598,32,,,1,8,,1585599,32,,,1,9,,1585600,32,,,1,11,,1585601,32,,,1,8,,1585602,32,,,1,48,,1585603,32,,,1,8,,1585604,32,,,1,10,,1585605,32,,,1,13,,1585606,32,,,1,15,,1585607,32,,,1,55,,1585608,32,,,1,16,,1585609,32,,,1,14,,1585610,32,,,1,14,,1585611,32,,,1,55,,1585614,32,,,1,15,,1585615,32,,,1,15,,1585616,32,,,1,15,,1585612,32,,,1,55,,1585613,32,,,1,16,,1585617,32,,,1,15,,1585619,32,,,1,15,,1585620,32,,,1,56,,1585618,32,,,1,14,,1585622,32,,,1,15,,1585623,32,,,1,13,,1585621,32,,,1,55,,1585624,32,,,1,15,,1585678,32,,,1,15,,1585625,32,,,1,15,,1585626,32,,,1,14,,1585627,32,,,1,53,,1585628,32,,,1,12,,1585676,32,,,1,8,,1585629,32,,,1,9,,1585630,32,,,1,8,,1585631,32,,,1,9,,1585632,32,,,1,49,,1585633,32,,,1,10,,1585634,32,,,1,8,,1585635,32,,,1,9,,1585637,32,,,1,10,,1585638,32,,,1,9,,1585639,32,,,1,49,,1585636,32,,,1,9,,1585677,32,,,1,9,,1585640,32,,,1,9,,1585641,32,,,1,10,,1585643,32,,,1,10,,1585644,32,,,1,10,,1585645,32,,,1,50,,1585674,32,,,1,11,,1585642,32,,,1,14,,1585646,32,,,1,14,,1585648,32,,,1,54,,1585650,32,,,1,15,,1585647,32,,,1,15,,1585651,32,,,1,15,,1585649,32,,,1,55,,1585652,32,,,1,15,,1585653,32,,,1,15,,1585654,32,,,1,15,,1585655,32,,,1,55,,1585656,32,,,1,15,,1585657,32,,,1,15,,1585658,32,,,1,14,,1585659,32,,,1,55,,1585660,32,,,1,15,,1585661,32,,,1,15,,1585662,32,,,1,15,,1585664,32,,,1,55,,1585665,32,,,1,15,,1585666,32,,,1,15,,1585663,32,,,1,14,,1585667,32,,,1,55,,1585668,32,,,1,15,,1585669,32,,,1,15,,1585670,32,,,1,15,,1585671,32,,,1,55,,1585672,32,,,1,15,,1585675,32,,,1
80103,'20261015',516,,1585776,32,,,1,16,,1585769,32,,,1,15,,1585682,32,,,1,55,,1585683,32,,,1,11,,1585681,32,,,1,11,,1585685,32,,,1,10,,1585686,32,,,1,9,,1585687,32,,,1,10,,1585684,32,,,1,50,,1585689,32,,,1,12,,1585775,32,,,1,13,,1585690,32,,,1,10,,1585691,32,,,1,10,,1585688,32,,,1,9,,1585692,32,,,1,49,,1585693,32,,,1,11,,1585694,32,,,1,8,,1585695,32,,,1,9,,1585696,32,,,1,11,,1585697,32,,,1,8,,1585698,32,,,1,48,,1585699,32,,,1,8,,1585700,32,,,1,10,,1585701,32,,,1,13,,1585702,32,,,1,15,,1585703,32,,,1,55,,1585704,32,,,1,16,,1585705,32,,,1,14,,1585706,32,,,1,14,,1585707,32,,,1,55,,1585710,32,,,1,15,,1585711,32,,,1,15,,1585712,32,,,1,15,,1585708,32,,,1,55,,1585709,32,,,1,16,,1585713,32,,,1,15,,1585715,32,,,1,15,,1585716,32,,,1,56,,1585714,32,,,1,14,,1585718,32,,,1,15,,1585719,32,,,1,13,,1585717,32,,,1,55,,1585720,32,,,1,15,,1585774,32,,,1,15,,1585721,32,,,1,15,,1585722,32,,,1,14,,1585723,32,,,1,53,,1585724,32,,,1,12,,1585772,32,,,1,8,,1585725,32,,,1,9,,1585726,32,,,1,8,,1585727,32,,,1,9,,1585728,32,,,1,49,,1585729,32,,,1,10,,1585730,32,,,1,8,,1585731,32,,,1,9,,1585733,32,,,1,10,,1585734,32,,,1,9,,1585735,32,,,1,49,,1585732,32,,,1,9,,1585773,32,,,1,9,,1585736,32,,,1,9,,1585737,32,,,1,10,,1585739,32,,,1,10,,1585740,32,,,1,10,,1585741,32,,,1,50,,1585770,32,,,1,11,,1585738,32,,,1,14,,1585742,32,,,1,14,,1585744,32,,,1,54,,1585746,32,,,1,15,,1585743,32,,,1,15,,1585747,32,,,1,15,,1585745,32,,,1,55,,1585748,32,,,1,15,,1585749,32,,,1,15,,1585750,32,,,1,15,,1585751,32,,,1,55,,1585752,32,,,1,15,,1585753,32,,,1,15,,1585754,32,,,1,14,,1585755,32,,,1,55,,1585756,32,,,1,15,,1585757,32,,,1,15,,1585758,32,,,1,15,,1585760,32,,,1,55,,1585761,32,,,1,15,,1585762,32,,,1,15,,1585759,32,,,1,14,,1585763,32,,,1,55,,1585764,32,,,1,15,,1585765,32,,,1,15,,1585766,32,,,1,15,,1585767,32,,,1,55,,1585768,32,,,1,15,,1585771,32,,,1
80103,'20261016',516,,1585872,32,,,1,16,,1585865,32,,,1,15,,1585778,32,,,1,55,,1585779,32,,,1,11,,1585777,32,,,1,11,,1585781,32,,,1,10,,1585782,32,,,1,9,,1585783,32,,,1,10,,1585780,32,,,1,50,,1585785,32,,,1,12,,1585871,32,,,1,13,,1585786,32,,,1,10,,1585787,32,,,1,10,,1585784,32,,,1,9,,1585788,32,,,1,49,,1585789,32,,,1,11,,1585790,32,,,1,8,,1585791,32,,,1,9,,1585792,32,,,1,11,,1585793,32,,,1,8,,1585794,32,,,1,48,,1585795,32,,,1,8,,1585796,32,,,1,10,,1585797,32,,,1,13,,1585798,32,,,1,15,,1585799,32,,,1,55,,1585800,32,,,1,16,,1585801,32,,,1,14,,1585802,32,,,1,14,,1585803,32,,,1,55,,1585806,32,,,1,15,,1585807,32,,,1,15,,1585808,32,,,1,15,,1585804,32,,,1,55,,1585805,32,,,1,16,,1585809,32,,,1,15,,1585811,32,,,1,15,,1585812,32,,,1,56,,1585810,32,,,1,14,,1585814,32,,,1,15,,1585815,32,,,1,13,,1585813,32,,,1,55,,1585816,32,,,1,15,,1585870,32,,,1,15,,1585817,32,,,1,15,,1585818,32,,,1,14,,1585819,32,,,1,53,,1585820,32,,,1,12,,1585868,32,,,1,8,,1585821,32,,,1,9,,1585822,32,,,1,8,,1585823,32,,,1,9,,1585824,32,,,1,49,,1585825,32,,,1,10,,1585826,32,,,1,8,,1585827,32,,,1,9,,1585829,32,,,1,10,,1585830,32,,,1,9,,1585831,32,,,1,49,,1585828,32,,,1,9,,1585869,32,,,1,9,,1585832,32,,,1,9,,1585833,32,,,1,10,,1585835,32,,,1,10,,1585836,32,,,1,10,,1585837,32,,,1,50,,1585866,32,,,1,11,,1585834,32,,,1,14,,1585838,32,,,1,14,,1585840,32,,,1,54,,1585842,32,,,1,15,,1585839,32,,,1,15,,1585843,32,,,1,15,,1585841,32,,,1,55,,1585844,32,,,1,15,,1585845,32,,,1,15,,1585846,32,,,1,15,,1585847,32,,,1,55,,1585848,32,,,1,15,,1585849,32,,,1,15,,1585850,32,,,1,14,,1585851,32,,,1,55,,1585852,32,,,1,15,,1585853,32,,,1,15,,1585854,32,,,1,15,,1585856,32,,,1,55,,1585857,32,,,1,15,,1585858,32,,,1,15,,1585855,32,,,1,14,,1585859,32,,,1,55,,1585860,32,,,1,15,,1585861,32,,,1,15,,1585862,32,,,1,15,,1585863,32,,,1,55,,1585864,32,,,1,15,,1585867,32,,,1
80103,'20261017',602,,1617344,32,,,1,18,,1617345,32,,,1,14,,1617346,32,,,1,15,,1617347,32,,,1,55,,1617348,32,,,1,14,,1617349,32,,,1,15,,1617350,32,,,1,15,,1617351,32,,,1,55,,1617352,32,,,1,15,,1617353,32,,,1,15,,1617354,32,,,1,15,,1617355,32,,,1,55,,1617356,32,,,1,15,,1617357,32,,,1,15,,1617358,32,,,1,17,,1617359,32,,,1,57,,1617360,32,,,1,15,,1617361,32,,,1,15,,1617362,32,,,1,16,,1617363,32,,,1,56,,1617364,32,,,1,15,,1617365,32,,,1,16,,1617367,32,,,1,15,,1617368,32,,,1,55,,1617369,32,,,1,16,,1617366,32,,,1,15,,1617370,32,,,1,16,,1617371,32,,,1,57,,1617372,32,,,1,16,,1617373,32,,,1,16,,1617374,32,,,1,55,,1617375,32,,,1,15,,1617376,32,,,1,15,,1617377,32,,,1,15,,1617378,32,,,1,56,,1617379,32,,,1,16,,1617380,32,,,1,14,,1617381,32,,,1,14,,1617382,32,,,1,56,,1617383,32,,,1,15,,1617384,32,,,1,15,,1617385,32,,,1,16,,1617386,32,,,1,55,,1617387,32,,,1,15,,1617388,32,,,1,15,,1617389,32,,,1,15,,1617390,32,,,1,55,,1617391,32,,,1,15,,1617392,32,,,1,14,,1617393,32,,,1,16,,1617394,32,,,1,56,,1617395,32,,,1,14,,1617397,32,,,1,15,,1617398,32,,,1,14,,1617399,32,,,1,55,,1617396,32,,,1,14,,1617400,32,,,1,15,,1617401,32,,,1,15,,1617402,32,,,1,57,,1617403,32,,,1,15,,1617404,32,,,1,15,,1617405,32,,,1,15,,1617406,32,,,1,53,,1617407,32,,,1,15,,1617408,32,,,1,15,,1617409,32,,,1,15,,1617410,32,,,1,56,,1617411,32,,,1,15,,1617412,32,,,1,14,,1617413,32,,,1,15,,1617414,32,,,1,55,,1617415,32,,,1,15,,1617416,32,,,1,15,,1617417,32,,,1,15,,1617418,32,,,1,55,,1617419,32,,,1,14,,1617420,32,,,1
80103,'20261018',602,,1617428,32,,,1,18,,1617421,32,,,1,14,,1617429,32,,,1,15,,1617422,32,,,1,55,,1617424,32,,,1,14,,1617423,32,,,1,15,,1617425,32,,,1,15,,1617426,32,,,1,55,,1617427,32,,,1,15,,1617435,32,,,1,15,,1617430,32,,,1,15,,1617438,32,,,1,55,,1617439,32,,,1,15,,1617436,32,,,1,15,,1617431,32,,,1,17,,1617433,32,,,1,57,,1617437,32,,,1,15,,1617432,32,,,1,15,,1617434,32,,,1,16,,1617449,32,,,1,56,,1617455,32,,,1,15,,1617454,32,,,1,16,,1617452,32,,,1,15,,1617442,32,,,1,55,,1617447,32,,,1,16,,1617451,32,,,1,15,,1617457,32,,,1,16,,1617458,32,,,1,57,,1617441,32,,,1,16,,1617459,32,,,1,16,,1617446,32,,,1,55,,1617456,32,,,1,15,,1617448,32,,,1,15,,1617440,32,,,1,15,,1617450,32,,,1,56,,1617443,32,,,1,16,,1617460,32,,,1,14,,1617453,32,,,1,14,,1617444,32,,,1,56,,1617445,32,,,1,15,,1617470,32,,,1,15,,1617471,32,,,1,16,,1617477,32,,,1,55,,1617475,32,,,1,15,,1617479,32,,,1,15,,1617478,32,,,1,15,,1617472,32,,,1,55,,1617473,32,,,1,15,,1617465,32,,,1,14,,1617474,32,,,1,16,,1617476,32,,,1,56,,1617480,32,,,1,14,,1617464,32,,,1,15,,1617461,32,,,1,14,,1617481,32,,,1,55,,1617468,32,,,1,14,,1617462,32,,,1,15,,1617466,32,,,1,15,,1617463,32,,,1,57,,1617467,32,,,1,15,,1617469,32,,,1,15,,1617482,32,,,1,15,,1617489,32,,,1,53,,1617495,32,,,1,15,,1617496,32,,,1,15,,1617483,32,,,1,15,,1617484,32,,,1,56,,1617490,32,,,1,15,,1617497,32,,,1,14,,1617485,32,,,1,15,,1617492,32,,,1,55,,1617486,32,,,1,15,,1617493,32,,,1,15,,1617487,32,,,1,15,,1617488,32,,,1,55,,1617494,32,,,1,14,,1617491,32,,,1
80103,'20261019',516,,1617593,32,,,1,16,,1617586,32,,,1,15,,1617499,32,,,1,55,,1617500,32,,,1,11,,1617498,32,,,1,11,,1617502,32,,,1,10,,1617503,32,,,1,9,,1617504,32,,,1,10,,1617501,32,,,1,50,,1617506,32,,,1,12,,1617592,32,,,1,13,,1617507,32,,,1,10,,1617508,32,,,1,10,,1617505,32,,,1,9,,1617509,32,,,1,49,,1617510,32,,,1,11,,1617511,32,,,1,8,,1617512,32,,,1,9,,1617513,32,,,1,11,,1617514,32,,,1,8,,1617515,32,,,1,48,,1617516,32,,,1,8,,1617517,32,,,1,10,,1617518,32,,,1,13,,1617519,32,,,1,15,,1617520,32,,,1,55,,1617521,32,,,1,16,,1617522,32,,,1,14,,1617523,32,,,1,14,,1617524,32,,,1,55,,1617527,32,,,1,15,,1617528,32,,,1,15,,1617529,32,,,1,15,,1617525,32,,,1,55,,1617526,32,,,1,16,,1617530,32,,,1,15,,1617532,32,,,1,15,,1617533,32,,,1,56,,1617531,32,,,1,14,,1617535,32,,,1,15,,1617536,32,,,1,13,,1617534,32,,,1,55,,1617537,32,,,1,15,,1617591,32,,,1,15,,1617538,32,,,1,15,,1617539,32,,,1,14,,1617540,32,,,1,53,,1617541,32,,,1,12,,1617589,32,,,1,8,,1617542,32,,,1,9,,1617543,32,,,1,8,,1617544,32,,,1,9,,1617545,32,,,1,49,,1617546,32,,,1,10,,1617547,32,,,1,8,,1617548,32,,,1,9,,1617550,32,,,1,10,,1617551,32,,,1,9,,1617552,32,,,1,49,,1617549,32,,,1,9,,1617590,32,,,1,9,,1617553,32,,,1,9,,1617554,32,,,1,10,,1617556,32,,,1,10,,1617557,32,,,1,10,,1617558,32,,,1,50,,1617587,32,,,1,11,,1617555,32,,,1,14,,1617559,32,,,1,14,,1617561,32,,,1,54,,1617563,32,,,1,15,,1617560,32,,,1,15,,1617564,32,,,1,15,,1617562,32,,,1,55,,1617565,32,,,1,15,,1617566,32,,,1,15,,1617567,32,,,1,15,,1617568,32,,,1,55,,1617569,32,,,1,15,,1617570,32,,,1,15,,1617571,32,,,1,14,,1617572,32,,,1,55,,1617573,32,,,1,15,,1617574,32,,,1,15,,1617575,32,,,1,15,,1617577,32,,,1,55,,1617578,32,,,1,15,,1617579,32,,,1,15,,1617576,32,,,1,14,,1617580,32,,,1,55,,1617581,32,,,1,15,,1617582,32,,,1,15,,1617583,32,,,1,15,,1617584,32,,,1,55,,1617585,32,,,1,15,,1617588,32,,,1
80103,'20261020',516,,1617689,32,,,1,16,,1617682,32,,,1,15,,1617595,32,,,1,55,,1617596,32,,,1,11,,1617594,32,,,1,11,,1617598,32,,,1,10,,1617599,32,,,1,9,,1617600,32,,,1,10,,1617597,32,,,1,50,,1617602,32,,,1,12,,1617688,32,,,1,13,,1617603,32,,,1,10,,1617604,32,,,1,10,,1617601,32,,,1,9,,1617605,32,,,1,49,,1617606,32,,,1,11,,1617607,32,,,1,8,,1617608,32,,,1,9,,1617609,32,,,1,11,,1617610,32,,,1,8,,1617611,32,,,1,48,,1617612,32,,,1,8,,1617613,32,,,1,10,,1617614,32,,,1,13,,1617615,32,,,1,15,,1617616,32,,,1,55,,1617617,32,,,1,16,,1617618,32,,,1,14,,1617619,32,,,1,14,,1617620,32,,,1,55,,1617623,32,,,1,15,,1617624,32,,,1,15,,1617625,32,,,1,15,,1617621,32,,,1,55,,1617622,32,,,1,16,,1617626,32,,,1,15,,1617628,32,,,1,15,,1617629,32,,,1,56,,1617627,32,,,1,14,,1617631,32,,,1,15,,1617632,32,,,1,13,,1617630,32,,,1,55,,1617633,32,,,1,15,,1617687,32,,,1,15,,1617634,32,,,1,15,,1617635,32,,,1,14,,1617636,32,,,1,53,,1617637,32,,,1,12,,1617685,32,,,1,8,,1617638,32,,,1,9,,1617639,32,,,1,8,,1617640,32,,,1,9,,1617641,32,,,1,49,,1617642,32,,,1,10,,1617643,32,,,1,8,,1617644,32,,,1,9,,1617646,32,,,1,10,,1617647,32,,,1,9,,1617648,32,,,1,49,,1617645,32,,,1,9,,1617686,32,,,1,9,,1617649,32,,,1,9,,1617650,32,,,1,10,,1617652,32,,,1,10,,1617653,32,,,1,10,,1617654,32,,,1,50,,1617683,32,,,1,11,,1617651,32,,,1,14,,1617655,32,,,1,14,,1617657,32,,,1,54,,1617659,32,,,1,15,,1617656,32,,,1,15,,1617660,32,,,1,15,,1617658,32,,,1,55,,1617661,32,,,1,15,,1617662,32,,,1,15,,1617663,32,,,1,15,,1617664,32,,,1,55,,1617665,32,,,1,15,,1617666,32,,,1,15,,1617667,32,,,1,14,,1617668,32,,,1,55,,1617669,32,,,1,15,,1617670,32,,,1,15,,1617671,32,,,1,15,,1617673,32,,,1,55,,1617674,32,,,1,15,,1617675,32,,,1,15,,1617672,32,,,1,14,,1617676,32,,,1,55,,1617677,32,,,1,15,,1617678,32,,,1,15,,1617679,32,,,1,15,,1617680,32,,,1,55,,1617681,32,,,1,15,,1617684,32,,,1
80503,'20261006',513,,1622776,4,,,0,9,,1622777,4,,,0,11,,1622778,4,,,0,10,,1622779,4,,,0,10,,1622780,4,,,0,50,,1622781,4,,,0,10,,1622782,4,,,0,10,,1622783,4,,,0,10,,1622784,4,,,0,5,,1622785,4,,,0,7,,1622786,4,,,0,7,,1622787,4,,,0,5,,1622788,4,,,0,46,,1622789,4,,,0,5,,1622790,4,,,0,5,,1622791,4,,,0,5,,1622792,4,,,0,5,,1622793,4,,,0,5,,1622794,4,,,0,4,,1622795,4,,,0,5,,1622796,4,,,0,4,,1622797,4,,,0,7,,1622798,4,,,0,5,,1622799,4,,,0,48,,1622800,4,,,0,8,,1622801,4,,,0,8,,1622802,4,,,0,8,,1622803,4,,,0,9,,1622804,4,,,0,9,,1622805,4,,,0,9,,1622806,4,,,0,50,,1622807,4,,,0,10,,1622808,4,,,0,11,,1622809,4,,,0,8,,1622810,4,,,0,10,,1622811,4,,,0,11,,1622812,4,,,0,50,,1622813,4,,,0,10,,1622814,4,,,0,10,,1622815,4,,,0,8,,1622816,4,,,0,10,,1622817,4,,,0,10,,1622818,4,,,0,50,,1622819,4,,,0,10,,1622820,4,,,0,10,,1622821,4,,,0,10,,1622822,4,,,0,10,,1622823,4,,,0,10,,1622824,4,,,0,50,,1622825,4,,,0,10,,1622826,4,,,0,10,,1622827,4,,,0,10,,1622828,4,,,0,10,,1622829,4,,,0,10,,1622830,4,,,0,50,,1622831,4,,,0,10,,1622832,4,,,0,10,,1622833,4,,,0,10,,1622834,4,,,0,10,,1622835,4,,,0,10,,1622836,4,,,0,50,,1622837,4,,,0,9,,1622838,4,,,0,10,,1622839,4,,,0,6,,1622840,4,,,0,6,,1622841,4,,,0,7,,1622842,4,,,0,6,,1622843,4,,,0,5,,1622844,4,,,0,6,,1622845,4,,,0,45,,1622846,4,,,0,6,,1622847,4,,,0,6,,1622848,4,,,0,7,,1622849,4,,,0,7,,1622850,4,,,0,5,,1622851,4,,,0,7,,1622852,4,,,0,5,,1622853,4,,,0,7,,1622854,4,,,0,8,,1622855,4,,,0,47,,1622856,4,,,0,8,,1622857,4,,,0,8,,1622858,4,,,0,7,,1622859,4,,,0,7,,1622860,4,,,0,7,,1622861,4,,,0,10,,1622862,4,,,0,48,,1622863,4,,,0,8,,1622864,4,,,0,9,,1622865,4,,,0,10,,1622866,4,,,0,11,,1622867,4,,,0,11,,1622868,4,,,0,10,,1622869,4,,,0,50,,1622870,4,,,0,10,,1622871,4,,,0,11,,1622872,4,,,0,9,,1622873,4,,,0,10,,1622874,4,,,0,9,,1622875,4,,,0,50,,1622876,4,,,0,9,,1622877,4,,,0,10,,1622878,4,,,0,9,,1622879,4,,,0,11,,1622880,4,,,0,10,,1622881,4,,,0,50,,1622882,4,,,0,10,,1622883,4,,,0,10,,1622884,4,,,0,10,,1622885,4,,,0,10,,1622886,4,,,0,10,,1622887,4,,,0,50,,1622888,4,,,0,10,,1622889,4,,,0,10,,1622890,4,,,0,10,,1622891,4,,,0,10,,1622892,4,,,0,10,,1622893,4,,,0,50,,1622894,4,,,0,10,,1622895,4,,,0,10,,1622896,4,,,0,10,,1622897,4,,,0,10,,1622898,4,,,0,10,,1622899,4,,,0,50,,1622900,4,,,0,10,,1622901,4,,,0,10,,1622902,4,,,0,10,,1622903,4,,,0,10,,1622904,4,,,0,10,,1622905,4,,,0,50,,1622906,4,,,0,10,,1622907,4,,,0,10,,1622908,4,,,0,10,,1622909,4,,,0,10,,1622910,4,,,0,10,,1622911,4,,,0,50,,1622912,4,,,0,10,,1622913,4,,,0,10,,1622914,4,,,0
80503,'20261007',513,,1622915,4,,,0,9,,1622916,4,,,0,11,,1622917,4,,,0,10,,1622918,4,,,0,10,,1622919,4,,,0,50,,1622920,4,,,0,10,,1622921,4,,,0,10,,1622922,4,,,0,10,,1622923,4,,,0,5,,1622924,4,,,0,7,,1622925,4,,,0,7,,1622926,4,,,0,5,,1622927,4,,,0,46,,1622928,4,,,0,5,,1622929,4,,,0,5,,1622930,4,,,0,5,,1622931,4,,,0,5,,1622932,4,,,0,5,,1622933,4,,,0,4,,1622934,4,,,0,5,,1622935,4,,,0,4,,1622936,4,,,0,7,,1622937,4,,,0,5,,1622938,4,,,0,48,,1622939,4,,,0,8,,1622940,4,,,0,8,,1622941,4,,,0,8,,1622942,4,,,0,9,,1622943,4,,,0,9,,1622944,4,,,0,9,,1622945,4,,,0,50,,1622946,4,,,0,10,,1622947,4,,,0,11,,1622948,4,,,0,8,,1622949,4,,,0,10,,1622950,4,,,0,11,,1622951,4,,,0,50,,1622952,4,,,0,10,,1622953,4,,,0,10,,1622954,4,,,0,8,,1622955,4,,,0,10,,1622956,4,,,0,10,,1622957,4,,,0,50,,1622958,4,,,0,10,,1622959,4,,,0,10,,1622960,4,,,0,10,,1622961,4,,,0,10,,1622962,4,,,0,10,,1622963,4,,,0,50,,1622964,4,,,0,10,,1622965,4,,,0,10,,1622966,4,,,0,10,,1622967,4,,,0,10,,1622968,4,,,0,10,,1622969,4,,,0,50,,1622970,4,,,0,10,,1622971,4,,,0,10,,1622972,4,,,0,10,,1622973,4,,,0,10,,1622974,4,,,0,10,,1622975,4,,,0,50,,1622976,4,,,0,9,,1622977,4,,,0,10,,1622978,4,,,0,6,,1622979,4,,,0,6,,1622980,4,,,0,7,,1622981,4,,,0,6,,1622982,4,,,0,5,,1622983,4,,,0,6,,1622984,4,,,0,45,,1622985,4,,,0,6,,1622986,4,,,0,6,,1622987,4,,,0,7,,1622988,4,,,0,7,,1622989,4,,,0,5,,1622990,4,,,0,7,,1622991,4,,,0,5,,1622992,4,,,0,7,,1622993,4,,,0,8,,1622994,4,,,0,47,,1622995,4,,,0,8,,1622996,4,,,0,8,,1622997,4,,,0,7,,1622998,4,,,0,7,,1622999,4,,,0,7,,1623000,4,,,0,10,,1623001,4,,,0,48,,1623002,4,,,0,8,,1623003,4,,,0,9,,1623004,4,,,0,10,,1623005,4,,,0,11,,1623006,4,,,0,11,,1623007,4,,,0,10,,1623008,4,,,0,50,,1623009,4,,,0,10,,1623010,4,,,0,11,,1623011,4,,,0,9,,1623012,4,,,0,10,,1623013,4,,,0,9,,1623014,4,,,0,50,,1623015,4,,,0,9,,1623016,4,,,0,10,,1623017,4,,,0,9,,1623018,4,,,0,11,,1623019,4,,,0,10,,1623020,4,,,0,50,,1623021,4,,,0,10,,1623022,4,,,0,10,,1623023,4,,,0,10,,1623024,4,,,0,10,,1623025,4,,,0,10,,1623026,4,,,0,50,,1623027,4,,,0,10,,1623028,4,,,0,10,,1623029,4,,,0,10,,1623030,4,,,0,10,,1623031,4,,,0,10,,1623032,4,,,0,50,,1623033,4,,,0,10,,1623034,4,,,0,10,,1623035,4,,,0,10,,1623036,4,,,0,10,,1623037,4,,,0,10,,1623038,4,,,0,50,,1623039,4,,,0,10,,1623040,4,,,0,10,,1623041,4,,,0,10,,1623042,4,,,0,10,,1623043,4,,,0,10,,1623044,4,,,0,50,,1623045,4,,,0,10,,1623046,4,,,0,10,,1623047,4,,,0,10,,1623048,4,,,0,10,,1623049,4,,,0,10,,1623050,4,,,0,50,,1623051,4,,,0,10,,1623052,4,,,0,10,,1623053,4,,,0
80503,'20261008',513,,1623054,4,,,0,9,,1623055,4,,,0,11,,1623056,4,,,0,10,,1623057,4,,,0,10,,1623058,4,,,0,50,,1623059,4,,,0,10,,1623060,4,,,0,10,,1623061,4,,,0,10,,1623062,4,,,0,5,,1623063,4,,,0,7,,1623064,4,,,0,7,,1623065,4,,,0,5,,1623066,4,,,0,46,,1623067,4,,,0,5,,1623068,4,,,0,5,,1623069,4,,,0,5,,1623070,4,,,0,5,,1623071,4,,,0,5,,1623072,4,,,0,4,,1623073,4,,,0,5,,1623074,4,,,0,4,,1623075,4,,,0,7,,1623076,4,,,0,5,,1623077,4,,,0,48,,1623078,4,,,0,8,,1623079,4,,,0,8,,1623080,4,,,0,8,,1623081,4,,,0,9,,1623082,4,,,0,9,,1623083,4,,,0,9,,1623084,4,,,0,50,,1623085,4,,,0,10,,1623086,4,,,0,11,,1623087,4,,,0,8,,1623088,4,,,0,10,,1623089,4,,,0,11,,1623090,4,,,0,50,,1623091,4,,,0,10,,1623092,4,,,0,10,,1623093,4,,,0,8,,1623094,4,,,0,10,,1623095,4,,,0,10,,1623096,4,,,0,50,,1623097,4,,,0,10,,1623098,4,,,0,10,,1623099,4,,,0,10,,1623100,4,,,0,10,,1623101,4,,,0,10,,1623102,4,,,0,50,,1623103,4,,,0,10,,1623104,4,,,0,10,,1623105,4,,,0,10,,1623106,4,,,0,10,,1623107,4,,,0,10,,1623108,4,,,0,50,,1623109,4,,,0,10,,1623110,4,,,0,10,,1623111,4,,,0,10,,1623112,4,,,0,10,,1623113,4,,,0,10,,1623114,4,,,0,50,,1623115,4,,,0,9,,1623116,4,,,0,10,,1623117,4,,,0,6,,1623118,4,,,0,6,,1623119,4,,,0,7,,1623120,4,,,0,6,,1623121,4,,,0,5,,1623122,4,,,0,6,,1623123,4,,,0,45,,1623124,4,,,0,6,,1623125,4,,,0,6,,1623126,4,,,0,7,,1623127,4,,,0,7,,1623128,4,,,0,5,,1623129,4,,,0,7,,1623130,4,,,0,5,,1623131,4,,,0,7,,1623132,4,,,0,8,,1623133,4,,,0,47,,1623134,4,,,0,8,,1623135,4,,,0,8,,1623136,4,,,0,7,,1623137,4,,,0,7,,1623138,4,,,0,7,,1623139,4,,,0,10,,1623140,4,,,0,48,,1623141,4,,,0,8,,1623142,4,,,0,9,,1623143,4,,,0,10,,1623144,4,,,0,11,,1623145,4,,,0,11,,1623146,4,,,0,10,,1623147,4,,,0,50,,1623148,4,,,0,10,,1623149,4,,,0,11,,1623150,4,,,0,9,,1623151,4,,,0,10,,1623152,4,,,0,9,,1623153,4,,,0,50,,1623154,4,,,0,9,,1623155,4,,,0,10,,1623156,4,,,0,9,,1623157,4,,,0,11,,1623158,4,,,0,10,,1623159,4,,,0,50,,1623160,4,,,0,10,,1623161,4,,,0,10,,1623162,4,,,0,10,,1623163,4,,,0,10,,1623164,4,,,0,10,,1623165,4,,,0,50,,1623166,4,,,0,10,,1623167,4,,,0,10,,1623168,4,,,0,10,,1623169,4,,,0,10,,1623170,4,,,0,10,,1623171,4,,,0,50,,1623172,4,,,0,10,,1623173,4,,,0,10,,1623174,4,,,0,10,,1623175,4,,,0,10,,1623176,4,,,0,10,,1623177,4,,,0,50,,1623178,4,,,0,10,,1623179,4,,,0,10,,1623180,4,,,0,10,,1623181,4,,,0,10,,1623182,4,,,0,10,,1623183,4,,,0,50,,1623184,4,,,0,10,,1623185,4,,,0,10,,1623186,4,,,0,10,,1623187,4,,,0,10,,1623188,4,,,0,10,,1623189,4,,,0,50,,1623190,4,,,0,10,,1623191,4,,,0,10,,1623192,4,,,0
80503,'20261009',513,,1623193,4,,,0,9,,1623194,4,,,0,11,,1623195,4,,,0,10,,1623196,4,,,0,10,,1623197,4,,,0,50,,1623198,4,,,0,10,,1623199,4,,,0,10,,1623200,4,,,0,10,,1623201,4,,,0,5,,1623202,4,,,0,7,,1623203,4,,,0,7,,1623204,4,,,0,5,,1623205,4,,,0,46,,1623206,4,,,0,5,,1623207,4,,,0,5,,1623208,4,,,0,5,,1623209,4,,,0,5,,1623210,4,,,0,5,,1623211,4,,,0,4,,1623212,4,,,0,5,,1623213,4,,,0,4,,1623214,4,,,0,7,,1623215,4,,,0,5,,1623216,4,,,0,48,,1623217,4,,,0,8,,1623218,4,,,0,8,,1623219,4,,,0,8,,1623220,4,,,0,9,,1623221,4,,,0,9,,1623222,4,,,0,9,,1623223,4,,,0,50,,1623224,4,,,0,10,,1623225,4,,,0,11,,1623226,4,,,0,8,,1623227,4,,,0,10,,1623228,4,,,0,11,,1623229,4,,,0,50,,1623230,4,,,0,10,,1623231,4,,,0,10,,1623232,4,,,0,8,,1623233,4,,,0,10,,1623234,4,,,0,10,,1623235,4,,,0,50,,1623236,4,,,0,10,,1623237,4,,,0,10,,1623238,4,,,0,10,,1623239,4,,,0,10,,1623240,4,,,0,10,,1623241,4,,,0,50,,1623242,4,,,0,10,,1623243,4,,,0,10,,1623244,4,,,0,10,,1623245,4,,,0,10,,1623246,4,,,0,10,,1623247,4,,,0,50,,1623248,4,,,0,10,,1623249,4,,,0,10,,1623250,4,,,0,10,,1623251,4,,,0,10,,1623252,4,,,0,10,,1623253,4,,,0,50,,1623254,4,,,0,9,,1623255,4,,,0,10,,1623256,4,,,0,6,,1623257,4,,,0,6,,1623258,4,,,0,7,,1623259,4,,,0,6,,1623260,4,,,0,5,,1623261,4,,,0,6,,1623262,4,,,0,45,,1623263,4,,,0,6,,1623264,4,,,0,6,,1623265,4,,,0,7,,1623266,4,,,0,7,,1623267,4,,,0,5,,1623268,4,,,0,7,,1623269,4,,,0,5,,1623270,4,,,0,7,,1623271,4,,,0,8,,1623272,4,,,0,47,,1623273,4,,,0,8,,1623274,4,,,0,8,,1623275,4,,,0,7,,1623276,4,,,0,7,,1623277,4,,,0,7,,1623278,4,,,0,10,,1623279,4,,,0,48,,1623280,4,,,0,8,,1623281,4,,,0,9,,1623282,4,,,0,10,,1623283,4,,,0,11,,1623284,4,,,0,11,,1623285,4,,,0,10,,1623286,4,,,0,50,,1623287,4,,,0,10,,1623288,4,,,0,11,,1623289,4,,,0,9,,1623290,4,,,0,10,,1623291,4,,,0,9,,1623292,4,,,0,50,,1623293,4,,,0,9,,1623294,4,,,0,10,,1623295,4,,,0,9,,1623296,4,,,0,11,,1623297,4,,,0,10,,1623298,4,,,0,50,,1623299,4,,,0,10,,1623300,4,,,0,10,,1623301,4,,,0,10,,1623302,4,,,0,10,,1623303,4,,,0,10,,1623304,4,,,0,50,,1623305,4,,,0,10,,1623306,4,,,0,10,,1623307,4,,,0,10,,1623308,4,,,0,10,,1623309,4,,,0,10,,1623310,4,,,0,50,,1623311,4,,,0,10,,1623312,4,,,0,10,,1623313,4,,,0,10,,1623314,4,,,0,10,,1623315,4,,,0,10,,1623316,4,,,0,50,,1623317,4,,,0,10,,1623318,4,,,0,10,,1623319,4,,,0,10,,1623320,4,,,0,10,,1623321,4,,,0,10,,1623322,4,,,0,50,,1623323,4,,,0,10,,1623324,4,,,0,10,,1623325,4,,,0,10,,1623326,4,,,0,10,,1623327,4,,,0,10,,1623328,4,,,0,50,,1623329,4,,,0,10,,1623330,4,,,0,10,,1623331,4,,,0
80503,'20261010',536,,1560453,4,,,0,10,,1560543,4,,,0,10,,1560538,4,,,0,50,,1560455,4,,,0,10,,1560544,4,,,0,10,,1560456,4,,,0,10,,1560457,4,,,0,10,,1560537,4,,,0,10,,1560545,4,,,0,50,,1560458,4,,,0,10,,1560459,4,,,0,11,,1560460,4,,,0,10,,1560539,4,,,0,10,,1560542,4,,,0,9,,1560546,4,,,0,50,,1560454,4,,,0,9,,1560536,4,,,0,11,,1560461,4,,,0,9,,1560462,4,,,0,10,,1560463,4,,,0,9,,1560547,4,,,0,50,,1560464,4,,,0,11,,1560465,4,,,0,10,,1560466,4,,,0,10,,1560467,4,,,0,11,,1560468,4,,,0,10,,1560548,4,,,0,50,,1560469,4,,,0,10,,1560541,4,,,0,10,,1560470,4,,,0,11,,1560471,4,,,0,10,,1560472,4,,,0,10,,1560549,4,,,0,50,,1560473,4,,,0,11,,1560571,4,,,0,10,,1560474,4,,,0,10,,1560475,4,,,0,11,,1560476,4,,,0,10,,1560477,4,,,0,50,,1560550,4,,,0,10,,1560478,4,,,0,10,,1560479,4,,,0,10,,1560480,4,,,0,10,,1560481,4,,,0,10,,1560482,4,,,0,50,,1560551,4,,,0,10,,1560535,4,,,0,10,,1560483,4,,,0,10,,1560485,4,,,0,10,,1560486,4,,,0,10,,1560487,4,,,0,51,,1560552,4,,,0,8,,1560484,4,,,0,10,,1560489,4,,,0,10,,1560490,4,,,0,10,,1560491,4,,,0,9,,1560488,4,,,0,50,,1560553,4,,,0,10,,1560492,4,,,0,10,,1560493,4,,,0,9,,1560494,4,,,0,9,,1560495,4,,,0,10,,1560496,4,,,0,50,,1560554,4,,,0,10,,1560497,4,,,0,10,,1560498,4,,,0,10,,1560499,4,,,0,10,,1560500,4,,,0,10,,1560501,4,,,0,50,,1560555,4,,,0,10,,1560502,4,,,0,10,,1560503,4,,,0,11,,1560504,4,,,0,10,,1560505,4,,,0,10,,1560556,4,,,0,51,,1560506,4,,,0,10,,1560507,4,,,0,9,,1560508,4,,,0,9,,1560557,4,,,0,10,,1560509,4,,,0,10,,1560510,4,,,0,50,,1560558,4,,,0,10,,1560511,4,,,0,10,,1560512,4,,,0,10,,1560559,4,,,0,10,,1560513,4,,,0,10,,1560515,4,,,0,50,,1560560,4,,,0,10,,1560516,4,,,0,10,,1560517,4,,,0,11,,1560561,4,,,0,10,,1560514,4,,,0,10,,1560519,4,,,0,51,,1560562,4,,,0,10,,1560520,4,,,0,10,,1560521,4,,,0,10,,1560563,4,,,0,10,,1560518,4,,,0,10,,1560522,4,,,0,50,,1560564,4,,,0,10,,1560523,4,,,0,10,,1560524,4,,,0,10,,1560565,4,,,0,9,,1560525,4,,,0,10,,1560526,4,,,0,50,,1560566,4,,,0,10,,1560527,4,,,0,10,,1560528,4,,,0,10,,1560568,4,,,0,10,,1560534,4,,,0,10,,1560529,4,,,0,50,,1560569,4,,,0,10,,1560530,4,,,0,10,,1560531,4,,,0,10,,1560570,4,,,0,10,,1560540,4,,,0,10,,1560532,4,,,0,51,,1560567,4,,,0,12,,1560533,4,,,0
80503,'20261011',536,,1560662,4,,,0,10,,1560656,4,,,0,10,,1560663,4,,,0,50,,1560654,4,,,0,10,,1560652,4,,,0,10,,1560665,4,,,0,10,,1560657,4,,,0,10,,1560655,4,,,0,10,,1560653,4,,,0,50,,1560658,4,,,0,10,,1560651,4,,,0,11,,1560666,4,,,0,10,,1560636,4,,,0,10,,1560641,4,,,0,9,,1560629,4,,,0,50,,1560650,4,,,0,9,,1560643,4,,,0,11,,1560667,4,,,0,9,,1560631,4,,,0,10,,1560649,4,,,0,9,,1560642,4,,,0,50,,1560634,4,,,0,11,,1560646,4,,,0,10,,1560664,4,,,0,10,,1560647,4,,,0,11,,1560645,4,,,0,10,,1560632,4,,,0,50,,1560630,4,,,0,10,,1560644,4,,,0,10,,1560668,4,,,0,11,,1560648,4,,,0,10,,1560639,4,,,0,10,,1560640,4,,,0,50,,1560633,4,,,0,11,,1560635,4,,,0,10,,1560669,4,,,0,10,,1560638,4,,,0,11,,1560637,4,,,0,10,,1560613,4,,,0,50,,1560619,4,,,0,10,,1560610,4,,,0,10,,1560670,4,,,0,10,,1560620,4,,,0,10,,1560611,4,,,0,10,,1560617,4,,,0,50,,1560618,4,,,0,10,,1560628,4,,,0,10,,1560671,4,,,0,10,,1560612,4,,,0,10,,1560616,4,,,0,10,,1560624,4,,,0,51,,1560627,4,,,0,8,,1560625,4,,,0,10,,1560672,4,,,0,10,,1560626,4,,,0,10,,1560623,4,,,0,9,,1560622,4,,,0,50,,1560621,4,,,0,10,,1560615,4,,,0,10,,1560673,4,,,0,9,,1560614,4,,,0,9,,1560595,4,,,0,10,,1560593,4,,,0,50,,1560603,4,,,0,10,,1560592,4,,,0,10,,1560674,4,,,0,10,,1560596,4,,,0,10,,1560591,4,,,0,10,,1560604,4,,,0,50,,1560594,4,,,0,10,,1560608,4,,,0,10,,1560675,4,,,0,11,,1560607,4,,,0,10,,1560602,4,,,0,10,,1560600,4,,,0,51,,1560676,4,,,0,10,,1560605,4,,,0,9,,1560598,4,,,0,9,,1560677,4,,,0,10,,1560609,4,,,0,10,,1560590,4,,,0,50,,1560678,4,,,0,10,,1560597,4,,,0,10,,1560589,4,,,0,10,,1560679,4,,,0,10,,1560601,4,,,0,10,,1560588,4,,,0,50,,1560680,4,,,0,10,,1560599,4,,,0,10,,1560606,4,,,0,11,,1560681,4,,,0,10,,1560583,4,,,0,10,,1560587,4,,,0,51,,1560682,4,,,0,10,,1560577,4,,,0,10,,1560586,4,,,0,10,,1560683,4,,,0,10,,1560585,4,,,0,10,,1560576,4,,,0,50,,1560684,4,,,0,10,,1560584,4,,,0,10,,1560659,4,,,0,10,,1560685,4,,,0,9,,1560581,4,,,0,10,,1560582,4,,,0,50,,1560686,4,,,0,10,,1560580,4,,,0,10,,1560579,4,,,0,10,,1560687,4,,,0,10,,1560578,4,,,0,10,,1560574,4,,,0,50,,1560688,4,,,0,10,,1560572,4,,,0,10,,1560573,4,,,0,10,,1560689,4,,,0,10,,1560575,4,,,0,10,,1560660,4,,,0,51,,1560661,4,,,0,12,,1560690,4,,,0
80503,'20261012',536,,1560781,4,,,0,10,,1560775,4,,,0,10,,1560782,4,,,0,50,,1560773,4,,,0,10,,1560771,4,,,0,10,,1560784,4,,,0,10,,1560776,4,,,0,10,,1560774,4,,,0,10,,1560772,4,,,0,50,,1560777,4,,,0,10,,1560770,4,,,0,11,,1560785,4,,,0,10,,1560755,4,,,0,10,,1560760,4,,,0,9,,1560748,4,,,0,50,,1560769,4,,,0,9,,1560762,4,,,0,11,,1560786,4,,,0,9,,1560750,4,,,0,10,,1560768,4,,,0,9,,1560761,4,,,0,50,,1560753,4,,,0,11,,1560765,4,,,0,10,,1560783,4,,,0,10,,1560766,4,,,0,11,,1560764,4,,,0,10,,1560751,4,,,0,50,,1560749,4,,,0,10,,1560763,4,,,0,10,,1560787,4,,,0,11,,1560767,4,,,0,10,,1560758,4,,,0,10,,1560759,4,,,0,50,,1560752,4,,,0,11,,1560754,4,,,0,10,,1560788,4,,,0,10,,1560757,4,,,0,11,,1560756,4,,,0,10,,1560732,4,,,0,50,,1560738,4,,,0,10,,1560729,4,,,0,10,,1560789,4,,,0,10,,1560739,4,,,0,10,,1560730,4,,,0,10,,1560736,4,,,0,50,,1560737,4,,,0,10,,1560747,4,,,0,10,,1560790,4,,,0,10,,1560731,4,,,0,10,,1560735,4,,,0,10,,1560743,4,,,0,51,,1560746,4,,,0,8,,1560744,4,,,0,10,,1560791,4,,,0,10,,1560745,4,,,0,10,,1560742,4,,,0,9,,1560741,4,,,0,50,,1560740,4,,,0,10,,1560734,4,,,0,10,,1560792,4,,,0,9,,1560733,4,,,0,9,,1560714,4,,,0,10,,1560712,4,,,0,50,,1560722,4,,,0,10,,1560711,4,,,0,10,,1560793,4,,,0,10,,1560715,4,,,0,10,,1560710,4,,,0,10,,1560723,4,,,0,50,,1560713,4,,,0,10,,1560727,4,,,0,10,,1560794,4,,,0,11,,1560726,4,,,0,10,,1560721,4,,,0,10,,1560719,4,,,0,51,,1560795,4,,,0,10,,1560724,4,,,0,9,,1560717,4,,,0,9,,1560796,4,,,0,10,,1560728,4,,,0,10,,1560709,4,,,0,50,,1560797,4,,,0,10,,1560716,4,,,0,10,,1560708,4,,,0,10,,1560798,4,,,0,10,,1560720,4,,,0,10,,1560707,4,,,0,50,,1560799,4,,,0,10,,1560718,4,,,0,10,,1560725,4,,,0,11,,1560800,4,,,0,10,,1560702,4,,,0,10,,1560706,4,,,0,51,,1560801,4,,,0,10,,1560696,4,,,0,10,,1560705,4,,,0,10,,1560802,4,,,0,10,,1560704,4,,,0,10,,1560695,4,,,0,50,,1560803,4,,,0,10,,1560703,4,,,0,10,,1560778,4,,,0,10,,1560804,4,,,0,9,,1560700,4,,,0,10,,1560701,4,,,0,50,,1560805,4,,,0,10,,1560699,4,,,0,10,,1560698,4,,,0,10,,1560806,4,,,0,10,,1560697,4,,,0,10,,1560693,4,,,0,50,,1560807,4,,,0,10,,1560691,4,,,0,10,,1560692,4,,,0,10,,1560808,4,,,0,10,,1560694,4,,,0,10,,1560779,4,,,0,51,,1560780,4,,,0,12,,1560809,4,,,0
80503,'20261013',513,,1591590,4,,,0,9,,1591589,4,,,0,11,,1591467,4,,,0,10,,1591468,4,,,0,10,,1591469,4,,,0,50,,1591570,4,,,0,10,,1591470,4,,,0,10,,1591563,4,,,0,10,,1591471,4,,,0,5,,1591562,4,,,0,7,,1591472,4,,,0,7,,1591473,4,,,0,5,,1591474,4,,,0,46,,1591594,4,,,0,5,,1591599,4,,,0,5,,1591475,4,,,0,5,,1591600,4,,,0,5,,1591603,4,,,0,5,,1591560,4,,,0,4,,1591601,4,,,0,5,,1591561,4,,,0,4,,1591602,4,,,0,7,,1591476,4,,,0,5,,1591605,4,,,0,48,,1591477,4,,,0,8,,1591478,4,,,0,8,,1591479,4,,,0,8,,1591480,4,,,0,9,,1591559,4,,,0,9,,1591481,4,,,0,9,,1591482,4,,,0,50,,1591483,4,,,0,10,,1591485,4,,,0,11,,1591486,4,,,0,8,,1591484,4,,,0,10,,1591487,4,,,0,11,,1591568,4,,,0,50,,1591488,4,,,0,10,,1591489,4,,,0,10,,1591490,4,,,0,8,,1591491,4,,,0,10,,1591593,4,,,0,10,,1591572,4,,,0,50,,1591492,4,,,0,10,,1591494,4,,,0,10,,1591495,4,,,0,10,,1591573,4,,,0,10,,1591496,4,,,0,10,,1591493,4,,,0,50,,1591497,4,,,0,10,,1591498,4,,,0,10,,1591499,4,,,0,10,,1591500,4,,,0,10,,1591502,4,,,0,10,,1591503,4,,,0,50,,1591504,4,,,0,10,,1591574,4,,,0,10,,1591501,4,,,0,10,,1591575,4,,,0,10,,1591505,4,,,0,10,,1591506,4,,,0,50,,1591507,4,,,0,9,,1591508,4,,,0,10,,1591509,4,,,0,6,,1591564,4,,,0,6,,1591604,4,,,0,7,,1591510,4,,,0,6,,1591512,4,,,0,5,,1591595,4,,,0,6,,1591596,4,,,0,45,,1591513,4,,,0,6,,1591514,4,,,0,6,,1591511,4,,,0,7,,1591571,4,,,0,7,,1591598,4,,,0,5,,1591515,4,,,0,7,,1591566,4,,,0,5,,1591569,4,,,0,7,,1591516,4,,,0,8,,1591517,4,,,0,47,,1591518,4,,,0,8,,1591519,4,,,0,8,,1591520,4,,,0,7,,1591521,4,,,0,7,,1591522,4,,,0,7,,1591523,4,,,0,10,,1591524,4,,,0,48,,1591525,4,,,0,8,,1591526,4,,,0,9,,1591528,4,,,0,10,,1591529,4,,,0,11,,1591530,4,,,0,11,,1591527,4,,,0,10,,1591532,4,,,0,50,,1591533,4,,,0,10,,1591534,4,,,0,11,,1591531,4,,,0,9,,1591535,4,,,0,10,,1591576,4,,,0,9,,1591536,4,,,0,50,,1591537,4,,,0,9,,1591577,4,,,0,10,,1591538,4,,,0,9,,1591539,4,,,0,11,,1591578,4,,,0,10,,1591540,4,,,0,50,,1591541,4,,,0,10,,1591579,4,,,0,10,,1591542,4,,,0,10,,1591543,4,,,0,10,,1591580,4,,,0,10,,1591544,4,,,0,50,,1591545,4,,,0,10,,1591581,4,,,0,10,,1591546,4,,,0,10,,1591547,4,,,0,10,,1591582,4,,,0,10,,1591548,4,,,0,50,,1591549,4,,,0,10,,1591583,4,,,0,10,,1591550,4,,,0,10,,1591551,4,,,0,10,,1591584,4,,,0,10,,1591553,4,,,0,50,,1591554,4,,,0,10,,1591585,4,,,0,10,,1591555,4,,,0,10,,1591552,4,,,0,10,,1591586,4,,,0,10,,1591556,4,,,0,50,,1591557,4,,,0,10,,1591587,4,,,0,10,,1591558,4,,,0,10,,1591565,4,,,0,10,,1591588,4,,,0,10,,1591567,4,,,0,50,,1591591,4,,,0,10,,1591592,4,,,0,10,,1591597,4,,,0
80503,'20261014',513,,1591729,4,,,0,9,,1591728,4,,,0,11,,1591606,4,,,0,10,,1591607,4,,,0,10,,1591608,4,,,0,50,,1591709,4,,,0,10,,1591609,4,,,0,10,,1591702,4,,,0,10,,1591610,4,,,0,5,,1591701,4,,,0,7,,1591611,4,,,0,7,,1591612,4,,,0,5,,1591613,4,,,0,46,,1591733,4,,,0,5,,1591738,4,,,0,5,,1591614,4,,,0,5,,1591739,4,,,0,5,,1591742,4,,,0,5,,1591699,4,,,0,4,,1591740,4,,,0,5,,1591700,4,,,0,4,,1591741,4,,,0,7,,1591615,4,,,0,5,,1591744,4,,,0,48,,1591616,4,,,0,8,,1591617,4,,,0,8,,1591618,4,,,0,8,,1591619,4,,,0,9,,1591698,4,,,0,9,,1591620,4,,,0,9,,1591621,4,,,0,50,,1591622,4,,,0,10,,1591624,4,,,0,11,,1591625,4,,,0,8,,1591623,4,,,0,10,,1591626,4,,,0,11,,1591707,4,,,0,50,,1591627,4,,,0,10,,1591628,4,,,0,10,,1591629,4,,,0,8,,1591630,4,,,0,10,,1591732,4,,,0,10,,1591711,4,,,0,50,,1591631,4,,,0,10,,1591633,4,,,0,10,,1591634,4,,,0,10,,1591712,4,,,0,10,,1591635,4,,,0,10,,1591632,4,,,0,50,,1591636,4,,,0,10,,1591637,4,,,0,10,,1591638,4,,,0,10,,1591639,4,,,0,10,,1591641,4,,,0,10,,1591642,4,,,0,50,,1591643,4,,,0,10,,1591713,4,,,0,10,,1591640,4,,,0,10,,1591714,4,,,0,10,,1591644,4,,,0,10,,1591645,4,,,0,50,,1591646,4,,,0,9,,1591647,4,,,0,10,,1591648,4,,,0,6,,1591703,4,,,0,6,,1591743,4,,,0,7,,1591649,4,,,0,6,,1591651,4,,,0,5,,1591734,4,,,0,6,,1591735,4,,,0,45,,1591652,4,,,0,6,,1591653,4,,,0,6,,1591650,4,,,0,7,,1591710,4,,,0,7,,1591737,4,,,0,5,,1591654,4,,,0,7,,1591705,4,,,0,5,,1591708,4,,,0,7,,1591655,4,,,0,8,,1591656,4,,,0,47,,1591657,4,,,0,8,,1591658,4,,,0,8,,1591659,4,,,0,7,,1591660,4,,,0,7,,1591661,4,,,0,7,,1591662,4,,,0,10,,1591663,4,,,0,48,,1591664,4,,,0,8,,1591665,4,,,0,9,,1591667,4,,,0,10,,1591668,4,,,0,11,,1591669,4,,,0,11,,1591666,4,,,0,10,,1591671,4,,,0,50,,1591672,4,,,0,10,,1591673,4,,,0,11,,1591670,4,,,0,9,,1591674,4,,,0,10,,1591715,4,,,0,9,,1591675,4,,,0,50,,1591676,4,,,0,9,,1591716,4,,,0,10,,1591677,4,,,0,9,,1591678,4,,,0,11,,1591717,4,,,0,10,,1591679,4,,,0,50,,1591680,4,,,0,10,,1591718,4,,,0,10,,1591681,4,,,0,10,,1591682,4,,,0,10,,1591719,4,,,0,10,,1591683,4,,,0,50,,1591684,4,,,0,10,,1591720,4,,,0,10,,1591685,4,,,0,10,,1591686,4,,,0,10,,1591721,4,,,0,10,,1591687,4,,,0,50,,1591688,4,,,0,10,,1591722,4,,,0,10,,1591689,4,,,0,10,,1591690,4,,,0,10,,1591723,4,,,0,10,,1591692,4,,,0,50,,1591693,4,,,0,10,,1591724,4,,,0,10,,1591694,4,,,0,10,,1591691,4,,,0,10,,1591725,4,,,0,10,,1591695,4,,,0,50,,1591696,4,,,0,10,,1591726,4,,,0,10,,1591697,4,,,0,10,,1591704,4,,,0,10,,1591727,4,,,0,10,,1591706,4,,,0,50,,1591730,4,,,0,10,,1591731,4,,,0,10,,1591736,4,,,0
80503,'20261015',513,,1591868,4,,,0,9,,1591867,4,,,0,11,,1591745,4,,,0,10,,1591746,4,,,0,10,,1591747,4,,,0,50,,1591848,4,,,0,10,,1591748,4,,,0,10,,1591841,4,,,0,10,,1591749,4,,,0,5,,1591840,4,,,0,7,,1591750,4,,,0,7,,1591751,4,,,0,5,,1591752,4,,,0,46,,1591872,4,,,0,5,,1591877,4,,,0,5,,1591753,4,,,0,5,,1591878,4,,,0,5,,1591881,4,,,0,5,,1591838,4,,,0,4,,1591879,4,,,0,5,,1591839,4,,,0,4,,1591880,4,,,0,7,,1591754,4,,,0,5,,1591883,4,,,0,48,,1591755,4,,,0,8,,1591756,4,,,0,8,,1591757,4,,,0,8,,1591758,4,,,0,9,,1591837,4,,,0,9,,1591759,4,,,0,9,,1591760,4,,,0,50,,1591761,4,,,0,10,,1591763,4,,,0,11,,1591764,4,,,0,8,,1591762,4,,,0,10,,1591765,4,,,0,11,,1591846,4,,,0,50,,1591766,4,,,0,10,,1591767,4,,,0,10,,1591768,4,,,0,8,,1591769,4,,,0,10,,1591871,4,,,0,10,,1591850,4,,,0,50,,1591770,4,,,0,10,,1591772,4,,,0,10,,1591773,4,,,0,10,,1591851,4,,,0,10,,1591774,4,,,0,10,,1591771,4,,,0,50,,1591775,4,,,0,10,,1591776,4,,,0,10,,1591777,4,,,0,10,,1591778,4,,,0,10,,1591780,4,,,0,10,,1591781,4,,,0,50,,1591782,4,,,0,10,,1591852,4,,,0,10,,1591779,4,,,0,10,,1591853,4,,,0,10,,1591783,4,,,0,10,,1591784,4,,,0,50,,1591785,4,,,0,9,,1591786,4,,,0,10,,1591787,4,,,0,6,,1591842,4,,,0,6,,1591882,4,,,0,7,,1591788,4,,,0,6,,1591790,4,,,0,5,,1591873,4,,,0,6,,1591874,4,,,0,45,,1591791,4,,,0,6,,1591792,4,,,0,6,,1591789,4,,,0,7,,1591849,4,,,0,7,,1591876,4,,,0,5,,1591793,4,,,0,7,,1591844,4,,,0,5,,1591847,4,,,0,7,,1591794,4,,,0,8,,1591795,4,,,0,47,,1591796,4,,,0,8,,1591797,4,,,0,8,,1591798,4,,,0,7,,1591799,4,,,0,7,,1591800,4,,,0,7,,1591801,4,,,0,10,,1591802,4,,,0,48,,1591803,4,,,0,8,,1591804,4,,,0,9,,1591806,4,,,0,10,,1591807,4,,,0,11,,1591808,4,,,0,11,,1591805,4,,,0,10,,1591810,4,,,0,50,,1591811,4,,,0,10,,1591812,4,,,0,11,,1591809,4,,,0,9,,1591813,4,,,0,10,,1591854,4,,,0,9,,1591814,4,,,0,50,,1591815,4,,,0,9,,1591855,4,,,0,10,,1591816,4,,,0,9,,1591817,4,,,0,11,,1591856,4,,,0,10,,1591818,4,,,0,50,,1591819,4,,,0,10,,1591857,4,,,0,10,,1591820,4,,,0,10,,1591821,4,,,0,10,,1591858,4,,,0,10,,1591822,4,,,0,50,,1591823,4,,,0,10,,1591859,4,,,0,10,,1591824,4,,,0,10,,1591825,4,,,0,10,,1591860,4,,,0,10,,1591826,4,,,0,50,,1591827,4,,,0,10,,1591861,4,,,0,10,,1591828,4,,,0,10,,1591829,4,,,0,10,,1591862,4,,,0,10,,1591831,4,,,0,50,,1591832,4,,,0,10,,1591863,4,,,0,10,,1591833,4,,,0,10,,1591830,4,,,0,10,,1591864,4,,,0,10,,1591834,4,,,0,50,,1591835,4,,,0,10,,1591865,4,,,0,10,,1591836,4,,,0,10,,1591843,4,,,0,10,,1591866,4,,,0,10,,1591845,4,,,0,50,,1591869,4,,,0,10,,1591870,4,,,0,10,,1591875,4,,,0
80503,'20261016',513,,1592007,4,,,0,9,,1592006,4,,,0,11,,1591884,4,,,0,10,,1591885,4,,,0,10,,1591886,4,,,0,50,,1591987,4,,,0,10,,1591887,4,,,0,10,,1591980,4,,,0,10,,1591888,4,,,0,5,,1591979,4,,,0,7,,1591889,4,,,0,7,,1591890,4,,,0,5,,1591891,4,,,0,46,,1592011,4,,,0,5,,1592016,4,,,0,5,,1591892,4,,,0,5,,1592017,4,,,0,5,,1592020,4,,,0,5,,1591977,4,,,0,4,,1592018,4,,,0,5,,1591978,4,,,0,4,,1592019,4,,,0,7,,1591893,4,,,0,5,,1592022,4,,,0,48,,1591894,4,,,0,8,,1591895,4,,,0,8,,1591896,4,,,0,8,,1591897,4,,,0,9,,1591976,4,,,0,9,,1591898,4,,,0,9,,1591899,4,,,0,50,,1591900,4,,,0,10,,1591902,4,,,0,11,,1591903,4,,,0,8,,1591901,4,,,0,10,,1591904,4,,,0,11,,1591985,4,,,0,50,,1591905,4,,,0,10,,1591906,4,,,0,10,,1591907,4,,,0,8,,1591908,4,,,0,10,,1592010,4,,,0,10,,1591989,4,,,0,50,,1591909,4,,,0,10,,1591911,4,,,0,10,,1591912,4,,,0,10,,1591990,4,,,0,10,,1591913,4,,,0,10,,1591910,4,,,0,50,,1591914,4,,,0,10,,1591915,4,,,0,10,,1591916,4,,,0,10,,1591917,4,,,0,10,,1591919,4,,,0,10,,1591920,4,,,0,50,,1591921,4,,,0,10,,1591991,4,,,0,10,,1591918,4,,,0,10,,1591992,4,,,0,10,,1591922,4,,,0,10,,1591923,4,,,0,50,,1591924,4,,,0,9,,1591925,4,,,0,10,,1591926,4,,,0,6,,1591981,4,,,0,6,,1592021,4,,,0,7,,1591927,4,,,0,6,,1591929,4,,,0,5,,1592012,4,,,0,6,,1592013,4,,,0,45,,1591930,4,,,0,6,,1591931,4,,,0,6,,1591928,4,,,0,7,,1591988,4,,,0,7,,1592015,4,,,0,5,,1591932,4,,,0,7,,1591983,4,,,0,5,,1591986,4,,,0,7,,1591933,4,,,0,8,,1591934,4,,,0,47,,1591935,4,,,0,8,,1591936,4,,,0,8,,1591937,4,,,0,7,,1591938,4,,,0,7,,1591939,4,,,0,7,,1591940,4,,,0,10,,1591941,4,,,0,48,,1591942,4,,,0,8,,1591943,4,,,0,9,,1591945,4,,,0,10,,1591946,4,,,0,11,,1591947,4,,,0,11,,1591944,4,,,0,10,,1591949,4,,,0,50,,1591950,4,,,0,10,,1591951,4,,,0,11,,1591948,4,,,0,9,,1591952,4,,,0,10,,1591993,4,,,0,9,,1591953,4,,,0,50,,1591954,4,,,0,9,,1591994,4,,,0,10,,1591955,4,,,0,9,,1591956,4,,,0,11,,1591995,4,,,0,10,,1591957,4,,,0,50,,1591958,4,,,0,10,,1591996,4,,,0,10,,1591959,4,,,0,10,,1591960,4,,,0,10,,1591997,4,,,0,10,,1591961,4,,,0,50,,1591962,4,,,0,10,,1591998,4,,,0,10,,1591963,4,,,0,10,,1591964,4,,,0,10,,1591999,4,,,0,10,,1591965,4,,,0,50,,1591966,4,,,0,10,,1592000,4,,,0,10,,1591967,4,,,0,10,,1591968,4,,,0,10,,1592001,4,,,0,10,,1591970,4,,,0,50,,1591971,4,,,0,10,,1592002,4,,,0,10,,1591972,4,,,0,10,,1591969,4,,,0,10,,1592003,4,,,0,10,,1591973,4,,,0,50,,1591974,4,,,0,10,,1592004,4,,,0,10,,1591975,4,,,0,10,,1591982,4,,,0,10,,1592005,4,,,0,10,,1591984,4,,,0,50,,1592008,4,,,0,10,,1592009,4,,,0,10,,1592014,4,,,0
80503,'20261017',536,,1623332,4,,,0,10,,1623422,4,,,0,10,,1623417,4,,,0,50,,1623334,4,,,0,10,,1623423,4,,,0,10,,1623335,4,,,0,10,,1623336,4,,,0,10,,1623416,4,,,0,10,,1623424,4,,,0,50,,1623337,4,,,0,10,,1623338,4,,,0,11,,1623339,4,,,0,10,,1623418,4,,,0,10,,1623421,4,,,0,9,,1623425,4,,,0,50,,1623333,4,,,0,9,,1623415,4,,,0,11,,1623340,4,,,0,9,,1623341,4,,,0,10,,1623342,4,,,0,9,,1623426,4,,,0,50,,1623343,4,,,0,11,,1623344,4,,,0,10,,1623345,4,,,0,10,,1623346,4,,,0,11,,1623347,4,,,0,10,,1623427,4,,,0,50,,1623348,4,,,0,10,,1623420,4,,,0,10,,1623349,4,,,0,11,,1623350,4,,,0,10,,1623351,4,,,0,10,,1623428,4,,,0,50,,1623352,4,,,0,11,,1623450,4,,,0,10,,1623353,4,,,0,10,,1623354,4,,,0,11,,1623355,4,,,0,10,,1623356,4,,,0,50,,1623429,4,,,0,10,,1623357,4,,,0,10,,1623358,4,,,0,10,,1623359,4,,,0,10,,1623360,4,,,0,10,,1623361,4,,,0,50,,1623430,4,,,0,10,,1623414,4,,,0,10,,1623362,4,,,0,10,,1623364,4,,,0,10,,1623365,4,,,0,10,,1623366,4,,,0,51,,1623431,4,,,0,8,,1623363,4,,,0,10,,1623368,4,,,0,10,,1623369,4,,,0,10,,1623370,4,,,0,9,,1623367,4,,,0,50,,1623432,4,,,0,10,,1623371,4,,,0,10,,1623372,4,,,0,9,,1623373,4,,,0,9,,1623374,4,,,0,10,,1623375,4,,,0,50,,1623433,4,,,0,10,,1623376,4,,,0,10,,1623377,4,,,0,10,,1623378,4,,,0,10,,1623379,4,,,0,10,,1623380,4,,,0,50,,1623434,4,,,0,10,,1623381,4,,,0,10,,1623382,4,,,0,11,,1623383,4,,,0,10,,1623384,4,,,0,10,,1623435,4,,,0,51,,1623385,4,,,0,10,,1623386,4,,,0,9,,1623387,4,,,0,9,,1623436,4,,,0,10,,1623388,4,,,0,10,,1623389,4,,,0,50,,1623437,4,,,0,10,,1623390,4,,,0,10,,1623391,4,,,0,10,,1623438,4,,,0,10,,1623392,4,,,0,10,,1623394,4,,,0,50,,1623439,4,,,0,10,,1623395,4,,,0,10,,1623396,4,,,0,11,,1623440,4,,,0,10,,1623393,4,,,0,10,,1623398,4,,,0,51,,1623441,4,,,0,10,,1623399,4,,,0,10,,1623400,4,,,0,10,,1623442,4,,,0,10,,1623397,4,,,0,10,,1623401,4,,,0,50,,1623443,4,,,0,10,,1623402,4,,,0,10,,1623403,4,,,0,10,,1623444,4,,,0,9,,1623404,4,,,0,10,,1623405,4,,,0,50,,1623445,4,,,0,10,,1623406,4,,,0,10,,1623407,4,,,0,10,,1623447,4,,,0,10,,1623413,4,,,0,10,,1623408,4,,,0,50,,1623448,4,,,0,10,,1623409,4,,,0,10,,1623410,4,,,0,10,,1623449,4,,,0,10,,1623419,4,,,0,10,,1623411,4,,,0,51,,1623446,4,,,0,12,,1623412,4,,,0
80503,'20261018',536,,1623541,4,,,0,10,,1623535,4,,,0,10,,1623542,4,,,0,50,,1623533,4,,,0,10,,1623531,4,,,0,10,,1623544,4,,,0,10,,1623536,4,,,0,10,,1623534,4,,,0,10,,1623532,4,,,0,50,,1623537,4,,,0,10,,1623530,4,,,0,11,,1623545,4,,,0,10,,1623515,4,,,0,10,,1623520,4,,,0,9,,1623508,4,,,0,50,,1623529,4,,,0,9,,1623522,4,,,0,11,,1623546,4,,,0,9,,1623510,4,,,0,10,,1623528,4,,,0,9,,1623521,4,,,0,50,,1623513,4,,,0,11,,1623525,4,,,0,10,,1623543,4,,,0,10,,1623526,4,,,0,11,,1623524,4,,,0,10,,1623511,4,,,0,50,,1623509,4,,,0,10,,1623523,4,,,0,10,,1623547,4,,,0,11,,1623527,4,,,0,10,,1623518,4,,,0,10,,1623519,4,,,0,50,,1623512,4,,,0,11,,1623514,4,,,0,10,,1623548,4,,,0,10,,1623517,4,,,0,11,,1623516,4,,,0,10,,1623492,4,,,0,50,,1623498,4,,,0,10,,1623489,4,,,0,10,,1623549,4,,,0,10,,1623499,4,,,0,10,,1623490,4,,,0,10,,1623496,4,,,0,50,,1623497,4,,,0,10,,1623507,4,,,0,10,,1623550,4,,,0,10,,1623491,4,,,0,10,,1623495,4,,,0,10,,1623503,4,,,0,51,,1623506,4,,,0,8,,1623504,4,,,0,10,,1623551,4,,,0,10,,1623505,4,,,0,10,,1623502,4,,,0,9,,1623501,4,,,0,50,,1623500,4,,,0,10,,1623494,4,,,0,10,,1623552,4,,,0,9,,1623493,4,,,0,9,,1623474,4,,,0,10,,1623472,4,,,0,50,,1623482,4,,,0,10,,1623471,4,,,0,10,,1623553,4,,,0,10,,1623475,4,,,0,10,,1623470,4,,,0,10,,1623483,4,,,0,50,,1623473,4,,,0,10,,1623487,4,,,0,10,,1623554,4,,,0,11,,1623486,4,,,0,10,,1623481,4,,,0,10,,1623479,4,,,0,51,,1623555,4,,,0,10,,1623484,4,,,0,9,,1623477,4,,,0,9,,1623556,4,,,0,10,,1623488,4,,,0,10,,1623469,4,,,0,50,,1623557,4,,,0,10,,1623476,4,,,0,10,,1623468,4,,,0,10,,1623558,4,,,0,10,,1623480,4,,,0,10,,1623467,4,,,0,50,,1623559,4,,,0,10,,1623478,4,,,0,10,,1623485,4,,,0,11,,1623560,4,,,0,10,,1623462,4,,,0,10,,1623466,4,,,0,51,,1623561,4,,,0,10,,1623456,4,,,0,10,,1623465,4,,,0,10,,1623562,4,,,0,10,,1623464,4,,,0,10,,1623455,4,,,0,50,,1623563,4,,,0,10,,1623463,4,,,0,10,,1623538,4,,,0,10,,1623564,4,,,0,9,,1623460,4,,,0,10,,1623461,4,,,0,50,,1623565,4,,,0,10,,1623459,4,,,0,10,,1623458,4,,,0,10,,1623566,4,,,0,10,,1623457,4,,,0,10,,1623453,4,,,0,50,,1623567,4,,,0,10,,1623451,4,,,0,10,,1623452,4,,,0,10,,1623568,4,,,0,10,,1623454,4,,,0,10,,1623539,4,,,0,51,,1623540,4,,,0,12,,1623569,4,,,0
80503,'20261019',513,,1623693,4,,,0,9,,1623692,4,,,0,11,,1623570,4,,,0,10,,1623571,4,,,0,10,,1623572,4,,,0,50,,1623673,4,,,0,10,,1623573,4,,,0,10,,1623666,4,,,0,10,,1623574,4,,,0,5,,1623665,4,,,0,7,,1623575,4,,,0,7,,1623576,4,,,0,5,,1623577,4,,,0,46,,1623697,4,,,0,5,,1623702,4,,,0,5,,1623578,4,,,0,5,,1623703,4,,,0,5,,1623706,4,,,0,5,,1623663,4,,,0,4,,1623704,4,,,0,5,,1623664,4,,,0,4,,1623705,4,,,0,7,,1623579,4,,,0,5,,1623708,4,,,0,48,,1623580,4,,,0,8,,1623581,4,,,0,8,,1623582,4,,,0,8,,1623583,4,,,0,9,,1623662,4,,,0,9,,1623584,4,,,0,9,,1623585,4,,,0,50,,1623586,4,,,0,10,,1623588,4,,,0,11,,1623589,4,,,0,8,,1623587,4,,,0,10,,1623590,4,,,0,11,,1623671,4,,,0,50,,1623591,4,,,0,10,,1623592,4,,,0,10,,1623593,4,,,0,8,,1623594,4,,,0,10,,1623696,4,,,0,10,,1623675,4,,,0,50,,1623595,4,,,0,10,,1623597,4,,,0,10,,1623598,4,,,0,10,,1623676,4,,,0,10,,1623599,4,,,0,10,,1623596,4,,,0,50,,1623600,4,,,0,10,,1623601,4,,,0,10,,1623602,4,,,0,10,,1623603,4,,,0,10,,1623605,4,,,0,10,,1623606,4,,,0,50,,1623607,4,,,0,10,,1623677,4,,,0,10,,1623604,4,,,0,10,,1623678,4,,,0,10,,1623608,4,,,0,10,,1623609,4,,,0,50,,1623610,4,,,0,9,,1623611,4,,,0,10,,1623612,4,,,0,6,,1623667,4,,,0,6,,1623707,4,,,0,7,,1623613,4,,,0,6,,1623615,4,,,0,5,,1623698,4,,,0,6,,1623699,4,,,0,45,,1623616,4,,,0,6,,1623617,4,,,0,6,,1623614,4,,,0,7,,1623674,4,,,0,7,,1623701,4,,,0,5,,1623618,4,,,0,7,,1623669,4,,,0,5,,1623672,4,,,0,7,,1623619,4,,,0,8,,1623620,4,,,0,47,,1623621,4,,,0,8,,1623622,4,,,0,8,,1623623,4,,,0,7,,1623624,4,,,0,7,,1623625,4,,,0,7,,1623626,4,,,0,10,,1623627,4,,,0,48,,1623628,4,,,0,8,,1623629,4,,,0,9,,1623631,4,,,0,10,,1623632,4,,,0,11,,1623633,4,,,0,11,,1623630,4,,,0,10,,1623635,4,,,0,50,,1623636,4,,,0,10,,1623637,4,,,0,11,,1623634,4,,,0,9,,1623638,4,,,0,10,,1623679,4,,,0,9,,1623639,4,,,0,50,,1623640,4,,,0,9,,1623680,4,,,0,10,,1623641,4,,,0,9,,1623642,4,,,0,11,,1623681,4,,,0,10,,1623643,4,,,0,50,,1623644,4,,,0,10,,1623682,4,,,0,10,,1623645,4,,,0,10,,1623646,4,,,0,10,,1623683,4,,,0,10,,1623647,4,,,0,50,,1623648,4,,,0,10,,1623684,4,,,0,10,,1623649,4,,,0,10,,1623650,4,,,0,10,,1623685,4,,,0,10,,1623651,4,,,0,50,,1623652,4,,,0,10,,1623686,4,,,0,10,,1623653,4,,,0,10,,1623654,4,,,0,10,,1623687,4,,,0,10,,1623656,4,,,0,50,,1623657,4,,,0,10,,1623688,4,,,0,10,,1623658,4,,,0,10,,1623655,4,,,0,10,,1623689,4,,,0,10,,1623659,4,,,0,50,,1623660,4,,,0,10,,1623690,4,,,0,10,,1623661,4,,,0,10,,1623668,4,,,0,10,,1623691,4,,,0,10,,1623670,4,,,0,50,,1623694,4,,,0,10,,1623695,4,,,0,10,,1623700,4,,,0
80503,'20261020',513,,1623832,4,,,0,9,,1623831,4,,,0,11,,1623709,4,,,0,10,,1623710,4,,,0,10,,1623711,4,,,0,50,,1623812,4,,,0,10,,1623712,4,,,0,10,,1623805,4,,,0,10,,1623713,4,,,0,5,,1623804,4,,,0,7,,1623714,4,,,0,7,,1623715,4,,,0,5,,1623716,4,,,0,46,,1623836,4,,,0,5,,1623841,4,,,0,5,,1623717,4,,,0,5,,1623842,4,,,0,5,,1623845,4,,,0,5,,1623802,4,,,0,4,,1623843,4,,,0,5,,1623803,4,,,0,4,,1623844,4,,,0,7,,1623718,4,,,0,5,,1623847,4,,,0,48,,1623719,4,,,0,8,,1623720,4,,,0,8,,1623721,4,,,0,8,,1623722,4,,,0,9,,1623801,4,,,0,9,,1623723,4,,,0,9,,1623724,4,,,0,50,,1623725,4,,,0,10,,1623727,4,,,0,11,,1623728,4,,,0,8,,1623726,4,,,0,10,,1623729,4,,,0,11,,1623810,4,,,0,50,,1623730,4,,,0,10,,1623731,4,,,0,10,,1623732,4,,,0,8,,1623733,4,,,0,10,,1623835,4,,,0,10,,1623814,4,,,0,50,,1623734,4,,,0,10,,1623736,4,,,0,10,,1623737,4,,,0,10,,1623815,4,,,0,10,,1623738,4,,,0,10,,1623735,4,,,0,50,,1623739,4,,,0,10,,1623740,4,,,0,10,,1623741,4,,,0,10,,1623742,4,,,0,10,,1623744,4,,,0,10,,1623745,4,,,0,50,,1623746,4,,,0,10,,1623816,4,,,0,10,,1623743,4,,,0,10,,1623817,4,,,0,10,,1623747,4,,,0,10,,1623748,4,,,0,50,,1623749,4,,,0,9,,1623750,4,,,0,10,,1623751,4,,,0,6,,1623806,4,,,0,6,,1623846,4,,,0,7,,1623752,4,,,0,6,,1623754,4,,,0,5,,1623837,4,,,0,6,,1623838,4,,,0,45,,1623755,4,,,0,6,,1623756,4,,,0,6,,1623753,4,,,0,7,,1623813,4,,,0,7,,1623840,4,,,0,5,,1623757,4,,,0,7,,1623808,4,,,0,5,,1623811,4,,,0,7,,1623758,4,,,0,8,,1623759,4,,,0,47,,1623760,4,,,0,8,,1623761,4,,,0,8,,1623762,4,,,0,7,,1623763,4,,,0,7,,1623764,4,,,0,7,,1623765,4,,,0,10,,1623766,4,,,0,48,,1623767,4,,,0,8,,1623768,4,,,0,9,,1623770,4,,,0,10,,1623771,4,,,0,11,,1623772,4,,,0,11,,1623769,4,,,0,10,,1623774,4,,,0,50,,1623775,4,,,0,10,,1623776,4,,,0,11,,1623773,4,,,0,9,,1623777,4,,,0,10,,1623818,4,,,0,9,,1623778,4,,,0,50,,1623779,4,,,0,9,,1623819,4,,,0,10,,1623780,4,,,0,9,,1623781,4,,,0,11,,1623820,4,,,0,10,,1623782,4,,,0,50,,1623783,4,,,0,10,,1623821,4,,,0,10,,1623784,4,,,0,10,,1623785,4,,,0,10,,1623822,4,,,0,10,,1623786,4,,,0,50,,1623787,4,,,0,10,,1623823,4,,,0,10,,1623788,4,,,0,10,,1623789,4,,,0,10,,1623824,4,,,0,10,,1623790,4,,,0,50,,1623791,4,,,0,10,,1623825,4,,,0,10,,1623792,4,,,0,10,,1623793,4,,,0,10,,1623826,4,,,0,10,,1623795,4,,,0,50,,1623796,4,,,0,10,,1623827,4,,,0,10,,1623797,4,,,0,10,,1623794,4,,,0,10,,1623828,4,,,0,10,,1623798,4,,,0,50,,1623799,4,,,0,10,,1623829,4,,,0,10,,1623800,4,,,0,10,,1623807,4,,,0,10,,1623830,4,,,0,10,,1623809,4,,,0,50,,1623833,4,,,0,10,,1623834,4,,,0,10,,1623839,4,,,0
93101,'20261009',2646,,1625324,32,,,0
93101,'20261010',2646,,1561860,32,,,0
93101,'20261016',2646,,1593510,32,,,0
93101,'20261017',2646,,1625325,32,,,0
