1103,'20261009',600,,1596777,4,,,1,30,,1596778,4,,,1,29,,1596779,4,,,1,56,,1596780,4,,,1,15,,1596781,4,,,1,14,,1596782,4,,,1,14,,1596783,4,,,1,68,,1596784,4,,,1,30,,1596785,4,,,1,69,,1596786,4,,,1,30,,1596787,4,,,1,70,,1596788,4,,,1,30,,1596789,4,,,1,70,,1596790,4,,,1,30,,1596791,4,,,1,70,,1596792,4,,,1,30,,1596793,4,,,1,70,,1596794,4,,,1,31,,1596795,4,,,1,71,,1596796,4,,,1,31,,1596797,4,,,1,46,,1596798,4,,,1,4,,1596799,4,,,1,7,,1596800,4,,,1,5,,1596801,4,,,1,15,,1596802,4,,,1,15,,1596803,4,,,1,56,,1596804,4,,,1,16,,1596805,4,,,1,15,,1596806,4,,,1,14,,1596807,4,,,1,74,,1596808,4,,,1,28,,1596809,4,,,1,70,,1596810,4,,,1,30,,1596811,4,,,1,70,,1596812,4,,,1,31,,1596813,4,,,1,101,,1596814,4,,,1,100,,1596815,4,,,1,100,,1596816,4,,,1,99,,1596817,4,,,1
1103,'20261010',559,,1627563,4,,,1,100,,1627564,4,,,1,99,,1627565,4,,,1,70,,1627566,4,,,1,30,,1627567,4,,,1,70,,1627568,4,,,1,30,,1627569,4,,,1,69,,1627570,4,,,1,30,,1627571,4,,,1,70,,1627572,4,,,1,29,,1627573,4,,,1,69,,1627574,4,,,1,30,,1627575,4,,,1,70,,1627576,4,,,1,30,,1627577,4,,,1,71,,1627578,4,,,1,29,,1627579,4,,,1,73,,1627580,4,,,1,26,,1627581,4,,,1,70,,1627582,4,,,1,30,,1627583,4,,,1,74,,1627584,4,,,1,29,,1627585,4,,,1,70,,1627586,4,,,1,30,,1627587,4,,,1,70,,1627588,4,,,1,30,,1627589,4,,,1,101,,1627590,4,,,1,100,,1627591,4,,,1,101,,1627592,4,,,1,100,,1627593,4,,,1
1103,'20261011',559,,1627594,4,,,1,100,,1627595,4,,,1,99,,1627596,4,,,1,70,,1627597,4,,,1,30,,1627598,4,,,1,70,,1627599,4,,,1,30,,1627600,4,,,1,69,,1627601,4,,,1,30,,1627602,4,,,1,70,,1627603,4,,,1,29,,1627604,4,,,1,69,,1627605,4,,,1,30,,1627606,4,,,1,70,,1627607,4,,,1,30,,1627608,4,,,1,71,,1627609,4,,,1,29,,1627610,4,,,1,73,,1627611,4,,,1,26,,1627612,4,,,1,70,,1627613,4,,,1,30,,1627614,4,,,1,74,,1627615,4,,,1,29,,1627616,4,,,1,70,,1627617,4,,,1,30,,1627618,4,,,1,70,,1627619,4,,,1,30,,1627620,4,,,1,101,,1627621,4,,,1,100,,1627622,4,,,1,101,,1627623,4,,,1,100,,1627624,4,,,1
1103,'20261012',559,,1627625,4,,,1,100,,1627626,4,,,1,99,,1627627,4,,,1,70,,1627628,4,,,1,30,,1627629,4,,,1,70,,1627630,4,,,1,30,,1627631,4,,,1,69,,1627632,4,,,1,30,,1627633,4,,,1,70,,1627634,4,,,1,29,,1627635,4,,,1,69,,1627636,4,,,1,30,,1627637,4,,,1,70,,1627638,4,,,1,30,,1627639,4,,,1,71,,1627640,4,,,1,29,,1627641,4,,,1,73,,1627642,4,,,1,26,,1627643,4,,,1,70,,1627644,4,,,1,30,,1627645,4,,,1,74,,1627646,4,,,1,29,,1627647,4,,,1,70,,1627648,4,,,1,30,,1627649,4,,,1,70,,1627650,4,,,1,30,,1627651,4,,,1,101,,1627652,4,,,1,100,,1627653,4,,,1,101,,1627654,4,,,1,100,,1627655,4,,,1
1103,'20261013',600,,1565095,4,,,1,30,,1565094,4,,,1,29,,1565096,4,,,1,56,,1565129,4,,,1,15,,1565097,4,,,1,14,,1565093,4,,,1,14,,1565098,4,,,1,68,,1565099,4,,,1,30,,1565100,4,,,1,69,,1565101,4,,,1,30,,1565102,4,,,1,70,,1565108,4,,,1,30,,1565103,4,,,1,70,,1565104,4,,,1,30,,1565105,4,,,1,70,,1565106,4,,,1,30,,1565107,4,,,1,70,,1565109,4,,,1,31,,1565115,4,,,1,71,,1565118,4,,,1,31,,1565123,4,,,1,46,,1565121,4,,,1,4,,1565114,4,,,1,7,,1565130,4,,,1,5,,1565133,4,,,1,15,,1565113,4,,,1,15,,1565120,4,,,1,56,,1565131,4,,,1,16,,1565112,4,,,1,15,,1565132,4,,,1,14,,1565124,4,,,1,74,,1565125,4,,,1,28,,1565110,4,,,1,70,,1565111,4,,,1,30,,1565116,4,,,1,70,,1565119,4,,,1,31,,1565126,4,,,1,101,,1565128,4,,,1,100,,1565122,4,,,1,100,,1565127,4,,,1,99,,1565117,4,,,1
1103,'20261014',600,,1565136,4,,,1,30,,1565135,4,,,1,29,,1565137,4,,,1,56,,1565170,4,,,1,15,,1565138,4,,,1,14,,1565134,4,,,1,14,,1565139,4,,,1,68,,1565140,4,,,1,30,,1565141,4,,,1,69,,1565142,4,,,1,30,,1565143,4,,,1,70,,1565149,4,,,1,30,,1565144,4,,,1,70,,1565145,4,,,1,30,,1565146,4,,,1,70,,1565147,4,,,1,30,,1565148,4,,,1,70,,1565150,4,,,1,31,,1565156,4,,,1,71,,1565159,4,,,1,31,,1565164,4,,,1,46,,1565162,4,,,1,4,,1565155,4,,,1,7,,1565171,4,,,1,5,,1565174,4,,,1,15,,1565154,4,,,1,15,,1565161,4,,,1,56,,1565172,4,,,1,16,,1565153,4,,,1,15,,1565173,4,,,1,14,,1565165,4,,,1,74,,1565166,4,,,1,28,,1565151,4,,,1,70,,1565152,4,,,1,30,,1565157,4,,,1,70,,1565160,4,,,1,31,,1565167,4,,,1,101,,1565169,4,,,1,100,,1565163,4,,,1,100,,1565168,4,,,1,99,,1565158,4,,,1
1103,'20261015',600,,1565177,4,,,1,30,,1565176,4,,,1,29,,1565178,4,,,1,56,,1565211,4,,,1,15,,1565179,4,,,1,14,,1565175,4,,,1,14,,1565180,4,,,1,68,,1565181,4,,,1,30,,1565182,4,,,1,69,,1565183,4,,,1,30,,1565184,4,,,1,70,,1565190,4,,,1,30,,1565185,4,,,1,70,,1565186,4,,,1,30,,1565187,4,,,1,70,,1565188,4,,,1,30,,1565189,4,,,1,70,,1565191,4,,,1,31,,1565197,4,,,1,71,,1565200,4,,,1,31,,1565205,4,,,1,46,,1565203,4,,,1,4,,1565196,4,,,1,7,,1565212,4,,,1,5,,1565215,4,,,1,15,,1565195,4,,,1,15,,1565202,4,,,1,56,,1565213,4,,,1,16,,1565194,4,,,1,15,,1565214,4,,,1,14,,1565206,4,,,1,74,,1565207,4,,,1,28,,1565192,4,,,1,70,,1565193,4,,,1,30,,1565198,4,,,1,70,,1565201,4,,,1,31,,1565208,4,,,1,101,,1565210,4,,,1,100,,1565204,4,,,1,100,,1565209,4,,,1,99,,1565199,4,,,1
1103,'20261016',600,,1565218,4,,,1,30,,1565217,4,,,1,29,,1565219,4,,,1,56,,1565252,4,,,1,15,,1565220,4,,,1,14,,1565216,4,,,1,14,,1565221,4,,,1,68,,1565222,4,,,1,30,,1565223,4,,,1,69,,1565224,4,,,1,30,,1565225,4,,,1,70,,1565231,4,,,1,30,,1565226,4,,,1,70,,1565227,4,,,1,30,,1565228,4,,,1,70,,1565229,4,,,1,30,,1565230,4,,,1,70,,1565232,4,,,1,31,,1565238,4,,,1,71,,1565241,4,,,1,31,,1565246,4,,,1,46,,1565244,4,,,1,4,,1565237,4,,,1,7,,1565253,4,,,1,5,,1565256,4,,,1,15,,1565236,4,,,1,15,,1565243,4,,,1,56,,1565254,4,,,1,16,,1565235,4,,,1,15,,1565255,4,,,1,14,,1565247,4,,,1,74,,1565248,4,,,1,28,,1565233,4,,,1,70,,1565234,4,,,1,30,,1565239,4,,,1,70,,1565242,4,,,1,31,,1565249,4,,,1,101,,1565251,4,,,1,100,,1565245,4,,,1,100,,1565250,4,,,1,99,,1565240,4,,,1
1103,'20261017',559,,1596843,4,,,1,100,,1596842,4,,,1,99,,1596818,4,,,1,70,,1596819,4,,,1,30,,1596820,4,,,1,70,,1596821,4,,,1,30,,1596822,4,,,1,69,,1596823,4,,,1,30,,1596824,4,,,1,70,,1596825,4,,,1,29,,1596826,4,,,1,69,,1596827,4,,,1,30,,1596828,4,,,1,70,,1596829,4,,,1,30,,1596830,4,,,1,71,,1596831,4,,,1,29,,1596832,4,,,1,73,,1596833,4,,,1,26,,1596834,4,,,1,70,,1596835,4,,,1,30,,1596836,4,,,1,74,,1596837,4,,,1,29,,1596838,4,,,1,70,,1596839,4,,,1,30,,1596844,4,,,1,70,,1596840,4,,,1,30,,1596845,4,,,1,101,,1596846,4,,,1,100,,1596847,4,,,1,101,,1596848,4,,,1,100,,1596841,4,,,1
1103,'20261018',559,,1596878,4,,,1,100,,1596849,4,,,1,99,,1596850,4,,,1,70,,1596851,4,,,1,30,,1596852,4,,,1,70,,1596853,4,,,1,30,,1596854,4,,,1,69,,1596856,4,,,1,30,,1596857,4,,,1,70,,1596858,4,,,1,29,,1596855,4,,,1,69,,1596859,4,,,1,30,,1596860,4,,,1,70,,1596861,4,,,1,30,,1596862,4,,,1,71,,1596863,4,,,1,29,,1596864,4,,,1,73,,1596865,4,,,1,26,,1596866,4,,,1,70,,1596867,4,,,1,30,,1596868,4,,,1,74,,1596869,4,,,1,29,,1596870,4,,,1,70,,1596871,4,,,1,30,,1596872,4,,,1,70,,1596879,4,,,1,30,,1596873,4,,,1,101,,1596874,4,,,1,100,,1596875,4,,,1,101,,1596876,4,,,1,100,,1596877,4,,,1
1103,'20261019',600,,1596882,4,,,1,30,,1596881,4,,,1,29,,1596883,4,,,1,56,,1596916,4,,,1,15,,1596884,4,,,1,14,,1596880,4,,,1,14,,1596885,4,,,1,68,,1596886,4,,,1,30,,1596887,4,,,1,69,,1596888,4,,,1,30,,1596889,4,,,1,70,,1596895,4,,,1,30,,1596890,4,,,1,70,,1596891,4,,,1,30,,1596892,4,,,1,70,,1596893,4,,,1,30,,1596894,4,,,1,70,,1596896,4,,,1,31,,1596902,4,,,1,71,,1596905,4,,,1,31,,1596910,4,,,1,46,,1596908,4,,,1,4,,1596901,4,,,1,7,,1596917,4,,,1,5,,1596920,4,,,1,15,,1596900,4,,,1,15,,1596907,4,,,1,56,,1596918,4,,,1,16,,1596899,4,,,1,15,,1596919,4,,,1,14,,1596911,4,,,1,74,,1596912,4,,,1,28,,1596897,4,,,1,70,,1596898,4,,,1,30,,1596903,4,,,1,70,,1596906,4,,,1,31,,1596913,4,,,1,101,,1596915,4,,,1,100,,1596909,4,,,1,100,,1596914,4,,,1,99,,1596904,4,,,1
1103,'20261020',600,,1596923,4,,,1,30,,1596922,4,,,1,29,,1596924,4,,,1,56,,1596957,4,,,1,15,,1596925,4,,,1,14,,1596921,4,,,1,14,,1596926,4,,,1,68,,1596927,4,,,1,30,,1596928,4,,,1,69,,1596929,4,,,1,30,,1596930,4,,,1,70,,1596936,4,,,1,30,,1596931,4,,,1,70,,1596932,4,,,1,30,,1596933,4,,,1,70,,1596934,4,,,1,30,,1596935,4,,,1,70,,1596937,4,,,1,31,,1596943,4,,,1,71,,1596946,4,,,1,31,,1596951,4,,,1,46,,1596949,4,,,1,4,,1596942,4,,,1,7,,1596958,4,,,1,5,,1596961,4,,,1,15,,1596941,4,,,1,15,,1596948,4,,,1,56,,1596959,4,,,1,16,,1596940,4,,,1,15,,1596960,4,,,1,14,,1596952,4,,,1,74,,1596953,4,,,1,28,,1596938,4,,,1,70,,1596939,4,,,1,30,,1596944,4,,,1,70,,1596947,4,,,1,31,,1596954,4,,,1,101,,1596956,4,,,1,100,,1596950,4,,,1,100,,1596955,4,,,1,99,,1596945,4,,,1
1103,'20261021',600,,1627658,4,,,1,30,,1627657,4,,,1,29,,1627659,4,,,1,56,,1627692,4,,,1,15,,1627660,4,,,1,14,,1627656,4,,,1,14,,1627661,4,,,1,68,,1627662,4,,,1,30,,1627663,4,,,1,69,,1627664,4,,,1,30,,1627665,4,,,1,70,,1627671,4,,,1,30,,1627666,4,,,1,70,,1627667,4,,,1,30,,1627668,4,,,1,70,,1627669,4,,,1,30,,1627670,4,,,1,70,,1627672,4,,,1,31,,1627678,4,,,1,71,,1627681,4,,,1,31,,1627686,4,,,1,46,,1627684,4,,,1,4,,1627677,4,,,1,7,,1627693,4,,,1,5,,1627696,4,,,1,15,,1627676,4,,,1,15,,1627683,4,,,1,56,,1627694,4,,,1,16,,1627675,4,,,1,15,,1627695,4,,,1,14,,1627687,4,,,1,74,,1627688,4,,,1,28,,1627673,4,,,1,70,,1627674,4,,,1,30,,1627679,4,,,1,70,,1627682,4,,,1,31,,1627689,4,,,1,101,,1627691,4,,,1,100,,1627685,4,,,1,100,,1627690,4,,,1,99,,1627680,4,,,1
1103,'20261022',600,,1627699,4,,,1,30,,1627698,4,,,1,29,,1627700,4,,,1,56,,1627733,4,,,1,15,,1627701,4,,,1,14,,1627697,4,,,1,14,,1627702,4,,,1,68,,1627703,4,,,1,30,,1627704,4,,,1,69,,1627705,4,,,1,30,,1627706,4,,,1,70,,1627712,4,,,1,30,,1627707,4,,,1,70,,1627708,4,,,1,30,,1627709,4,,,1,70,,1627710,4,,,1,30,,1627711,4,,,1,70,,1627713,4,,,1,31,,1627719,4,,,1,71,,1627722,4,,,1,31,,1627727,4,,,1,46,,1627725,4,,,1,4,,1627718,4,,,1,7,,1627734,4,,,1,5,,1627737,4,,,1,15,,1627717,4,,,1,15,,1627724,4,,,1,56,,1627735,4,,,1,16,,1627716,4,,,1,15,,1627736,4,,,1,14,,1627728,4,,,1,74,,1627729,4,,,1,28,,1627714,4,,,1,70,,1627715,4,,,1,30,,1627720,4,,,1,70,,1627723,4,,,1,31,,1627730,4,,,1,101,,1627732,4,,,1,100,,1627726,4,,,1,100,,1627731,4,,,1,99,,1627721,4,,,1
1103,'20261023',600,,1627740,4,,,1,30,,1627739,4,,,1,29,,1627741,4,,,1,56,,1627774,4,,,1,15,,1627742,4,,,1,14,,1627738,4,,,1,14,,1627743,4,,,1,68,,1627744,4,,,1,30,,1627745,4,,,1,69,,1627746,4,,,1,30,,1627747,4,,,1,70,,1627753,4,,,1,30,,1627748,4,,,1,70,,1627749,4,,,1,30,,1627750,4,,,1,70,,1627751,4,,,1,30,,1627752,4,,,1,70,,1627754,4,,,1,31,,1627760,4,,,1,71,,1627763,4,,,1,31,,1627768,4,,,1,46,,1627766,4,,,1,4,,1627759,4,,,1,7,,1627775,4,,,1,5,,1627778,4,,,1,15,,1627758,4,,,1,15,,1627765,4,,,1,56,,1627776,4,,,1,16,,1627757,4,,,1,15,,1627777,4,,,1,14,,1627769,4,,,1,74,,1627770,4,,,1,28,,1627755,4,,,1,70,,1627756,4,,,1,30,,1627761,4,,,1,70,,1627764,4,,,1,31,,1627771,4,,,1,101,,1627773,4,,,1,100,,1627767,4,,,1,100,,1627772,4,,,1,99,,1627762,4,,,1
80003,'20261009',523,,1615709,36,4,,1,15,,1615710,36,4,,1,15,,1615711,36,4,,1,56,,1615712,36,4,,1,14,,1615713,36,4,,1,10,,1615714,36,4,,1,10,,1615715,36,4,,1,12,,1615716,36,4,,1,50,,1615717,36,4,,1,10,,1615718,36,4,,1,12,,1615719,36,4,,1,10,,1615720,36,4,,1,12,,1615721,36,4,,1,10,,1615722,36,4,,1,48,,1615723,36,4,,1,9,,1615724,36,4,,1,10,,1615725,36,4,,1,10,,1615726,36,4,,1,12,,1615727,36,4,,1,54,,1615728,36,4,,1,14,,1615729,36,4,,1,14,,1615730,36,4,,1,14,,1615731,36,4,,1,14,,1615732,36,4,,1,55,,1615733,36,4,,1,16,,1615734,36,4,,1,13,,1615735,36,4,,1,15,,1615736,36,4,,1,55,,1615737,36,4,,1,16,,1615738,36,4,,1,15,,1615739,36,4,,1,15,,1615740,36,4,,1,55,,1615741,36,4,,1,16,,1615742,36,4,,1,15,,1615743,36,4,,1,15,,1615744,36,4,,1,55,,1615745,36,4,,1,15,,1615746,36,4,,1,15,,1615747,36,4,,1,15,,1615748,36,4,,1,55,,1615749,36,4,,1,15,,1615750,36,4,,1,15,,1615751,36,4,,1,56,,1615752,36,4,,1,16,,1615753,36,4,,1,16,,1615754,36,4,,1,12,,1615755,36,4,,1,12,,1615756,36,4,,1,51,,1615757,36,4,,1,10,,1615758,36,4,,1,10,,1615759,36,4,,1,11,,1615760,36,4,,1,10,,1615761,36,4,,1,10,,1615762,36,4,,1,50,,1615763,36,4,,1,10,,1615764,36,4,,1,9,,1615765,36,4,,1,10,,1615766,36,4,,1,10,,1615767,36,4,,1,9,,1615768,36,4,,1,49,,1615769,36,4,,1,10,,1615770,36,4,,1,11,,1615771,36,4,,1,9,,1615772,36,4,,1,12,,1615773,36,4,,1,54,,1615774,36,4,,1,14,,1615775,36,4,,1,16,,1615776,36,4,,1,14,,1615777,36,4,,1,14,,1615778,36,4,,1,53,,1615779,36,4,,1,15,,1615780,36,4,,1,15,,1615781,36,4,,1,15,,1615782,36,4,,1,55,,1615783,36,4,,1,15,,1615784,36,4,,1,16,,1615785,36,4,,1,15,,1615786,36,4,,1,54,,1615787,36,4,,1,15,,1615788,36,4,,1,14,,1615789,36,4,,1,15,,1615790,36,4,,1,55,,1615791,36,4,,1,13,,1615792,36,4,,1,15,,1615793,36,4,,1,16,,1615794,36,4,,1,55,,1615795,36,4,,1,13,,1615796,36,4,,1,16,,1615797,36,4,,1,16,,1615798,36,4,,1,55,,1615799,36,4,,1
80003,'20261010',603,,1639856,36,4,,1,15,,1639857,36,4,,1,15,,1639858,36,4,,1,15,,1639859,36,4,,1,56,,1639860,36,4,,1,16,,1639861,36,4,,1,15,,1639862,36,4,,1,16,,1639863,36,4,,1,55,,1639864,36,4,,1,15,,1639865,36,4,,1,17,,1639866,36,4,,1,15,,1639867,36,4,,1,55,,1639868,36,4,,1,16,,1639869,36,4,,1,15,,1639870,36,4,,1,15,,1639871,36,4,,1,54,,1639872,36,4,,1,15,,1639873,36,4,,1,16,,1639874,36,4,,1,17,,1639875,36,4,,1,56,,1639876,36,4,,1,15,,1639877,36,4,,1,15,,1639878,36,4,,1,15,,1639879,36,4,,1,56,,1639880,36,4,,1,16,,1639881,36,4,,1,13,,1639882,36,4,,1,15,,1639883,36,4,,1,55,,1639884,36,4,,1,15,,1639885,36,4,,1,15,,1639886,36,4,,1,14,,1639887,36,4,,1,56,,1639888,36,4,,1,15,,1639889,36,4,,1,15,,1639890,36,4,,1,15,,1639891,36,4,,1,54,,1639892,36,4,,1,15,,1639893,36,4,,1,15,,1639894,36,4,,1,15,,1639895,36,4,,1,54,,1639896,36,4,,1,16,,1639897,36,4,,1,15,,1639898,36,4,,1,16,,1639899,36,4,,1,54,,1639900,36,4,,1,16,,1639901,36,4,,1,16,,1639902,36,4,,1,14,,1639903,36,4,,1,55,,1639904,36,4,,1,16,,1639905,36,4,,1,14,,1639906,36,4,,1,16,,1639907,36,4,,1,53,,1639908,36,4,,1,14,,1639909,36,4,,1,15,,1639910,36,4,,1,14,,1639911,36,4,,1,55,,1639912,36,4,,1,15,,1639913,36,4,,1,17,,1639914,36,4,,1,17,,1639915,36,4,,1,54,,1639916,36,4,,1,14,,1639917,36,4,,1,15,,1639918,36,4,,1,15,,1639919,36,4,,1,55,,1639920,36,4,,1,15,,1639921,36,4,,1,16,,1639922,36,4,,1,13,,1639923,36,4,,1,55,,1639924,36,4,,1,15,,1639925,36,4,,1,15,,1639926,36,4,,1,14,,1639927,36,4,,1,53,,1639928,36,4,,1,15,,1639929,36,4,,1,14,,1639930,36,4,,1,15,,1639931,36,4,,1,55,,1639932,36,4,,1
80003,'20261011',603,,1639933,36,4,,1,15,,1639934,36,4,,1,15,,1639935,36,4,,1,15,,1639936,36,4,,1,56,,1639937,36,4,,1,16,,1639938,36,4,,1,15,,1639939,36,4,,1,16,,1639940,36,4,,1,55,,1639941,36,4,,1,15,,1639942,36,4,,1,17,,1639943,36,4,,1,15,,1639944,36,4,,1,55,,1639945,36,4,,1,16,,1639946,36,4,,1,15,,1639947,36,4,,1,15,,1639948,36,4,,1,54,,1639949,36,4,,1,15,,1639950,36,4,,1,16,,1639951,36,4,,1,17,,1639952,36,4,,1,56,,1639953,36,4,,1,15,,1639954,36,4,,1,15,,1639955,36,4,,1,15,,1639956,36,4,,1,56,,1639957,36,4,,1,16,,1639958,36,4,,1,13,,1639959,36,4,,1,15,,1639960,36,4,,1,55,,1639961,36,4,,1,15,,1639962,36,4,,1,15,,1639963,36,4,,1,14,,1639964,36,4,,1,56,,1639965,36,4,,1,15,,1639966,36,4,,1,15,,1639967,36,4,,1,15,,1639968,36,4,,1,54,,1639969,36,4,,1,15,,1639970,36,4,,1,15,,1639971,36,4,,1,15,,1639972,36,4,,1,54,,1639973,36,4,,1,16,,1639974,36,4,,1,15,,1639975,36,4,,1,16,,1639976,36,4,,1,54,,1639977,36,4,,1,16,,1639978,36,4,,1,16,,1639979,36,4,,1,14,,1639980,36,4,,1,55,,1639981,36,4,,1,16,,1639982,36,4,,1,14,,1639983,36,4,,1,16,,1639984,36,4,,1,53,,1639985,36,4,,1,14,,1639986,36,4,,1,15,,1639987,36,4,,1,14,,1639988,36,4,,1,55,,1639989,36,4,,1,15,,1639990,36,4,,1,17,,1639991,36,4,,1,17,,1639992,36,4,,1,54,,1639993,36,4,,1,14,,1639994,36,4,,1,15,,1639995,36,4,,1,15,,1639996,36,4,,1,55,,1639997,36,4,,1,15,,1639998,36,4,,1,16,,1639999,36,4,,1,13,,1640000,36,4,,1,55,,1640001,36,4,,1,15,,1640002,36,4,,1,15,,1640003,36,4,,1,14,,1640004,36,4,,1,53,,1640005,36,4,,1,15,,1640006,36,4,,1,14,,1640007,36,4,,1,15,,1640008,36,4,,1,55,,1640009,36,4,,1
80003,'20261012',603,,1640010,36,4,,1,15,,1640011,36,4,,1,15,,1640012,36,4,,1,15,,1640013,36,4,,1,56,,1640014,36,4,,1,16,,1640015,36,4,,1,15,,1640016,36,4,,1,16,,1640017,36,4,,1,55,,1640018,36,4,,1,15,,1640019,36,4,,1,17,,1640020,36,4,,1,15,,1640021,36,4,,1,55,,1640022,36,4,,1,16,,1640023,36,4,,1,15,,1640024,36,4,,1,15,,1640025,36,4,,1,54,,1640026,36,4,,1,15,,1640027,36,4,,1,16,,1640028,36,4,,1,17,,1640029,36,4,,1,56,,1640030,36,4,,1,15,,1640031,36,4,,1,15,,1640032,36,4,,1,15,,1640033,36,4,,1,56,,1640034,36,4,,1,16,,1640035,36,4,,1,13,,1640036,36,4,,1,15,,1640037,36,4,,1,55,,1640038,36,4,,1,15,,1640039,36,4,,1,15,,1640040,36,4,,1,14,,1640041,36,4,,1,56,,1640042,36,4,,1,15,,1640043,36,4,,1,15,,1640044,36,4,,1,15,,1640045,36,4,,1,54,,1640046,36,4,,1,15,,1640047,36,4,,1,15,,1640048,36,4,,1,15,,1640049,36,4,,1,54,,1640050,36,4,,1,16,,1640051,36,4,,1,15,,1640052,36,4,,1,16,,1640053,36,4,,1,54,,1640054,36,4,,1,16,,1640055,36,4,,1,16,,1640056,36,4,,1,14,,1640057,36,4,,1,55,,1640058,36,4,,1,16,,1640059,36,4,,1,14,,1640060,36,4,,1,16,,1640061,36,4,,1,53,,1640062,36,4,,1,14,,1640063,36,4,,1,15,,1640064,36,4,,1,14,,1640065,36,4,,1,55,,1640066,36,4,,1,15,,1640067,36,4,,1,17,,1640068,36,4,,1,17,,1640069,36,4,,1,54,,1640070,36,4,,1,14,,1640071,36,4,,1,15,,1640072,36,4,,1,15,,1640073,36,4,,1,55,,1640074,36,4,,1,15,,1640075,36,4,,1,16,,1640076,36,4,,1,13,,1640077,36,4,,1,55,,1640078,36,4,,1,15,,1640079,36,4,,1,15,,1640080,36,4,,1,14,,1640081,36,4,,1,53,,1640082,36,4,,1,15,,1640083,36,4,,1,14,,1640084,36,4,,1,15,,1640085,36,4,,1,55,,1640086,36,4,,1
80003,'20261013',523,,1584102,36,4,,1,15,,1584015,36,4,,1,15,,1584041,36,4,,1,56,,1584038,36,4,,1,14,,1584020,36,4,,1,10,,1584040,36,4,,1,10,,1584017,36,4,,1,12,,1584028,36,4,,1,50,,1584096,36,4,,1,10,,1584095,36,4,,1,12,,1584094,36,4,,1,10,,1584093,36,4,,1,12,,1584092,36,4,,1,10,,1584091,36,4,,1,48,,1584090,36,4,,1,9,,1584089,36,4,,1,10,,1584088,36,4,,1,10,,1584087,36,4,,1,12,,1584086,36,4,,1,54,,1584085,36,4,,1,14,,1584084,36,4,,1,14,,1584083,36,4,,1,14,,1584082,36,4,,1,14,,1584081,36,4,,1,55,,1584080,36,4,,1,16,,1584079,36,4,,1,13,,1584078,36,4,,1,15,,1584077,36,4,,1,55,,1584076,36,4,,1,16,,1584075,36,4,,1,15,,1584074,36,4,,1,15,,1584073,36,4,,1,55,,1584072,36,4,,1,16,,1584071,36,4,,1,15,,1584070,36,4,,1,15,,1584069,36,4,,1,55,,1584068,36,4,,1,15,,1584067,36,4,,1,15,,1584066,36,4,,1,15,,1584065,36,4,,1,55,,1584064,36,4,,1,15,,1584063,36,4,,1,15,,1584030,36,4,,1,56,,1584062,36,4,,1,16,,1584039,36,4,,1,16,,1584036,36,4,,1,12,,1584061,36,4,,1,12,,1584043,36,4,,1,51,,1584101,36,4,,1,10,,1584098,36,4,,1,10,,1584042,36,4,,1,11,,1584025,36,4,,1,10,,1584044,36,4,,1,10,,1584060,36,4,,1,50,,1584019,36,4,,1,10,,1584012,36,4,,1,9,,1584033,36,4,,1,10,,1584059,36,4,,1,10,,1584014,36,4,,1,9,,1584013,36,4,,1,49,,1584058,36,4,,1,10,,1584057,36,4,,1,11,,1584099,36,4,,1,9,,1584016,36,4,,1,12,,1584018,36,4,,1,54,,1584056,36,4,,1,14,,1584034,36,4,,1,16,,1584100,36,4,,1,14,,1584055,36,4,,1,14,,1584022,36,4,,1,53,,1584021,36,4,,1,15,,1584054,36,4,,1,15,,1584023,36,4,,1,15,,1584053,36,4,,1,55,,1584052,36,4,,1,15,,1584024,36,4,,1,16,,1584051,36,4,,1,15,,1584027,36,4,,1,54,,1584026,36,4,,1,15,,1584050,36,4,,1,14,,1584029,36,4,,1,15,,1584049,36,4,,1,55,,1584031,36,4,,1,13,,1584048,36,4,,1,15,,1584032,36,4,,1,16,,1584047,36,4,,1,55,,1584035,36,4,,1,13,,1584046,36,4,,1,16,,1584037,36,4,,1,16,,1584045,36,4,,1,55,,1584097,36,4,,1
80003,'20261014',523,,1584193,36,4,,1,15,,1584106,36,4,,1,15,,1584132,36,4,,1,56,,1584129,36,4,,1,14,,1584111,36,4,,1,10,,1584131,36,4,,1,10,,1584108,36,4,,1,12,,1584119,36,4,,1,50,,1584187,36,4,,1,10,,1584186,36,4,,1,12,,1584185,36,4,,1,10,,1584184,36,4,,1,12,,1584183,36,4,,1,10,,1584182,36,4,,1,48,,1584181,36,4,,1,9,,1584180,36,4,,1,10,,1584179,36,4,,1,10,,1584178,36,4,,1,12,,1584177,36,4,,1,54,,1584176,36,4,,1,14,,1584175,36,4,,1,14,,1584174,36,4,,1,14,,1584173,36,4,,1,14,,1584172,36,4,,1,55,,1584171,36,4,,1,16,,1584170,36,4,,1,13,,1584169,36,4,,1,15,,1584168,36,4,,1,55,,1584167,36,4,,1,16,,1584166,36,4,,1,15,,1584165,36,4,,1,15,,1584164,36,4,,1,55,,1584163,36,4,,1,16,,1584162,36,4,,1,15,,1584161,36,4,,1,15,,1584160,36,4,,1,55,,1584159,36,4,,1,15,,1584158,36,4,,1,15,,1584157,36,4,,1,15,,1584156,36,4,,1,55,,1584155,36,4,,1,15,,1584154,36,4,,1,15,,1584121,36,4,,1,56,,1584153,36,4,,1,16,,1584130,36,4,,1,16,,1584127,36,4,,1,12,,1584152,36,4,,1,12,,1584134,36,4,,1,51,,1584192,36,4,,1,10,,1584189,36,4,,1,10,,1584133,36,4,,1,11,,1584116,36,4,,1,10,,1584135,36,4,,1,10,,1584151,36,4,,1,50,,1584110,36,4,,1,10,,1584103,36,4,,1,9,,1584124,36,4,,1,10,,1584150,36,4,,1,10,,1584105,36,4,,1,9,,1584104,36,4,,1,49,,1584149,36,4,,1,10,,1584148,36,4,,1,11,,1584190,36,4,,1,9,,1584107,36,4,,1,12,,1584109,36,4,,1,54,,1584147,36,4,,1,14,,1584125,36,4,,1,16,,1584191,36,4,,1,14,,1584146,36,4,,1,14,,1584113,36,4,,1,53,,1584112,36,4,,1,15,,1584145,36,4,,1,15,,1584114,36,4,,1,15,,1584144,36,4,,1,55,,1584143,36,4,,1,15,,1584115,36,4,,1,16,,1584142,36,4,,1,15,,1584118,36,4,,1,54,,1584117,36,4,,1,15,,1584141,36,4,,1,14,,1584120,36,4,,1,15,,1584140,36,4,,1,55,,1584122,36,4,,1,13,,1584139,36,4,,1,15,,1584123,36,4,,1,16,,1584138,36,4,,1,55,,1584126,36,4,,1,13,,1584137,36,4,,1,16,,1584128,36,4,,1,16,,1584136,36,4,,1,55,,1584188,36,4,,1
80003,'20261015',523,,1584284,36,4,,1,15,,1584197,36,4,,1,15,,1584223,36,4,,1,56,,1584220,36,4,,1,14,,1584202,36,4,,1,10,,1584222,36,4,,1,10,,1584199,36,4,,1,12,,1584210,36,4,,1,50,,1584278,36,4,,1,10,,1584277,36,4,,1,12,,1584276,36,4,,1,10,,1584275,36,4,,1,12,,1584274,36,4,,1,10,,1584273,36,4,,1,48,,1584272,36,4,,1,9,,1584271,36,4,,1,10,,1584270,36,4,,1,10,,1584269,36,4,,1,12,,1584268,36,4,,1,54,,1584267,36,4,,1,14,,1584266,36,4,,1,14,,1584265,36,4,,1,14,,1584264,36,4,,1,14,,1584263,36,4,,1,55,,1584262,36,4,,1,16,,1584261,36,4,,1,13,,1584260,36,4,,1,15,,1584259,36,4,,1,55,,1584258,36,4,,1,16,,1584257,36,4,,1,15,,1584256,36,4,,1,15,,1584255,36,4,,1,55,,1584254,36,4,,1,16,,1584253,36,4,,1,15,,1584252,36,4,,1,15,,1584251,36,4,,1,55,,1584250,36,4,,1,15,,1584249,36,4,,1,15,,1584248,36,4,,1,15,,1584247,36,4,,1,55,,1584246,36,4,,1,15,,1584245,36,4,,1,15,,1584212,36,4,,1,56,,1584244,36,4,,1,16,,1584221,36,4,,1,16,,1584218,36,4,,1,12,,1584243,36,4,,1,12,,1584225,36,4,,1,51,,1584283,36,4,,1,10,,1584280,36,4,,1,10,,1584224,36,4,,1,11,,1584207,36,4,,1,10,,1584226,36,4,,1,10,,1584242,36,4,,1,50,,1584201,36,4,,1,10,,1584194,36,4,,1,9,,1584215,36,4,,1,10,,1584241,36,4,,1,10,,1584196,36,4,,1,9,,1584195,36,4,,1,49,,1584240,36,4,,1,10,,1584239,36,4,,1,11,,1584281,36,4,,1,9,,1584198,36,4,,1,12,,1584200,36,4,,1,54,,1584238,36,4,,1,14,,1584216,36,4,,1,16,,1584282,36,4,,1,14,,1584237,36,4,,1,14,,1584204,36,4,,1,53,,1584203,36,4,,1,15,,1584236,36,4,,1,15,,1584205,36,4,,1,15,,1584235,36,4,,1,55,,1584234,36,4,,1,15,,1584206,36,4,,1,16,,1584233,36,4,,1,15,,1584209,36,4,,1,54,,1584208,36,4,,1,15,,1584232,36,4,,1,14,,1584211,36,4,,1,15,,1584231,36,4,,1,55,,1584213,36,4,,1,13,,1584230,36,4,,1,15,,1584214,36,4,,1,16,,1584229,36,4,,1,55,,1584217,36,4,,1,13,,1584228,36,4,,1,16,,1584219,36,4,,1,16,,1584227,36,4,,1,55,,1584279,36,4,,1
80003,'20261016',523,,1584375,36,4,,1,15,,1584288,36,4,,1,15,,1584314,36,4,,1,56,,1584311,36,4,,1,14,,1584293,36,4,,1,10,,1584313,36,4,,1,10,,1584290,36,4,,1,12,,1584301,36,4,,1,50,,1584369,36,4,,1,10,,1584368,36,4,,1,12,,1584367,36,4,,1,10,,1584366,36,4,,1,12,,1584365,36,4,,1,10,,1584364,36,4,,1,48,,1584363,36,4,,1,9,,1584362,36,4,,1,10,,1584361,36,4,,1,10,,1584360,36,4,,1,12,,1584359,36,4,,1,54,,1584358,36,4,,1,14,,1584357,36,4,,1,14,,1584356,36,4,,1,14,,1584355,36,4,,1,14,,1584354,36,4,,1,55,,1584353,36,4,,1,16,,1584352,36,4,,1,13,,1584351,36,4,,1,15,,1584350,36,4,,1,55,,1584349,36,4,,1,16,,1584348,36,4,,1,15,,1584347,36,4,,1,15,,1584346,36,4,,1,55,,1584345,36,4,,1,16,,1584344,36,4,,1,15,,1584343,36,4,,1,15,,1584342,36,4,,1,55,,1584341,36,4,,1,15,,1584340,36,4,,1,15,,1584339,36,4,,1,15,,1584338,36,4,,1,55,,1584337,36,4,,1,15,,1584336,36,4,,1,15,,1584303,36,4,,1,56,,1584335,36,4,,1,16,,1584312,36,4,,1,16,,1584309,36,4,,1,12,,1584334,36,4,,1,12,,1584316,36,4,,1,51,,1584374,36,4,,1,10,,1584371,36,4,,1,10,,1584315,36,4,,1,11,,1584298,36,4,,1,10,,1584317,36,4,,1,10,,1584333,36,4,,1,50,,1584292,36,4,,1,10,,1584285,36,4,,1,9,,1584306,36,4,,1,10,,1584332,36,4,,1,10,,1584287,36,4,,1,9,,1584286,36,4,,1,49,,1584331,36,4,,1,10,,1584330,36,4,,1,11,,1584372,36,4,,1,9,,1584289,36,4,,1,12,,1584291,36,4,,1,54,,1584329,36,4,,1,14,,1584307,36,4,,1,16,,1584373,36,4,,1,14,,1584328,36,4,,1,14,,1584295,36,4,,1,53,,1584294,36,4,,1,15,,1584327,36,4,,1,15,,1584296,36,4,,1,15,,1584326,36,4,,1,55,,1584325,36,4,,1,15,,1584297,36,4,,1,16,,1584324,36,4,,1,15,,1584300,36,4,,1,54,,1584299,36,4,,1,15,,1584323,36,4,,1,14,,1584302,36,4,,1,15,,1584322,36,4,,1,55,,1584304,36,4,,1,13,,1584321,36,4,,1,15,,1584305,36,4,,1,16,,1584320,36,4,,1,55,,1584308,36,4,,1,13,,1584319,36,4,,1,16,,1584310,36,4,,1,16,,1584318,36,4,,1,55,,1584370,36,4,,1
80003,'20261017',603,,1615800,36,4,,1,15,,1615801,36,4,,1,15,,1615802,36,4,,1,15,,1615803,36,4,,1,56,,1615804,36,4,,1,16,,1615805,36,4,,1,15,,1615806,36,4,,1,16,,1615808,36,4,,1,55,,1615809,36,4,,1,15,,1615810,36,4,,1,17,,1615807,36,4,,1,15,,1615811,36,4,,1,55,,1615812,36,4,,1,16,,1615813,36,4,,1,15,,1615814,36,4,,1,15,,1615815,36,4,,1,54,,1615816,36,4,,1,15,,1615817,36,4,,1,16,,1615818,36,4,,1,17,,1615820,36,4,,1,56,,1615821,36,4,,1,15,,1615822,36,4,,1,15,,1615819,36,4,,1,15,,1615823,36,4,,1,56,,1615824,36,4,,1,16,,1615825,36,4,,1,13,,1615826,36,4,,1,15,,1615827,36,4,,1,55,,1615829,36,4,,1,15,,1615828,36,4,,1,15,,1615830,36,4,,1,14,,1615831,36,4,,1,56,,1615832,36,4,,1,15,,1615833,36,4,,1,15,,1615834,36,4,,1,15,,1615835,36,4,,1,54,,1615836,36,4,,1,15,,1615838,36,4,,1,15,,1615839,36,4,,1,15,,1615840,36,4,,1,54,,1615837,36,4,,1,16,,1615841,36,4,,1,15,,1615842,36,4,,1,16,,1615843,36,4,,1,54,,1615844,36,4,,1,16,,1615845,36,4,,1,16,,1615846,36,4,,1,14,,1615847,36,4,,1,55,,1615849,36,4,,1,16,,1615850,36,4,,1,14,,1615851,36,4,,1,16,,1615848,36,4,,1,53,,1615852,36,4,,1,14,,1615853,36,4,,1,15,,1615854,36,4,,1,14,,1615855,36,4,,1,55,,1615857,36,4,,1,15,,1615858,36,4,,1,17,,1615859,36,4,,1,17,,1615856,36,4,,1,54,,1615860,36,4,,1,14,,1615861,36,4,,1,15,,1615862,36,4,,1,15,,1615863,36,4,,1,55,,1615864,36,4,,1,15,,1615865,36,4,,1,16,,1615866,36,4,,1,13,,1615868,36,4,,1,55,,1615869,36,4,,1,15,,1615870,36,4,,1,15,,1615867,36,4,,1,14,,1615871,36,4,,1,53,,1615872,36,4,,1,15,,1615873,36,4,,1,14,,1615874,36,4,,1,15,,1615875,36,4,,1,55,,1615876,36,4,,1
80003,'20261018',603,,1615894,36,4,,1,15,,1615884,36,4,,1,15,,1615889,36,4,,1,15,,1615882,36,4,,1,56,,1615895,36,4,,1,16,,1615880,36,4,,1,15,,1615879,36,4,,1,16,,1615888,36,4,,1,55,,1615896,36,4,,1,15,,1615877,36,4,,1,17,,1615890,36,4,,1,15,,1615883,36,4,,1,55,,1615878,36,4,,1,16,,1615897,36,4,,1,15,,1615898,36,4,,1,15,,1615892,36,4,,1,54,,1615885,36,4,,1,15,,1615893,36,4,,1,16,,1615886,36,4,,1,17,,1615900,36,4,,1,56,,1615881,36,4,,1,15,,1615901,36,4,,1,15,,1615899,36,4,,1,15,,1615904,36,4,,1,56,,1615902,36,4,,1,16,,1615887,36,4,,1,13,,1615909,36,4,,1,15,,1615903,36,4,,1,55,,1615910,36,4,,1,15,,1615905,36,4,,1,15,,1615906,36,4,,1,14,,1615907,36,4,,1,56,,1615908,36,4,,1,15,,1615891,36,4,,1,15,,1615911,36,4,,1,15,,1615927,36,4,,1,54,,1615920,36,4,,1,15,,1615923,36,4,,1,15,,1615917,36,4,,1,15,,1615926,36,4,,1,54,,1615918,36,4,,1,16,,1615919,36,4,,1,15,,1615913,36,4,,1,16,,1615928,36,4,,1,54,,1615929,36,4,,1,16,,1615924,36,4,,1,16,,1615914,36,4,,1,14,,1615921,36,4,,1,55,,1615925,36,4,,1,16,,1615930,36,4,,1,14,,1615931,36,4,,1,16,,1615922,36,4,,1,53,,1615912,36,4,,1,14,,1615932,36,4,,1,15,,1615933,36,4,,1,14,,1615934,36,4,,1,55,,1615935,36,4,,1,15,,1615916,36,4,,1,17,,1615945,36,4,,1,17,,1615915,36,4,,1,54,,1615950,36,4,,1,14,,1615937,36,4,,1,15,,1615939,36,4,,1,15,,1615947,36,4,,1,55,,1615941,36,4,,1,15,,1615940,36,4,,1,16,,1615948,36,4,,1,13,,1615936,36,4,,1,55,,1615944,36,4,,1,15,,1615943,36,4,,1,15,,1615942,36,4,,1,14,,1615949,36,4,,1,53,,1615951,36,4,,1,15,,1615952,36,4,,1,14,,1615938,36,4,,1,15,,1615946,36,4,,1,55,,1615953,36,4,,1
80003,'20261019',523,,1616044,36,4,,1,15,,1615957,36,4,,1,15,,1615983,36,4,,1,56,,1615980,36,4,,1,14,,1615962,36,4,,1,10,,1615982,36,4,,1,10,,1615959,36,4,,1,12,,1615970,36,4,,1,50,,1616038,36,4,,1,10,,1616037,36,4,,1,12,,1616036,36,4,,1,10,,1616035,36,4,,1,12,,1616034,36,4,,1,10,,1616033,36,4,,1,48,,1616032,36,4,,1,9,,1616031,36,4,,1,10,,1616030,36,4,,1,10,,1616029,36,4,,1,12,,1616028,36,4,,1,54,,1616027,36,4,,1,14,,1616026,36,4,,1,14,,1616025,36,4,,1,14,,1616024,36,4,,1,14,,1616023,36,4,,1,55,,1616022,36,4,,1,16,,1616021,36,4,,1,13,,1616020,36,4,,1,15,,1616019,36,4,,1,55,,1616018,36,4,,1,16,,1616017,36,4,,1,15,,1616016,36,4,,1,15,,1616015,36,4,,1,55,,1616014,36,4,,1,16,,1616013,36,4,,1,15,,1616012,36,4,,1,15,,1616011,36,4,,1,55,,1616010,36,4,,1,15,,1616009,36,4,,1,15,,1616008,36,4,,1,15,,1616007,36,4,,1,55,,1616006,36,4,,1,15,,1616005,36,4,,1,15,,1615972,36,4,,1,56,,1616004,36,4,,1,16,,1615981,36,4,,1,16,,1615978,36,4,,1,12,,1616003,36,4,,1,12,,1615985,36,4,,1,51,,1616043,36,4,,1,10,,1616040,36,4,,1,10,,1615984,36,4,,1,11,,1615967,36,4,,1,10,,1615986,36,4,,1,10,,1616002,36,4,,1,50,,1615961,36,4,,1,10,,1615954,36,4,,1,9,,1615975,36,4,,1,10,,1616001,36,4,,1,10,,1615956,36,4,,1,9,,1615955,36,4,,1,49,,1616000,36,4,,1,10,,1615999,36,4,,1,11,,1616041,36,4,,1,9,,1615958,36,4,,1,12,,1615960,36,4,,1,54,,1615998,36,4,,1,14,,1615976,36,4,,1,16,,1616042,36,4,,1,14,,1615997,36,4,,1,14,,1615964,36,4,,1,53,,1615963,36,4,,1,15,,1615996,36,4,,1,15,,1615965,36,4,,1,15,,1615995,36,4,,1,55,,1615994,36,4,,1,15,,1615966,36,4,,1,16,,1615993,36,4,,1,15,,1615969,36,4,,1,54,,1615968,36,4,,1,15,,1615992,36,4,,1,14,,1615971,36,4,,1,15,,1615991,36,4,,1,55,,1615973,36,4,,1,13,,1615990,36,4,,1,15,,1615974,36,4,,1,16,,1615989,36,4,,1,55,,1615977,36,4,,1,13,,1615988,36,4,,1,16,,1615979,36,4,,1,16,,1615987,36,4,,1,55,,1616039,36,4,,1
80003,'20261020',523,,1616135,36,4,,1,15,,1616048,36,4,,1,15,,1616074,36,4,,1,56,,1616071,36,4,,1,14,,1616053,36,4,,1,10,,1616073,36,4,,1,10,,1616050,36,4,,1,12,,1616061,36,4,,1,50,,1616129,36,4,,1,10,,1616128,36,4,,1,12,,1616127,36,4,,1,10,,1616126,36,4,,1,12,,1616125,36,4,,1,10,,1616124,36,4,,1,48,,1616123,36,4,,1,9,,1616122,36,4,,1,10,,1616121,36,4,,1,10,,1616120,36,4,,1,12,,1616119,36,4,,1,54,,1616118,36,4,,1,14,,1616117,36,4,,1,14,,1616116,36,4,,1,14,,1616115,36,4,,1,14,,1616114,36,4,,1,55,,1616113,36,4,,1,16,,1616112,36,4,,1,13,,1616111,36,4,,1,15,,1616110,36,4,,1,55,,1616109,36,4,,1,16,,1616108,36,4,,1,15,,1616107,36,4,,1,15,,1616106,36,4,,1,55,,1616105,36,4,,1,16,,1616104,36,4,,1,15,,1616103,36,4,,1,15,,1616102,36,4,,1,55,,1616101,36,4,,1,15,,1616100,36,4,,1,15,,1616099,36,4,,1,15,,1616098,36,4,,1,55,,1616097,36,4,,1,15,,1616096,36,4,,1,15,,1616063,36,4,,1,56,,1616095,36,4,,1,16,,1616072,36,4,,1,16,,1616069,36,4,,1,12,,1616094,36,4,,1,12,,1616076,36,4,,1,51,,1616134,36,4,,1,10,,1616131,36,4,,1,10,,1616075,36,4,,1,11,,1616058,36,4,,1,10,,1616077,36,4,,1,10,,1616093,36,4,,1,50,,1616052,36,4,,1,10,,1616045,36,4,,1,9,,1616066,36,4,,1,10,,1616092,36,4,,1,10,,1616047,36,4,,1,9,,1616046,36,4,,1,49,,1616091,36,4,,1,10,,1616090,36,4,,1,11,,1616132,36,4,,1,9,,1616049,36,4,,1,12,,1616051,36,4,,1,54,,1616089,36,4,,1,14,,1616067,36,4,,1,16,,1616133,36,4,,1,14,,1616088,36,4,,1,14,,1616055,36,4,,1,53,,1616054,36,4,,1,15,,1616087,36,4,,1,15,,1616056,36,4,,1,15,,1616086,36,4,,1,55,,1616085,36,4,,1,15,,1616057,36,4,,1,16,,1616084,36,4,,1,15,,1616060,36,4,,1,54,,1616059,36,4,,1,15,,1616083,36,4,,1,14,,1616062,36,4,,1,15,,1616082,36,4,,1,55,,1616064,36,4,,1,13,,1616081,36,4,,1,15,,1616065,36,4,,1,16,,1616080,36,4,,1,55,,1616068,36,4,,1,13,,1616079,36,4,,1,16,,1616070,36,4,,1,16,,1616078,36,4,,1,55,,1616130,36,4,,1
80003,'20261021',523,,1640177,36,4,,1,15,,1640090,36,4,,1,15,,1640116,36,4,,1,56,,1640113,36,4,,1,14,,1640095,36,4,,1,10,,1640115,36,4,,1,10,,1640092,36,4,,1,12,,1640103,36,4,,1,50,,1640171,36,4,,1,10,,1640170,36,4,,1,12,,1640169,36,4,,1,10,,1640168,36,4,,1,12,,1640167,36,4,,1,10,,1640166,36,4,,1,48,,1640165,36,4,,1,9,,1640164,36,4,,1,10,,1640163,36,4,,1,10,,1640162,36,4,,1,12,,1640161,36,4,,1,54,,1640160,36,4,,1,14,,1640159,36,4,,1,14,,1640158,36,4,,1,14,,1640157,36,4,,1,14,,1640156,36,4,,1,55,,1640155,36,4,,1,16,,1640154,36,4,,1,13,,1640153,36,4,,1,15,,1640152,36,4,,1,55,,1640151,36,4,,1,16,,1640150,36,4,,1,15,,1640149,36,4,,1,15,,1640148,36,4,,1,55,,1640147,36,4,,1,16,,1640146,36,4,,1,15,,1640145,36,4,,1,15,,1640144,36,4,,1,55,,1640143,36,4,,1,15,,1640142,36,4,,1,15,,1640141,36,4,,1,15,,1640140,36,4,,1,55,,1640139,36,4,,1,15,,1640138,36,4,,1,15,,1640105,36,4,,1,56,,1640137,36,4,,1,16,,1640114,36,4,,1,16,,1640111,36,4,,1,12,,1640136,36,4,,1,12,,1640118,36,4,,1,51,,1640176,36,4,,1,10,,1640173,36,4,,1,10,,1640117,36,4,,1,11,,1640100,36,4,,1,10,,1640119,36,4,,1,10,,1640135,36,4,,1,50,,1640094,36,4,,1,10,,1640087,36,4,,1,9,,1640108,36,4,,1,10,,1640134,36,4,,1,10,,1640089,36,4,,1,9,,1640088,36,4,,1,49,,1640133,36,4,,1,10,,1640132,36,4,,1,11,,1640174,36,4,,1,9,,1640091,36,4,,1,12,,1640093,36,4,,1,54,,1640131,36,4,,1,14,,1640109,36,4,,1,16,,1640175,36,4,,1,14,,1640130,36,4,,1,14,,1640097,36,4,,1,53,,1640096,36,4,,1,15,,1640129,36,4,,1,15,,1640098,36,4,,1,15,,1640128,36,4,,1,55,,1640127,36,4,,1,15,,1640099,36,4,,1,16,,1640126,36,4,,1,15,,1640102,36,4,,1,54,,1640101,36,4,,1,15,,1640125,36,4,,1,14,,1640104,36,4,,1,15,,1640124,36,4,,1,55,,1640106,36,4,,1,13,,1640123,36,4,,1,15,,1640107,36,4,,1,16,,1640122,36,4,,1,55,,1640110,36,4,,1,13,,1640121,36,4,,1,16,,1640112,36,4,,1,16,,1640120,36,4,,1,55,,1640172,36,4,,1
80003,'20261022',523,,1640268,36,4,,1,15,,1640181,36,4,,1,15,,1640207,36,4,,1,56,,1640204,36,4,,1,14,,1640186,36,4,,1,10,,1640206,36,4,,1,10,,1640183,36,4,,1,12,,1640194,36,4,,1,50,,1640262,36,4,,1,10,,1640261,36,4,,1,12,,1640260,36,4,,1,10,,1640259,36,4,,1,12,,1640258,36,4,,1,10,,1640257,36,4,,1,48,,1640256,36,4,,1,9,,1640255,36,4,,1,10,,1640254,36,4,,1,10,,1640253,36,4,,1,12,,1640252,36,4,,1,54,,1640251,36,4,,1,14,,1640250,36,4,,1,14,,1640249,36,4,,1,14,,1640248,36,4,,1,14,,1640247,36,4,,1,55,,1640246,36,4,,1,16,,1640245,36,4,,1,13,,1640244,36,4,,1,15,,1640243,36,4,,1,55,,1640242,36,4,,1,16,,1640241,36,4,,1,15,,1640240,36,4,,1,15,,1640239,36,4,,1,55,,1640238,36,4,,1,16,,1640237,36,4,,1,15,,1640236,36,4,,1,15,,1640235,36,4,,1,55,,1640234,36,4,,1,15,,1640233,36,4,,1,15,,1640232,36,4,,1,15,,1640231,36,4,,1,55,,1640230,36,4,,1,15,,1640229,36,4,,1,15,,1640196,36,4,,1,56,,1640228,36,4,,1,16,,1640205,36,4,,1,16,,1640202,36,4,,1,12,,1640227,36,4,,1,12,,1640209,36,4,,1,51,,1640267,36,4,,1,10,,1640264,36,4,,1,10,,1640208,36,4,,1,11,,1640191,36,4,,1,10,,1640210,36,4,,1,10,,1640226,36,4,,1,50,,1640185,36,4,,1,10,,1640178,36,4,,1,9,,1640199,36,4,,1,10,,1640225,36,4,,1,10,,1640180,36,4,,1,9,,1640179,36,4,,1,49,,1640224,36,4,,1,10,,1640223,36,4,,1,11,,1640265,36,4,,1,9,,1640182,36,4,,1,12,,1640184,36,4,,1,54,,1640222,36,4,,1,14,,1640200,36,4,,1,16,,1640266,36,4,,1,14,,1640221,36,4,,1,14,,1640188,36,4,,1,53,,1640187,36,4,,1,15,,1640220,36,4,,1,15,,1640189,36,4,,1,15,,1640219,36,4,,1,55,,1640218,36,4,,1,15,,1640190,36,4,,1,16,,1640217,36,4,,1,15,,1640193,36,4,,1,54,,1640192,36,4,,1,15,,1640216,36,4,,1,14,,1640195,36,4,,1,15,,1640215,36,4,,1,55,,1640197,36,4,,1,13,,1640214,36,4,,1,15,,1640198,36,4,,1,16,,1640213,36,4,,1,55,,1640201,36,4,,1,13,,1640212,36,4,,1,16,,1640203,36,4,,1,16,,1640211,36,4,,1,55,,1640263,36,4,,1
80003,'20261023',523,,1640359,36,4,,1,15,,1640272,36,4,,1,15,,1640298,36,4,,1,56,,1640295,36,4,,1,14,,1640277,36,4,,1,10,,1640297,36,4,,1,10,,1640274,36,4,,1,12,,1640285,36,4,,1,50,,1640353,36,4,,1,10,,1640352,36,4,,1,12,,1640351,36,4,,1,10,,1640350,36,4,,1,12,,1640349,36,4,,1,10,,1640348,36,4,,1,48,,1640347,36,4,,1,9,,1640346,36,4,,1,10,,1640345,36,4,,1,10,,1640344,36,4,,1,12,,1640343,36,4,,1,54,,1640342,36,4,,1,14,,1640341,36,4,,1,14,,1640340,36,4,,1,14,,1640339,36,4,,1,14,,1640338,36,4,,1,55,,1640337,36,4,,1,16,,1640336,36,4,,1,13,,1640335,36,4,,1,15,,1640334,36,4,,1,55,,1640333,36,4,,1,16,,1640332,36,4,,1,15,,1640331,36,4,,1,15,,1640330,36,4,,1,55,,1640329,36,4,,1,16,,1640328,36,4,,1,15,,1640327,36,4,,1,15,,1640326,36,4,,1,55,,1640325,36,4,,1,15,,1640324,36,4,,1,15,,1640323,36,4,,1,15,,1640322,36,4,,1,55,,1640321,36,4,,1,15,,1640320,36,4,,1,15,,1640287,36,4,,1,56,,1640319,36,4,,1,16,,1640296,36,4,,1,16,,1640293,36,4,,1,12,,1640318,36,4,,1,12,,1640300,36,4,,1,51,,1640358,36,4,,1,10,,1640355,36,4,,1,10,,1640299,36,4,,1,11,,1640282,36,4,,1,10,,1640301,36,4,,1,10,,1640317,36,4,,1,50,,1640276,36,4,,1,10,,1640269,36,4,,1,9,,1640290,36,4,,1,10,,1640316,36,4,,1,10,,1640271,36,4,,1,9,,1640270,36,4,,1,49,,1640315,36,4,,1,10,,1640314,36,4,,1,11,,1640356,36,4,,1,9,,1640273,36,4,,1,12,,1640275,36,4,,1,54,,1640313,36,4,,1,14,,1640291,36,4,,1,16,,1640357,36,4,,1,14,,1640312,36,4,,1,14,,1640279,36,4,,1,53,,1640278,36,4,,1,15,,1640311,36,4,,1,15,,1640280,36,4,,1,15,,1640310,36,4,,1,55,,1640309,36,4,,1,15,,1640281,36,4,,1,16,,1640308,36,4,,1,15,,1640284,36,4,,1,54,,1640283,36,4,,1,15,,1640307,36,4,,1,14,,1640286,36,4,,1,15,,1640306,36,4,,1,55,,1640288,36,4,,1,13,,1640305,36,4,,1,15,,1640289,36,4,,1,16,,1640304,36,4,,1,55,,1640292,36,4,,1,13,,1640303,36,4,,1,16,,1640294,36,4,,1,16,,1640302,36,4,,1,55,,1640354,36,4,,1
80103,'20261009',522,,1617248,36,4,,1,16,,1617249,36,4,,1,15,,1617250,36,4,,1,56,,1617251,36,4,,1,12,,1617252,36,4,,1,11,,1617253,36,4,,1,10,,1617254,36,4,,1,9,,1617255,36,4,,1,50,,1617256,36,4,,1,11,,1617237,8,4,,1,12,,1617258,36,4,,1,2,,1617238,8,4,,1,11,,1617259,36,4,,1,2,,1617239,8,4,,1,8,,1617260,36,4,,1,3,,1617240,8,4,,1,7,,1617261,36,4,,1,43,,1617244,8,4,,1,6,,1617262,36,4,,1,8,,1617241,8,4,,1,1,,1617263,36,4,,1,7,,1617243,8,4,,1,4,,1617264,36,4,,1,5,,1617245,8,4,,1,2,,1617265,36,4,,1,3,,1617242,8,4,,1,6,,1617266,36,4,,1,11,,1617267,36,4,,1,6,,1617247,8,4,,1,42,,1617246,8,4,,1,8,,1617269,36,4,,1,8,,1617270,36,4,,1,10,,1617271,36,4,,1,13,,1617272,36,4,,1,15,,1617273,36,4,,1,55,,1617274,36,4,,1,16,,1617275,36,4,,1,14,,1617276,36,4,,1,14,,1617277,36,4,,1,55,,1617278,36,4,,1,15,,1617279,36,4,,1,15,,1617280,36,4,,1,15,,1617281,36,4,,1,55,,1617282,36,4,,1,16,,1617283,36,4,,1,15,,1617284,36,4,,1,15,,1617285,36,4,,1,56,,1617286,36,4,,1,14,,1617287,36,4,,1,15,,1617288,36,4,,1,13,,1617289,36,4,,1,55,,1617290,36,4,,1,15,,1617291,36,4,,1,15,,1617292,36,4,,1,15,,1617293,36,4,,1,54,,1617294,36,4,,1,14,,1617295,36,4,,1,13,,1617296,36,4,,1,8,,1617297,36,4,,1,9,,1617298,36,4,,1,8,,1617299,36,4,,1,49,,1617300,36,4,,1,9,,1617301,36,4,,1,10,,1617302,36,4,,1,8,,1617303,36,4,,1,9,,1617304,36,4,,1,10,,1617305,36,4,,1,49,,1617306,36,4,,1,9,,1617307,36,4,,1,9,,1617308,36,4,,1,8,,1617309,36,4,,1,9,,1617310,36,4,,1,10,,1617311,36,4,,1,10,,1617312,36,4,,1,50,,1617313,36,4,,1,10,,1617314,36,4,,1,11,,1617315,36,4,,1,14,,1617316,36,4,,1,14,,1617317,36,4,,1,53,,1617318,36,4,,1,15,,1617319,36,4,,1,15,,1617320,36,4,,1,15,,1617321,36,4,,1,55,,1617322,36,4,,1,15,,1617323,36,4,,1,15,,1617324,36,4,,1,15,,1617325,36,4,,1,55,,1617326,36,4,,1,15,,1617327,36,4,,1,15,,1617328,36,4,,1,14,,1617329,36,4,,1,55,,1617330,36,4,,1,14,,1617331,36,4,,1,15,,1617332,36,4,,1,15,,1617333,36,4,,1,55,,1617334,36,4,,1,15,,1617335,36,4,,1,15,,1617336,36,4,,1,14,,1617337,36,4,,1,55,,1617338,36,4,,1,14,,1617339,36,4,,1,15,,1617340,36,4,,1,15,,1617341,36,4,,1,55,,1617342,36,4,,1,15,,1617343,36,4,,1
80103,'20261010',607,,1640882,36,4,,1,18,,1640883,36,4,,1,14,,1640884,36,4,,1,15,,1640885,36,4,,1,55,,1640886,36,4,,1,15,,1640887,36,4,,1,15,,1640888,36,4,,1,15,,1640889,36,4,,1,55,,1640890,36,4,,1,15,,1640891,36,4,,1,15,,1640892,36,4,,1,15,,1640893,36,4,,1,55,,1640894,36,4,,1,15,,1640895,36,4,,1,17,,1640896,36,4,,1,17,,1640897,36,4,,1,57,,1640898,36,4,,1,15,,1640899,36,4,,1,15,,1640900,36,4,,1,56,,1640901,36,4,,1,16,,1640902,36,4,,1,15,,1640903,36,4,,1,16,,1640904,36,4,,1,55,,1640905,36,4,,1,15,,1640906,36,4,,1,16,,1640907,36,4,,1,15,,1640908,36,4,,1,56,,1640909,36,4,,1,17,,1640910,36,4,,1,16,,1640911,36,4,,1,16,,1640912,36,4,,1,55,,1640913,36,4,,1,15,,1640914,36,4,,1,15,,1640915,36,4,,1,15,,1640916,36,4,,1,56,,1640917,36,4,,1,16,,1640918,36,4,,1,14,,1640919,36,4,,1,14,,1640920,36,4,,1,56,,1640921,36,4,,1,15,,1640922,36,4,,1,15,,1640923,36,4,,1,16,,1640924,36,4,,1,55,,1640925,36,4,,1,15,,1640926,36,4,,1,15,,1640927,36,4,,1,15,,1640928,36,4,,1,55,,1640929,36,4,,1,14,,1640930,36,4,,1,14,,1640931,36,4,,1,16,,1640932,36,4,,1,56,,1640933,36,4,,1,14,,1640934,36,4,,1,15,,1640935,36,4,,1,14,,1640936,36,4,,1,54,,1640937,36,4,,1,14,,1640938,36,4,,1,15,,1640939,36,4,,1,15,,1640940,36,4,,1,57,,1640941,36,4,,1,15,,1640942,36,4,,1,15,,1640943,36,4,,1,15,,1640944,36,4,,1,53,,1640945,36,4,,1,15,,1640946,36,4,,1,15,,1640947,36,4,,1,15,,1640948,36,4,,1,56,,1640949,36,4,,1,15,,1640950,36,4,,1,14,,1640951,36,4,,1,15,,1640952,36,4,,1,55,,1640953,36,4,,1,15,,1640954,36,4,,1,15,,1640955,36,4,,1,15,,1640956,36,4,,1,55,,1640957,36,4,,1,14,,1640958,36,4,,1
80103,'20261011',607,,1640959,36,4,,1,18,,1640960,36,4,,1,14,,1640961,36,4,,1,15,,1640962,36,4,,1,55,,1640963,36,4,,1,15,,1640964,36,4,,1,15,,1640965,36,4,,1,15,,1640966,36,4,,1,55,,1640967,36,4,,1,15,,1640968,36,4,,1,15,,1640969,36,4,,1,15,,1640970,36,4,,1,55,,1640971,36,4,,1,15,,1640972,36,4,,1,17,,1640973,36,4,,1,17,,1640974,36,4,,1,57,,1640975,36,4,,1,15,,1640976,36,4,,1,15,,1640977,36,4,,1,56,,1640978,36,4,,1,16,,1640979,36,4,,1,15,,1640980,36,4,,1,16,,1640981,36,4,,1,55,,1640982,36,4,,1,15,,1640983,36,4,,1,16,,1640984,36,4,,1,15,,1640985,36,4,,1,56,,1640986,36,4,,1,17,,1640987,36,4,,1,16,,1640988,36,4,,1,16,,1640989,36,4,,1,55,,1640990,36,4,,1,15,,1640991,36,4,,1,15,,1640992,36,4,,1,15,,1640993,36,4,,1,56,,1640994,36,4,,1,16,,1640995,36,4,,1,14,,1640996,36,4,,1,14,,1640997,36,4,,1,56,,1640998,36,4,,1,15,,1640999,36,4,,1,15,,1641000,36,4,,1,16,,1641001,36,4,,1,55,,1641002,36,4,,1,15,,1641003,36,4,,1,15,,1641004,36,4,,1,15,,1641005,36,4,,1,55,,1641006,36,4,,1,14,,1641007,36,4,,1,14,,1641008,36,4,,1,16,,1641009,36,4,,1,56,,1641010,36,4,,1,14,,1641011,36,4,,1,15,,1641012,36,4,,1,14,,1641013,36,4,,1,54,,1641014,36,4,,1,14,,1641015,36,4,,1,15,,1641016,36,4,,1,15,,1641017,36,4,,1,57,,1641018,36,4,,1,15,,1641019,36,4,,1,15,,1641020,36,4,,1,15,,1641021,36,4,,1,53,,1641022,36,4,,1,15,,1641023,36,4,,1,15,,1641024,36,4,,1,15,,1641025,36,4,,1,56,,1641026,36,4,,1,15,,1641027,36,4,,1,14,,1641028,36,4,,1,15,,1641029,36,4,,1,55,,1641030,36,4,,1,15,,1641031,36,4,,1,15,,1641032,36,4,,1,15,,1641033,36,4,,1,55,,1641034,36,4,,1,14,,1641035,36,4,,1
80103,'20261012',607,,1641036,36,4,,1,18,,1641037,36,4,,1,14,,1641038,36,4,,1,15,,1641039,36,4,,1,55,,1641040,36,4,,1,15,,1641041,36,4,,1,15,,1641042,36,4,,1,15,,1641043,36,4,,1,55,,1641044,36,4,,1,15,,1641045,36,4,,1,15,,1641046,36,4,,1,15,,1641047,36,4,,1,55,,1641048,36,4,,1,15,,1641049,36,4,,1,17,,1641050,36,4,,1,17,,1641051,36,4,,1,57,,1641052,36,4,,1,15,,1641053,36,4,,1,15,,1641054,36,4,,1,56,,1641055,36,4,,1,16,,1641056,36,4,,1,15,,1641057,36,4,,1,16,,1641058,36,4,,1,55,,1641059,36,4,,1,15,,1641060,36,4,,1,16,,1641061,36,4,,1,15,,1641062,36,4,,1,56,,1641063,36,4,,1,17,,1641064,36,4,,1,16,,1641065,36,4,,1,16,,1641066,36,4,,1,55,,1641067,36,4,,1,15,,1641068,36,4,,1,15,,1641069,36,4,,1,15,,1641070,36,4,,1,56,,1641071,36,4,,1,16,,1641072,36,4,,1,14,,1641073,36,4,,1,14,,1641074,36,4,,1,56,,1641075,36,4,,1,15,,1641076,36,4,,1,15,,1641077,36,4,,1,16,,1641078,36,4,,1,55,,1641079,36,4,,1,15,,1641080,36,4,,1,15,,1641081,36,4,,1,15,,1641082,36,4,,1,55,,1641083,36,4,,1,14,,1641084,36,4,,1,14,,1641085,36,4,,1,16,,1641086,36,4,,1,56,,1641087,36,4,,1,14,,1641088,36,4,,1,15,,1641089,36,4,,1,14,,1641090,36,4,,1,54,,1641091,36,4,,1,14,,1641092,36,4,,1,15,,1641093,36,4,,1,15,,1641094,36,4,,1,57,,1641095,36,4,,1,15,,1641096,36,4,,1,15,,1641097,36,4,,1,15,,1641098,36,4,,1,53,,1641099,36,4,,1,15,,1641100,36,4,,1,15,,1641101,36,4,,1,15,,1641102,36,4,,1,56,,1641103,36,4,,1,15,,1641104,36,4,,1,14,,1641105,36,4,,1,15,,1641106,36,4,,1,55,,1641107,36,4,,1,15,,1641108,36,4,,1,15,,1641109,36,4,,1,15,,1641110,36,4,,1,55,,1641111,36,4,,1,14,,1641112,36,4,,1
80103,'20261013',522,,1585584,36,4,,1,16,,1585577,36,4,,1,15,,1585490,36,4,,1,56,,1585491,36,4,,1,12,,1585489,36,4,,1,11,,1585493,36,4,,1,10,,1585494,36,4,,1,9,,1585495,36,4,,1,50,,1585492,36,4,,1,11,,1585497,36,4,,1,12,,1585583,36,4,,1,13,,1585498,36,4,,1,10,,1585499,36,4,,1,10,,1585496,36,4,,1,49,,1585500,36,4,,1,9,,1585501,36,4,,1,11,,1585502,36,4,,1,7,,1585503,36,4,,1,9,,1585504,36,4,,1,11,,1585505,36,4,,1,48,,1585506,36,4,,1,8,,1585507,36,4,,1,8,,1585508,36,4,,1,10,,1585509,36,4,,1,13,,1585510,36,4,,1,15,,1585511,36,4,,1,55,,1585512,36,4,,1,16,,1585513,36,4,,1,14,,1585514,36,4,,1,14,,1585515,36,4,,1,55,,1585518,36,4,,1,15,,1585519,36,4,,1,15,,1585520,36,4,,1,15,,1585516,36,4,,1,55,,1585517,36,4,,1,16,,1585521,36,4,,1,15,,1585523,36,4,,1,15,,1585524,36,4,,1,56,,1585522,36,4,,1,14,,1585526,36,4,,1,15,,1585527,36,4,,1,13,,1585525,36,4,,1,55,,1585528,36,4,,1,15,,1585582,36,4,,1,15,,1585529,36,4,,1,15,,1585530,36,4,,1,54,,1585531,36,4,,1,14,,1585532,36,4,,1,13,,1585580,36,4,,1,8,,1585533,36,4,,1,9,,1585534,36,4,,1,8,,1585535,36,4,,1,49,,1585536,36,4,,1,9,,1585537,36,4,,1,10,,1585538,36,4,,1,8,,1585539,36,4,,1,9,,1585541,36,4,,1,10,,1585542,36,4,,1,49,,1585543,36,4,,1,9,,1585540,36,4,,1,9,,1585581,36,4,,1,8,,1585544,36,4,,1,9,,1585545,36,4,,1,10,,1585547,36,4,,1,10,,1585548,36,4,,1,50,,1585549,36,4,,1,10,,1585578,36,4,,1,11,,1585546,36,4,,1,14,,1585550,36,4,,1,14,,1585552,36,4,,1,53,,1585554,36,4,,1,15,,1585551,36,4,,1,15,,1585555,36,4,,1,15,,1585553,36,4,,1,55,,1585556,36,4,,1,15,,1585557,36,4,,1,15,,1585558,36,4,,1,15,,1585559,36,4,,1,55,,1585560,36,4,,1,15,,1585561,36,4,,1,15,,1585562,36,4,,1,14,,1585563,36,4,,1,55,,1585564,36,4,,1,14,,1585565,36,4,,1,15,,1585566,36,4,,1,15,,1585568,36,4,,1,55,,1585569,36,4,,1,15,,1585570,36,4,,1,15,,1585567,36,4,,1,14,,1585571,36,4,,1,55,,1585572,36,4,,1,14,,1585573,36,4,,1,15,,1585574,36,4,,1,15,,1585575,36,4,,1,55,,1585576,36,4,,1,15,,1585579,36,4,,1
80103,'20261014',522,,1585680,36,4,,1,16,,1585673,36,4,,1,15,,1585586,36,4,,1,56,,1585587,36,4,,1,12,,1585585,36,4,,1,11,,1585589,36,4,,1,10,,1585590,36,4,,1,9,,1585591,36,4,,1,50,,1585588,36,4,,1,11,,1585593,36,4,,1,12,,1585679,36,4,,1,13,,1585594,36,4,,1,10,,1585595,36,4,,1,10,,1585592,36,4,,1,49,,1585596,36,4,,1,9,,1585597,36,4,,1,11,,1585598,36,4,,1,7,,1585599,36,4,,1,9,,1585600,36,4,,1,11,,1585601,36,4,,1,48,,1585602,36,4,,1,8,,1585603,36,4,,1,8,,1585604,36,4,,1,10,,1585605,36,4,,1,13,,1585606,36,4,,1,15,,1585607,36,4,,1,55,,1585608,36,4,,1,16,,1585609,36,4,,1,14,,1585610,36,4,,1,14,,1585611,36,4,,1,55,,1585614,36,4,,1,15,,1585615,36,4,,1,15,,1585616,36,4,,1,15,,1585612,36,4,,1,55,,1585613,36,4,,1,16,,1585617,36,4,,1,15,,1585619,36,4,,1,15,,1585620,36,4,,1,56,,1585618,36,4,,1,14,,1585622,36,4,,1,15,,1585623,36,4,,1,13,,1585621,36,4,,1,55,,1585624,36,4,,1,15,,1585678,36,4,,1,15,,1585625,36,4,,1,15,,1585626,36,4,,1,54,,1585627,36,4,,1,14,,1585628,36,4,,1,13,,1585676,36,4,,1,8,,1585629,36,4,,1,9,,1585630,36,4,,1,8,,1585631,36,4,,1,49,,1585632,36,4,,1,9,,1585633,36,4,,1,10,,1585634,36,4,,1,8,,1585635,36,4,,1,9,,1585637,36,4,,1,10,,1585638,36,4,,1,49,,1585639,36,4,,1,9,,1585636,36,4,,1,9,,1585677,36,4,,1,8,,1585640,36,4,,1,9,,1585641,36,4,,1,10,,1585643,36,4,,1,10,,1585644,36,4,,1,50,,1585645,36,4,,1,10,,1585674,36,4,,1,11,,1585642,36,4,,1,14,,1585646,36,4,,1,14,,1585648,36,4,,1,53,,1585650,36,4,,1,15,,1585647,36,4,,1,15,,1585651,36,4,,1,15,,1585649,36,4,,1,55,,1585652,36,4,,1,15,,1585653,36,4,,1,15,,1585654,36,4,,1,15,,1585655,36,4,,1,55,,1585656,36,4,,1,15,,1585657,36,4,,1,15,,1585658,36,4,,1,14,,1585659,36,4,,1,55,,1585660,36,4,,1,14,,1585661,36,4,,1,15,,1585662,36,4,,1,15,,1585664,36,4,,1,55,,1585665,36,4,,1,15,,1585666,36,4,,1,15,,1585663,36,4,,1,14,,1585667,36,4,,1,55,,1585668,36,4,,1,14,,1585669,36,4,,1,15,,1585670,36,4,,1,15,,1585671,36,4,,1,55,,1585672,36,4,,1,15,,1585675,36,4,,1
80103,'20261015',522,,1585776,36,4,,1,16,,1585769,36,4,,1,15,,1585682,36,4,,1,56,,1585683,36,4,,1,12,,1585681,36,4,,1,11,,1585685,36,4,,1,10,,1585686,36,4,,1,9,,1585687,36,4,,1,50,,1585684,36,4,,1,11,,1585689,36,4,,1,12,,1585775,36,4,,1,13,,1585690,36,4,,1,10,,1585691,36,4,,1,10,,1585688,36,4,,1,49,,1585692,36,4,,1,9,,1585693,36,4,,1,11,,1585694,36,4,,1,7,,1585695,36,4,,1,9,,1585696,36,4,,1,11,,1585697,36,4,,1,48,,1585698,36,4,,1,8,,1585699,36,4,,1,8,,1585700,36,4,,1,10,,1585701,36,4,,1,13,,1585702,36,4,,1,15,,1585703,36,4,,1,55,,1585704,36,4,,1,16,,1585705,36,4,,1,14,,1585706,36,4,,1,14,,1585707,36,4,,1,55,,1585710,36,4,,1,15,,1585711,36,4,,1,15,,1585712,36,4,,1,15,,1585708,36,4,,1,55,,1585709,36,4,,1,16,,1585713,36,4,,1,15,,1585715,36,4,,1,15,,1585716,36,4,,1,56,,1585714,36,4,,1,14,,1585718,36,4,,1,15,,1585719,36,4,,1,13,,1585717,36,4,,1,55,,1585720,36,4,,1,15,,1585774,36,4,,1,15,,1585721,36,4,,1,15,,1585722,36,4,,1,54,,1585723,36,4,,1,14,,1585724,36,4,,1,13,,1585772,36,4,,1,8,,1585725,36,4,,1,9,,1585726,36,4,,1,8,,1585727,36,4,,1,49,,1585728,36,4,,1,9,,1585729,36,4,,1,10,,1585730,36,4,,1,8,,1585731,36,4,,1,9,,1585733,36,4,,1,10,,1585734,36,4,,1,49,,1585735,36,4,,1,9,,1585732,36,4,,1,9,,1585773,36,4,,1,8,,1585736,36,4,,1,9,,1585737,36,4,,1,10,,1585739,36,4,,1,10,,1585740,36,4,,1,50,,1585741,36,4,,1,10,,1585770,36,4,,1,11,,1585738,36,4,,1,14,,1585742,36,4,,1,14,,1585744,36,4,,1,53,,1585746,36,4,,1,15,,1585743,36,4,,1,15,,1585747,36,4,,1,15,,1585745,36,4,,1,55,,1585748,36,4,,1,15,,1585749,36,4,,1,15,,1585750,36,4,,1,15,,1585751,36,4,,1,55,,1585752,36,4,,1,15,,1585753,36,4,,1,15,,1585754,36,4,,1,14,,1585755,36,4,,1,55,,1585756,36,4,,1,14,,1585757,36,4,,1,15,,1585758,36,4,,1,15,,1585760,36,4,,1,55,,1585761,36,4,,1,15,,1585762,36,4,,1,15,,1585759,36,4,,1,14,,1585763,36,4,,1,55,,1585764,36,4,,1,14,,1585765,36,4,,1,15,,1585766,36,4,,1,15,,1585767,36,4,,1,55,,1585768,36,4,,1,15,,1585771,36,4,,1
80103,'20261016',522,,1585872,36,4,,1,16,,1585865,36,4,,1,15,,1585778,36,4,,1,56,,1585779,36,4,,1,12,,1585777,36,4,,1,11,,1585781,36,4,,1,10,,1585782,36,4,,1,9,,1585783,36,4,,1,50,,1585780,36,4,,1,11,,1585785,36,4,,1,12,,1585871,36,4,,1,13,,1585786,36,4,,1,10,,1585787,36,4,,1,10,,1585784,36,4,,1,49,,1585788,36,4,,1,9,,1585789,36,4,,1,11,,1585790,36,4,,1,7,,1585791,36,4,,1,9,,1585792,36,4,,1,11,,1585793,36,4,,1,48,,1585794,36,4,,1,8,,1585795,36,4,,1,8,,1585796,36,4,,1,10,,1585797,36,4,,1,13,,1585798,36,4,,1,15,,1585799,36,4,,1,55,,1585800,36,4,,1,16,,1585801,36,4,,1,14,,1585802,36,4,,1,14,,1585803,36,4,,1,55,,1585806,36,4,,1,15,,1585807,36,4,,1,15,,1585808,36,4,,1,15,,1585804,36,4,,1,55,,1585805,36,4,,1,16,,1585809,36,4,,1,15,,1585811,36,4,,1,15,,1585812,36,4,,1,56,,1585810,36,4,,1,14,,1585814,36,4,,1,15,,1585815,36,4,,1,13,,1585813,36,4,,1,55,,1585816,36,4,,1,15,,1585870,36,4,,1,15,,1585817,36,4,,1,15,,1585818,36,4,,1,54,,1585819,36,4,,1,14,,1585820,36,4,,1,13,,1585868,36,4,,1,8,,1585821,36,4,,1,9,,1585822,36,4,,1,8,,1585823,36,4,,1,49,,1585824,36,4,,1,9,,1585825,36,4,,1,10,,1585826,36,4,,1,8,,1585827,36,4,,1,9,,1585829,36,4,,1,10,,1585830,36,4,,1,49,,1585831,36,4,,1,9,,1585828,36,4,,1,9,,1585869,36,4,,1,8,,1585832,36,4,,1,9,,1585833,36,4,,1,10,,1585835,36,4,,1,10,,1585836,36,4,,1,50,,1585837,36,4,,1,10,,1585866,36,4,,1,11,,1585834,36,4,,1,14,,1585838,36,4,,1,14,,1585840,36,4,,1,53,,1585842,36,4,,1,15,,1585839,36,4,,1,15,,1585843,36,4,,1,15,,1585841,36,4,,1,55,,1585844,36,4,,1,15,,1585845,36,4,,1,15,,1585846,36,4,,1,15,,1585847,36,4,,1,55,,1585848,36,4,,1,15,,1585849,36,4,,1,15,,1585850,36,4,,1,14,,1585851,36,4,,1,55,,1585852,36,4,,1,14,,1585853,36,4,,1,15,,1585854,36,4,,1,15,,1585856,36,4,,1,55,,1585857,36,4,,1,15,,1585858,36,4,,1,15,,1585855,36,4,,1,14,,1585859,36,4,,1,55,,1585860,36,4,,1,14,,1585861,36,4,,1,15,,1585862,36,4,,1,15,,1585863,36,4,,1,55,,1585864,36,4,,1,15,,1585867,36,4,,1
80103,'20261017',607,,1617344,36,4,,1,18,,1617345,36,4,,1,14,,1617346,36,4,,1,15,,1617347,36,4,,1,55,,1617348,36,4,,1,15,,1617349,36,4,,1,15,,1617350,36,4,,1,15,,1617351,36,4,,1,55,,1617352,36,4,,1,15,,1617353,36,4,,1,15,,1617354,36,4,,1,15,,1617355,36,4,,1,55,,1617356,36,4,,1,15,,1617357,36,4,,1,17,,1617358,36,4,,1,17,,1617359,36,4,,1,57,,1617360,36,4,,1,15,,1617361,36,4,,1,15,,1617362,36,4,,1,56,,1617363,36,4,,1,16,,1617364,36,4,,1,15,,1617365,36,4,,1,16,,1617367,36,4,,1,55,,1617368,36,4,,1,15,,1617369,36,4,,1,16,,1617366,36,4,,1,15,,1617370,36,4,,1,56,,1617371,36,4,,1,17,,1617372,36,4,,1,16,,1617373,36,4,,1,16,,1617374,36,4,,1,55,,1617375,36,4,,1,15,,1617376,36,4,,1,15,,1617377,36,4,,1,15,,1617378,36,4,,1,56,,1617379,36,4,,1,16,,1617380,36,4,,1,14,,1617381,36,4,,1,14,,1617382,36,4,,1,56,,1617383,36,4,,1,15,,1617384,36,4,,1,15,,1617385,36,4,,1,16,,1617386,36,4,,1,55,,1617387,36,4,,1,15,,1617388,36,4,,1,15,,1617389,36,4,,1,15,,1617390,36,4,,1,55,,1617391,36,4,,1,14,,1617392,36,4,,1,14,,1617393,36,4,,1,16,,1617394,36,4,,1,56,,1617395,36,4,,1,14,,1617397,36,4,,1,15,,1617398,36,4,,1,14,,1617399,36,4,,1,54,,1617396,36,4,,1,14,,1617400,36,4,,1,15,,1617401,36,4,,1,15,,1617402,36,4,,1,57,,1617403,36,4,,1,15,,1617404,36,4,,1,15,,1617405,36,4,,1,15,,1617406,36,4,,1,53,,1617407,36,4,,1,15,,1617408,36,4,,1,15,,1617409,36,4,,1,15,,1617410,36,4,,1,56,,1617411,36,4,,1,15,,1617412,36,4,,1,14,,1617413,36,4,,1,15,,1617414,36,4,,1,55,,1617415,36,4,,1,15,,1617416,36,4,,1,15,,1617417,36,4,,1,15,,1617418,36,4,,1,55,,1617419,36,4,,1,14,,1617420,36,4,,1
80103,'20261018',607,,1617428,36,4,,1,18,,1617421,36,4,,1,14,,1617429,36,4,,1,15,,1617422,36,4,,1,55,,1617424,36,4,,1,15,,1617423,36,4,,1,15,,1617425,36,4,,1,15,,1617426,36,4,,1,55,,1617427,36,4,,1,15,,1617435,36,4,,1,15,,1617430,36,4,,1,15,,1617438,36,4,,1,55,,1617439,36,4,,1,15,,1617436,36,4,,1,17,,1617431,36,4,,1,17,,1617433,36,4,,1,57,,1617437,36,4,,1,15,,1617432,36,4,,1,15,,1617434,36,4,,1,56,,1617449,36,4,,1,16,,1617455,36,4,,1,15,,1617454,36,4,,1,16,,1617452,36,4,,1,55,,1617442,36,4,,1,15,,1617447,36,4,,1,16,,1617451,36,4,,1,15,,1617457,36,4,,1,56,,1617458,36,4,,1,17,,1617441,36,4,,1,16,,1617459,36,4,,1,16,,1617446,36,4,,1,55,,1617456,36,4,,1,15,,1617448,36,4,,1,15,,1617440,36,4,,1,15,,1617450,36,4,,1,56,,1617443,36,4,,1,16,,1617460,36,4,,1,14,,1617453,36,4,,1,14,,1617444,36,4,,1,56,,1617445,36,4,,1,15,,1617470,36,4,,1,15,,1617471,36,4,,1,16,,1617477,36,4,,1,55,,1617475,36,4,,1,15,,1617479,36,4,,1,15,,1617478,36,4,,1,15,,1617472,36,4,,1,55,,1617473,36,4,,1,14,,1617465,36,4,,1,14,,1617474,36,4,,1,16,,1617476,36,4,,1,56,,1617480,36,4,,1,14,,1617464,36,4,,1,15,,1617461,36,4,,1,14,,1617481,36,4,,1,54,,1617468,36,4,,1,14,,1617462,36,4,,1,15,,1617466,36,4,,1,15,,1617463,36,4,,1,57,,1617467,36,4,,1,15,,1617469,36,4,,1,15,,1617482,36,4,,1,15,,1617489,36,4,,1,53,,1617495,36,4,,1,15,,1617496,36,4,,1,15,,1617483,36,4,,1,15,,1617484,36,4,,1,56,,1617490,36,4,,1,15,,1617497,36,4,,1,14,,1617485,36,4,,1,15,,1617492,36,4,,1,55,,1617486,36,4,,1,15,,1617493,36,4,,1,15,,1617487,36,4,,1,15,,1617488,36,4,,1,55,,1617494,36,4,,1,14,,1617491,36,4,,1
80103,'20261019',522,,1617593,36,4,,1,16,,1617586,36,4,,1,15,,1617499,36,4,,1,56,,1617500,36,4,,1,12,,1617498,36,4,,1,11,,1617502,36,4,,1,10,,1617503,36,4,,1,9,,1617504,36,4,,1,50,,1617501,36,4,,1,11,,1617506,36,4,,1,12,,1617592,36,4,,1,13,,1617507,36,4,,1,10,,1617508,36,4,,1,10,,1617505,36,4,,1,49,,1617509,36,4,,1,9,,1617510,36,4,,1,11,,1617511,36,4,,1,7,,1617512,36,4,,1,9,,1617513,36,4,,1,11,,1617514,36,4,,1,48,,1617515,36,4,,1,8,,1617516,36,4,,1,8,,1617517,36,4,,1,10,,1617518,36,4,,1,13,,1617519,36,4,,1,15,,1617520,36,4,,1,55,,1617521,36,4,,1,16,,1617522,36,4,,1,14,,1617523,36,4,,1,14,,1617524,36,4,,1,55,,1617527,36,4,,1,15,,1617528,36,4,,1,15,,1617529,36,4,,1,15,,1617525,36,4,,1,55,,1617526,36,4,,1,16,,1617530,36,4,,1,15,,1617532,36,4,,1,15,,1617533,36,4,,1,56,,1617531,36,4,,1,14,,1617535,36,4,,1,15,,1617536,36,4,,1,13,,1617534,36,4,,1,55,,1617537,36,4,,1,15,,1617591,36,4,,1,15,,1617538,36,4,,1,15,,1617539,36,4,,1,54,,1617540,36,4,,1,14,,1617541,36,4,,1,13,,1617589,36,4,,1,8,,1617542,36,4,,1,9,,1617543,36,4,,1,8,,1617544,36,4,,1,49,,1617545,36,4,,1,9,,1617546,36,4,,1,10,,1617547,36,4,,1,8,,1617548,36,4,,1,9,,1617550,36,4,,1,10,,1617551,36,4,,1,49,,1617552,36,4,,1,9,,1617549,36,4,,1,9,,1617590,36,4,,1,8,,1617553,36,4,,1,9,,1617554,36,4,,1,10,,1617556,36,4,,1,10,,1617557,36,4,,1,50,,1617558,36,4,,1,10,,1617587,36,4,,1,11,,1617555,36,4,,1,14,,1617559,36,4,,1,14,,1617561,36,4,,1,53,,1617563,36,4,,1,15,,1617560,36,4,,1,15,,1617564,36,4,,1,15,,1617562,36,4,,1,55,,1617565,36,4,,1,15,,1617566,36,4,,1,15,,1617567,36,4,,1,15,,1617568,36,4,,1,55,,1617569,36,4,,1,15,,1617570,36,4,,1,15,,1617571,36,4,,1,14,,1617572,36,4,,1,55,,1617573,36,4,,1,14,,1617574,36,4,,1,15,,1617575,36,4,,1,15,,1617577,36,4,,1,55,,1617578,36,4,,1,15,,1617579,36,4,,1,15,,1617576,36,4,,1,14,,1617580,36,4,,1,55,,1617581,36,4,,1,14,,1617582,36,4,,1,15,,1617583,36,4,,1,15,,1617584,36,4,,1,55,,1617585,36,4,,1,15,,1617588,36,4,,1
80103,'20261020',522,,1617689,36,4,,1,16,,1617682,36,4,,1,15,,1617595,36,4,,1,56,,1617596,36,4,,1,12,,1617594,36,4,,1,11,,1617598,36,4,,1,10,,1617599,36,4,,1,9,,1617600,36,4,,1,50,,1617597,36,4,,1,11,,1617602,36,4,,1,12,,1617688,36,4,,1,13,,1617603,36,4,,1,10,,1617604,36,4,,1,10,,1617601,36,4,,1,49,,1617605,36,4,,1,9,,1617606,36,4,,1,11,,1617607,36,4,,1,7,,1617608,36,4,,1,9,,1617609,36,4,,1,11,,1617610,36,4,,1,48,,1617611,36,4,,1,8,,1617612,36,4,,1,8,,1617613,36,4,,1,10,,1617614,36,4,,1,13,,1617615,36,4,,1,15,,1617616,36,4,,1,55,,1617617,36,4,,1,16,,1617618,36,4,,1,14,,1617619,36,4,,1,14,,1617620,36,4,,1,55,,1617623,36,4,,1,15,,1617624,36,4,,1,15,,1617625,36,4,,1,15,,1617621,36,4,,1,55,,1617622,36,4,,1,16,,1617626,36,4,,1,15,,1617628,36,4,,1,15,,1617629,36,4,,1,56,,1617627,36,4,,1,14,,1617631,36,4,,1,15,,1617632,36,4,,1,13,,1617630,36,4,,1,55,,1617633,36,4,,1,15,,1617687,36,4,,1,15,,1617634,36,4,,1,15,,1617635,36,4,,1,54,,1617636,36,4,,1,14,,1617637,36,4,,1,13,,1617685,36,4,,1,8,,1617638,36,4,,1,9,,1617639,36,4,,1,8,,1617640,36,4,,1,49,,1617641,36,4,,1,9,,1617642,36,4,,1,10,,1617643,36,4,,1,8,,1617644,36,4,,1,9,,1617646,36,4,,1,10,,1617647,36,4,,1,49,,1617648,36,4,,1,9,,1617645,36,4,,1,9,,1617686,36,4,,1,8,,1617649,36,4,,1,9,,1617650,36,4,,1,10,,1617652,36,4,,1,10,,1617653,36,4,,1,50,,1617654,36,4,,1,10,,1617683,36,4,,1,11,,1617651,36,4,,1,14,,1617655,36,4,,1,14,,1617657,36,4,,1,53,,1617659,36,4,,1,15,,1617656,36,4,,1,15,,1617660,36,4,,1,15,,1617658,36,4,,1,55,,1617661,36,4,,1,15,,1617662,36,4,,1,15,,1617663,36,4,,1,15,,1617664,36,4,,1,55,,1617665,36,4,,1,15,,1617666,36,4,,1,15,,1617667,36,4,,1,14,,1617668,36,4,,1,55,,1617669,36,4,,1,14,,1617670,36,4,,1,15,,1617671,36,4,,1,15,,1617673,36,4,,1,55,,1617674,36,4,,1,15,,1617675,36,4,,1,15,,1617672,36,4,,1,14,,1617676,36,4,,1,55,,1617677,36,4,,1,14,,1617678,36,4,,1,15,,1617679,36,4,,1,15,,1617680,36,4,,1,55,,1617681,36,4,,1,15,,1617684,36,4,,1
80103,'20261021',522,,1641208,36,4,,1,16,,1641201,36,4,,1,15,,1641114,36,4,,1,56,,1641115,36,4,,1,12,,1641113,36,4,,1,11,,1641117,36,4,,1,10,,1641118,36,4,,1,9,,1641119,36,4,,1,50,,1641116,36,4,,1,11,,1641121,36,4,,1,12,,1641207,36,4,,1,13,,1641122,36,4,,1,10,,1641123,36,4,,1,10,,1641120,36,4,,1,49,,1641124,36,4,,1,9,,1641125,36,4,,1,11,,1641126,36,4,,1,7,,1641127,36,4,,1,9,,1641128,36,4,,1,11,,1641129,36,4,,1,48,,1641130,36,4,,1,8,,1641131,36,4,,1,8,,1641132,36,4,,1,10,,1641133,36,4,,1,13,,1641134,36,4,,1,15,,1641135,36,4,,1,55,,1641136,36,4,,1,16,,1641137,36,4,,1,14,,1641138,36,4,,1,14,,1641139,36,4,,1,55,,1641142,36,4,,1,15,,1641143,36,4,,1,15,,1641144,36,4,,1,15,,1641140,36,4,,1,55,,1641141,36,4,,1,16,,1641145,36,4,,1,15,,1641147,36,4,,1,15,,1641148,36,4,,1,56,,1641146,36,4,,1,14,,1641150,36,4,,1,15,,1641151,36,4,,1,13,,1641149,36,4,,1,55,,1641152,36,4,,1,15,,1641206,36,4,,1,15,,1641153,36,4,,1,15,,1641154,36,4,,1,54,,1641155,36,4,,1,14,,1641156,36,4,,1,13,,1641204,36,4,,1,8,,1641157,36,4,,1,9,,1641158,36,4,,1,8,,1641159,36,4,,1,49,,1641160,36,4,,1,9,,1641161,36,4,,1,10,,1641162,36,4,,1,8,,1641163,36,4,,1,9,,1641165,36,4,,1,10,,1641166,36,4,,1,49,,1641167,36,4,,1,9,,1641164,36,4,,1,9,,1641205,36,4,,1,8,,1641168,36,4,,1,9,,1641169,36,4,,1,10,,1641171,36,4,,1,10,,1641172,36,4,,1,50,,1641173,36,4,,1,10,,1641202,36,4,,1,11,,1641170,36,4,,1,14,,1641174,36,4,,1,14,,1641176,36,4,,1,53,,1641178,36,4,,1,15,,1641175,36,4,,1,15,,1641179,36,4,,1,15,,1641177,36,4,,1,55,,1641180,36,4,,1,15,,1641181,36,4,,1,15,,1641182,36,4,,1,15,,1641183,36,4,,1,55,,1641184,36,4,,1,15,,1641185,36,4,,1,15,,1641186,36,4,,1,14,,1641187,36,4,,1,55,,1641188,36,4,,1,14,,1641189,36,4,,1,15,,1641190,36,4,,1,15,,1641192,36,4,,1,55,,1641193,36,4,,1,15,,1641194,36,4,,1,15,,1641191,36,4,,1,14,,1641195,36,4,,1,55,,1641196,36,4,,1,14,,1641197,36,4,,1,15,,1641198,36,4,,1,15,,1641199,36,4,,1,55,,1641200,36,4,,1,15,,1641203,36,4,,1
80103,'20261022',522,,1641304,36,4,,1,16,,1641297,36,4,,1,15,,1641210,36,4,,1,56,,1641211,36,4,,1,12,,1641209,36,4,,1,11,,1641213,36,4,,1,10,,1641214,36,4,,1,9,,1641215,36,4,,1,50,,1641212,36,4,,1,11,,1641217,36,4,,1,12,,1641303,36,4,,1,13,,1641218,36,4,,1,10,,1641219,36,4,,1,10,,1641216,36,4,,1,49,,1641220,36,4,,1,9,,1641221,36,4,,1,11,,1641222,36,4,,1,7,,1641223,36,4,,1,9,,1641224,36,4,,1,11,,1641225,36,4,,1,48,,1641226,36,4,,1,8,,1641227,36,4,,1,8,,1641228,36,4,,1,10,,1641229,36,4,,1,13,,1641230,36,4,,1,15,,1641231,36,4,,1,55,,1641232,36,4,,1,16,,1641233,36,4,,1,14,,1641234,36,4,,1,14,,1641235,36,4,,1,55,,1641238,36,4,,1,15,,1641239,36,4,,1,15,,1641240,36,4,,1,15,,1641236,36,4,,1,55,,1641237,36,4,,1,16,,1641241,36,4,,1,15,,1641243,36,4,,1,15,,1641244,36,4,,1,56,,1641242,36,4,,1,14,,1641246,36,4,,1,15,,1641247,36,4,,1,13,,1641245,36,4,,1,55,,1641248,36,4,,1,15,,1641302,36,4,,1,15,,1641249,36,4,,1,15,,1641250,36,4,,1,54,,1641251,36,4,,1,14,,1641252,36,4,,1,13,,1641300,36,4,,1,8,,1641253,36,4,,1,9,,1641254,36,4,,1,8,,1641255,36,4,,1,49,,1641256,36,4,,1,9,,1641257,36,4,,1,10,,1641258,36,4,,1,8,,1641259,36,4,,1,9,,1641261,36,4,,1,10,,1641262,36,4,,1,49,,1641263,36,4,,1,9,,1641260,36,4,,1,9,,1641301,36,4,,1,8,,1641264,36,4,,1,9,,1641265,36,4,,1,10,,1641267,36,4,,1,10,,1641268,36,4,,1,50,,1641269,36,4,,1,10,,1641298,36,4,,1,11,,1641266,36,4,,1,14,,1641270,36,4,,1,14,,1641272,36,4,,1,53,,1641274,36,4,,1,15,,1641271,36,4,,1,15,,1641275,36,4,,1,15,,1641273,36,4,,1,55,,1641276,36,4,,1,15,,1641277,36,4,,1,15,,1641278,36,4,,1,15,,1641279,36,4,,1,55,,1641280,36,4,,1,15,,1641281,36,4,,1,15,,1641282,36,4,,1,14,,1641283,36,4,,1,55,,1641284,36,4,,1,14,,1641285,36,4,,1,15,,1641286,36,4,,1,15,,1641288,36,4,,1,55,,1641289,36,4,,1,15,,1641290,36,4,,1,15,,1641287,36,4,,1,14,,1641291,36,4,,1,55,,1641292,36,4,,1,14,,1641293,36,4,,1,15,,1641294,36,4,,1,15,,1641295,36,4,,1,55,,1641296,36,4,,1,15,,1641299,36,4,,1
80103,'20261023',522,,1641400,36,4,,1,16,,1641393,36,4,,1,15,,1641306,36,4,,1,56,,1641307,36,4,,1,12,,1641305,36,4,,1,11,,1641309,36,4,,1,10,,1641310,36,4,,1,9,,1641311,36,4,,1,50,,1641308,36,4,,1,11,,1641313,36,4,,1,12,,1641399,36,4,,1,13,,1641314,36,4,,1,10,,1641315,36,4,,1,10,,1641312,36,4,,1,49,,1641316,36,4,,1,9,,1641317,36,4,,1,11,,1641318,36,4,,1,7,,1641319,36,4,,1,9,,1641320,36,4,,1,11,,1641321,36,4,,1,48,,1641322,36,4,,1,8,,1641323,36,4,,1,8,,1641324,36,4,,1,10,,1641325,36,4,,1,13,,1641326,36,4,,1,15,,1641327,36,4,,1,55,,1641328,36,4,,1,16,,1641329,36,4,,1,14,,1641330,36,4,,1,14,,1641331,36,4,,1,55,,1641334,36,4,,1,15,,1641335,36,4,,1,15,,1641336,36,4,,1,15,,1641332,36,4,,1,55,,1641333,36,4,,1,16,,1641337,36,4,,1,15,,1641339,36,4,,1,15,,1641340,36,4,,1,56,,1641338,36,4,,1,14,,1641342,36,4,,1,15,,1641343,36,4,,1,13,,1641341,36,4,,1,55,,1641344,36,4,,1,15,,1641398,36,4,,1,15,,1641345,36,4,,1,15,,1641346,36,4,,1,54,,1641347,36,4,,1,14,,1641348,36,4,,1,13,,1641396,36,4,,1,8,,1641349,36,4,,1,9,,1641350,36,4,,1,8,,1641351,36,4,,1,49,,1641352,36,4,,1,9,,1641353,36,4,,1,10,,1641354,36,4,,1,8,,1641355,36,4,,1,9,,1641357,36,4,,1,10,,1641358,36,4,,1,49,,1641359,36,4,,1,9,,1641356,36,4,,1,9,,1641397,36,4,,1,8,,1641360,36,4,,1,9,,1641361,36,4,,1,10,,1641363,36,4,,1,10,,1641364,36,4,,1,50,,1641365,36,4,,1,10,,1641394,36,4,,1,11,,1641362,36,4,,1,14,,1641366,36,4,,1,14,,1641368,36,4,,1,53,,1641370,36,4,,1,15,,1641367,36,4,,1,15,,1641371,36,4,,1,15,,1641369,36,4,,1,55,,1641372,36,4,,1,15,,1641373,36,4,,1,15,,1641374,36,4,,1,15,,1641375,36,4,,1,55,,1641376,36,4,,1,15,,1641377,36,4,,1,15,,1641378,36,4,,1,14,,1641379,36,4,,1,55,,1641380,36,4,,1,14,,1641381,36,4,,1,15,,1641382,36,4,,1,15,,1641384,36,4,,1,55,,1641385,36,4,,1,15,,1641386,36,4,,1,15,,1641383,36,4,,1,14,,1641387,36,4,,1,55,,1641388,36,4,,1,14,,1641389,36,4,,1,15,,1641390,36,4,,1,15,,1641391,36,4,,1,55,,1641392,36,4,,1,15,,1641395,36,4,,1
80503,'20261009',518,,1623193,8,,,0,9,,1623194,8,,,0,11,,1623195,8,,,0,10,,1623196,8,,,0,10,,1623197,8,,,0,50,,1623198,8,,,0,10,,1623199,8,,,0,10,,1623200,8,,,0,10,,1623201,8,,,0,5,,1623202,8,,,0,7,,1623203,8,,,0,8,,1623204,8,,,0,45,,1623205,8,,,0,6,,1623206,8,,,0,5,,1623207,8,,,0,5,,1623208,8,,,0,5,,1623209,8,,,0,5,,1623210,8,,,0,5,,1623211,8,,,0,5,,1623212,8,,,0,5,,1623213,8,,,0,4,,1623214,8,,,0,7,,1623215,8,,,0,45,,1623216,8,,,0,8,,1623217,8,,,0,8,,1623218,8,,,0,8,,1623219,8,,,0,8,,1623220,8,,,0,9,,1623221,8,,,0,8,,1623222,8,,,0,9,,1623223,8,,,0,49,,1623224,8,,,0,10,,1623225,8,,,0,11,,1623226,8,,,0,8,,1623227,8,,,0,10,,1623228,8,,,0,11,,1623229,8,,,0,50,,1623230,8,,,0,10,,1623231,8,,,0,10,,1623232,8,,,0,8,,1623233,8,,,0,10,,1623234,8,,,0,10,,1623235,8,,,0,50,,1623236,8,,,0,10,,1623237,8,,,0,10,,1623238,8,,,0,10,,1623239,8,,,0,10,,1623240,8,,,0,10,,1623241,8,,,0,50,,1623242,8,,,0,10,,1623243,8,,,0,10,,1623244,8,,,0,10,,1623245,8,,,0,10,,1623246,8,,,0,10,,1623247,8,,,0,50,,1623248,8,,,0,10,,1623249,8,,,0,10,,1623250,8,,,0,10,,1623251,8,,,0,10,,1623252,8,,,0,10,,1623253,8,,,0,50,,1623254,8,,,0,9,,1623255,8,,,0,10,,1623256,8,,,0,6,,1623257,8,,,0,6,,1623258,8,,,0,7,,1623259,8,,,0,6,,1623260,8,,,0,5,,1623261,8,,,0,47,,1623262,8,,,0,6,,1623263,8,,,0,6,,1623264,8,,,0,6,,1623265,8,,,0,7,,1623266,8,,,0,7,,1623267,8,,,0,5,,1623268,8,,,0,7,,1623269,8,,,0,5,,1623270,8,,,0,7,,1623271,8,,,0,48,,1623272,8,,,0,7,,1623273,8,,,0,8,,1623274,8,,,0,8,,1623275,8,,,0,7,,1623276,8,,,0,7,,1623277,8,,,0,7,,1623278,8,,,0,10,,1623279,8,,,0,48,,1623280,8,,,0,8,,1623281,8,,,0,9,,1623282,8,,,0,9,,1623283,8,,,0,11,,1623284,8,,,0,11,,1623285,8,,,0,50,,1623286,8,,,0,10,,1623287,8,,,0,10,,1623288,8,,,0,10,,1623289,8,,,0,9,,1623290,8,,,0,10,,1623291,8,,,0,49,,1623292,8,,,0,10,,1623293,8,,,0,9,,1623294,8,,,0,10,,1623295,8,,,0,9,,1623296,8,,,0,11,,1623297,8,,,0,50,,1623298,8,,,0,10,,1623299,8,,,0,10,,1623300,8,,,0,10,,1623301,8,,,0,10,,1623302,8,,,0,10,,1623303,8,,,0,50,,1623304,8,,,0,10,,1623305,8,,,0,10,,1623306,8,,,0,10,,1623307,8,,,0,10,,1623308,8,,,0,10,,1623309,8,,,0,50,,1623310,8,,,0,10,,1623311,8,,,0,10,,1623312,8,,,0,10,,1623313,8,,,0,10,,1623314,8,,,0,10,,1623315,8,,,0,50,,1623316,8,,,0,10,,1623317,8,,,0,10,,1623318,8,,,0,10,,1623319,8,,,0,10,,1623320,8,,,0,10,,1623321,8,,,0,50,,1623322,8,,,0,10,,1623323,8,,,0,10,,1623324,8,,,0,10,,1623325,8,,,0,10,,1623326,8,,,0,10,,1623327,8,,,0,50,,1623328,8,,,0,10,,1623329,8,,,0,10,,1623330,8,,,0,10,,1623331,8,,,0
80503,'20261010',540,,1645052,8,,,0,10,,1645053,8,,,0,50,,1645054,8,,,0,10,,1645055,8,,,0,10,,1645056,8,,,0,10,,1645057,8,,,0,10,,1645058,8,,,0,10,,1645059,8,,,0,50,,1645060,8,,,0,10,,1645061,8,,,0,10,,1645062,8,,,0,11,,1645063,8,,,0,10,,1645064,8,,,0,10,,1645065,8,,,0,49,,1645066,8,,,0,10,,1645067,8,,,0,9,,1645068,8,,,0,11,,1645069,8,,,0,10,,1645070,8,,,0,10,,1645071,8,,,0,9,,1645072,8,,,0,50,,1645073,8,,,0,11,,1645074,8,,,0,10,,1645075,8,,,0,10,,1645076,8,,,0,11,,1645077,8,,,0,50,,1645078,8,,,0,10,,1645079,8,,,0,10,,1645080,8,,,0,10,,1645081,8,,,0,11,,1645082,8,,,0,10,,1645083,8,,,0,50,,1645084,8,,,0,10,,1645085,8,,,0,11,,1645086,8,,,0,10,,1645087,8,,,0,10,,1645088,8,,,0,11,,1645089,8,,,0,50,,1645090,8,,,0,10,,1645091,8,,,0,10,,1645092,8,,,0,10,,1645093,8,,,0,10,,1645094,8,,,0,10,,1645095,8,,,0,50,,1645096,8,,,0,10,,1645097,8,,,0,10,,1645098,8,,,0,10,,1645099,8,,,0,10,,1645100,8,,,0,10,,1645101,8,,,0,50,,1645102,8,,,0,11,,1645103,8,,,0,8,,1645104,8,,,0,10,,1645105,8,,,0,10,,1645106,8,,,0,10,,1645107,8,,,0,49,,1645108,8,,,0,10,,1645109,8,,,0,10,,1645110,8,,,0,10,,1645111,8,,,0,9,,1645112,8,,,0,9,,1645113,8,,,0,50,,1645114,8,,,0,10,,1645115,8,,,0,10,,1645116,8,,,0,10,,1645117,8,,,0,10,,1645118,8,,,0,10,,1645119,8,,,0,50,,1645120,8,,,0,10,,1645121,8,,,0,10,,1645122,8,,,0,10,,1645123,8,,,0,11,,1645124,8,,,0,10,,1645125,8,,,0,50,,1645126,8,,,0,11,,1645127,8,,,0,10,,1645128,8,,,0,9,,1645129,8,,,0,9,,1645130,8,,,0,10,,1645131,8,,,0,50,,1645132,8,,,0,10,,1645133,8,,,0,10,,1645134,8,,,0,10,,1645135,8,,,0,10,,1645136,8,,,0,10,,1645137,8,,,0,50,,1645138,8,,,0,10,,1645139,8,,,0,10,,1645140,8,,,0,10,,1645141,8,,,0,11,,1645142,8,,,0,10,,1645143,8,,,0,50,,1645144,8,,,0,10,,1645145,8,,,0,10,,1645146,8,,,0,10,,1645147,8,,,0,10,,1645148,8,,,0,10,,1645149,8,,,0,50,,1645150,8,,,0,10,,1645151,8,,,0,10,,1645152,8,,,0,10,,1645153,8,,,0,10,,1645154,8,,,0,9,,1645155,8,,,0,50,,1645156,8,,,0,10,,1645157,8,,,0,10,,1645158,8,,,0,10,,1645159,8,,,0,10,,1645160,8,,,0,10,,1645161,8,,,0,50,,1645162,8,,,0,10,,1645163,8,,,0,10,,1645164,8,,,0,10,,1645165,8,,,0,10,,1645166,8,,,0,10,,1645167,8,,,0,50,,1645168,8,,,0,11,,1645169,8,,,0,12,,1645170,8,,,0
80503,'20261011',540,,1645171,8,,,0,10,,1645172,8,,,0,50,,1645173,8,,,0,10,,1645174,8,,,0,10,,1645175,8,,,0,10,,1645176,8,,,0,10,,1645177,8,,,0,10,,1645178,8,,,0,50,,1645179,8,,,0,10,,1645180,8,,,0,10,,1645181,8,,,0,11,,1645182,8,,,0,10,,1645183,8,,,0,10,,1645184,8,,,0,49,,1645185,8,,,0,10,,1645186,8,,,0,9,,1645187,8,,,0,11,,1645188,8,,,0,10,,1645189,8,,,0,10,,1645190,8,,,0,9,,1645191,8,,,0,50,,1645192,8,,,0,11,,1645193,8,,,0,10,,1645194,8,,,0,10,,1645195,8,,,0,11,,1645196,8,,,0,50,,1645197,8,,,0,10,,1645198,8,,,0,10,,1645199,8,,,0,10,,1645200,8,,,0,11,,1645201,8,,,0,10,,1645202,8,,,0,50,,1645203,8,,,0,10,,1645204,8,,,0,11,,1645205,8,,,0,10,,1645206,8,,,0,10,,1645207,8,,,0,11,,1645208,8,,,0,50,,1645209,8,,,0,10,,1645210,8,,,0,10,,1645211,8,,,0,10,,1645212,8,,,0,10,,1645213,8,,,0,10,,1645214,8,,,0,50,,1645215,8,,,0,10,,1645216,8,,,0,10,,1645217,8,,,0,10,,1645218,8,,,0,10,,1645219,8,,,0,10,,1645220,8,,,0,50,,1645221,8,,,0,11,,1645222,8,,,0,8,,1645223,8,,,0,10,,1645224,8,,,0,10,,1645225,8,,,0,10,,1645226,8,,,0,49,,1645227,8,,,0,10,,1645228,8,,,0,10,,1645229,8,,,0,10,,1645230,8,,,0,9,,1645231,8,,,0,9,,1645232,8,,,0,50,,1645233,8,,,0,10,,1645234,8,,,0,10,,1645235,8,,,0,10,,1645236,8,,,0,10,,1645237,8,,,0,10,,1645238,8,,,0,50,,1645239,8,,,0,10,,1645240,8,,,0,10,,1645241,8,,,0,10,,1645242,8,,,0,11,,1645243,8,,,0,10,,1645244,8,,,0,50,,1645245,8,,,0,11,,1645246,8,,,0,10,,1645247,8,,,0,9,,1645248,8,,,0,9,,1645249,8,,,0,10,,1645250,8,,,0,50,,1645251,8,,,0,10,,1645252,8,,,0,10,,1645253,8,,,0,10,,1645254,8,,,0,10,,1645255,8,,,0,10,,1645256,8,,,0,50,,1645257,8,,,0,10,,1645258,8,,,0,10,,1645259,8,,,0,10,,1645260,8,,,0,11,,1645261,8,,,0,10,,1645262,8,,,0,50,,1645263,8,,,0,10,,1645264,8,,,0,10,,1645265,8,,,0,10,,1645266,8,,,0,10,,1645267,8,,,0,10,,1645268,8,,,0,50,,1645269,8,,,0,10,,1645270,8,,,0,10,,1645271,8,,,0,10,,1645272,8,,,0,10,,1645273,8,,,0,9,,1645274,8,,,0,50,,1645275,8,,,0,10,,1645276,8,,,0,10,,1645277,8,,,0,10,,1645278,8,,,0,10,,1645279,8,,,0,10,,1645280,8,,,0,50,,1645281,8,,,0,10,,1645282,8,,,0,10,,1645283,8,,,0,10,,1645284,8,,,0,10,,1645285,8,,,0,10,,1645286,8,,,0,50,,1645287,8,,,0,11,,1645288,8,,,0,12,,1645289,8,,,0
80503,'20261012',540,,1645290,8,,,0,10,,1645291,8,,,0,50,,1645292,8,,,0,10,,1645293,8,,,0,10,,1645294,8,,,0,10,,1645295,8,,,0,10,,1645296,8,,,0,10,,1645297,8,,,0,50,,1645298,8,,,0,10,,1645299,8,,,0,10,,1645300,8,,,0,11,,1645301,8,,,0,10,,1645302,8,,,0,10,,1645303,8,,,0,49,,1645304,8,,,0,10,,1645305,8,,,0,9,,1645306,8,,,0,11,,1645307,8,,,0,10,,1645308,8,,,0,10,,1645309,8,,,0,9,,1645310,8,,,0,50,,1645311,8,,,0,11,,1645312,8,,,0,10,,1645313,8,,,0,10,,1645314,8,,,0,11,,1645315,8,,,0,50,,1645316,8,,,0,10,,1645317,8,,,0,10,,1645318,8,,,0,10,,1645319,8,,,0,11,,1645320,8,,,0,10,,1645321,8,,,0,50,,1645322,8,,,0,10,,1645323,8,,,0,11,,1645324,8,,,0,10,,1645325,8,,,0,10,,1645326,8,,,0,11,,1645327,8,,,0,50,,1645328,8,,,0,10,,1645329,8,,,0,10,,1645330,8,,,0,10,,1645331,8,,,0,10,,1645332,8,,,0,10,,1645333,8,,,0,50,,1645334,8,,,0,10,,1645335,8,,,0,10,,1645336,8,,,0,10,,1645337,8,,,0,10,,1645338,8,,,0,10,,1645339,8,,,0,50,,1645340,8,,,0,11,,1645341,8,,,0,8,,1645342,8,,,0,10,,1645343,8,,,0,10,,1645344,8,,,0,10,,1645345,8,,,0,49,,1645346,8,,,0,10,,1645347,8,,,0,10,,1645348,8,,,0,10,,1645349,8,,,0,9,,1645350,8,,,0,9,,1645351,8,,,0,50,,1645352,8,,,0,10,,1645353,8,,,0,10,,1645354,8,,,0,10,,1645355,8,,,0,10,,1645356,8,,,0,10,,1645357,8,,,0,50,,1645358,8,,,0,10,,1645359,8,,,0,10,,1645360,8,,,0,10,,1645361,8,,,0,11,,1645362,8,,,0,10,,1645363,8,,,0,50,,1645364,8,,,0,11,,1645365,8,,,0,10,,1645366,8,,,0,9,,1645367,8,,,0,9,,1645368,8,,,0,10,,1645369,8,,,0,50,,1645370,8,,,0,10,,1645371,8,,,0,10,,1645372,8,,,0,10,,1645373,8,,,0,10,,1645374,8,,,0,10,,1645375,8,,,0,50,,1645376,8,,,0,10,,1645377,8,,,0,10,,1645378,8,,,0,10,,1645379,8,,,0,11,,1645380,8,,,0,10,,1645381,8,,,0,50,,1645382,8,,,0,10,,1645383,8,,,0,10,,1645384,8,,,0,10,,1645385,8,,,0,10,,1645386,8,,,0,10,,1645387,8,,,0,50,,1645388,8,,,0,10,,1645389,8,,,0,10,,1645390,8,,,0,10,,1645391,8,,,0,10,,1645392,8,,,0,9,,1645393,8,,,0,50,,1645394,8,,,0,10,,1645395,8,,,0,10,,1645396,8,,,0,10,,1645397,8,,,0,10,,1645398,8,,,0,10,,1645399,8,,,0,50,,1645400,8,,,0,10,,1645401,8,,,0,10,,1645402,8,,,0,10,,1645403,8,,,0,10,,1645404,8,,,0,10,,1645405,8,,,0,50,,1645406,8,,,0,11,,1645407,8,,,0,12,,1645408,8,,,0
80503,'20261013',518,,1591590,8,,,0,9,,1591589,8,,,0,11,,1591467,8,,,0,10,,1591468,8,,,0,10,,1591469,8,,,0,50,,1591570,8,,,0,10,,1591470,8,,,0,10,,1591563,8,,,0,10,,1591471,8,,,0,5,,1591562,8,,,0,7,,1591472,8,,,0,8,,1591473,8,,,0,45,,1591474,8,,,0,6,,1591594,8,,,0,5,,1591599,8,,,0,5,,1591475,8,,,0,5,,1591600,8,,,0,5,,1591603,8,,,0,5,,1591560,8,,,0,5,,1591601,8,,,0,5,,1591561,8,,,0,4,,1591602,8,,,0,7,,1591476,8,,,0,45,,1591605,8,,,0,8,,1591477,8,,,0,8,,1591478,8,,,0,8,,1591479,8,,,0,8,,1591480,8,,,0,9,,1591559,8,,,0,8,,1591481,8,,,0,9,,1591482,8,,,0,49,,1591483,8,,,0,10,,1591485,8,,,0,11,,1591486,8,,,0,8,,1591484,8,,,0,10,,1591487,8,,,0,11,,1591568,8,,,0,50,,1591488,8,,,0,10,,1591489,8,,,0,10,,1591490,8,,,0,8,,1591491,8,,,0,10,,1591593,8,,,0,10,,1591572,8,,,0,50,,1591492,8,,,0,10,,1591494,8,,,0,10,,1591495,8,,,0,10,,1591573,8,,,0,10,,1591496,8,,,0,10,,1591493,8,,,0,50,,1591497,8,,,0,10,,1591498,8,,,0,10,,1591499,8,,,0,10,,1591500,8,,,0,10,,1591502,8,,,0,10,,1591503,8,,,0,50,,1591504,8,,,0,10,,1591574,8,,,0,10,,1591501,8,,,0,10,,1591575,8,,,0,10,,1591505,8,,,0,10,,1591506,8,,,0,50,,1591507,8,,,0,9,,1591508,8,,,0,10,,1591509,8,,,0,6,,1591564,8,,,0,6,,1591604,8,,,0,7,,1591510,8,,,0,6,,1591512,8,,,0,5,,1591595,8,,,0,47,,1591596,8,,,0,6,,1591513,8,,,0,6,,1591514,8,,,0,6,,1591511,8,,,0,7,,1591571,8,,,0,7,,1591598,8,,,0,5,,1591515,8,,,0,7,,1591566,8,,,0,5,,1591569,8,,,0,7,,1591516,8,,,0,48,,1591517,8,,,0,7,,1591518,8,,,0,8,,1591519,8,,,0,8,,1591520,8,,,0,7,,1591521,8,,,0,7,,1591522,8,,,0,7,,1591523,8,,,0,10,,1591524,8,,,0,48,,1591525,8,,,0,8,,1591526,8,,,0,9,,1591528,8,,,0,9,,1591529,8,,,0,11,,1591530,8,,,0,11,,1591527,8,,,0,50,,1591532,8,,,0,10,,1591533,8,,,0,10,,1591534,8,,,0,10,,1591531,8,,,0,9,,1591535,8,,,0,10,,1591576,8,,,0,49,,1591536,8,,,0,10,,1591537,8,,,0,9,,1591577,8,,,0,10,,1591538,8,,,0,9,,1591539,8,,,0,11,,1591578,8,,,0,50,,1591540,8,,,0,10,,1591541,8,,,0,10,,1591579,8,,,0,10,,1591542,8,,,0,10,,1591543,8,,,0,10,,1591580,8,,,0,50,,1591544,8,,,0,10,,1591545,8,,,0,10,,1591581,8,,,0,10,,1591546,8,,,0,10,,1591547,8,,,0,10,,1591582,8,,,0,50,,1591548,8,,,0,10,,1591549,8,,,0,10,,1591583,8,,,0,10,,1591550,8,,,0,10,,1591551,8,,,0,10,,1591584,8,,,0,50,,1591553,8,,,0,10,,1591554,8,,,0,10,,1591585,8,,,0,10,,1591555,8,,,0,10,,1591552,8,,,0,10,,1591586,8,,,0,50,,1591556,8,,,0,10,,1591557,8,,,0,10,,1591587,8,,,0,10,,1591558,8,,,0,10,,1591565,8,,,0,10,,1591588,8,,,0,50,,1591567,8,,,0,10,,1591591,8,,,0,10,,1591592,8,,,0,10,,1591597,8,,,0
80503,'20261014',518,,1591729,8,,,0,9,,1591728,8,,,0,11,,1591606,8,,,0,10,,1591607,8,,,0,10,,1591608,8,,,0,50,,1591709,8,,,0,10,,1591609,8,,,0,10,,1591702,8,,,0,10,,1591610,8,,,0,5,,1591701,8,,,0,7,,1591611,8,,,0,8,,1591612,8,,,0,45,,1591613,8,,,0,6,,1591733,8,,,0,5,,1591738,8,,,0,5,,1591614,8,,,0,5,,1591739,8,,,0,5,,1591742,8,,,0,5,,1591699,8,,,0,5,,1591740,8,,,0,5,,1591700,8,,,0,4,,1591741,8,,,0,7,,1591615,8,,,0,45,,1591744,8,,,0,8,,1591616,8,,,0,8,,1591617,8,,,0,8,,1591618,8,,,0,8,,1591619,8,,,0,9,,1591698,8,,,0,8,,1591620,8,,,0,9,,1591621,8,,,0,49,,1591622,8,,,0,10,,1591624,8,,,0,11,,1591625,8,,,0,8,,1591623,8,,,0,10,,1591626,8,,,0,11,,1591707,8,,,0,50,,1591627,8,,,0,10,,1591628,8,,,0,10,,1591629,8,,,0,8,,1591630,8,,,0,10,,1591732,8,,,0,10,,1591711,8,,,0,50,,1591631,8,,,0,10,,1591633,8,,,0,10,,1591634,8,,,0,10,,1591712,8,,,0,10,,1591635,8,,,0,10,,1591632,8,,,0,50,,1591636,8,,,0,10,,1591637,8,,,0,10,,1591638,8,,,0,10,,1591639,8,,,0,10,,1591641,8,,,0,10,,1591642,8,,,0,50,,1591643,8,,,0,10,,1591713,8,,,0,10,,1591640,8,,,0,10,,1591714,8,,,0,10,,1591644,8,,,0,10,,1591645,8,,,0,50,,1591646,8,,,0,9,,1591647,8,,,0,10,,1591648,8,,,0,6,,1591703,8,,,0,6,,1591743,8,,,0,7,,1591649,8,,,0,6,,1591651,8,,,0,5,,1591734,8,,,0,47,,1591735,8,,,0,6,,1591652,8,,,0,6,,1591653,8,,,0,6,,1591650,8,,,0,7,,1591710,8,,,0,7,,1591737,8,,,0,5,,1591654,8,,,0,7,,1591705,8,,,0,5,,1591708,8,,,0,7,,1591655,8,,,0,48,,1591656,8,,,0,7,,1591657,8,,,0,8,,1591658,8,,,0,8,,1591659,8,,,0,7,,1591660,8,,,0,7,,1591661,8,,,0,7,,1591662,8,,,0,10,,1591663,8,,,0,48,,1591664,8,,,0,8,,1591665,8,,,0,9,,1591667,8,,,0,9,,1591668,8,,,0,11,,1591669,8,,,0,11,,1591666,8,,,0,50,,1591671,8,,,0,10,,1591672,8,,,0,10,,1591673,8,,,0,10,,1591670,8,,,0,9,,1591674,8,,,0,10,,1591715,8,,,0,49,,1591675,8,,,0,10,,1591676,8,,,0,9,,1591716,8,,,0,10,,1591677,8,,,0,9,,1591678,8,,,0,11,,1591717,8,,,0,50,,1591679,8,,,0,10,,1591680,8,,,0,10,,1591718,8,,,0,10,,1591681,8,,,0,10,,1591682,8,,,0,10,,1591719,8,,,0,50,,1591683,8,,,0,10,,1591684,8,,,0,10,,1591720,8,,,0,10,,1591685,8,,,0,10,,1591686,8,,,0,10,,1591721,8,,,0,50,,1591687,8,,,0,10,,1591688,8,,,0,10,,1591722,8,,,0,10,,1591689,8,,,0,10,,1591690,8,,,0,10,,1591723,8,,,0,50,,1591692,8,,,0,10,,1591693,8,,,0,10,,1591724,8,,,0,10,,1591694,8,,,0,10,,1591691,8,,,0,10,,1591725,8,,,0,50,,1591695,8,,,0,10,,1591696,8,,,0,10,,1591726,8,,,0,10,,1591697,8,,,0,10,,1591704,8,,,0,10,,1591727,8,,,0,50,,1591706,8,,,0,10,,1591730,8,,,0,10,,1591731,8,,,0,10,,1591736,8,,,0
80503,'20261015',518,,1591868,8,,,0,9,,1591867,8,,,0,11,,1591745,8,,,0,10,,1591746,8,,,0,10,,1591747,8,,,0,50,,1591848,8,,,0,10,,1591748,8,,,0,10,,1591841,8,,,0,10,,1591749,8,,,0,5,,1591840,8,,,0,7,,1591750,8,,,0,8,,1591751,8,,,0,45,,1591752,8,,,0,6,,1591872,8,,,0,5,,1591877,8,,,0,5,,1591753,8,,,0,5,,1591878,8,,,0,5,,1591881,8,,,0,5,,1591838,8,,,0,5,,1591879,8,,,0,5,,1591839,8,,,0,4,,1591880,8,,,0,7,,1591754,8,,,0,45,,1591883,8,,,0,8,,1591755,8,,,0,8,,1591756,8,,,0,8,,1591757,8,,,0,8,,1591758,8,,,0,9,,1591837,8,,,0,8,,1591759,8,,,0,9,,1591760,8,,,0,49,,1591761,8,,,0,10,,1591763,8,,,0,11,,1591764,8,,,0,8,,1591762,8,,,0,10,,1591765,8,,,0,11,,1591846,8,,,0,50,,1591766,8,,,0,10,,1591767,8,,,0,10,,1591768,8,,,0,8,,1591769,8,,,0,10,,1591871,8,,,0,10,,1591850,8,,,0,50,,1591770,8,,,0,10,,1591772,8,,,0,10,,1591773,8,,,0,10,,1591851,8,,,0,10,,1591774,8,,,0,10,,1591771,8,,,0,50,,1591775,8,,,0,10,,1591776,8,,,0,10,,1591777,8,,,0,10,,1591778,8,,,0,10,,1591780,8,,,0,10,,1591781,8,,,0,50,,1591782,8,,,0,10,,1591852,8,,,0,10,,1591779,8,,,0,10,,1591853,8,,,0,10,,1591783,8,,,0,10,,1591784,8,,,0,50,,1591785,8,,,0,9,,1591786,8,,,0,10,,1591787,8,,,0,6,,1591842,8,,,0,6,,1591882,8,,,0,7,,1591788,8,,,0,6,,1591790,8,,,0,5,,1591873,8,,,0,47,,1591874,8,,,0,6,,1591791,8,,,0,6,,1591792,8,,,0,6,,1591789,8,,,0,7,,1591849,8,,,0,7,,1591876,8,,,0,5,,1591793,8,,,0,7,,1591844,8,,,0,5,,1591847,8,,,0,7,,1591794,8,,,0,48,,1591795,8,,,0,7,,1591796,8,,,0,8,,1591797,8,,,0,8,,1591798,8,,,0,7,,1591799,8,,,0,7,,1591800,8,,,0,7,,1591801,8,,,0,10,,1591802,8,,,0,48,,1591803,8,,,0,8,,1591804,8,,,0,9,,1591806,8,,,0,9,,1591807,8,,,0,11,,1591808,8,,,0,11,,1591805,8,,,0,50,,1591810,8,,,0,10,,1591811,8,,,0,10,,1591812,8,,,0,10,,1591809,8,,,0,9,,1591813,8,,,0,10,,1591854,8,,,0,49,,1591814,8,,,0,10,,1591815,8,,,0,9,,1591855,8,,,0,10,,1591816,8,,,0,9,,1591817,8,,,0,11,,1591856,8,,,0,50,,1591818,8,,,0,10,,1591819,8,,,0,10,,1591857,8,,,0,10,,1591820,8,,,0,10,,1591821,8,,,0,10,,1591858,8,,,0,50,,1591822,8,,,0,10,,1591823,8,,,0,10,,1591859,8,,,0,10,,1591824,8,,,0,10,,1591825,8,,,0,10,,1591860,8,,,0,50,,1591826,8,,,0,10,,1591827,8,,,0,10,,1591861,8,,,0,10,,1591828,8,,,0,10,,1591829,8,,,0,10,,1591862,8,,,0,50,,1591831,8,,,0,10,,1591832,8,,,0,10,,1591863,8,,,0,10,,1591833,8,,,0,10,,1591830,8,,,0,10,,1591864,8,,,0,50,,1591834,8,,,0,10,,1591835,8,,,0,10,,1591865,8,,,0,10,,1591836,8,,,0,10,,1591843,8,,,0,10,,1591866,8,,,0,50,,1591845,8,,,0,10,,1591869,8,,,0,10,,1591870,8,,,0,10,,1591875,8,,,0
80503,'20261016',518,,1592007,8,,,0,9,,1592006,8,,,0,11,,1591884,8,,,0,10,,1591885,8,,,0,10,,1591886,8,,,0,50,,1591987,8,,,0,10,,1591887,8,,,0,10,,1591980,8,,,0,10,,1591888,8,,,0,5,,1591979,8,,,0,7,,1591889,8,,,0,8,,1591890,8,,,0,45,,1591891,8,,,0,6,,1592011,8,,,0,5,,1592016,8,,,0,5,,1591892,8,,,0,5,,1592017,8,,,0,5,,1592020,8,,,0,5,,1591977,8,,,0,5,,1592018,8,,,0,5,,1591978,8,,,0,4,,1592019,8,,,0,7,,1591893,8,,,0,45,,1592022,8,,,0,8,,1591894,8,,,0,8,,1591895,8,,,0,8,,1591896,8,,,0,8,,1591897,8,,,0,9,,1591976,8,,,0,8,,1591898,8,,,0,9,,1591899,8,,,0,49,,1591900,8,,,0,10,,1591902,8,,,0,11,,1591903,8,,,0,8,,1591901,8,,,0,10,,1591904,8,,,0,11,,1591985,8,,,0,50,,1591905,8,,,0,10,,1591906,8,,,0,10,,1591907,8,,,0,8,,1591908,8,,,0,10,,1592010,8,,,0,10,,1591989,8,,,0,50,,1591909,8,,,0,10,,1591911,8,,,0,10,,1591912,8,,,0,10,,1591990,8,,,0,10,,1591913,8,,,0,10,,1591910,8,,,0,50,,1591914,8,,,0,10,,1591915,8,,,0,10,,1591916,8,,,0,10,,1591917,8,,,0,10,,1591919,8,,,0,10,,1591920,8,,,0,50,,1591921,8,,,0,10,,1591991,8,,,0,10,,1591918,8,,,0,10,,1591992,8,,,0,10,,1591922,8,,,0,10,,1591923,8,,,0,50,,1591924,8,,,0,9,,1591925,8,,,0,10,,1591926,8,,,0,6,,1591981,8,,,0,6,,1592021,8,,,0,7,,1591927,8,,,0,6,,1591929,8,,,0,5,,1592012,8,,,0,47,,1592013,8,,,0,6,,1591930,8,,,0,6,,1591931,8,,,0,6,,1591928,8,,,0,7,,1591988,8,,,0,7,,1592015,8,,,0,5,,1591932,8,,,0,7,,1591983,8,,,0,5,,1591986,8,,,0,7,,1591933,8,,,0,48,,1591934,8,,,0,7,,1591935,8,,,0,8,,1591936,8,,,0,8,,1591937,8,,,0,7,,1591938,8,,,0,7,,1591939,8,,,0,7,,1591940,8,,,0,10,,1591941,8,,,0,48,,1591942,8,,,0,8,,1591943,8,,,0,9,,1591945,8,,,0,9,,1591946,8,,,0,11,,1591947,8,,,0,11,,1591944,8,,,0,50,,1591949,8,,,0,10,,1591950,8,,,0,10,,1591951,8,,,0,10,,1591948,8,,,0,9,,1591952,8,,,0,10,,1591993,8,,,0,49,,1591953,8,,,0,10,,1591954,8,,,0,9,,1591994,8,,,0,10,,1591955,8,,,0,9,,1591956,8,,,0,11,,1591995,8,,,0,50,,1591957,8,,,0,10,,1591958,8,,,0,10,,1591996,8,,,0,10,,1591959,8,,,0,10,,1591960,8,,,0,10,,1591997,8,,,0,50,,1591961,8,,,0,10,,1591962,8,,,0,10,,1591998,8,,,0,10,,1591963,8,,,0,10,,1591964,8,,,0,10,,1591999,8,,,0,50,,1591965,8,,,0,10,,1591966,8,,,0,10,,1592000,8,,,0,10,,1591967,8,,,0,10,,1591968,8,,,0,10,,1592001,8,,,0,50,,1591970,8,,,0,10,,1591971,8,,,0,10,,1592002,8,,,0,10,,1591972,8,,,0,10,,1591969,8,,,0,10,,1592003,8,,,0,50,,1591973,8,,,0,10,,1591974,8,,,0,10,,1592004,8,,,0,10,,1591975,8,,,0,10,,1591982,8,,,0,10,,1592005,8,,,0,50,,1591984,8,,,0,10,,1592008,8,,,0,10,,1592009,8,,,0,10,,1592014,8,,,0
80503,'20261017',540,,1623332,8,,,0,10,,1623422,8,,,0,50,,1623417,8,,,0,10,,1623334,8,,,0,10,,1623423,8,,,0,10,,1623335,8,,,0,10,,1623336,8,,,0,10,,1623416,8,,,0,50,,1623424,8,,,0,10,,1623337,8,,,0,10,,1623338,8,,,0,11,,1623339,8,,,0,10,,1623418,8,,,0,10,,1623421,8,,,0,49,,1623425,8,,,0,10,,1623333,8,,,0,9,,1623415,8,,,0,11,,1623340,8,,,0,10,,1623341,8,,,0,10,,1623342,8,,,0,9,,1623426,8,,,0,50,,1623343,8,,,0,11,,1623344,8,,,0,10,,1623345,8,,,0,10,,1623346,8,,,0,11,,1623347,8,,,0,50,,1623427,8,,,0,10,,1623348,8,,,0,10,,1623420,8,,,0,10,,1623349,8,,,0,11,,1623350,8,,,0,10,,1623351,8,,,0,50,,1623428,8,,,0,10,,1623352,8,,,0,11,,1623450,8,,,0,10,,1623353,8,,,0,10,,1623354,8,,,0,11,,1623355,8,,,0,50,,1623356,8,,,0,10,,1623429,8,,,0,10,,1623357,8,,,0,10,,1623358,8,,,0,10,,1623359,8,,,0,10,,1623360,8,,,0,50,,1623361,8,,,0,10,,1623430,8,,,0,10,,1623414,8,,,0,10,,1623362,8,,,0,10,,1623364,8,,,0,10,,1623365,8,,,0,50,,1623366,8,,,0,11,,1623431,8,,,0,8,,1623363,8,,,0,10,,1623368,8,,,0,10,,1623369,8,,,0,10,,1623370,8,,,0,49,,1623367,8,,,0,10,,1623432,8,,,0,10,,1623371,8,,,0,10,,1623372,8,,,0,9,,1623373,8,,,0,9,,1623374,8,,,0,50,,1623375,8,,,0,10,,1623433,8,,,0,10,,1623376,8,,,0,10,,1623377,8,,,0,10,,1623378,8,,,0,10,,1623379,8,,,0,50,,1623380,8,,,0,10,,1623434,8,,,0,10,,1623381,8,,,0,10,,1623382,8,,,0,11,,1623383,8,,,0,10,,1623384,8,,,0,50,,1623435,8,,,0,11,,1623385,8,,,0,10,,1623386,8,,,0,9,,1623387,8,,,0,9,,1623436,8,,,0,10,,1623388,8,,,0,50,,1623389,8,,,0,10,,1623437,8,,,0,10,,1623390,8,,,0,10,,1623391,8,,,0,10,,1623438,8,,,0,10,,1623392,8,,,0,50,,1623394,8,,,0,10,,1623439,8,,,0,10,,1623395,8,,,0,10,,1623396,8,,,0,11,,1623440,8,,,0,10,,1623393,8,,,0,50,,1623398,8,,,0,10,,1623441,8,,,0,10,,1623399,8,,,0,10,,1623400,8,,,0,10,,1623442,8,,,0,10,,1623397,8,,,0,50,,1623401,8,,,0,10,,1623443,8,,,0,10,,1623402,8,,,0,10,,1623403,8,,,0,10,,1623444,8,,,0,9,,1623404,8,,,0,50,,1623405,8,,,0,10,,1623445,8,,,0,10,,1623406,8,,,0,10,,1623407,8,,,0,10,,1623447,8,,,0,10,,1623413,8,,,0,50,,1623408,8,,,0,10,,1623448,8,,,0,10,,1623409,8,,,0,10,,1623410,8,,,0,10,,1623449,8,,,0,10,,1623419,8,,,0,50,,1623411,8,,,0,11,,1623446,8,,,0,12,,1623412,8,,,0
80503,'20261018',540,,1623541,8,,,0,10,,1623535,8,,,0,50,,1623542,8,,,0,10,,1623533,8,,,0,10,,1623531,8,,,0,10,,1623544,8,,,0,10,,1623536,8,,,0,10,,1623534,8,,,0,50,,1623532,8,,,0,10,,1623537,8,,,0,10,,1623530,8,,,0,11,,1623545,8,,,0,10,,1623515,8,,,0,10,,1623520,8,,,0,49,,1623508,8,,,0,10,,1623529,8,,,0,9,,1623522,8,,,0,11,,1623546,8,,,0,10,,1623510,8,,,0,10,,1623528,8,,,0,9,,1623521,8,,,0,50,,1623513,8,,,0,11,,1623525,8,,,0,10,,1623543,8,,,0,10,,1623526,8,,,0,11,,1623524,8,,,0,50,,1623511,8,,,0,10,,1623509,8,,,0,10,,1623523,8,,,0,10,,1623547,8,,,0,11,,1623527,8,,,0,10,,1623518,8,,,0,50,,1623519,8,,,0,10,,1623512,8,,,0,11,,1623514,8,,,0,10,,1623548,8,,,0,10,,1623517,8,,,0,11,,1623516,8,,,0,50,,1623492,8,,,0,10,,1623498,8,,,0,10,,1623489,8,,,0,10,,1623549,8,,,0,10,,1623499,8,,,0,10,,1623490,8,,,0,50,,1623496,8,,,0,10,,1623497,8,,,0,10,,1623507,8,,,0,10,,1623550,8,,,0,10,,1623491,8,,,0,10,,1623495,8,,,0,50,,1623503,8,,,0,11,,1623506,8,,,0,8,,1623504,8,,,0,10,,1623551,8,,,0,10,,1623505,8,,,0,10,,1623502,8,,,0,49,,1623501,8,,,0,10,,1623500,8,,,0,10,,1623494,8,,,0,10,,1623552,8,,,0,9,,1623493,8,,,0,9,,1623474,8,,,0,50,,1623472,8,,,0,10,,1623482,8,,,0,10,,1623471,8,,,0,10,,1623553,8,,,0,10,,1623475,8,,,0,10,,1623470,8,,,0,50,,1623483,8,,,0,10,,1623473,8,,,0,10,,1623487,8,,,0,10,,1623554,8,,,0,11,,1623486,8,,,0,10,,1623481,8,,,0,50,,1623479,8,,,0,11,,1623555,8,,,0,10,,1623484,8,,,0,9,,1623477,8,,,0,9,,1623556,8,,,0,10,,1623488,8,,,0,50,,1623469,8,,,0,10,,1623557,8,,,0,10,,1623476,8,,,0,10,,1623468,8,,,0,10,,1623558,8,,,0,10,,1623480,8,,,0,50,,1623467,8,,,0,10,,1623559,8,,,0,10,,1623478,8,,,0,10,,1623485,8,,,0,11,,1623560,8,,,0,10,,1623462,8,,,0,50,,1623466,8,,,0,10,,1623561,8,,,0,10,,1623456,8,,,0,10,,1623465,8,,,0,10,,1623562,8,,,0,10,,1623464,8,,,0,50,,1623455,8,,,0,10,,1623563,8,,,0,10,,1623463,8,,,0,10,,1623538,8,,,0,10,,1623564,8,,,0,9,,1623460,8,,,0,50,,1623461,8,,,0,10,,1623565,8,,,0,10,,1623459,8,,,0,10,,1623458,8,,,0,10,,1623566,8,,,0,10,,1623457,8,,,0,50,,1623453,8,,,0,10,,1623567,8,,,0,10,,1623451,8,,,0,10,,1623452,8,,,0,10,,1623568,8,,,0,10,,1623454,8,,,0,50,,1623539,8,,,0,11,,1623540,8,,,0,12,,1623569,8,,,0
80503,'20261019',518,,1623693,8,,,0,9,,1623692,8,,,0,11,,1623570,8,,,0,10,,1623571,8,,,0,10,,1623572,8,,,0,50,,1623673,8,,,0,10,,1623573,8,,,0,10,,1623666,8,,,0,10,,1623574,8,,,0,5,,1623665,8,,,0,7,,1623575,8,,,0,8,,1623576,8,,,0,45,,1623577,8,,,0,6,,1623697,8,,,0,5,,1623702,8,,,0,5,,1623578,8,,,0,5,,1623703,8,,,0,5,,1623706,8,,,0,5,,1623663,8,,,0,5,,1623704,8,,,0,5,,1623664,8,,,0,4,,1623705,8,,,0,7,,1623579,8,,,0,45,,1623708,8,,,0,8,,1623580,8,,,0,8,,1623581,8,,,0,8,,1623582,8,,,0,8,,1623583,8,,,0,9,,1623662,8,,,0,8,,1623584,8,,,0,9,,1623585,8,,,0,49,,1623586,8,,,0,10,,1623588,8,,,0,11,,1623589,8,,,0,8,,1623587,8,,,0,10,,1623590,8,,,0,11,,1623671,8,,,0,50,,1623591,8,,,0,10,,1623592,8,,,0,10,,1623593,8,,,0,8,,1623594,8,,,0,10,,1623696,8,,,0,10,,1623675,8,,,0,50,,1623595,8,,,0,10,,1623597,8,,,0,10,,1623598,8,,,0,10,,1623676,8,,,0,10,,1623599,8,,,0,10,,1623596,8,,,0,50,,1623600,8,,,0,10,,1623601,8,,,0,10,,1623602,8,,,0,10,,1623603,8,,,0,10,,1623605,8,,,0,10,,1623606,8,,,0,50,,1623607,8,,,0,10,,1623677,8,,,0,10,,1623604,8,,,0,10,,1623678,8,,,0,10,,1623608,8,,,0,10,,1623609,8,,,0,50,,1623610,8,,,0,9,,1623611,8,,,0,10,,1623612,8,,,0,6,,1623667,8,,,0,6,,1623707,8,,,0,7,,1623613,8,,,0,6,,1623615,8,,,0,5,,1623698,8,,,0,47,,1623699,8,,,0,6,,1623616,8,,,0,6,,1623617,8,,,0,6,,1623614,8,,,0,7,,1623674,8,,,0,7,,1623701,8,,,0,5,,1623618,8,,,0,7,,1623669,8,,,0,5,,1623672,8,,,0,7,,1623619,8,,,0,48,,1623620,8,,,0,7,,1623621,8,,,0,8,,1623622,8,,,0,8,,1623623,8,,,0,7,,1623624,8,,,0,7,,1623625,8,,,0,7,,1623626,8,,,0,10,,1623627,8,,,0,48,,1623628,8,,,0,8,,1623629,8,,,0,9,,1623631,8,,,0,9,,1623632,8,,,0,11,,1623633,8,,,0,11,,1623630,8,,,0,50,,1623635,8,,,0,10,,1623636,8,,,0,10,,1623637,8,,,0,10,,1623634,8,,,0,9,,1623638,8,,,0,10,,1623679,8,,,0,49,,1623639,8,,,0,10,,1623640,8,,,0,9,,1623680,8,,,0,10,,1623641,8,,,0,9,,1623642,8,,,0,11,,1623681,8,,,0,50,,1623643,8,,,0,10,,1623644,8,,,0,10,,1623682,8,,,0,10,,1623645,8,,,0,10,,1623646,8,,,0,10,,1623683,8,,,0,50,,1623647,8,,,0,10,,1623648,8,,,0,10,,1623684,8,,,0,10,,1623649,8,,,0,10,,1623650,8,,,0,10,,1623685,8,,,0,50,,1623651,8,,,0,10,,1623652,8,,,0,10,,1623686,8,,,0,10,,1623653,8,,,0,10,,1623654,8,,,0,10,,1623687,8,,,0,50,,1623656,8,,,0,10,,1623657,8,,,0,10,,1623688,8,,,0,10,,1623658,8,,,0,10,,1623655,8,,,0,10,,1623689,8,,,0,50,,1623659,8,,,0,10,,1623660,8,,,0,10,,1623690,8,,,0,10,,1623661,8,,,0,10,,1623668,8,,,0,10,,1623691,8,,,0,50,,1623670,8,,,0,10,,1623694,8,,,0,10,,1623695,8,,,0,10,,1623700,8,,,0
80503,'20261020',518,,1623832,8,,,0,9,,1623831,8,,,0,11,,1623709,8,,,0,10,,1623710,8,,,0,10,,1623711,8,,,0,50,,1623812,8,,,0,10,,1623712,8,,,0,10,,1623805,8,,,0,10,,1623713,8,,,0,5,,1623804,8,,,0,7,,1623714,8,,,0,8,,1623715,8,,,0,45,,1623716,8,,,0,6,,1623836,8,,,0,5,,1623841,8,,,0,5,,1623717,8,,,0,5,,1623842,8,,,0,5,,1623845,8,,,0,5,,1623802,8,,,0,5,,1623843,8,,,0,5,,1623803,8,,,0,4,,1623844,8,,,0,7,,1623718,8,,,0,45,,1623847,8,,,0,8,,1623719,8,,,0,8,,1623720,8,,,0,8,,1623721,8,,,0,8,,1623722,8,,,0,9,,1623801,8,,,0,8,,1623723,8,,,0,9,,1623724,8,,,0,49,,1623725,8,,,0,10,,1623727,8,,,0,11,,1623728,8,,,0,8,,1623726,8,,,0,10,,1623729,8,,,0,11,,1623810,8,,,0,50,,1623730,8,,,0,10,,1623731,8,,,0,10,,1623732,8,,,0,8,,1623733,8,,,0,10,,1623835,8,,,0,10,,1623814,8,,,0,50,,1623734,8,,,0,10,,1623736,8,,,0,10,,1623737,8,,,0,10,,1623815,8,,,0,10,,1623738,8,,,0,10,,1623735,8,,,0,50,,1623739,8,,,0,10,,1623740,8,,,0,10,,1623741,8,,,0,10,,1623742,8,,,0,10,,1623744,8,,,0,10,,1623745,8,,,0,50,,1623746,8,,,0,10,,1623816,8,,,0,10,,1623743,8,,,0,10,,1623817,8,,,0,10,,1623747,8,,,0,10,,1623748,8,,,0,50,,1623749,8,,,0,9,,1623750,8,,,0,10,,1623751,8,,,0,6,,1623806,8,,,0,6,,1623846,8,,,0,7,,1623752,8,,,0,6,,1623754,8,,,0,5,,1623837,8,,,0,47,,1623838,8,,,0,6,,1623755,8,,,0,6,,1623756,8,,,0,6,,1623753,8,,,0,7,,1623813,8,,,0,7,,1623840,8,,,0,5,,1623757,8,,,0,7,,1623808,8,,,0,5,,1623811,8,,,0,7,,1623758,8,,,0,48,,1623759,8,,,0,7,,1623760,8,,,0,8,,1623761,8,,,0,8,,1623762,8,,,0,7,,1623763,8,,,0,7,,1623764,8,,,0,7,,1623765,8,,,0,10,,1623766,8,,,0,48,,1623767,8,,,0,8,,1623768,8,,,0,9,,1623770,8,,,0,9,,1623771,8,,,0,11,,1623772,8,,,0,11,,1623769,8,,,0,50,,1623774,8,,,0,10,,1623775,8,,,0,10,,1623776,8,,,0,10,,1623773,8,,,0,9,,1623777,8,,,0,10,,1623818,8,,,0,49,,1623778,8,,,0,10,,1623779,8,,,0,9,,1623819,8,,,0,10,,1623780,8,,,0,9,,1623781,8,,,0,11,,1623820,8,,,0,50,,1623782,8,,,0,10,,1623783,8,,,0,10,,1623821,8,,,0,10,,1623784,8,,,0,10,,1623785,8,,,0,10,,1623822,8,,,0,50,,1623786,8,,,0,10,,1623787,8,,,0,10,,1623823,8,,,0,10,,1623788,8,,,0,10,,1623789,8,,,0,10,,1623824,8,,,0,50,,1623790,8,,,0,10,,1623791,8,,,0,10,,1623825,8,,,0,10,,1623792,8,,,0,10,,1623793,8,,,0,10,,1623826,8,,,0,50,,1623795,8,,,0,10,,1623796,8,,,0,10,,1623827,8,,,0,10,,1623797,8,,,0,10,,1623794,8,,,0,10,,1623828,8,,,0,50,,1623798,8,,,0,10,,1623799,8,,,0,10,,1623829,8,,,0,10,,1623800,8,,,0,10,,1623807,8,,,0,10,,1623830,8,,,0,50,,1623809,8,,,0,10,,1623833,8,,,0,10,,1623834,8,,,0,10,,1623839,8,,,0
80503,'20261021',518,,1645532,8,,,0,9,,1645531,8,,,0,11,,1645409,8,,,0,10,,1645410,8,,,0,10,,1645411,8,,,0,50,,1645512,8,,,0,10,,1645412,8,,,0,10,,1645505,8,,,0,10,,1645413,8,,,0,5,,1645504,8,,,0,7,,1645414,8,,,0,8,,1645415,8,,,0,45,,1645416,8,,,0,6,,1645536,8,,,0,5,,1645541,8,,,0,5,,1645417,8,,,0,5,,1645542,8,,,0,5,,1645545,8,,,0,5,,1645502,8,,,0,5,,1645543,8,,,0,5,,1645503,8,,,0,4,,1645544,8,,,0,7,,1645418,8,,,0,45,,1645547,8,,,0,8,,1645419,8,,,0,8,,1645420,8,,,0,8,,1645421,8,,,0,8,,1645422,8,,,0,9,,1645501,8,,,0,8,,1645423,8,,,0,9,,1645424,8,,,0,49,,1645425,8,,,0,10,,1645427,8,,,0,11,,1645428,8,,,0,8,,1645426,8,,,0,10,,1645429,8,,,0,11,,1645510,8,,,0,50,,1645430,8,,,0,10,,1645431,8,,,0,10,,1645432,8,,,0,8,,1645433,8,,,0,10,,1645535,8,,,0,10,,1645514,8,,,0,50,,1645434,8,,,0,10,,1645436,8,,,0,10,,1645437,8,,,0,10,,1645515,8,,,0,10,,1645438,8,,,0,10,,1645435,8,,,0,50,,1645439,8,,,0,10,,1645440,8,,,0,10,,1645441,8,,,0,10,,1645442,8,,,0,10,,1645444,8,,,0,10,,1645445,8,,,0,50,,1645446,8,,,0,10,,1645516,8,,,0,10,,1645443,8,,,0,10,,1645517,8,,,0,10,,1645447,8,,,0,10,,1645448,8,,,0,50,,1645449,8,,,0,9,,1645450,8,,,0,10,,1645451,8,,,0,6,,1645506,8,,,0,6,,1645546,8,,,0,7,,1645452,8,,,0,6,,1645454,8,,,0,5,,1645537,8,,,0,47,,1645538,8,,,0,6,,1645455,8,,,0,6,,1645456,8,,,0,6,,1645453,8,,,0,7,,1645513,8,,,0,7,,1645540,8,,,0,5,,1645457,8,,,0,7,,1645508,8,,,0,5,,1645511,8,,,0,7,,1645458,8,,,0,48,,1645459,8,,,0,7,,1645460,8,,,0,8,,1645461,8,,,0,8,,1645462,8,,,0,7,,1645463,8,,,0,7,,1645464,8,,,0,7,,1645465,8,,,0,10,,1645466,8,,,0,48,,1645467,8,,,0,8,,1645468,8,,,0,9,,1645470,8,,,0,9,,1645471,8,,,0,11,,1645472,8,,,0,11,,1645469,8,,,0,50,,1645474,8,,,0,10,,1645475,8,,,0,10,,1645476,8,,,0,10,,1645473,8,,,0,9,,1645477,8,,,0,10,,1645518,8,,,0,49,,1645478,8,,,0,10,,1645479,8,,,0,9,,1645519,8,,,0,10,,1645480,8,,,0,9,,1645481,8,,,0,11,,1645520,8,,,0,50,,1645482,8,,,0,10,,1645483,8,,,0,10,,1645521,8,,,0,10,,1645484,8,,,0,10,,1645485,8,,,0,10,,1645522,8,,,0,50,,1645486,8,,,0,10,,1645487,8,,,0,10,,1645523,8,,,0,10,,1645488,8,,,0,10,,1645489,8,,,0,10,,1645524,8,,,0,50,,1645490,8,,,0,10,,1645491,8,,,0,10,,1645525,8,,,0,10,,1645492,8,,,0,10,,1645493,8,,,0,10,,1645526,8,,,0,50,,1645495,8,,,0,10,,1645496,8,,,0,10,,1645527,8,,,0,10,,1645497,8,,,0,10,,1645494,8,,,0,10,,1645528,8,,,0,50,,1645498,8,,,0,10,,1645499,8,,,0,10,,1645529,8,,,0,10,,1645500,8,,,0,10,,1645507,8,,,0,10,,1645530,8,,,0,50,,1645509,8,,,0,10,,1645533,8,,,0,10,,1645534,8,,,0,10,,1645539,8,,,0
80503,'20261022',518,,1645671,8,,,0,9,,1645670,8,,,0,11,,1645548,8,,,0,10,,1645549,8,,,0,10,,1645550,8,,,0,50,,1645651,8,,,0,10,,1645551,8,,,0,10,,1645644,8,,,0,10,,1645552,8,,,0,5,,1645643,8,,,0,7,,1645553,8,,,0,8,,1645554,8,,,0,45,,1645555,8,,,0,6,,1645675,8,,,0,5,,1645680,8,,,0,5,,1645556,8,,,0,5,,1645681,8,,,0,5,,1645684,8,,,0,5,,1645641,8,,,0,5,,1645682,8,,,0,5,,1645642,8,,,0,4,,1645683,8,,,0,7,,1645557,8,,,0,45,,1645686,8,,,0,8,,1645558,8,,,0,8,,1645559,8,,,0,8,,1645560,8,,,0,8,,1645561,8,,,0,9,,1645640,8,,,0,8,,1645562,8,,,0,9,,1645563,8,,,0,49,,1645564,8,,,0,10,,1645566,8,,,0,11,,1645567,8,,,0,8,,1645565,8,,,0,10,,1645568,8,,,0,11,,1645649,8,,,0,50,,1645569,8,,,0,10,,1645570,8,,,0,10,,1645571,8,,,0,8,,1645572,8,,,0,10,,1645674,8,,,0,10,,1645653,8,,,0,50,,1645573,8,,,0,10,,1645575,8,,,0,10,,1645576,8,,,0,10,,1645654,8,,,0,10,,1645577,8,,,0,10,,1645574,8,,,0,50,,1645578,8,,,0,10,,1645579,8,,,0,10,,1645580,8,,,0,10,,1645581,8,,,0,10,,1645583,8,,,0,10,,1645584,8,,,0,50,,1645585,8,,,0,10,,1645655,8,,,0,10,,1645582,8,,,0,10,,1645656,8,,,0,10,,1645586,8,,,0,10,,1645587,8,,,0,50,,1645588,8,,,0,9,,1645589,8,,,0,10,,1645590,8,,,0,6,,1645645,8,,,0,6,,1645685,8,,,0,7,,1645591,8,,,0,6,,1645593,8,,,0,5,,1645676,8,,,0,47,,1645677,8,,,0,6,,1645594,8,,,0,6,,1645595,8,,,0,6,,1645592,8,,,0,7,,1645652,8,,,0,7,,1645679,8,,,0,5,,1645596,8,,,0,7,,1645647,8,,,0,5,,1645650,8,,,0,7,,1645597,8,,,0,48,,1645598,8,,,0,7,,1645599,8,,,0,8,,1645600,8,,,0,8,,1645601,8,,,0,7,,1645602,8,,,0,7,,1645603,8,,,0,7,,1645604,8,,,0,10,,1645605,8,,,0,48,,1645606,8,,,0,8,,1645607,8,,,0,9,,1645609,8,,,0,9,,1645610,8,,,0,11,,1645611,8,,,0,11,,1645608,8,,,0,50,,1645613,8,,,0,10,,1645614,8,,,0,10,,1645615,8,,,0,10,,1645612,8,,,0,9,,1645616,8,,,0,10,,1645657,8,,,0,49,,1645617,8,,,0,10,,1645618,8,,,0,9,,1645658,8,,,0,10,,1645619,8,,,0,9,,1645620,8,,,0,11,,1645659,8,,,0,50,,1645621,8,,,0,10,,1645622,8,,,0,10,,1645660,8,,,0,10,,1645623,8,,,0,10,,1645624,8,,,0,10,,1645661,8,,,0,50,,1645625,8,,,0,10,,1645626,8,,,0,10,,1645662,8,,,0,10,,1645627,8,,,0,10,,1645628,8,,,0,10,,1645663,8,,,0,50,,1645629,8,,,0,10,,1645630,8,,,0,10,,1645664,8,,,0,10,,1645631,8,,,0,10,,1645632,8,,,0,10,,1645665,8,,,0,50,,1645634,8,,,0,10,,1645635,8,,,0,10,,1645666,8,,,0,10,,1645636,8,,,0,10,,1645633,8,,,0,10,,1645667,8,,,0,50,,1645637,8,,,0,10,,1645638,8,,,0,10,,1645668,8,,,0,10,,1645639,8,,,0,10,,1645646,8,,,0,10,,1645669,8,,,0,50,,1645648,8,,,0,10,,1645672,8,,,0,10,,1645673,8,,,0,10,,1645678,8,,,0
80503,'20261023',518,,1645810,8,,,0,9,,1645809,8,,,0,11,,1645687,8,,,0,10,,1645688,8,,,0,10,,1645689,8,,,0,50,,1645790,8,,,0,10,,1645690,8,,,0,10,,1645783,8,,,0,10,,1645691,8,,,0,5,,1645782,8,,,0,7,,1645692,8,,,0,8,,1645693,8,,,0,45,,1645694,8,,,0,6,,1645814,8,,,0,5,,1645819,8,,,0,5,,1645695,8,,,0,5,,1645820,8,,,0,5,,1645823,8,,,0,5,,1645780,8,,,0,5,,1645821,8,,,0,5,,1645781,8,,,0,4,,1645822,8,,,0,7,,1645696,8,,,0,45,,1645825,8,,,0,8,,1645697,8,,,0,8,,1645698,8,,,0,8,,1645699,8,,,0,8,,1645700,8,,,0,9,,1645779,8,,,0,8,,1645701,8,,,0,9,,1645702,8,,,0,49,,1645703,8,,,0,10,,1645705,8,,,0,11,,1645706,8,,,0,8,,1645704,8,,,0,10,,1645707,8,,,0,11,,1645788,8,,,0,50,,1645708,8,,,0,10,,1645709,8,,,0,10,,1645710,8,,,0,8,,1645711,8,,,0,10,,1645813,8,,,0,10,,1645792,8,,,0,50,,1645712,8,,,0,10,,1645714,8,,,0,10,,1645715,8,,,0,10,,1645793,8,,,0,10,,1645716,8,,,0,10,,1645713,8,,,0,50,,1645717,8,,,0,10,,1645718,8,,,0,10,,1645719,8,,,0,10,,1645720,8,,,0,10,,1645722,8,,,0,10,,1645723,8,,,0,50,,1645724,8,,,0,10,,1645794,8,,,0,10,,1645721,8,,,0,10,,1645795,8,,,0,10,,1645725,8,,,0,10,,1645726,8,,,0,50,,1645727,8,,,0,9,,1645728,8,,,0,10,,1645729,8,,,0,6,,1645784,8,,,0,6,,1645824,8,,,0,7,,1645730,8,,,0,6,,1645732,8,,,0,5,,1645815,8,,,0,47,,1645816,8,,,0,6,,1645733,8,,,0,6,,1645734,8,,,0,6,,1645731,8,,,0,7,,1645791,8,,,0,7,,1645818,8,,,0,5,,1645735,8,,,0,7,,1645786,8,,,0,5,,1645789,8,,,0,7,,1645736,8,,,0,48,,1645737,8,,,0,7,,1645738,8,,,0,8,,1645739,8,,,0,8,,1645740,8,,,0,7,,1645741,8,,,0,7,,1645742,8,,,0,7,,1645743,8,,,0,10,,1645744,8,,,0,48,,1645745,8,,,0,8,,1645746,8,,,0,9,,1645748,8,,,0,9,,1645749,8,,,0,11,,1645750,8,,,0,11,,1645747,8,,,0,50,,1645752,8,,,0,10,,1645753,8,,,0,10,,1645754,8,,,0,10,,1645751,8,,,0,9,,1645755,8,,,0,10,,1645796,8,,,0,49,,1645756,8,,,0,10,,1645757,8,,,0,9,,1645797,8,,,0,10,,1645758,8,,,0,9,,1645759,8,,,0,11,,1645798,8,,,0,50,,1645760,8,,,0,10,,1645761,8,,,0,10,,1645799,8,,,0,10,,1645762,8,,,0,10,,1645763,8,,,0,10,,1645800,8,,,0,50,,1645764,8,,,0,10,,1645765,8,,,0,10,,1645801,8,,,0,10,,1645766,8,,,0,10,,1645767,8,,,0,10,,1645802,8,,,0,50,,1645768,8,,,0,10,,1645769,8,,,0,10,,1645803,8,,,0,10,,1645770,8,,,0,10,,1645771,8,,,0,10,,1645804,8,,,0,50,,1645773,8,,,0,10,,1645774,8,,,0,10,,1645805,8,,,0,10,,1645775,8,,,0,10,,1645772,8,,,0,10,,1645806,8,,,0,50,,1645776,8,,,0,10,,1645777,8,,,0,10,,1645807,8,,,0,10,,1645778,8,,,0,10,,1645785,8,,,0,10,,1645808,8,,,0,50,,1645787,8,,,0,10,,1645811,8,,,0,10,,1645812,8,,,0,10,,1645817,8,,,0
92503,'20261009',2534,,1625316,4,,,0,170,,1625317,4,,,0
92503,'20261010',2534,,1646877,4,,,0,170,,1646878,4,,,0
92503,'20261016',2534,,1593500,4,,,0,170,,1593501,4,,,0
92503,'20261017',2534,,1625319,4,,,0,170,,1625318,4,,,0
92503,'20261023',2534,,1646879,4,,,0,170,,1646880,4,,,0
99103,'20261009',2534,,1625344,4,,,0,170,,1625345,4,,,0
99103,'20261010',2534,,1646905,4,,,0,170,,1646906,4,,,0
99103,'20261016',2534,,1593542,4,,,0,170,,1593543,4,,,0
99103,'20261017',2534,,1625346,4,,,0,170,,1625347,4,,,0
99103,'20261023',2534,,1646907,4,,,0,170,,1646908,4,,,0
99203,'20261009',2534,,1625348,4,,,0,170,,1625349,4,,,0
99203,'20261010',2534,,1646909,4,,,0,170,,1646910,4,,,0
99203,'20261016',2534,,1593548,4,,,0,170,,1593549,4,,,0
99203,'20261017',2534,,1625350,4,,,0,170,,1625351,4,,,0
99203,'20261023',2534,,1646911,4,,,0,170,,1646912,4,,,0
