6102,'20261002',606,,1572195,2,,,1,30,,1572196,2,,,1,71,,1572197,2,,,1,30,,1572198,2,,,1,70,,1572199,2,,,1,30,,1572200,2,,,1,70,,1572201,2,,,1,30,,1572202,2,,,1,70,,1572203,2,,,1,30,,1572204,2,,,1,70,,1572205,2,,,1,30,,1572206,2,,,1,70,,1572207,2,,,1,30,,1572208,2,,,1,70,,1572209,2,,,1,30,,1572210,2,,,1,70,,1572211,2,,,1,30,,1572212,2,,,1,70,,1572213,2,,,1,30,,1572214,2,,,1,70,,1572215,2,,,1,30,,1572216,2,,,1,75,,1572217,2,,,1,25,,1572218,2,,,1,70,,1572219,2,,,1,100,,1572220,2,,,1,100,,1572221,2,,,1,100,,1572222,2,,,1,30,,1572223,2,,,1,69,,1572224,2,,,1,100,,1572225,2,,,1
6102,'20261003',706,,1572226,2,,,1,100,,1572227,2,,,1,30,,1572228,2,,,1,70,,1572229,2,,,1,101,,1572230,2,,,1,100,,1572231,2,,,1,30,,1572232,2,,,1,70,,1572233,2,,,1,30,,1572234,2,,,1,70,,1572235,2,,,1,30,,1572236,2,,,1,70,,1572237,2,,,1,30,,1572238,2,,,1,70,,1572239,2,,,1,30,,1572240,2,,,1,70,,1572241,2,,,1,30,,1572242,2,,,1,70,,1572243,2,,,1,30,,1572244,2,,,1,70,,1572245,2,,,1,100,,1572246,2,,,1,99,,1572247,2,,,1,100,,1572248,2,,,1,100,,1572249,2,,,1,100,,1572250,2,,,1
6102,'20261004',706,,1572251,2,,,1,100,,1572252,2,,,1,30,,1572253,2,,,1,70,,1572254,2,,,1,101,,1572255,2,,,1,100,,1572256,2,,,1,30,,1572257,2,,,1,70,,1572258,2,,,1,30,,1572259,2,,,1,70,,1572260,2,,,1,30,,1572261,2,,,1,70,,1572262,2,,,1,30,,1572263,2,,,1,70,,1572264,2,,,1,30,,1572265,2,,,1,70,,1572266,2,,,1,30,,1572267,2,,,1,70,,1572268,2,,,1,30,,1572269,2,,,1,70,,1572270,2,,,1,100,,1572271,2,,,1,99,,1572272,2,,,1,100,,1572273,2,,,1,100,,1572274,2,,,1,100,,1572275,2,,,1
6102,'20261005',606,,1572276,2,,,1,30,,1572277,2,,,1,71,,1572278,2,,,1,30,,1572279,2,,,1,70,,1572280,2,,,1,30,,1572281,2,,,1,70,,1572282,2,,,1,30,,1572283,2,,,1,70,,1572284,2,,,1,30,,1572285,2,,,1,70,,1572286,2,,,1,30,,1572287,2,,,1,70,,1572288,2,,,1,30,,1572289,2,,,1,70,,1572290,2,,,1,30,,1572291,2,,,1,70,,1572292,2,,,1,30,,1572293,2,,,1,70,,1572294,2,,,1,30,,1572295,2,,,1,70,,1572296,2,,,1,30,,1572297,2,,,1,75,,1572298,2,,,1,25,,1572299,2,,,1,70,,1572300,2,,,1,100,,1572301,2,,,1,100,,1572302,2,,,1,100,,1572303,2,,,1,30,,1572304,2,,,1,69,,1572305,2,,,1,100,,1572306,2,,,1
6102,'20261006',606,,1519032,2,,,1,30,,1519033,2,,,1,71,,1519034,2,,,1,30,,1519035,2,,,1,70,,1519036,2,,,1,30,,1519037,2,,,1,70,,1519038,2,,,1,30,,1519056,2,,,1,70,,1519039,2,,,1,30,,1519057,2,,,1,70,,1519040,2,,,1,30,,1519058,2,,,1,70,,1519041,2,,,1,30,,1519059,2,,,1,70,,1519042,2,,,1,30,,1519060,2,,,1,70,,1519043,2,,,1,30,,1519061,2,,,1,70,,1519044,2,,,1,30,,1519062,2,,,1,70,,1519045,2,,,1,30,,1519046,2,,,1,75,,1519047,2,,,1,25,,1519048,2,,,1,70,,1519049,2,,,1,100,,1519050,2,,,1,100,,1519051,2,,,1,100,,1519052,2,,,1,30,,1519055,2,,,1,69,,1519053,2,,,1,100,,1519054,2,,,1
6102,'20261007',606,,1519063,2,,,1,30,,1519064,2,,,1,71,,1519065,2,,,1,30,,1519066,2,,,1,70,,1519067,2,,,1,30,,1519068,2,,,1,70,,1519069,2,,,1,30,,1519087,2,,,1,70,,1519070,2,,,1,30,,1519088,2,,,1,70,,1519071,2,,,1,30,,1519089,2,,,1,70,,1519072,2,,,1,30,,1519090,2,,,1,70,,1519073,2,,,1,30,,1519091,2,,,1,70,,1519074,2,,,1,30,,1519092,2,,,1,70,,1519075,2,,,1,30,,1519093,2,,,1,70,,1519076,2,,,1,30,,1519077,2,,,1,75,,1519078,2,,,1,25,,1519079,2,,,1,70,,1519080,2,,,1,100,,1519081,2,,,1,100,,1519082,2,,,1,100,,1519083,2,,,1,30,,1519086,2,,,1,69,,1519084,2,,,1,100,,1519085,2,,,1
6102,'20261008',606,,1519094,2,,,1,30,,1519095,2,,,1,71,,1519096,2,,,1,30,,1519097,2,,,1,70,,1519098,2,,,1,30,,1519099,2,,,1,70,,1519100,2,,,1,30,,1519118,2,,,1,70,,1519101,2,,,1,30,,1519119,2,,,1,70,,1519102,2,,,1,30,,1519120,2,,,1,70,,1519103,2,,,1,30,,1519121,2,,,1,70,,1519104,2,,,1,30,,1519122,2,,,1,70,,1519105,2,,,1,30,,1519123,2,,,1,70,,1519106,2,,,1,30,,1519124,2,,,1,70,,1519107,2,,,1,30,,1519108,2,,,1,75,,1519109,2,,,1,25,,1519110,2,,,1,70,,1519111,2,,,1,100,,1519112,2,,,1,100,,1519113,2,,,1,100,,1519114,2,,,1,30,,1519117,2,,,1,69,,1519115,2,,,1,100,,1519116,2,,,1
6102,'20261009',606,,1519125,2,,,1,30,,1519126,2,,,1,71,,1519127,2,,,1,30,,1519128,2,,,1,70,,1519129,2,,,1,30,,1519130,2,,,1,70,,1519131,2,,,1,30,,1519149,2,,,1,70,,1519132,2,,,1,30,,1519150,2,,,1,70,,1519133,2,,,1,30,,1519151,2,,,1,70,,1519134,2,,,1,30,,1519152,2,,,1,70,,1519135,2,,,1,30,,1519153,2,,,1,70,,1519136,2,,,1,30,,1519154,2,,,1,70,,1519137,2,,,1,30,,1519155,2,,,1,70,,1519138,2,,,1,30,,1519139,2,,,1,75,,1519140,2,,,1,25,,1519141,2,,,1,70,,1519142,2,,,1,100,,1519143,2,,,1,100,,1519144,2,,,1,100,,1519145,2,,,1,30,,1519148,2,,,1,69,,1519146,2,,,1,100,,1519147,2,,,1
6102,'20261010',706,,1547475,2,,,1,100,,1547476,2,,,1,30,,1547492,2,,,1,70,,1547477,2,,,1,101,,1547478,2,,,1,100,,1547479,2,,,1,30,,1547493,2,,,1,70,,1547480,2,,,1,30,,1547494,2,,,1,70,,1547481,2,,,1,30,,1547495,2,,,1,70,,1547482,2,,,1,30,,1547496,2,,,1,70,,1547483,2,,,1,30,,1547497,2,,,1,70,,1547484,2,,,1,30,,1547498,2,,,1,70,,1547485,2,,,1,30,,1547499,2,,,1,70,,1547486,2,,,1,100,,1547487,2,,,1,99,,1547488,2,,,1,100,,1547489,2,,,1,100,,1547490,2,,,1,100,,1547491,2,,,1
6102,'20261011',706,,1547500,2,,,1,100,,1547501,2,,,1,30,,1547517,2,,,1,70,,1547502,2,,,1,101,,1547503,2,,,1,100,,1547504,2,,,1,30,,1547518,2,,,1,70,,1547505,2,,,1,30,,1547519,2,,,1,70,,1547506,2,,,1,30,,1547520,2,,,1,70,,1547507,2,,,1,30,,1547521,2,,,1,70,,1547508,2,,,1,30,,1547522,2,,,1,70,,1547509,2,,,1,30,,1547523,2,,,1,70,,1547510,2,,,1,30,,1547524,2,,,1,70,,1547511,2,,,1,100,,1547512,2,,,1,99,,1547513,2,,,1,100,,1547514,2,,,1,100,,1547515,2,,,1,100,,1547516,2,,,1
6102,'20261012',706,,1547525,2,,,1,100,,1547526,2,,,1,30,,1547542,2,,,1,70,,1547527,2,,,1,101,,1547528,2,,,1,100,,1547529,2,,,1,30,,1547543,2,,,1,70,,1547530,2,,,1,30,,1547544,2,,,1,70,,1547531,2,,,1,30,,1547545,2,,,1,70,,1547532,2,,,1,30,,1547546,2,,,1,70,,1547533,2,,,1,30,,1547547,2,,,1,70,,1547534,2,,,1,30,,1547548,2,,,1,70,,1547535,2,,,1,30,,1547549,2,,,1,70,,1547536,2,,,1,100,,1547537,2,,,1,99,,1547538,2,,,1,100,,1547539,2,,,1,100,,1547540,2,,,1,100,,1547541,2,,,1
6102,'20261013',606,,1572307,2,,,1,30,,1572308,2,,,1,71,,1572309,2,,,1,30,,1572310,2,,,1,70,,1572311,2,,,1,30,,1572312,2,,,1,70,,1572313,2,,,1,30,,1572331,2,,,1,70,,1572314,2,,,1,30,,1572332,2,,,1,70,,1572315,2,,,1,30,,1572333,2,,,1,70,,1572316,2,,,1,30,,1572334,2,,,1,70,,1572317,2,,,1,30,,1572335,2,,,1,70,,1572318,2,,,1,30,,1572336,2,,,1,70,,1572319,2,,,1,30,,1572337,2,,,1,70,,1572320,2,,,1,30,,1572321,2,,,1,75,,1572322,2,,,1,25,,1572323,2,,,1,70,,1572324,2,,,1,100,,1572325,2,,,1,100,,1572326,2,,,1,100,,1572327,2,,,1,30,,1572330,2,,,1,69,,1572328,2,,,1,100,,1572329,2,,,1
6102,'20261014',606,,1572338,2,,,1,30,,1572339,2,,,1,71,,1572340,2,,,1,30,,1572341,2,,,1,70,,1572342,2,,,1,30,,1572343,2,,,1,70,,1572344,2,,,1,30,,1572362,2,,,1,70,,1572345,2,,,1,30,,1572363,2,,,1,70,,1572346,2,,,1,30,,1572364,2,,,1,70,,1572347,2,,,1,30,,1572365,2,,,1,70,,1572348,2,,,1,30,,1572366,2,,,1,70,,1572349,2,,,1,30,,1572367,2,,,1,70,,1572350,2,,,1,30,,1572368,2,,,1,70,,1572351,2,,,1,30,,1572352,2,,,1,75,,1572353,2,,,1,25,,1572354,2,,,1,70,,1572355,2,,,1,100,,1572356,2,,,1,100,,1572357,2,,,1,100,,1572358,2,,,1,30,,1572361,2,,,1,69,,1572359,2,,,1,100,,1572360,2,,,1
6102,'20261015',606,,1572369,2,,,1,30,,1572370,2,,,1,71,,1572371,2,,,1,30,,1572372,2,,,1,70,,1572373,2,,,1,30,,1572374,2,,,1,70,,1572375,2,,,1,30,,1572393,2,,,1,70,,1572376,2,,,1,30,,1572394,2,,,1,70,,1572377,2,,,1,30,,1572395,2,,,1,70,,1572378,2,,,1,30,,1572396,2,,,1,70,,1572379,2,,,1,30,,1572397,2,,,1,70,,1572380,2,,,1,30,,1572398,2,,,1,70,,1572381,2,,,1,30,,1572399,2,,,1,70,,1572382,2,,,1,30,,1572383,2,,,1,75,,1572384,2,,,1,25,,1572385,2,,,1,70,,1572386,2,,,1,100,,1572387,2,,,1,100,,1572388,2,,,1,100,,1572389,2,,,1,30,,1572392,2,,,1,69,,1572390,2,,,1,100,,1572391,2,,,1
6102,'20261016',606,,1572400,2,,,1,30,,1572401,2,,,1,71,,1572402,2,,,1,30,,1572403,2,,,1,70,,1572404,2,,,1,30,,1572405,2,,,1,70,,1572406,2,,,1,30,,1572424,2,,,1,70,,1572407,2,,,1,30,,1572425,2,,,1,70,,1572408,2,,,1,30,,1572426,2,,,1,70,,1572409,2,,,1,30,,1572427,2,,,1,70,,1572410,2,,,1,30,,1572428,2,,,1,70,,1572411,2,,,1,30,,1572429,2,,,1,70,,1572412,2,,,1,30,,1572430,2,,,1,70,,1572413,2,,,1,30,,1572414,2,,,1,75,,1572415,2,,,1,25,,1572416,2,,,1,70,,1572417,2,,,1,100,,1572418,2,,,1,100,,1572419,2,,,1,100,,1572420,2,,,1,30,,1572423,2,,,1,69,,1572421,2,,,1,100,,1572422,2,,,1
7000,'20261002',636,,1572664,9,,,0,16,,1572665,9,,,0,62,,1572666,9,,,0,22,,1572667,9,,,0,20,,1572668,9,,,0,62,,1572669,9,,,0,20,,1572670,9,,,0,21,,1572671,9,,,0,60,,1572672,9,,,0,20,,1572673,9,,,0,20,,1572674,9,,,0,59,,1572675,9,,,0,18,,1572676,9,,,0,20,,1572677,9,,,0,60,,1572678,9,,,0,20,,1572679,9,,,0,20,,1572680,9,,,0,57,,1572681,9,,,0,21,,1572682,9,,,0,18,,1572683,9,,,0,63,,1572684,9,,,0,19,,1572685,9,,,0,19,,1572686,9,,,0,61,,1572687,9,,,0,19,,1572688,9,,,0,17,,1572689,9,,,0,62,,1572690,9,,,0,21,,1572691,9,,,0,23,,1572692,9,,,0,63,,1572693,9,,,0,23,,1572694,9,,,0,64,,1572695,9,,,0,19,,1572696,9,,,0,20,,1572697,9,,,0,57,,1572663,5,,,0,2,,1572698,9,,,0,19,,1572699,9,,,0,20,,1572700,9,,,0,63,,1572701,9,,,0,30,,1572702,9,,,0,70,,1572703,9,,,0,30,,1572704,9,,,0,70,,1572705,9,,,0,30,,1572706,9,,,0,70,,1572707,9,,,0,30,,1572708,9,,,0,70,,1572709,9,,,0,30,,1572710,9,,,0
7000,'20261003',636,,1572711,9,,,0,70,,1572712,9,,,0,30,,1572713,9,,,0,70,,1572714,9,,,0,30,,1572715,9,,,0,70,,1572716,9,,,0,30,,1572717,9,,,0,70,,1572718,9,,,0,30,,1572719,9,,,0,70,,1572720,9,,,0,30,,1572721,9,,,0,71,,1572722,9,,,0,30,,1572723,9,,,0,70,,1572724,9,,,0,30,,1572725,9,,,0,70,,1572726,9,,,0,30,,1572727,9,,,0,70,,1572728,9,,,0,30,,1572729,9,,,0,70,,1572730,9,,,0,30,,1572731,9,,,0,70,,1572732,9,,,0,30,,1572733,9,,,0,70,,1572734,9,,,0,29,,1572735,9,,,0,70,,1572736,9,,,0,30,,1572737,9,,,0,70,,1572738,9,,,0,30,,1572739,9,,,0,70,,1572740,9,,,0,30,,1572741,9,,,0,70,,1572742,9,,,0,30,,1572743,9,,,0,70,,1572744,9,,,0
7000,'20261004',636,,1572745,9,,,0,70,,1572746,9,,,0,30,,1572747,9,,,0,70,,1572748,9,,,0,30,,1572749,9,,,0,70,,1572750,9,,,0,30,,1572751,9,,,0,70,,1572752,9,,,0,30,,1572753,9,,,0,70,,1572754,9,,,0,30,,1572755,9,,,0,71,,1572756,9,,,0,30,,1572757,9,,,0,70,,1572758,9,,,0,30,,1572759,9,,,0,70,,1572760,9,,,0,30,,1572761,9,,,0,70,,1572762,9,,,0,30,,1572763,9,,,0,70,,1572764,9,,,0,30,,1572765,9,,,0,70,,1572766,9,,,0,30,,1572767,9,,,0,70,,1572768,9,,,0,29,,1572769,9,,,0,70,,1572770,9,,,0,30,,1572771,9,,,0,70,,1572772,9,,,0,30,,1572773,9,,,0,70,,1572774,9,,,0,30,,1572775,9,,,0,70,,1572776,9,,,0,30,,1572777,9,,,0,70,,1572778,9,,,0
7000,'20261005',636,,1572780,9,,,0,16,,1572781,9,,,0,62,,1572782,9,,,0,22,,1572783,9,,,0,20,,1572784,9,,,0,62,,1572785,9,,,0,20,,1572786,9,,,0,21,,1572787,9,,,0,60,,1572788,9,,,0,20,,1572789,9,,,0,20,,1572790,9,,,0,59,,1572791,9,,,0,18,,1572792,9,,,0,20,,1572793,9,,,0,60,,1572794,9,,,0,20,,1572795,9,,,0,20,,1572796,9,,,0,57,,1572797,9,,,0,21,,1572798,9,,,0,18,,1572799,9,,,0,63,,1572800,9,,,0,19,,1572801,9,,,0,19,,1572802,9,,,0,61,,1572803,9,,,0,19,,1572804,9,,,0,17,,1572805,9,,,0,62,,1572806,9,,,0,21,,1572807,9,,,0,23,,1572808,9,,,0,63,,1572809,9,,,0,23,,1572810,9,,,0,64,,1572811,9,,,0,19,,1572812,9,,,0,20,,1572813,9,,,0,57,,1572779,5,,,0,2,,1572814,9,,,0,19,,1572815,9,,,0,20,,1572816,9,,,0,63,,1572817,9,,,0,30,,1572818,9,,,0,70,,1572819,9,,,0,30,,1572820,9,,,0,70,,1572821,9,,,0,30,,1572822,9,,,0,70,,1572823,9,,,0,30,,1572824,9,,,0,70,,1572825,9,,,0,30,,1572826,9,,,0
7000,'20261006',636,,1519552,9,,,0,16,,1519565,9,,,0,62,,1519566,9,,,0,22,,1519553,9,,,0,20,,1519567,9,,,0,62,,1519568,9,,,0,20,,1519554,9,,,0,21,,1519569,9,,,0,60,,1519570,9,,,0,20,,1519555,9,,,0,20,,1519571,9,,,0,59,,1519572,9,,,0,18,,1519556,9,,,0,20,,1519573,9,,,0,60,,1519574,9,,,0,20,,1519557,9,,,0,20,,1519575,9,,,0,57,,1519576,9,,,0,21,,1519558,9,,,0,18,,1519577,9,,,0,63,,1519578,9,,,0,19,,1519559,9,,,0,19,,1519579,9,,,0,61,,1519580,9,,,0,19,,1519560,9,,,0,17,,1519581,9,,,0,62,,1519582,9,,,0,21,,1519561,9,,,0,23,,1519583,9,,,0,63,,1519584,9,,,0,23,,1519562,9,,,0,64,,1519585,9,,,0,19,,1519586,9,,,0,20,,1519563,9,,,0,59,,1519587,9,,,0,19,,1519588,9,,,0,20,,1519564,9,,,0,63,,1519589,9,,,0,30,,1519590,9,,,0,70,,1519591,9,,,0,30,,1519592,9,,,0,70,,1519593,9,,,0,30,,1519594,9,,,0,70,,1519595,9,,,0,30,,1519596,9,,,0,70,,1519597,9,,,0,30,,1519598,9,,,0
7000,'20261007',636,,1519599,9,,,0,16,,1519612,9,,,0,62,,1519613,9,,,0,22,,1519600,9,,,0,20,,1519614,9,,,0,62,,1519615,9,,,0,20,,1519601,9,,,0,21,,1519616,9,,,0,60,,1519617,9,,,0,20,,1519602,9,,,0,20,,1519618,9,,,0,59,,1519619,9,,,0,18,,1519603,9,,,0,20,,1519620,9,,,0,60,,1519621,9,,,0,20,,1519604,9,,,0,20,,1519622,9,,,0,57,,1519623,9,,,0,21,,1519605,9,,,0,18,,1519624,9,,,0,63,,1519625,9,,,0,19,,1519606,9,,,0,19,,1519626,9,,,0,61,,1519627,9,,,0,19,,1519607,9,,,0,17,,1519628,9,,,0,62,,1519629,9,,,0,21,,1519608,9,,,0,23,,1519630,9,,,0,63,,1519631,9,,,0,23,,1519609,9,,,0,64,,1519632,9,,,0,19,,1519633,9,,,0,20,,1519610,9,,,0,59,,1519634,9,,,0,19,,1519635,9,,,0,20,,1519611,9,,,0,63,,1519636,9,,,0,30,,1519637,9,,,0,70,,1519638,9,,,0,30,,1519639,9,,,0,70,,1519640,9,,,0,30,,1519641,9,,,0,70,,1519642,9,,,0,30,,1519643,9,,,0,70,,1519644,9,,,0,30,,1519645,9,,,0
7000,'20261008',636,,1519646,9,,,0,16,,1519659,9,,,0,62,,1519660,9,,,0,22,,1519647,9,,,0,20,,1519661,9,,,0,62,,1519662,9,,,0,20,,1519648,9,,,0,21,,1519663,9,,,0,60,,1519664,9,,,0,20,,1519649,9,,,0,20,,1519665,9,,,0,59,,1519666,9,,,0,18,,1519650,9,,,0,20,,1519667,9,,,0,60,,1519668,9,,,0,20,,1519651,9,,,0,20,,1519669,9,,,0,57,,1519670,9,,,0,21,,1519652,9,,,0,18,,1519671,9,,,0,63,,1519672,9,,,0,19,,1519653,9,,,0,19,,1519673,9,,,0,61,,1519674,9,,,0,19,,1519654,9,,,0,17,,1519675,9,,,0,62,,1519676,9,,,0,21,,1519655,9,,,0,23,,1519677,9,,,0,63,,1519678,9,,,0,23,,1519656,9,,,0,64,,1519679,9,,,0,19,,1519680,9,,,0,20,,1519657,9,,,0,59,,1519681,9,,,0,19,,1519682,9,,,0,20,,1519658,9,,,0,63,,1519683,9,,,0,30,,1519684,9,,,0,70,,1519685,9,,,0,30,,1519686,9,,,0,70,,1519687,9,,,0,30,,1519688,9,,,0,70,,1519689,9,,,0,30,,1519690,9,,,0,70,,1519691,9,,,0,30,,1519692,9,,,0
7000,'20261009',636,,1519693,9,,,0,16,,1519706,9,,,0,62,,1519707,9,,,0,22,,1519694,9,,,0,20,,1519708,9,,,0,62,,1519709,9,,,0,20,,1519695,9,,,0,21,,1519710,9,,,0,60,,1519711,9,,,0,20,,1519696,9,,,0,20,,1519712,9,,,0,59,,1519713,9,,,0,18,,1519697,9,,,0,20,,1519714,9,,,0,60,,1519715,9,,,0,20,,1519698,9,,,0,20,,1519716,9,,,0,57,,1519717,9,,,0,21,,1519699,9,,,0,18,,1519718,9,,,0,63,,1519719,9,,,0,19,,1519700,9,,,0,19,,1519720,9,,,0,61,,1519721,9,,,0,19,,1519701,9,,,0,17,,1519722,9,,,0,62,,1519723,9,,,0,21,,1519702,9,,,0,23,,1519724,9,,,0,63,,1519725,9,,,0,23,,1519703,9,,,0,64,,1519726,9,,,0,19,,1519727,9,,,0,20,,1519704,9,,,0,59,,1519728,9,,,0,19,,1519729,9,,,0,20,,1519705,9,,,0,63,,1519730,9,,,0,30,,1519731,9,,,0,70,,1519732,9,,,0,30,,1519733,9,,,0,70,,1519734,9,,,0,30,,1519735,9,,,0,70,,1519736,9,,,0,30,,1519737,9,,,0,70,,1519738,9,,,0,30,,1519739,9,,,0
7000,'20261010',636,,1547856,9,,,0,70,,1547874,9,,,0,30,,1547857,9,,,0,70,,1547875,9,,,0,30,,1547858,9,,,0,70,,1547876,9,,,0,30,,1547859,9,,,0,70,,1547877,9,,,0,30,,1547860,9,,,0,70,,1547878,9,,,0,30,,1547861,9,,,0,71,,1547879,9,,,0,30,,1547862,9,,,0,70,,1547880,9,,,0,30,,1547863,9,,,0,70,,1547881,9,,,0,30,,1547864,9,,,0,70,,1547882,9,,,0,30,,1547865,9,,,0,70,,1547883,9,,,0,30,,1547866,9,,,0,70,,1547884,9,,,0,30,,1547867,9,,,0,70,,1547885,9,,,0,29,,1547868,9,,,0,70,,1547889,9,,,0,30,,1547886,9,,,0,70,,1547869,9,,,0,30,,1547887,9,,,0,70,,1547870,9,,,0,30,,1547873,9,,,0,70,,1547871,9,,,0,30,,1547888,9,,,0,70,,1547872,9,,,0
7000,'20261011',636,,1547890,9,,,0,70,,1547907,9,,,0,30,,1547891,9,,,0,70,,1547908,9,,,0,30,,1547892,9,,,0,70,,1547909,9,,,0,30,,1547893,9,,,0,70,,1547910,9,,,0,30,,1547894,9,,,0,70,,1547911,9,,,0,30,,1547895,9,,,0,71,,1547912,9,,,0,30,,1547896,9,,,0,70,,1547913,9,,,0,30,,1547897,9,,,0,70,,1547914,9,,,0,30,,1547898,9,,,0,70,,1547915,9,,,0,30,,1547899,9,,,0,70,,1547916,9,,,0,30,,1547900,9,,,0,70,,1547917,9,,,0,30,,1547901,9,,,0,70,,1547918,9,,,0,29,,1547902,9,,,0,70,,1547919,9,,,0,30,,1547903,9,,,0,70,,1547920,9,,,0,30,,1547904,9,,,0,70,,1547922,9,,,0,30,,1547905,9,,,0,70,,1547921,9,,,0,30,,1547906,9,,,0,70,,1547923,9,,,0
7000,'20261012',636,,1547924,9,,,0,70,,1547941,9,,,0,30,,1547925,9,,,0,70,,1547942,9,,,0,30,,1547926,9,,,0,70,,1547943,9,,,0,30,,1547927,9,,,0,70,,1547944,9,,,0,30,,1547928,9,,,0,70,,1547945,9,,,0,30,,1547929,9,,,0,71,,1547946,9,,,0,30,,1547930,9,,,0,70,,1547947,9,,,0,30,,1547931,9,,,0,70,,1547948,9,,,0,30,,1547932,9,,,0,70,,1547949,9,,,0,30,,1547933,9,,,0,70,,1547950,9,,,0,30,,1547934,9,,,0,70,,1547951,9,,,0,30,,1547935,9,,,0,70,,1547952,9,,,0,29,,1547936,9,,,0,70,,1547953,9,,,0,30,,1547937,9,,,0,70,,1547954,9,,,0,30,,1547938,9,,,0,70,,1547956,9,,,0,30,,1547939,9,,,0,70,,1547955,9,,,0,30,,1547940,9,,,0,70,,1547957,9,,,0
7000,'20261013',636,,1572827,9,,,0,16,,1572840,9,,,0,62,,1572841,9,,,0,22,,1572828,9,,,0,20,,1572842,9,,,0,62,,1572843,9,,,0,20,,1572829,9,,,0,21,,1572844,9,,,0,60,,1572845,9,,,0,20,,1572830,9,,,0,20,,1572846,9,,,0,59,,1572847,9,,,0,18,,1572831,9,,,0,20,,1572848,9,,,0,60,,1572849,9,,,0,20,,1572832,9,,,0,20,,1572850,9,,,0,57,,1572851,9,,,0,21,,1572833,9,,,0,18,,1572852,9,,,0,63,,1572853,9,,,0,19,,1572834,9,,,0,19,,1572854,9,,,0,61,,1572855,9,,,0,19,,1572835,9,,,0,17,,1572856,9,,,0,62,,1572857,9,,,0,21,,1572836,9,,,0,23,,1572858,9,,,0,63,,1572859,9,,,0,23,,1572837,9,,,0,64,,1572860,9,,,0,19,,1572861,9,,,0,20,,1572838,9,,,0,59,,1572862,9,,,0,19,,1572863,9,,,0,20,,1572839,9,,,0,63,,1572864,9,,,0,30,,1572865,9,,,0,70,,1572866,9,,,0,30,,1572867,9,,,0,70,,1572868,9,,,0,30,,1572869,9,,,0,70,,1572870,9,,,0,30,,1572871,9,,,0,70,,1572872,9,,,0,30,,1572873,9,,,0
7000,'20261014',636,,1572874,9,,,0,16,,1572887,9,,,0,62,,1572888,9,,,0,22,,1572875,9,,,0,20,,1572889,9,,,0,62,,1572890,9,,,0,20,,1572876,9,,,0,21,,1572891,9,,,0,60,,1572892,9,,,0,20,,1572877,9,,,0,20,,1572893,9,,,0,59,,1572894,9,,,0,18,,1572878,9,,,0,20,,1572895,9,,,0,60,,1572896,9,,,0,20,,1572879,9,,,0,20,,1572897,9,,,0,57,,1572898,9,,,0,21,,1572880,9,,,0,18,,1572899,9,,,0,63,,1572900,9,,,0,19,,1572881,9,,,0,19,,1572901,9,,,0,61,,1572902,9,,,0,19,,1572882,9,,,0,17,,1572903,9,,,0,62,,1572904,9,,,0,21,,1572883,9,,,0,23,,1572905,9,,,0,63,,1572906,9,,,0,23,,1572884,9,,,0,64,,1572907,9,,,0,19,,1572908,9,,,0,20,,1572885,9,,,0,59,,1572909,9,,,0,19,,1572910,9,,,0,20,,1572886,9,,,0,63,,1572911,9,,,0,30,,1572912,9,,,0,70,,1572913,9,,,0,30,,1572914,9,,,0,70,,1572915,9,,,0,30,,1572916,9,,,0,70,,1572917,9,,,0,30,,1572918,9,,,0,70,,1572919,9,,,0,30,,1572920,9,,,0
7000,'20261015',636,,1572921,9,,,0,16,,1572934,9,,,0,62,,1572935,9,,,0,22,,1572922,9,,,0,20,,1572936,9,,,0,62,,1572937,9,,,0,20,,1572923,9,,,0,21,,1572938,9,,,0,60,,1572939,9,,,0,20,,1572924,9,,,0,20,,1572940,9,,,0,59,,1572941,9,,,0,18,,1572925,9,,,0,20,,1572942,9,,,0,60,,1572943,9,,,0,20,,1572926,9,,,0,20,,1572944,9,,,0,57,,1572945,9,,,0,21,,1572927,9,,,0,18,,1572946,9,,,0,63,,1572947,9,,,0,19,,1572928,9,,,0,19,,1572948,9,,,0,61,,1572949,9,,,0,19,,1572929,9,,,0,17,,1572950,9,,,0,62,,1572951,9,,,0,21,,1572930,9,,,0,23,,1572952,9,,,0,63,,1572953,9,,,0,23,,1572931,9,,,0,64,,1572954,9,,,0,19,,1572955,9,,,0,20,,1572932,9,,,0,59,,1572956,9,,,0,19,,1572957,9,,,0,20,,1572933,9,,,0,63,,1572958,9,,,0,30,,1572959,9,,,0,70,,1572960,9,,,0,30,,1572961,9,,,0,70,,1572962,9,,,0,30,,1572963,9,,,0,70,,1572964,9,,,0,30,,1572965,9,,,0,70,,1572966,9,,,0,30,,1572967,9,,,0
7000,'20261016',636,,1572968,9,,,0,16,,1572981,9,,,0,62,,1572982,9,,,0,22,,1572969,9,,,0,20,,1572983,9,,,0,62,,1572984,9,,,0,20,,1572970,9,,,0,21,,1572985,9,,,0,60,,1572986,9,,,0,20,,1572971,9,,,0,20,,1572987,9,,,0,59,,1572988,9,,,0,18,,1572972,9,,,0,20,,1572989,9,,,0,60,,1572990,9,,,0,20,,1572973,9,,,0,20,,1572991,9,,,0,57,,1572992,9,,,0,21,,1572974,9,,,0,18,,1572993,9,,,0,63,,1572994,9,,,0,19,,1572975,9,,,0,19,,1572995,9,,,0,61,,1572996,9,,,0,19,,1572976,9,,,0,17,,1572997,9,,,0,62,,1572998,9,,,0,21,,1572977,9,,,0,23,,1572999,9,,,0,63,,1573000,9,,,0,23,,1572978,9,,,0,64,,1573001,9,,,0,19,,1573002,9,,,0,20,,1572979,9,,,0,59,,1573003,9,,,0,19,,1573004,9,,,0,20,,1572980,9,,,0,63,,1573005,9,,,0,30,,1573006,9,,,0,70,,1573007,9,,,0,30,,1573008,9,,,0,70,,1573009,9,,,0,30,,1573010,9,,,0,70,,1573011,9,,,0,30,,1573012,9,,,0,70,,1573013,9,,,0,30,,1573014,9,,,0
7001,'20261002',632,,1573015,77,,,0,19,,1573016,77,,,0,58,,1573017,77,,,0,22,,1573018,77,,,0,20,,1573019,77,,,0,60,,1573020,77,,,0,18,,1573021,77,,,0,18,,1573022,77,,,0,60,,1573023,77,,,0,21,,1573024,77,,,0,18,,1573025,77,,,0,59,,1573026,77,,,0,18,,1573027,77,,,0,19,,1573028,77,,,0,60,,1573029,77,,,0,20,,1573030,77,,,0,20,,1573031,77,,,0,61,,1573032,77,,,0,20,,1573033,77,,,0,20,,1573034,77,,,0,61,,1573035,77,,,0,20,,1573036,77,,,0,19,,1573037,77,,,0,57,,1573038,77,,,0,22,,1573039,77,,,0,19,,1573040,77,,,0,63,,1573041,77,,,0,20,,1573042,77,,,0,25,,1573043,77,,,0,61,,1573044,77,,,0,21,,1573045,77,,,0,22,,1573046,77,,,0,64,,1573047,77,,,0,23,,1573048,77,,,0,61,,1573049,77,,,0,22,,1573050,77,,,0,19,,1573051,77,,,0,60,,1573052,77,,,0,35,,1573053,77,,,0,70,,1573054,77,,,0,30,,1573055,77,,,0,70,,1573056,77,,,0,30,,1573057,77,,,0,70,,1573058,77,,,0,30,,1573059,77,,,0,70,,1573060,77,,,0,30,,1573061,77,,,0
7001,'20261003',637,,1573062,77,,,0,70,,1573063,77,,,0,30,,1573064,77,,,0,70,,1573065,77,,,0,30,,1573066,77,,,0,70,,1573067,77,,,0,30,,1573068,77,,,0,70,,1573069,77,,,0,30,,1573070,77,,,0,70,,1573071,77,,,0,30,,1573072,77,,,0,70,,1573073,77,,,0,30,,1573074,77,,,0,70,,1573075,77,,,0,30,,1573076,77,,,0,70,,1573077,77,,,0,30,,1573078,77,,,0,70,,1573079,77,,,0,30,,1573080,77,,,0,70,,1573081,77,,,0,30,,1573082,77,,,0,70,,1573083,77,,,0,30,,1573084,77,,,0,70,,1573085,77,,,0,30,,1573086,77,,,0,70,,1573087,77,,,0,30,,1573088,77,,,0,70,,1573089,77,,,0,30,,1573090,77,,,0,70,,1573091,77,,,0,30,,1573092,77,,,0,70,,1573093,77,,,0,30,,1573094,77,,,0,70,,1573095,77,,,0
7001,'20261004',637,,1573096,77,,,0,70,,1573097,77,,,0,30,,1573098,77,,,0,70,,1573099,77,,,0,30,,1573100,77,,,0,70,,1573101,77,,,0,30,,1573102,77,,,0,70,,1573103,77,,,0,30,,1573104,77,,,0,70,,1573105,77,,,0,30,,1573106,77,,,0,70,,1573107,77,,,0,30,,1573108,77,,,0,70,,1573109,77,,,0,30,,1573110,77,,,0,70,,1573111,77,,,0,30,,1573112,77,,,0,70,,1573113,77,,,0,30,,1573114,77,,,0,70,,1573115,77,,,0,30,,1573116,77,,,0,70,,1573117,77,,,0,30,,1573118,77,,,0,70,,1573119,77,,,0,30,,1573120,77,,,0,70,,1573121,77,,,0,30,,1573122,77,,,0,70,,1573123,77,,,0,30,,1573124,77,,,0,70,,1573125,77,,,0,30,,1573126,77,,,0,70,,1573127,77,,,0,30,,1573128,77,,,0,70,,1573129,77,,,0
7001,'20261005',632,,1573130,77,,,0,19,,1573131,77,,,0,58,,1573132,77,,,0,22,,1573133,77,,,0,20,,1573134,77,,,0,60,,1573135,77,,,0,18,,1573136,77,,,0,18,,1573137,77,,,0,60,,1573138,77,,,0,21,,1573139,77,,,0,18,,1573140,77,,,0,59,,1573141,77,,,0,18,,1573142,77,,,0,19,,1573143,77,,,0,60,,1573144,77,,,0,20,,1573145,77,,,0,20,,1573146,77,,,0,61,,1573147,77,,,0,20,,1573148,77,,,0,20,,1573149,77,,,0,61,,1573150,77,,,0,20,,1573151,77,,,0,19,,1573152,77,,,0,57,,1573153,77,,,0,22,,1573154,77,,,0,19,,1573155,77,,,0,63,,1573156,77,,,0,20,,1573157,77,,,0,25,,1573158,77,,,0,61,,1573159,77,,,0,21,,1573160,77,,,0,22,,1573161,77,,,0,64,,1573162,77,,,0,23,,1573163,77,,,0,61,,1573164,77,,,0,22,,1573165,77,,,0,19,,1573166,77,,,0,60,,1573167,77,,,0,35,,1573168,77,,,0,70,,1573169,77,,,0,30,,1573170,77,,,0,70,,1573171,77,,,0,30,,1573172,77,,,0,70,,1573173,77,,,0,30,,1573174,77,,,0,70,,1573175,77,,,0,30,,1573176,77,,,0
7001,'20261006',632,,1519902,77,,,0,19,,1519919,77,,,0,58,,1519920,77,,,0,22,,1519903,77,,,0,20,,1519921,77,,,0,60,,1519922,77,,,0,18,,1519904,77,,,0,18,,1519923,77,,,0,60,,1519924,77,,,0,21,,1519905,77,,,0,18,,1519925,77,,,0,59,,1519926,77,,,0,18,,1519906,77,,,0,19,,1519927,77,,,0,60,,1519928,77,,,0,20,,1519907,77,,,0,20,,1519929,77,,,0,61,,1519930,77,,,0,20,,1519908,77,,,0,20,,1519931,77,,,0,61,,1519932,77,,,0,20,,1519909,77,,,0,19,,1519933,77,,,0,57,,1519934,77,,,0,22,,1519910,77,,,0,19,,1519935,77,,,0,63,,1519936,77,,,0,20,,1519911,77,,,0,25,,1519937,77,,,0,61,,1519938,77,,,0,21,,1519912,77,,,0,22,,1519939,77,,,0,64,,1519940,77,,,0,23,,1519913,77,,,0,61,,1519941,77,,,0,22,,1519942,77,,,0,19,,1519914,77,,,0,60,,1519943,77,,,0,35,,1519915,77,,,0,70,,1519944,77,,,0,30,,1519916,77,,,0,70,,1519945,77,,,0,30,,1519917,77,,,0,70,,1519946,77,,,0,30,,1519918,77,,,0,70,,1519947,77,,,0,30,,1519948,77,,,0
7001,'20261007',632,,1519949,77,,,0,19,,1519966,77,,,0,58,,1519967,77,,,0,22,,1519950,77,,,0,20,,1519968,77,,,0,60,,1519969,77,,,0,18,,1519951,77,,,0,18,,1519970,77,,,0,60,,1519971,77,,,0,21,,1519952,77,,,0,18,,1519972,77,,,0,59,,1519973,77,,,0,18,,1519953,77,,,0,19,,1519974,77,,,0,60,,1519975,77,,,0,20,,1519954,77,,,0,20,,1519976,77,,,0,61,,1519977,77,,,0,20,,1519955,77,,,0,20,,1519978,77,,,0,61,,1519979,77,,,0,20,,1519956,77,,,0,19,,1519980,77,,,0,57,,1519981,77,,,0,22,,1519957,77,,,0,19,,1519982,77,,,0,63,,1519983,77,,,0,20,,1519958,77,,,0,25,,1519984,77,,,0,61,,1519985,77,,,0,21,,1519959,77,,,0,22,,1519986,77,,,0,64,,1519987,77,,,0,23,,1519960,77,,,0,61,,1519988,77,,,0,22,,1519989,77,,,0,19,,1519961,77,,,0,60,,1519990,77,,,0,35,,1519962,77,,,0,70,,1519991,77,,,0,30,,1519963,77,,,0,70,,1519992,77,,,0,30,,1519964,77,,,0,70,,1519993,77,,,0,30,,1519965,77,,,0,70,,1519994,77,,,0,30,,1519995,77,,,0
7001,'20261008',632,,1519996,77,,,0,19,,1520013,77,,,0,58,,1520014,77,,,0,22,,1519997,77,,,0,20,,1520015,77,,,0,60,,1520016,77,,,0,18,,1519998,77,,,0,18,,1520017,77,,,0,60,,1520018,77,,,0,21,,1519999,77,,,0,18,,1520019,77,,,0,59,,1520020,77,,,0,18,,1520000,77,,,0,19,,1520021,77,,,0,60,,1520022,77,,,0,20,,1520001,77,,,0,20,,1520023,77,,,0,61,,1520024,77,,,0,20,,1520002,77,,,0,20,,1520025,77,,,0,61,,1520026,77,,,0,20,,1520003,77,,,0,19,,1520027,77,,,0,57,,1520028,77,,,0,22,,1520004,77,,,0,19,,1520029,77,,,0,63,,1520030,77,,,0,20,,1520005,77,,,0,25,,1520031,77,,,0,61,,1520032,77,,,0,21,,1520006,77,,,0,22,,1520033,77,,,0,64,,1520034,77,,,0,23,,1520007,77,,,0,61,,1520035,77,,,0,22,,1520036,77,,,0,19,,1520008,77,,,0,60,,1520037,77,,,0,35,,1520009,77,,,0,70,,1520038,77,,,0,30,,1520010,77,,,0,70,,1520039,77,,,0,30,,1520011,77,,,0,70,,1520040,77,,,0,30,,1520012,77,,,0,70,,1520041,77,,,0,30,,1520042,77,,,0
7001,'20261009',632,,1520043,77,,,0,19,,1520060,77,,,0,58,,1520061,77,,,0,22,,1520044,77,,,0,20,,1520062,77,,,0,60,,1520063,77,,,0,18,,1520045,77,,,0,18,,1520064,77,,,0,60,,1520065,77,,,0,21,,1520046,77,,,0,18,,1520066,77,,,0,59,,1520067,77,,,0,18,,1520047,77,,,0,19,,1520068,77,,,0,60,,1520069,77,,,0,20,,1520048,77,,,0,20,,1520070,77,,,0,61,,1520071,77,,,0,20,,1520049,77,,,0,20,,1520072,77,,,0,61,,1520073,77,,,0,20,,1520050,77,,,0,19,,1520074,77,,,0,57,,1520075,77,,,0,22,,1520051,77,,,0,19,,1520076,77,,,0,63,,1520077,77,,,0,20,,1520052,77,,,0,25,,1520078,77,,,0,61,,1520079,77,,,0,21,,1520053,77,,,0,22,,1520080,77,,,0,64,,1520081,77,,,0,23,,1520054,77,,,0,61,,1520082,77,,,0,22,,1520083,77,,,0,19,,1520055,77,,,0,60,,1520084,77,,,0,35,,1520056,77,,,0,70,,1520085,77,,,0,30,,1520057,77,,,0,70,,1520086,77,,,0,30,,1520058,77,,,0,70,,1520087,77,,,0,30,,1520059,77,,,0,70,,1520088,77,,,0,30,,1520089,77,,,0
7001,'20261010',637,,1548099,77,,,0,70,,1548115,77,,,0,30,,1548100,77,,,0,70,,1548116,77,,,0,30,,1548101,77,,,0,70,,1548117,77,,,0,30,,1548102,77,,,0,70,,1548118,77,,,0,30,,1548103,77,,,0,70,,1548119,77,,,0,30,,1548104,77,,,0,70,,1548120,77,,,0,30,,1548105,77,,,0,70,,1548121,77,,,0,30,,1548106,77,,,0,70,,1548122,77,,,0,30,,1548123,77,,,0,70,,1548124,77,,,0,30,,1548125,77,,,0,70,,1548126,77,,,0,30,,1548107,77,,,0,70,,1548127,77,,,0,30,,1548108,77,,,0,70,,1548128,77,,,0,30,,1548109,77,,,0,70,,1548129,77,,,0,30,,1548130,77,,,0,70,,1548110,77,,,0,30,,1548131,77,,,0,70,,1548111,77,,,0,30,,1548114,77,,,0,70,,1548112,77,,,0,30,,1548132,77,,,0,70,,1548113,77,,,0
7001,'20261011',637,,1548133,77,,,0,70,,1548150,77,,,0,30,,1548134,77,,,0,70,,1548151,77,,,0,30,,1548135,77,,,0,70,,1548149,77,,,0,30,,1548136,77,,,0,70,,1548152,77,,,0,30,,1548137,77,,,0,70,,1548153,77,,,0,30,,1548138,77,,,0,70,,1548154,77,,,0,30,,1548139,77,,,0,70,,1548155,77,,,0,30,,1548140,77,,,0,70,,1548156,77,,,0,30,,1548157,77,,,0,70,,1548158,77,,,0,30,,1548159,77,,,0,70,,1548160,77,,,0,30,,1548141,77,,,0,70,,1548161,77,,,0,30,,1548142,77,,,0,70,,1548162,77,,,0,30,,1548143,77,,,0,70,,1548163,77,,,0,30,,1548164,77,,,0,70,,1548144,77,,,0,30,,1548165,77,,,0,70,,1548145,77,,,0,30,,1548148,77,,,0,70,,1548146,77,,,0,30,,1548166,77,,,0,70,,1548147,77,,,0
7001,'20261012',637,,1548167,77,,,0,70,,1548184,77,,,0,30,,1548168,77,,,0,70,,1548185,77,,,0,30,,1548169,77,,,0,70,,1548183,77,,,0,30,,1548170,77,,,0,70,,1548186,77,,,0,30,,1548171,77,,,0,70,,1548187,77,,,0,30,,1548172,77,,,0,70,,1548188,77,,,0,30,,1548173,77,,,0,70,,1548189,77,,,0,30,,1548174,77,,,0,70,,1548190,77,,,0,30,,1548191,77,,,0,70,,1548192,77,,,0,30,,1548193,77,,,0,70,,1548194,77,,,0,30,,1548175,77,,,0,70,,1548195,77,,,0,30,,1548176,77,,,0,70,,1548196,77,,,0,30,,1548177,77,,,0,70,,1548197,77,,,0,30,,1548198,77,,,0,70,,1548178,77,,,0,30,,1548199,77,,,0,70,,1548179,77,,,0,30,,1548182,77,,,0,70,,1548180,77,,,0,30,,1548200,77,,,0,70,,1548181,77,,,0
7001,'20261013',632,,1573177,77,,,0,19,,1573194,77,,,0,58,,1573195,77,,,0,22,,1573178,77,,,0,20,,1573196,77,,,0,60,,1573197,77,,,0,18,,1573179,77,,,0,18,,1573198,77,,,0,60,,1573199,77,,,0,21,,1573180,77,,,0,18,,1573200,77,,,0,59,,1573201,77,,,0,18,,1573181,77,,,0,19,,1573202,77,,,0,60,,1573203,77,,,0,20,,1573182,77,,,0,20,,1573204,77,,,0,61,,1573205,77,,,0,20,,1573183,77,,,0,20,,1573206,77,,,0,61,,1573207,77,,,0,20,,1573184,77,,,0,19,,1573208,77,,,0,57,,1573209,77,,,0,22,,1573185,77,,,0,19,,1573210,77,,,0,63,,1573211,77,,,0,20,,1573186,77,,,0,25,,1573212,77,,,0,61,,1573213,77,,,0,21,,1573187,77,,,0,22,,1573214,77,,,0,64,,1573215,77,,,0,23,,1573188,77,,,0,61,,1573216,77,,,0,22,,1573217,77,,,0,19,,1573189,77,,,0,60,,1573218,77,,,0,35,,1573190,77,,,0,70,,1573219,77,,,0,30,,1573191,77,,,0,70,,1573220,77,,,0,30,,1573192,77,,,0,70,,1573221,77,,,0,30,,1573193,77,,,0,70,,1573222,77,,,0,30,,1573223,77,,,0
7001,'20261014',632,,1573224,77,,,0,19,,1573241,77,,,0,58,,1573242,77,,,0,22,,1573225,77,,,0,20,,1573243,77,,,0,60,,1573244,77,,,0,18,,1573226,77,,,0,18,,1573245,77,,,0,60,,1573246,77,,,0,21,,1573227,77,,,0,18,,1573247,77,,,0,59,,1573248,77,,,0,18,,1573228,77,,,0,19,,1573249,77,,,0,60,,1573250,77,,,0,20,,1573229,77,,,0,20,,1573251,77,,,0,61,,1573252,77,,,0,20,,1573230,77,,,0,20,,1573253,77,,,0,61,,1573254,77,,,0,20,,1573231,77,,,0,19,,1573255,77,,,0,57,,1573256,77,,,0,22,,1573232,77,,,0,19,,1573257,77,,,0,63,,1573258,77,,,0,20,,1573233,77,,,0,25,,1573259,77,,,0,61,,1573260,77,,,0,21,,1573234,77,,,0,22,,1573261,77,,,0,64,,1573262,77,,,0,23,,1573235,77,,,0,61,,1573263,77,,,0,22,,1573264,77,,,0,19,,1573236,77,,,0,60,,1573265,77,,,0,35,,1573237,77,,,0,70,,1573266,77,,,0,30,,1573238,77,,,0,70,,1573267,77,,,0,30,,1573239,77,,,0,70,,1573268,77,,,0,30,,1573240,77,,,0,70,,1573269,77,,,0,30,,1573270,77,,,0
7001,'20261015',632,,1573271,77,,,0,19,,1573288,77,,,0,58,,1573289,77,,,0,22,,1573272,77,,,0,20,,1573290,77,,,0,60,,1573291,77,,,0,18,,1573273,77,,,0,18,,1573292,77,,,0,60,,1573293,77,,,0,21,,1573274,77,,,0,18,,1573294,77,,,0,59,,1573295,77,,,0,18,,1573275,77,,,0,19,,1573296,77,,,0,60,,1573297,77,,,0,20,,1573276,77,,,0,20,,1573298,77,,,0,61,,1573299,77,,,0,20,,1573277,77,,,0,20,,1573300,77,,,0,61,,1573301,77,,,0,20,,1573278,77,,,0,19,,1573302,77,,,0,57,,1573303,77,,,0,22,,1573279,77,,,0,19,,1573304,77,,,0,63,,1573305,77,,,0,20,,1573280,77,,,0,25,,1573306,77,,,0,61,,1573307,77,,,0,21,,1573281,77,,,0,22,,1573308,77,,,0,64,,1573309,77,,,0,23,,1573282,77,,,0,61,,1573310,77,,,0,22,,1573311,77,,,0,19,,1573283,77,,,0,60,,1573312,77,,,0,35,,1573284,77,,,0,70,,1573313,77,,,0,30,,1573285,77,,,0,70,,1573314,77,,,0,30,,1573286,77,,,0,70,,1573315,77,,,0,30,,1573287,77,,,0,70,,1573316,77,,,0,30,,1573317,77,,,0
7001,'20261016',632,,1573318,77,,,0,19,,1573335,77,,,0,58,,1573336,77,,,0,22,,1573319,77,,,0,20,,1573337,77,,,0,60,,1573338,77,,,0,18,,1573320,77,,,0,18,,1573339,77,,,0,60,,1573340,77,,,0,21,,1573321,77,,,0,18,,1573341,77,,,0,59,,1573342,77,,,0,18,,1573322,77,,,0,19,,1573343,77,,,0,60,,1573344,77,,,0,20,,1573323,77,,,0,20,,1573345,77,,,0,61,,1573346,77,,,0,20,,1573324,77,,,0,20,,1573347,77,,,0,61,,1573348,77,,,0,20,,1573325,77,,,0,19,,1573349,77,,,0,57,,1573350,77,,,0,22,,1573326,77,,,0,19,,1573351,77,,,0,63,,1573352,77,,,0,20,,1573327,77,,,0,25,,1573353,77,,,0,61,,1573354,77,,,0,21,,1573328,77,,,0,22,,1573355,77,,,0,64,,1573356,77,,,0,23,,1573329,77,,,0,61,,1573357,77,,,0,22,,1573358,77,,,0,19,,1573330,77,,,0,60,,1573359,77,,,0,35,,1573331,77,,,0,70,,1573360,77,,,0,30,,1573332,77,,,0,70,,1573361,77,,,0,30,,1573333,77,,,0,70,,1573362,77,,,0,30,,1573334,77,,,0,70,,1573363,77,,,0,30,,1573364,77,,,0
7100,'20261002',630,,1573365,38,,,0,20,,1573366,38,,,0,59,,1573367,38,,,0,18,,1573368,38,,,0,20,,1573369,38,,,0,61,,1573370,38,,,0,23,,1573371,38,,,0,18,,1573372,38,,,0,59,,1573373,38,,,0,25,,1573374,38,,,0,19,,1573375,38,,,0,59,,1573376,38,,,0,20,,1573377,38,,,0,17,,1573378,38,,,0,59,,1573379,38,,,0,25,,1573380,38,,,0,21,,1573381,38,,,0,60,,1573382,38,,,0,20,,1573383,38,,,0,17,,1573384,38,,,0,59,,1573385,38,,,0,22,,1573386,38,,,0,21,,1573387,38,,,0,60,,1573388,38,,,0,20,,1573389,38,,,0,19,,1573390,38,,,0,62,,1573391,38,,,0,19,,1573392,38,,,0,19,,1573393,38,,,0,57,,1573394,38,,,0,20,,1573395,38,,,0,21,,1573396,38,,,0,63,,1573397,38,,,0,25,,1573398,38,,,0,21,,1573399,38,,,0,61,,1573400,38,,,0,21,,1573401,38,,,0,60,,1573402,38,,,0,21,,1573403,38,,,0,30,,1573404,38,,,0,70,,1573405,38,,,0,30,,1573406,38,,,0,70,,1573407,38,,,0,30,,1573408,38,,,0,70,,1573409,38,,,0,30,,1573410,38,,,0,70,,1573411,38,,,0
7100,'20261003',724,,1573412,38,,,0,30,,1573413,38,,,0,70,,1573414,38,,,0,30,,1573415,38,,,0,71,,1573416,38,,,0,28,,1573417,38,,,0,70,,1573418,38,,,0,30,,1573419,38,,,0,69,,1573420,38,,,0,29,,1573421,38,,,0,71,,1573422,38,,,0,30,,1573423,38,,,0,70,,1573424,38,,,0,29,,1573425,38,,,0,73,,1573426,38,,,0,28,,1573427,38,,,0,70,,1573428,38,,,0,28,,1573429,38,,,0,72,,1573430,38,,,0,29,,1573431,38,,,0,71,,1573432,38,,,0,30,,1573433,38,,,0,70,,1573434,38,,,0,30,,1573435,38,,,0,70,,1573436,38,,,0,30,,1573437,38,,,0,70,,1573438,38,,,0,32,,1573439,38,,,0,70,,1573440,38,,,0,29,,1573441,38,,,0,70,,1573442,38,,,0,30,,1573443,38,,,0,70,,1573444,38,,,0
7100,'20261004',724,,1573445,38,,,0,30,,1573446,38,,,0,70,,1573447,38,,,0,30,,1573448,38,,,0,71,,1573449,38,,,0,28,,1573450,38,,,0,70,,1573451,38,,,0,30,,1573452,38,,,0,69,,1573453,38,,,0,29,,1573454,38,,,0,71,,1573455,38,,,0,30,,1573456,38,,,0,70,,1573457,38,,,0,29,,1573458,38,,,0,73,,1573459,38,,,0,28,,1573460,38,,,0,70,,1573461,38,,,0,28,,1573462,38,,,0,72,,1573463,38,,,0,29,,1573464,38,,,0,71,,1573465,38,,,0,30,,1573466,38,,,0,70,,1573467,38,,,0,30,,1573468,38,,,0,70,,1573469,38,,,0,30,,1573470,38,,,0,70,,1573471,38,,,0,32,,1573472,38,,,0,70,,1573473,38,,,0,29,,1573474,38,,,0,70,,1573475,38,,,0,30,,1573476,38,,,0,70,,1573477,38,,,0
7100,'20261005',630,,1573478,38,,,0,20,,1573479,38,,,0,59,,1573480,38,,,0,18,,1573481,38,,,0,20,,1573482,38,,,0,61,,1573483,38,,,0,23,,1573484,38,,,0,18,,1573485,38,,,0,59,,1573486,38,,,0,25,,1573487,38,,,0,19,,1573488,38,,,0,59,,1573489,38,,,0,20,,1573490,38,,,0,17,,1573491,38,,,0,59,,1573492,38,,,0,25,,1573493,38,,,0,21,,1573494,38,,,0,60,,1573495,38,,,0,20,,1573496,38,,,0,17,,1573497,38,,,0,59,,1573498,38,,,0,22,,1573499,38,,,0,21,,1573500,38,,,0,60,,1573501,38,,,0,20,,1573502,38,,,0,19,,1573503,38,,,0,62,,1573504,38,,,0,19,,1573505,38,,,0,19,,1573506,38,,,0,57,,1573507,38,,,0,20,,1573508,38,,,0,21,,1573509,38,,,0,63,,1573510,38,,,0,25,,1573511,38,,,0,21,,1573512,38,,,0,61,,1573513,38,,,0,21,,1573514,38,,,0,60,,1573515,38,,,0,21,,1573516,38,,,0,30,,1573517,38,,,0,70,,1573518,38,,,0,30,,1573519,38,,,0,70,,1573520,38,,,0,30,,1573521,38,,,0,70,,1573522,38,,,0,30,,1573523,38,,,0,70,,1573524,38,,,0
7100,'20261006',630,,1520296,38,,,0,20,,1520295,38,,,0,59,,1520250,38,,,0,18,,1520251,38,,,0,20,,1520252,38,,,0,61,,1520253,38,,,0,23,,1520254,38,,,0,18,,1520255,38,,,0,59,,1520256,38,,,0,25,,1520257,38,,,0,19,,1520258,38,,,0,59,,1520259,38,,,0,20,,1520260,38,,,0,17,,1520261,38,,,0,59,,1520262,38,,,0,25,,1520263,38,,,0,21,,1520264,38,,,0,60,,1520265,38,,,0,20,,1520266,38,,,0,17,,1520267,38,,,0,59,,1520268,38,,,0,22,,1520269,38,,,0,21,,1520270,38,,,0,60,,1520271,38,,,0,20,,1520272,38,,,0,19,,1520273,38,,,0,62,,1520274,38,,,0,19,,1520275,38,,,0,19,,1520276,38,,,0,57,,1520278,38,,,0,20,,1520279,38,,,0,21,,1520280,38,,,0,63,,1520277,38,,,0,25,,1520281,38,,,0,21,,1520282,38,,,0,61,,1520283,38,,,0,21,,1520284,38,,,0,60,,1520285,38,,,0,21,,1520286,38,,,0,30,,1520287,38,,,0,70,,1520288,38,,,0,30,,1520289,38,,,0,70,,1520290,38,,,0,30,,1520291,38,,,0,70,,1520292,38,,,0,30,,1520293,38,,,0,70,,1520294,38,,,0
7100,'20261007',630,,1520343,38,,,0,20,,1520342,38,,,0,59,,1520297,38,,,0,18,,1520298,38,,,0,20,,1520299,38,,,0,61,,1520300,38,,,0,23,,1520301,38,,,0,18,,1520302,38,,,0,59,,1520303,38,,,0,25,,1520304,38,,,0,19,,1520305,38,,,0,59,,1520306,38,,,0,20,,1520307,38,,,0,17,,1520308,38,,,0,59,,1520309,38,,,0,25,,1520310,38,,,0,21,,1520311,38,,,0,60,,1520312,38,,,0,20,,1520313,38,,,0,17,,1520314,38,,,0,59,,1520315,38,,,0,22,,1520316,38,,,0,21,,1520317,38,,,0,60,,1520318,38,,,0,20,,1520319,38,,,0,19,,1520320,38,,,0,62,,1520321,38,,,0,19,,1520322,38,,,0,19,,1520323,38,,,0,57,,1520325,38,,,0,20,,1520326,38,,,0,21,,1520327,38,,,0,63,,1520324,38,,,0,25,,1520328,38,,,0,21,,1520329,38,,,0,61,,1520330,38,,,0,21,,1520331,38,,,0,60,,1520332,38,,,0,21,,1520333,38,,,0,30,,1520334,38,,,0,70,,1520335,38,,,0,30,,1520336,38,,,0,70,,1520337,38,,,0,30,,1520338,38,,,0,70,,1520339,38,,,0,30,,1520340,38,,,0,70,,1520341,38,,,0
7100,'20261008',630,,1520390,38,,,0,20,,1520389,38,,,0,59,,1520344,38,,,0,18,,1520345,38,,,0,20,,1520346,38,,,0,61,,1520347,38,,,0,23,,1520348,38,,,0,18,,1520349,38,,,0,59,,1520350,38,,,0,25,,1520351,38,,,0,19,,1520352,38,,,0,59,,1520353,38,,,0,20,,1520354,38,,,0,17,,1520355,38,,,0,59,,1520356,38,,,0,25,,1520357,38,,,0,21,,1520358,38,,,0,60,,1520359,38,,,0,20,,1520360,38,,,0,17,,1520361,38,,,0,59,,1520362,38,,,0,22,,1520363,38,,,0,21,,1520364,38,,,0,60,,1520365,38,,,0,20,,1520366,38,,,0,19,,1520367,38,,,0,62,,1520368,38,,,0,19,,1520369,38,,,0,19,,1520370,38,,,0,57,,1520372,38,,,0,20,,1520373,38,,,0,21,,1520374,38,,,0,63,,1520371,38,,,0,25,,1520375,38,,,0,21,,1520376,38,,,0,61,,1520377,38,,,0,21,,1520378,38,,,0,60,,1520379,38,,,0,21,,1520380,38,,,0,30,,1520381,38,,,0,70,,1520382,38,,,0,30,,1520383,38,,,0,70,,1520384,38,,,0,30,,1520385,38,,,0,70,,1520386,38,,,0,30,,1520387,38,,,0,70,,1520388,38,,,0
7100,'20261009',630,,1520437,38,,,0,20,,1520436,38,,,0,59,,1520391,38,,,0,18,,1520392,38,,,0,20,,1520393,38,,,0,61,,1520394,38,,,0,23,,1520395,38,,,0,18,,1520396,38,,,0,59,,1520397,38,,,0,25,,1520398,38,,,0,19,,1520399,38,,,0,59,,1520400,38,,,0,20,,1520401,38,,,0,17,,1520402,38,,,0,59,,1520403,38,,,0,25,,1520404,38,,,0,21,,1520405,38,,,0,60,,1520406,38,,,0,20,,1520407,38,,,0,17,,1520408,38,,,0,59,,1520409,38,,,0,22,,1520410,38,,,0,21,,1520411,38,,,0,60,,1520412,38,,,0,20,,1520413,38,,,0,19,,1520414,38,,,0,62,,1520415,38,,,0,19,,1520416,38,,,0,19,,1520417,38,,,0,57,,1520419,38,,,0,20,,1520420,38,,,0,21,,1520421,38,,,0,63,,1520418,38,,,0,25,,1520422,38,,,0,21,,1520423,38,,,0,61,,1520424,38,,,0,21,,1520425,38,,,0,60,,1520426,38,,,0,21,,1520427,38,,,0,30,,1520428,38,,,0,70,,1520429,38,,,0,30,,1520430,38,,,0,70,,1520431,38,,,0,30,,1520432,38,,,0,70,,1520433,38,,,0,30,,1520434,38,,,0,70,,1520435,38,,,0
7100,'20261010',724,,1548342,38,,,0,30,,1548343,38,,,0,70,,1548344,38,,,0,30,,1548345,38,,,0,71,,1548346,38,,,0,28,,1548347,38,,,0,70,,1548348,38,,,0,30,,1548349,38,,,0,69,,1548350,38,,,0,29,,1548351,38,,,0,71,,1548352,38,,,0,30,,1548354,38,,,0,70,,1548355,38,,,0,29,,1548356,38,,,0,73,,1548353,38,,,0,28,,1548357,38,,,0,70,,1548358,38,,,0,28,,1548359,38,,,0,72,,1548360,38,,,0,29,,1548361,38,,,0,71,,1548362,38,,,0,30,,1548363,38,,,0,70,,1548364,38,,,0,30,,1548365,38,,,0,70,,1548366,38,,,0,30,,1548367,38,,,0,70,,1548368,38,,,0,32,,1548369,38,,,0,70,,1548370,38,,,0,29,,1548371,38,,,0,70,,1548372,38,,,0,30,,1548373,38,,,0,70,,1548374,38,,,0
7100,'20261011',724,,1548375,38,,,0,30,,1548376,38,,,0,70,,1548377,38,,,0,30,,1548378,38,,,0,71,,1548379,38,,,0,28,,1548380,38,,,0,70,,1548381,38,,,0,30,,1548383,38,,,0,69,,1548384,38,,,0,29,,1548385,38,,,0,71,,1548382,38,,,0,30,,1548386,38,,,0,70,,1548387,38,,,0,29,,1548388,38,,,0,73,,1548389,38,,,0,28,,1548390,38,,,0,70,,1548391,38,,,0,28,,1548392,38,,,0,72,,1548393,38,,,0,29,,1548394,38,,,0,71,,1548395,38,,,0,30,,1548396,38,,,0,70,,1548397,38,,,0,30,,1548398,38,,,0,70,,1548399,38,,,0,30,,1548400,38,,,0,70,,1548401,38,,,0,32,,1548402,38,,,0,70,,1548403,38,,,0,29,,1548404,38,,,0,70,,1548405,38,,,0,30,,1548406,38,,,0,70,,1548407,38,,,0
7100,'20261012',724,,1548408,38,,,0,30,,1548409,38,,,0,70,,1548410,38,,,0,30,,1548411,38,,,0,71,,1548412,38,,,0,28,,1548413,38,,,0,70,,1548414,38,,,0,30,,1548416,38,,,0,69,,1548417,38,,,0,29,,1548418,38,,,0,71,,1548415,38,,,0,30,,1548419,38,,,0,70,,1548420,38,,,0,29,,1548421,38,,,0,73,,1548422,38,,,0,28,,1548423,38,,,0,70,,1548424,38,,,0,28,,1548425,38,,,0,72,,1548426,38,,,0,29,,1548427,38,,,0,71,,1548428,38,,,0,30,,1548429,38,,,0,70,,1548430,38,,,0,30,,1548431,38,,,0,70,,1548432,38,,,0,30,,1548433,38,,,0,70,,1548434,38,,,0,32,,1548435,38,,,0,70,,1548436,38,,,0,29,,1548437,38,,,0,70,,1548438,38,,,0,30,,1548439,38,,,0,70,,1548440,38,,,0
7100,'20261013',630,,1573571,38,,,0,20,,1573570,38,,,0,59,,1573525,38,,,0,18,,1573526,38,,,0,20,,1573527,38,,,0,61,,1573528,38,,,0,23,,1573529,38,,,0,18,,1573530,38,,,0,59,,1573531,38,,,0,25,,1573532,38,,,0,19,,1573533,38,,,0,59,,1573534,38,,,0,20,,1573535,38,,,0,17,,1573536,38,,,0,59,,1573537,38,,,0,25,,1573538,38,,,0,21,,1573539,38,,,0,60,,1573540,38,,,0,20,,1573541,38,,,0,17,,1573542,38,,,0,59,,1573543,38,,,0,22,,1573544,38,,,0,21,,1573545,38,,,0,60,,1573546,38,,,0,20,,1573547,38,,,0,19,,1573548,38,,,0,62,,1573549,38,,,0,19,,1573550,38,,,0,19,,1573551,38,,,0,57,,1573553,38,,,0,20,,1573554,38,,,0,21,,1573555,38,,,0,63,,1573552,38,,,0,25,,1573556,38,,,0,21,,1573557,38,,,0,61,,1573558,38,,,0,21,,1573559,38,,,0,60,,1573560,38,,,0,21,,1573561,38,,,0,30,,1573562,38,,,0,70,,1573563,38,,,0,30,,1573564,38,,,0,70,,1573565,38,,,0,30,,1573566,38,,,0,70,,1573567,38,,,0,30,,1573568,38,,,0,70,,1573569,38,,,0
7100,'20261014',630,,1573618,38,,,0,20,,1573617,38,,,0,59,,1573572,38,,,0,18,,1573573,38,,,0,20,,1573574,38,,,0,61,,1573575,38,,,0,23,,1573576,38,,,0,18,,1573577,38,,,0,59,,1573578,38,,,0,25,,1573579,38,,,0,19,,1573580,38,,,0,59,,1573581,38,,,0,20,,1573582,38,,,0,17,,1573583,38,,,0,59,,1573584,38,,,0,25,,1573585,38,,,0,21,,1573586,38,,,0,60,,1573587,38,,,0,20,,1573588,38,,,0,17,,1573589,38,,,0,59,,1573590,38,,,0,22,,1573591,38,,,0,21,,1573592,38,,,0,60,,1573593,38,,,0,20,,1573594,38,,,0,19,,1573595,38,,,0,62,,1573596,38,,,0,19,,1573597,38,,,0,19,,1573598,38,,,0,57,,1573600,38,,,0,20,,1573601,38,,,0,21,,1573602,38,,,0,63,,1573599,38,,,0,25,,1573603,38,,,0,21,,1573604,38,,,0,61,,1573605,38,,,0,21,,1573606,38,,,0,60,,1573607,38,,,0,21,,1573608,38,,,0,30,,1573609,38,,,0,70,,1573610,38,,,0,30,,1573611,38,,,0,70,,1573612,38,,,0,30,,1573613,38,,,0,70,,1573614,38,,,0,30,,1573615,38,,,0,70,,1573616,38,,,0
7100,'20261015',630,,1573665,38,,,0,20,,1573664,38,,,0,59,,1573619,38,,,0,18,,1573620,38,,,0,20,,1573621,38,,,0,61,,1573622,38,,,0,23,,1573623,38,,,0,18,,1573624,38,,,0,59,,1573625,38,,,0,25,,1573626,38,,,0,19,,1573627,38,,,0,59,,1573628,38,,,0,20,,1573629,38,,,0,17,,1573630,38,,,0,59,,1573631,38,,,0,25,,1573632,38,,,0,21,,1573633,38,,,0,60,,1573634,38,,,0,20,,1573635,38,,,0,17,,1573636,38,,,0,59,,1573637,38,,,0,22,,1573638,38,,,0,21,,1573639,38,,,0,60,,1573640,38,,,0,20,,1573641,38,,,0,19,,1573642,38,,,0,62,,1573643,38,,,0,19,,1573644,38,,,0,19,,1573645,38,,,0,57,,1573647,38,,,0,20,,1573648,38,,,0,21,,1573649,38,,,0,63,,1573646,38,,,0,25,,1573650,38,,,0,21,,1573651,38,,,0,61,,1573652,38,,,0,21,,1573653,38,,,0,60,,1573654,38,,,0,21,,1573655,38,,,0,30,,1573656,38,,,0,70,,1573657,38,,,0,30,,1573658,38,,,0,70,,1573659,38,,,0,30,,1573660,38,,,0,70,,1573661,38,,,0,30,,1573662,38,,,0,70,,1573663,38,,,0
7100,'20261016',630,,1573712,38,,,0,20,,1573711,38,,,0,59,,1573666,38,,,0,18,,1573667,38,,,0,20,,1573668,38,,,0,61,,1573669,38,,,0,23,,1573670,38,,,0,18,,1573671,38,,,0,59,,1573672,38,,,0,25,,1573673,38,,,0,19,,1573674,38,,,0,59,,1573675,38,,,0,20,,1573676,38,,,0,17,,1573677,38,,,0,59,,1573678,38,,,0,25,,1573679,38,,,0,21,,1573680,38,,,0,60,,1573681,38,,,0,20,,1573682,38,,,0,17,,1573683,38,,,0,59,,1573684,38,,,0,22,,1573685,38,,,0,21,,1573686,38,,,0,60,,1573687,38,,,0,20,,1573688,38,,,0,19,,1573689,38,,,0,62,,1573690,38,,,0,19,,1573691,38,,,0,19,,1573692,38,,,0,57,,1573694,38,,,0,20,,1573695,38,,,0,21,,1573696,38,,,0,63,,1573693,38,,,0,25,,1573697,38,,,0,21,,1573698,38,,,0,61,,1573699,38,,,0,21,,1573700,38,,,0,60,,1573701,38,,,0,21,,1573702,38,,,0,30,,1573703,38,,,0,70,,1573704,38,,,0,30,,1573705,38,,,0,70,,1573706,38,,,0,30,,1573707,38,,,0,70,,1573708,38,,,0,30,,1573709,38,,,0,70,,1573710,38,,,0
8200,'20261002',633,,1576512,33,,,0,78,,1576513,33,,,0,38,,1576514,33,,,0,71,,1576515,33,,,0,33,,1576516,33,,,0,148,,1576517,33,,,0,46,,1576518,33,,,0,100,,1576519,33,,,0,99,,1576520,33,,,0,99,,1576521,33,,,0,93,,1576522,33,,,0,99,,1576523,33,,,0,93,,1576524,33,,,0,70,,1576525,33,,,0,29,,1576526,33,,,0,28,,1576527,33,,,0,99,,1576528,33,,,0,80,,1576529,33,,,0,100,,1576530,33,,,0,100,,1576531,33,,,0,100,,1576532,33,,,0,100,,1576533,33,,,0
8200,'20261003',706,,1576534,33,,,0,100,,1576535,33,,,0,100,,1576536,33,,,0,100,,1576537,33,,,0,100,,1576538,33,,,0,100,,1576539,33,,,0,100,,1576540,33,,,0,100,,1576541,33,,,0,100,,1576542,33,,,0,100,,1576543,33,,,0,100,,1576544,33,,,0,100,,1576545,33,,,0,100,,1576546,33,,,0,100,,1576547,33,,,0,100,,1576548,33,,,0,100,,1576549,33,,,0,130,,1576550,33,,,0
8200,'20261004',706,,1576551,33,,,0,100,,1576552,33,,,0,100,,1576553,33,,,0,100,,1576554,33,,,0,100,,1576555,33,,,0,100,,1576556,33,,,0,100,,1576557,33,,,0,100,,1576558,33,,,0,100,,1576559,33,,,0,100,,1576560,33,,,0,100,,1576561,33,,,0,100,,1576562,33,,,0,100,,1576563,33,,,0,100,,1576564,33,,,0,100,,1576565,33,,,0,100,,1576566,33,,,0,130,,1576567,33,,,0
8200,'20261005',633,,1576568,33,,,0,78,,1576569,33,,,0,38,,1576570,33,,,0,71,,1576571,33,,,0,33,,1576572,33,,,0,148,,1576573,33,,,0,46,,1576574,33,,,0,100,,1576575,33,,,0,99,,1576576,33,,,0,99,,1576577,33,,,0,93,,1576578,33,,,0,99,,1576579,33,,,0,93,,1576580,33,,,0,70,,1576581,33,,,0,29,,1576582,33,,,0,28,,1576583,33,,,0,99,,1576584,33,,,0,80,,1576585,33,,,0,100,,1576586,33,,,0,100,,1576587,33,,,0,100,,1576588,33,,,0,100,,1576589,33,,,0
8200,'20261006',633,,1523335,33,,,0,78,,1523318,33,,,0,38,,1523339,33,,,0,71,,1523325,33,,,0,33,,1523334,33,,,0,148,,1523326,33,,,0,46,,1523333,33,,,0,100,,1523327,33,,,0,99,,1523319,33,,,0,99,,1523328,33,,,0,93,,1523332,33,,,0,99,,1523329,33,,,0,93,,1523320,33,,,0,70,,1523321,33,,,0,29,,1523322,33,,,0,28,,1523323,33,,,0,99,,1523330,33,,,0,80,,1523331,33,,,0,100,,1523337,33,,,0,100,,1523336,33,,,0,100,,1523338,33,,,0,100,,1523324,33,,,0
8200,'20261007',633,,1523357,33,,,0,78,,1523340,33,,,0,38,,1523361,33,,,0,71,,1523347,33,,,0,33,,1523356,33,,,0,148,,1523348,33,,,0,46,,1523355,33,,,0,100,,1523349,33,,,0,99,,1523341,33,,,0,99,,1523350,33,,,0,93,,1523354,33,,,0,99,,1523351,33,,,0,93,,1523342,33,,,0,70,,1523343,33,,,0,29,,1523344,33,,,0,28,,1523345,33,,,0,99,,1523352,33,,,0,80,,1523353,33,,,0,100,,1523359,33,,,0,100,,1523358,33,,,0,100,,1523360,33,,,0,100,,1523346,33,,,0
8200,'20261008',633,,1523379,33,,,0,78,,1523362,33,,,0,38,,1523383,33,,,0,71,,1523369,33,,,0,33,,1523378,33,,,0,148,,1523370,33,,,0,46,,1523377,33,,,0,100,,1523371,33,,,0,99,,1523363,33,,,0,99,,1523372,33,,,0,93,,1523376,33,,,0,99,,1523373,33,,,0,93,,1523364,33,,,0,70,,1523365,33,,,0,29,,1523366,33,,,0,28,,1523367,33,,,0,99,,1523374,33,,,0,80,,1523375,33,,,0,100,,1523381,33,,,0,100,,1523380,33,,,0,100,,1523382,33,,,0,100,,1523368,33,,,0
8200,'20261009',633,,1523401,33,,,0,78,,1523384,33,,,0,38,,1523405,33,,,0,71,,1523391,33,,,0,33,,1523400,33,,,0,148,,1523392,33,,,0,46,,1523399,33,,,0,100,,1523393,33,,,0,99,,1523385,33,,,0,99,,1523394,33,,,0,93,,1523398,33,,,0,99,,1523395,33,,,0,93,,1523386,33,,,0,70,,1523387,33,,,0,29,,1523388,33,,,0,28,,1523389,33,,,0,99,,1523396,33,,,0,80,,1523397,33,,,0,100,,1523403,33,,,0,100,,1523402,33,,,0,100,,1523404,33,,,0,100,,1523390,33,,,0
8200,'20261010',706,,1550522,33,,,0,100,,1550508,33,,,0,100,,1550512,33,,,0,100,,1550513,33,,,0,100,,1550520,33,,,0,100,,1550514,33,,,0,100,,1550509,33,,,0,100,,1550515,33,,,0,100,,1550521,33,,,0,100,,1550516,33,,,0,100,,1550524,33,,,0,100,,1550510,33,,,0,100,,1550517,33,,,0,100,,1550519,33,,,0,100,,1550523,33,,,0,100,,1550518,33,,,0,130,,1550511,33,,,0
8200,'20261011',706,,1550537,33,,,0,100,,1550538,33,,,0,100,,1550534,33,,,0,100,,1550539,33,,,0,100,,1550533,33,,,0,100,,1550535,33,,,0,100,,1550528,33,,,0,100,,1550525,33,,,0,100,,1550531,33,,,0,100,,1550532,33,,,0,100,,1550541,33,,,0,100,,1550529,33,,,0,100,,1550526,33,,,0,100,,1550536,33,,,0,100,,1550540,33,,,0,100,,1550527,33,,,0,130,,1550530,33,,,0
8200,'20261012',706,,1550554,33,,,0,100,,1550555,33,,,0,100,,1550551,33,,,0,100,,1550556,33,,,0,100,,1550550,33,,,0,100,,1550552,33,,,0,100,,1550545,33,,,0,100,,1550542,33,,,0,100,,1550548,33,,,0,100,,1550549,33,,,0,100,,1550558,33,,,0,100,,1550546,33,,,0,100,,1550543,33,,,0,100,,1550553,33,,,0,100,,1550557,33,,,0,100,,1550544,33,,,0,130,,1550547,33,,,0
8200,'20261013',633,,1576607,33,,,0,78,,1576590,33,,,0,38,,1576611,33,,,0,71,,1576597,33,,,0,33,,1576606,33,,,0,148,,1576598,33,,,0,46,,1576605,33,,,0,100,,1576599,33,,,0,99,,1576591,33,,,0,99,,1576600,33,,,0,93,,1576604,33,,,0,99,,1576601,33,,,0,93,,1576592,33,,,0,70,,1576593,33,,,0,29,,1576594,33,,,0,28,,1576595,33,,,0,99,,1576602,33,,,0,80,,1576603,33,,,0,100,,1576609,33,,,0,100,,1576608,33,,,0,100,,1576610,33,,,0,100,,1576596,33,,,0
8200,'20261014',633,,1576629,33,,,0,78,,1576612,33,,,0,38,,1576633,33,,,0,71,,1576619,33,,,0,33,,1576628,33,,,0,148,,1576620,33,,,0,46,,1576627,33,,,0,100,,1576621,33,,,0,99,,1576613,33,,,0,99,,1576622,33,,,0,93,,1576626,33,,,0,99,,1576623,33,,,0,93,,1576614,33,,,0,70,,1576615,33,,,0,29,,1576616,33,,,0,28,,1576617,33,,,0,99,,1576624,33,,,0,80,,1576625,33,,,0,100,,1576631,33,,,0,100,,1576630,33,,,0,100,,1576632,33,,,0,100,,1576618,33,,,0
8200,'20261015',633,,1576651,33,,,0,78,,1576634,33,,,0,38,,1576655,33,,,0,71,,1576641,33,,,0,33,,1576650,33,,,0,148,,1576642,33,,,0,46,,1576649,33,,,0,100,,1576643,33,,,0,99,,1576635,33,,,0,99,,1576644,33,,,0,93,,1576648,33,,,0,99,,1576645,33,,,0,93,,1576636,33,,,0,70,,1576637,33,,,0,29,,1576638,33,,,0,28,,1576639,33,,,0,99,,1576646,33,,,0,80,,1576647,33,,,0,100,,1576653,33,,,0,100,,1576652,33,,,0,100,,1576654,33,,,0,100,,1576640,33,,,0
8200,'20261016',633,,1576673,33,,,0,78,,1576656,33,,,0,38,,1576677,33,,,0,71,,1576663,33,,,0,33,,1576672,33,,,0,148,,1576664,33,,,0,46,,1576671,33,,,0,100,,1576665,33,,,0,99,,1576657,33,,,0,99,,1576666,33,,,0,93,,1576670,33,,,0,99,,1576667,33,,,0,93,,1576658,33,,,0,70,,1576659,33,,,0,29,,1576660,33,,,0,28,,1576661,33,,,0,99,,1576668,33,,,0,80,,1576669,33,,,0,100,,1576675,33,,,0,100,,1576674,33,,,0,100,,1576676,33,,,0,100,,1576662,33,,,0
8201,'20261002',608,,1576678,85,,,0,33,,1576679,85,,,0,70,,1576680,85,,,0,30,,1576681,85,,,0,75,,1576682,85,,,0,37,,1576683,85,,,0,75,,1576684,85,,,0,99,,1576685,85,,,0,101,,1576694,70,,,0,95,,1576686,85,,,0,98,,1576695,70,,,0,97,,1576687,85,,,0,95,,1576696,70,,,0,108,,1576688,85,,,0,100,,1576697,70,,,0,94,,1576689,85,,,0,93,,1576690,85,,,0,29,,1576691,85,,,0,99,,1576692,85,,,0,170,,1576698,70,,,0,130,,1576693,85,,,0
8201,'20261003',706,,1576699,85,,,0,100,,1576708,70,,,0,100,,1576700,85,,,0,100,,1576709,70,,,0,101,,1576701,85,,,0,100,,1576710,70,,,0,100,,1576702,85,,,0,100,,1576711,70,,,0,100,,1576703,85,,,0,100,,1576712,70,,,0,100,,1576704,85,,,0,99,,1576713,70,,,0,100,,1576705,85,,,0,100,,1576714,70,,,0,100,,1576706,85,,,0,130,,1576715,70,,,0,170,,1576707,85,,,0
8201,'20261004',706,,1576716,85,,,0,100,,1576725,70,,,0,100,,1576717,85,,,0,100,,1576726,70,,,0,101,,1576718,85,,,0,100,,1576727,70,,,0,100,,1576719,85,,,0,100,,1576728,70,,,0,100,,1576720,85,,,0,100,,1576729,70,,,0,100,,1576721,85,,,0,99,,1576730,70,,,0,100,,1576722,85,,,0,100,,1576731,70,,,0,100,,1576723,85,,,0,130,,1576732,70,,,0,170,,1576724,85,,,0
8201,'20261005',608,,1576733,85,,,0,33,,1576734,85,,,0,70,,1576735,85,,,0,30,,1576736,85,,,0,75,,1576737,85,,,0,37,,1576738,85,,,0,75,,1576739,85,,,0,99,,1576740,85,,,0,101,,1576749,70,,,0,95,,1576741,85,,,0,98,,1576750,70,,,0,97,,1576742,85,,,0,95,,1576751,70,,,0,108,,1576743,85,,,0,100,,1576752,70,,,0,94,,1576744,85,,,0,93,,1576745,85,,,0,29,,1576746,85,,,0,99,,1576747,85,,,0,170,,1576753,70,,,0,130,,1576748,85,,,0
8201,'20261006',608,,1523482,85,,,0,33,,1523483,85,,,0,70,,1523484,85,,,0,30,,1523485,85,,,0,75,,1523499,85,,,0,37,,1523496,85,,,0,75,,1523501,85,,,0,99,,1523486,85,,,0,101,,1523491,70,,,0,95,,1523487,85,,,0,98,,1523492,70,,,0,97,,1523498,85,,,0,95,,1523493,70,,,0,108,,1523497,85,,,0,100,,1523494,70,,,0,94,,1523488,85,,,0,93,,1523489,85,,,0,29,,1523500,85,,,0,99,,1523502,85,,,0,170,,1523495,70,,,0,130,,1523490,85,,,0
8201,'20261007',608,,1523503,85,,,0,33,,1523504,85,,,0,70,,1523505,85,,,0,30,,1523506,85,,,0,75,,1523520,85,,,0,37,,1523517,85,,,0,75,,1523522,85,,,0,99,,1523507,85,,,0,101,,1523512,70,,,0,95,,1523508,85,,,0,98,,1523513,70,,,0,97,,1523519,85,,,0,95,,1523514,70,,,0,108,,1523518,85,,,0,100,,1523515,70,,,0,94,,1523509,85,,,0,93,,1523510,85,,,0,29,,1523521,85,,,0,99,,1523523,85,,,0,170,,1523516,70,,,0,130,,1523511,85,,,0
8201,'20261008',608,,1523524,85,,,0,33,,1523525,85,,,0,70,,1523526,85,,,0,30,,1523527,85,,,0,75,,1523541,85,,,0,37,,1523538,85,,,0,75,,1523543,85,,,0,99,,1523528,85,,,0,101,,1523533,70,,,0,95,,1523529,85,,,0,98,,1523534,70,,,0,97,,1523540,85,,,0,95,,1523535,70,,,0,108,,1523539,85,,,0,100,,1523536,70,,,0,94,,1523530,85,,,0,93,,1523531,85,,,0,29,,1523542,85,,,0,99,,1523544,85,,,0,170,,1523537,70,,,0,130,,1523532,85,,,0
8201,'20261009',608,,1523545,85,,,0,33,,1523546,85,,,0,70,,1523547,85,,,0,30,,1523548,85,,,0,75,,1523562,85,,,0,37,,1523559,85,,,0,75,,1523564,85,,,0,99,,1523549,85,,,0,101,,1523554,70,,,0,95,,1523550,85,,,0,98,,1523555,70,,,0,97,,1523561,85,,,0,95,,1523556,70,,,0,108,,1523560,85,,,0,100,,1523557,70,,,0,94,,1523551,85,,,0,93,,1523552,85,,,0,29,,1523563,85,,,0,99,,1523565,85,,,0,170,,1523558,70,,,0,130,,1523553,85,,,0
8201,'20261010',706,,1550637,85,,,0,100,,1550631,70,,,0,100,,1550632,85,,,0,100,,1550625,70,,,0,101,,1550635,85,,,0,100,,1550626,70,,,0,100,,1550622,85,,,0,100,,1550627,70,,,0,100,,1550633,85,,,0,100,,1550628,70,,,0,100,,1550634,85,,,0,99,,1550629,70,,,0,100,,1550636,85,,,0,100,,1550623,70,,,0,100,,1550630,85,,,0,130,,1550638,70,,,0,170,,1550624,85,,,0
8201,'20261011',706,,1550655,85,,,0,100,,1550654,70,,,0,100,,1550650,85,,,0,100,,1550652,70,,,0,101,,1550651,85,,,0,100,,1550653,70,,,0,100,,1550644,85,,,0,100,,1550639,70,,,0,100,,1550648,85,,,0,100,,1550640,70,,,0,100,,1550647,85,,,0,99,,1550641,70,,,0,100,,1550649,85,,,0,100,,1550645,70,,,0,100,,1550643,85,,,0,130,,1550642,70,,,0,170,,1550646,85,,,0
8201,'20261012',706,,1550672,85,,,0,100,,1550671,70,,,0,100,,1550667,85,,,0,100,,1550669,70,,,0,101,,1550668,85,,,0,100,,1550670,70,,,0,100,,1550661,85,,,0,100,,1550656,70,,,0,100,,1550665,85,,,0,100,,1550657,70,,,0,100,,1550664,85,,,0,99,,1550658,70,,,0,100,,1550666,85,,,0,100,,1550662,70,,,0,100,,1550660,85,,,0,130,,1550659,70,,,0,170,,1550663,85,,,0
8201,'20261013',608,,1576754,85,,,0,33,,1576755,85,,,0,70,,1576756,85,,,0,30,,1576757,85,,,0,75,,1576771,85,,,0,37,,1576768,85,,,0,75,,1576773,85,,,0,99,,1576758,85,,,0,101,,1576763,70,,,0,95,,1576759,85,,,0,98,,1576764,70,,,0,97,,1576770,85,,,0,95,,1576765,70,,,0,108,,1576769,85,,,0,100,,1576766,70,,,0,94,,1576760,85,,,0,93,,1576761,85,,,0,29,,1576772,85,,,0,99,,1576774,85,,,0,170,,1576767,70,,,0,130,,1576762,85,,,0
8201,'20261014',608,,1576775,85,,,0,33,,1576776,85,,,0,70,,1576777,85,,,0,30,,1576778,85,,,0,75,,1576792,85,,,0,37,,1576789,85,,,0,75,,1576794,85,,,0,99,,1576779,85,,,0,101,,1576784,70,,,0,95,,1576780,85,,,0,98,,1576785,70,,,0,97,,1576791,85,,,0,95,,1576786,70,,,0,108,,1576790,85,,,0,100,,1576787,70,,,0,94,,1576781,85,,,0,93,,1576782,85,,,0,29,,1576793,85,,,0,99,,1576795,85,,,0,170,,1576788,70,,,0,130,,1576783,85,,,0
8201,'20261015',608,,1576796,85,,,0,33,,1576797,85,,,0,70,,1576798,85,,,0,30,,1576799,85,,,0,75,,1576813,85,,,0,37,,1576810,85,,,0,75,,1576815,85,,,0,99,,1576800,85,,,0,101,,1576805,70,,,0,95,,1576801,85,,,0,98,,1576806,70,,,0,97,,1576812,85,,,0,95,,1576807,70,,,0,108,,1576811,85,,,0,100,,1576808,70,,,0,94,,1576802,85,,,0,93,,1576803,85,,,0,29,,1576814,85,,,0,99,,1576816,85,,,0,170,,1576809,70,,,0,130,,1576804,85,,,0
8201,'20261016',608,,1576817,85,,,0,33,,1576818,85,,,0,70,,1576819,85,,,0,30,,1576820,85,,,0,75,,1576834,85,,,0,37,,1576831,85,,,0,75,,1576836,85,,,0,99,,1576821,85,,,0,101,,1576826,70,,,0,95,,1576822,85,,,0,98,,1576827,70,,,0,97,,1576833,85,,,0,95,,1576828,70,,,0,108,,1576832,85,,,0,100,,1576829,70,,,0,94,,1576823,85,,,0,93,,1576824,85,,,0,29,,1576835,85,,,0,99,,1576837,85,,,0,170,,1576830,70,,,0,130,,1576825,85,,,0
18500,'20261002',927,,1579700,21,,,0,630,,1579701,29,,,0,144,,1579699,29,,,0,29,,1579702,29,,,0,23,,1579703,29,,,0
18500,'20261005',927,,1579705,21,,,0,630,,1579706,29,,,0,144,,1579704,29,,,0,29,,1579707,29,,,0,23,,1579708,29,,,0
18500,'20261006',927,,1526441,21,,,0,630,,1526437,29,,,0,144,,1526438,29,,,0,29,,1526439,29,,,0,23,,1526440,29,,,0,97,,1526442,29,,,0
18500,'20261007',927,,1526447,21,,,0,630,,1526443,29,,,0,144,,1526444,29,,,0,29,,1526445,29,,,0,23,,1526446,29,,,0,97,,1526448,29,,,0
18500,'20261008',927,,1526453,21,,,0,630,,1526449,29,,,0,144,,1526450,29,,,0,29,,1526451,29,,,0,23,,1526452,29,,,0,97,,1526454,29,,,0
18500,'20261009',927,,1526459,21,,,0,630,,1526455,29,,,0,144,,1526456,29,,,0,29,,1526457,29,,,0,23,,1526458,29,,,0,97,,1526460,29,,,0
18500,'20261013',927,,1579713,21,,,0,630,,1579709,29,,,0,144,,1579710,29,,,0,29,,1579711,29,,,0,23,,1579712,29,,,0,97,,1579714,29,,,0
18500,'20261014',927,,1579719,21,,,0,630,,1579715,29,,,0,144,,1579716,29,,,0,29,,1579717,29,,,0,23,,1579718,29,,,0,97,,1579720,29,,,0
18500,'20261015',927,,1579725,21,,,0,630,,1579721,29,,,0,144,,1579722,29,,,0,29,,1579723,29,,,0,23,,1579724,29,,,0,97,,1579726,29,,,0
18500,'20261016',927,,1579731,21,,,0,630,,1579727,29,,,0,144,,1579728,29,,,0,29,,1579729,29,,,0,23,,1579730,29,,,0,97,,1579732,29,,,0
80302,'20261002',541,,1587251,13,,,1,16,,1587252,13,,,1,55,,1587253,13,,,1,14,,1587254,13,,,1,14,,1587255,13,,,1,11,,1587256,13,,,1,49,,1587257,13,,,1,11,,1587258,13,,,1,10,,1587259,13,,,1,11,,1587260,13,,,1,8,,1587261,13,,,1,9,,1587262,13,,,1,51,,1587263,13,,,1,10,,1587264,13,,,1,10,,1587265,13,,,1,10,,1587266,13,,,1,11,,1587267,13,,,1,11,,1587268,13,,,1,50,,1587269,13,,,1,13,,1587270,13,,,1,14,,1587271,13,,,1,11,,1587272,13,,,1,12,,1587273,13,,,1,52,,1587274,13,,,1,12,,1587275,13,,,1,12,,1587276,13,,,1,12,,1587277,13,,,1,12,,1587278,13,,,1,52,,1587279,13,,,1,12,,1587280,13,,,1,12,,1587281,13,,,1,12,,1587282,13,,,1,11,,1587283,13,,,1,52,,1587284,13,,,1,12,,1587285,13,,,1,12,,1587286,13,,,1,12,,1587287,13,,,1,12,,1587288,13,,,1,52,,1587289,13,,,1,11,,1587290,13,,,1,11,,1587291,13,,,1,13,,1587292,13,,,1,12,,1587293,13,,,1,53,,1587294,13,,,1,12,,1587295,13,,,1,12,,1587296,13,,,1,12,,1587297,13,,,1,11,,1587298,13,,,1,52,,1587299,13,,,1,10,,1587300,13,,,1,10,,1587301,13,,,1,10,,1587302,13,,,1,10,,1587303,13,,,1,10,,1587304,13,,,1,49,,1587305,13,,,1,10,,1587306,13,,,1,10,,1587307,13,,,1,10,,1587308,13,,,1,10,,1587309,13,,,1,9,,1587310,13,,,1,8,,1587311,13,,,1,49,,1587312,13,,,1,8,,1587313,13,,,1,10,,1587314,13,,,1,6,,1587315,13,,,1,8,,1587316,13,,,1,8,,1587317,13,,,1,9,,1587318,13,,,1,49,,1587319,13,,,1,11,,1587320,13,,,1,11,,1587321,13,,,1,9,,1587322,13,,,1,13,,1587323,13,,,1,55,,1587324,13,,,1,14,,1587325,13,,,1,16,,1587326,13,,,1,16,,1587327,13,,,1,56,,1587328,13,,,1,15,,1587329,13,,,1,15,,1587330,13,,,1,15,,1587331,13,,,1,56,,1587332,13,,,1,15,,1587333,13,,,1,15,,1587334,13,,,1,15,,1587335,13,,,1,55,,1587336,13,,,1,14,,1587337,13,,,1,15,,1587338,13,,,1,15,,1587339,13,,,1,55,,1587340,13,,,1,15,,1587341,13,,,1,15,,1587342,13,,,1,15,,1587343,13,,,1,55,,1587344,13,,,1,13,,1587345,13,,,1,15,,1587346,13,,,1,16,,1587347,13,,,1,55,,1587348,13,,,1
80302,'20261003',535,,1587349,13,,,1,15,,1587350,13,,,1,56,,1587351,13,,,1,16,,1587352,13,,,1,16,,1587353,13,,,1,16,,1587354,13,,,1,56,,1587355,13,,,1,14,,1587356,13,,,1,15,,1587357,13,,,1,15,,1587358,13,,,1,55,,1587359,13,,,1,13,,1587360,13,,,1,15,,1587361,13,,,1,15,,1587362,13,,,1,55,,1587363,13,,,1,15,,1587364,13,,,1,15,,1587365,13,,,1,15,,1587366,13,,,1,55,,1587367,13,,,1,15,,1587368,13,,,1,15,,1587369,13,,,1,15,,1587370,13,,,1,54,,1587371,13,,,1,15,,1587372,13,,,1,15,,1587373,13,,,1,14,,1587374,13,,,1,55,,1587375,13,,,1,16,,1587376,13,,,1,15,,1587377,13,,,1,14,,1587378,13,,,1,56,,1587379,13,,,1,15,,1587380,13,,,1,16,,1587381,13,,,1,13,,1587382,13,,,1,56,,1587383,13,,,1,14,,1587384,13,,,1,18,,1587385,13,,,1,15,,1587386,13,,,1,55,,1587387,13,,,1,15,,1587388,13,,,1,16,,1587389,13,,,1,13,,1587390,13,,,1,56,,1587391,13,,,1,15,,1587392,13,,,1,16,,1587393,13,,,1,14,,1587394,13,,,1,55,,1587395,13,,,1,15,,1587396,13,,,1,15,,1587397,13,,,1,16,,1587398,13,,,1,55,,1587399,13,,,1,15,,1587400,13,,,1,15,,1587401,13,,,1,15,,1587402,13,,,1,55,,1587403,13,,,1,15,,1587404,13,,,1,15,,1587405,13,,,1,15,,1587406,13,,,1,58,,1587407,13,,,1,15,,1587408,13,,,1,15,,1587409,13,,,1,15,,1587410,13,,,1,55,,1587411,13,,,1,15,,1587412,13,,,1,15,,1587413,13,,,1,15,,1587414,13,,,1,55,,1587415,13,,,1,15,,1587416,13,,,1,15,,1587417,13,,,1,15,,1587418,13,,,1,55,,1587419,13,,,1,15,,1587420,13,,,1,14,,1587421,13,,,1,15,,1587422,13,,,1,55,,1587423,13,,,1,15,,1587424,13,,,1,14,,1587425,13,,,1
80302,'20261004',535,,1587426,13,,,1,15,,1587427,13,,,1,56,,1587428,13,,,1,16,,1587429,13,,,1,16,,1587430,13,,,1,16,,1587431,13,,,1,56,,1587432,13,,,1,14,,1587433,13,,,1,15,,1587434,13,,,1,15,,1587435,13,,,1,55,,1587436,13,,,1,13,,1587437,13,,,1,15,,1587438,13,,,1,15,,1587439,13,,,1,55,,1587440,13,,,1,15,,1587441,13,,,1,15,,1587442,13,,,1,15,,1587443,13,,,1,55,,1587444,13,,,1,15,,1587445,13,,,1,15,,1587446,13,,,1,15,,1587447,13,,,1,54,,1587448,13,,,1,15,,1587449,13,,,1,15,,1587450,13,,,1,14,,1587451,13,,,1,55,,1587452,13,,,1,16,,1587453,13,,,1,15,,1587454,13,,,1,14,,1587455,13,,,1,56,,1587456,13,,,1,15,,1587457,13,,,1,16,,1587458,13,,,1,13,,1587459,13,,,1,56,,1587460,13,,,1,14,,1587461,13,,,1,18,,1587462,13,,,1,15,,1587463,13,,,1,55,,1587464,13,,,1,15,,1587465,13,,,1,16,,1587466,13,,,1,13,,1587467,13,,,1,56,,1587468,13,,,1,15,,1587469,13,,,1,16,,1587470,13,,,1,14,,1587471,13,,,1,55,,1587472,13,,,1,15,,1587473,13,,,1,15,,1587474,13,,,1,16,,1587475,13,,,1,55,,1587476,13,,,1,15,,1587477,13,,,1,15,,1587478,13,,,1,15,,1587479,13,,,1,55,,1587480,13,,,1,15,,1587481,13,,,1,15,,1587482,13,,,1,15,,1587483,13,,,1,58,,1587484,13,,,1,15,,1587485,13,,,1,15,,1587486,13,,,1,15,,1587487,13,,,1,55,,1587488,13,,,1,15,,1587489,13,,,1,15,,1587490,13,,,1,15,,1587491,13,,,1,55,,1587492,13,,,1,15,,1587493,13,,,1,15,,1587494,13,,,1,15,,1587495,13,,,1,55,,1587496,13,,,1,15,,1587497,13,,,1,14,,1587498,13,,,1,15,,1587499,13,,,1,55,,1587500,13,,,1,15,,1587501,13,,,1,14,,1587502,13,,,1
80302,'20261005',541,,1587503,13,,,1,16,,1587504,13,,,1,55,,1587505,13,,,1,14,,1587506,13,,,1,14,,1587507,13,,,1,11,,1587508,13,,,1,49,,1587509,13,,,1,11,,1587510,13,,,1,10,,1587511,13,,,1,11,,1587512,13,,,1,8,,1587513,13,,,1,9,,1587514,13,,,1,51,,1587515,13,,,1,10,,1587516,13,,,1,10,,1587517,13,,,1,10,,1587518,13,,,1,11,,1587519,13,,,1,11,,1587520,13,,,1,50,,1587521,13,,,1,13,,1587522,13,,,1,14,,1587523,13,,,1,11,,1587524,13,,,1,12,,1587525,13,,,1,52,,1587526,13,,,1,12,,1587527,13,,,1,12,,1587528,13,,,1,12,,1587529,13,,,1,12,,1587530,13,,,1,52,,1587531,13,,,1,12,,1587532,13,,,1,12,,1587533,13,,,1,12,,1587534,13,,,1,11,,1587535,13,,,1,52,,1587536,13,,,1,12,,1587537,13,,,1,12,,1587538,13,,,1,12,,1587539,13,,,1,12,,1587540,13,,,1,52,,1587541,13,,,1,11,,1587542,13,,,1,11,,1587543,13,,,1,13,,1587544,13,,,1,12,,1587545,13,,,1,53,,1587546,13,,,1,12,,1587547,13,,,1,12,,1587548,13,,,1,12,,1587549,13,,,1,11,,1587550,13,,,1,52,,1587551,13,,,1,10,,1587552,13,,,1,10,,1587553,13,,,1,10,,1587554,13,,,1,10,,1587555,13,,,1,10,,1587556,13,,,1,49,,1587557,13,,,1,10,,1587558,13,,,1,10,,1587559,13,,,1,10,,1587560,13,,,1,10,,1587561,13,,,1,9,,1587562,13,,,1,8,,1587563,13,,,1,49,,1587564,13,,,1,8,,1587565,13,,,1,10,,1587566,13,,,1,6,,1587567,13,,,1,8,,1587568,13,,,1,8,,1587569,13,,,1,9,,1587570,13,,,1,49,,1587571,13,,,1,11,,1587572,13,,,1,11,,1587573,13,,,1,9,,1587574,13,,,1,13,,1587575,13,,,1,55,,1587576,13,,,1,14,,1587577,13,,,1,16,,1587578,13,,,1,16,,1587579,13,,,1,56,,1587580,13,,,1,15,,1587581,13,,,1,15,,1587582,13,,,1,15,,1587583,13,,,1,56,,1587584,13,,,1,15,,1587585,13,,,1,15,,1587586,13,,,1,15,,1587587,13,,,1,55,,1587588,13,,,1,14,,1587589,13,,,1,15,,1587590,13,,,1,15,,1587591,13,,,1,55,,1587592,13,,,1,15,,1587593,13,,,1,15,,1587594,13,,,1,15,,1587595,13,,,1,55,,1587596,13,,,1,13,,1587597,13,,,1,15,,1587598,13,,,1,16,,1587599,13,,,1,55,,1587600,13,,,1
80302,'20261006',541,,1534314,13,,,1,16,,1534315,13,,,1,55,,1534316,13,,,1,14,,1534317,13,,,1,14,,1534318,13,,,1,11,,1534397,13,,,1,49,,1534396,13,,,1,11,,1534319,13,,,1,10,,1534320,13,,,1,11,,1534323,13,,,1,8,,1534324,13,,,1,9,,1534325,13,,,1,51,,1534326,13,,,1,10,,1534328,13,,,1,10,,1534330,13,,,1,10,,1534331,13,,,1,11,,1534406,13,,,1,11,,1534410,13,,,1,50,,1534409,13,,,1,13,,1534332,13,,,1,14,,1534334,13,,,1,11,,1534335,13,,,1,12,,1534321,13,,,1,52,,1534327,13,,,1,12,,1534333,13,,,1,12,,1534322,13,,,1,12,,1534329,13,,,1,12,,1534395,13,,,1,52,,1534394,13,,,1,12,,1534393,13,,,1,12,,1534392,13,,,1,12,,1534391,13,,,1,11,,1534390,13,,,1,52,,1534389,13,,,1,12,,1534388,13,,,1,12,,1534387,13,,,1,12,,1534386,13,,,1,12,,1534385,13,,,1,52,,1534384,13,,,1,11,,1534383,13,,,1,11,,1534382,13,,,1,13,,1534381,13,,,1,12,,1534380,13,,,1,53,,1534379,13,,,1,12,,1534378,13,,,1,12,,1534377,13,,,1,12,,1534376,13,,,1,11,,1534375,13,,,1,52,,1534374,13,,,1,10,,1534373,13,,,1,10,,1534372,13,,,1,10,,1534371,13,,,1,10,,1534370,13,,,1,10,,1534367,13,,,1,49,,1534400,13,,,1,10,,1534369,13,,,1,10,,1534368,13,,,1,10,,1534366,13,,,1,10,,1534401,13,,,1,9,,1534365,13,,,1,8,,1534364,13,,,1,49,,1534363,13,,,1,8,,1534362,13,,,1,10,,1534361,13,,,1,6,,1534360,13,,,1,8,,1534399,13,,,1,8,,1534402,13,,,1,9,,1534403,13,,,1,49,,1534359,13,,,1,11,,1534407,13,,,1,11,,1534404,13,,,1,9,,1534358,13,,,1,13,,1534357,13,,,1,55,,1534356,13,,,1,14,,1534411,13,,,1,16,,1534355,13,,,1,16,,1534354,13,,,1,56,,1534353,13,,,1,15,,1534352,13,,,1,15,,1534351,13,,,1,15,,1534350,13,,,1,56,,1534349,13,,,1,15,,1534348,13,,,1,15,,1534347,13,,,1,15,,1534346,13,,,1,55,,1534345,13,,,1,14,,1534344,13,,,1,15,,1534343,13,,,1,15,,1534342,13,,,1,55,,1534340,13,,,1,15,,1534341,13,,,1,15,,1534339,13,,,1,15,,1534338,13,,,1,55,,1534337,13,,,1,13,,1534398,13,,,1,15,,1534405,13,,,1,16,,1534408,13,,,1,55,,1534336,13,,,1
80302,'20261007',541,,1534412,13,,,1,16,,1534413,13,,,1,55,,1534414,13,,,1,14,,1534415,13,,,1,14,,1534416,13,,,1,11,,1534495,13,,,1,49,,1534494,13,,,1,11,,1534417,13,,,1,10,,1534418,13,,,1,11,,1534421,13,,,1,8,,1534422,13,,,1,9,,1534423,13,,,1,51,,1534424,13,,,1,10,,1534426,13,,,1,10,,1534428,13,,,1,10,,1534429,13,,,1,11,,1534504,13,,,1,11,,1534508,13,,,1,50,,1534507,13,,,1,13,,1534430,13,,,1,14,,1534432,13,,,1,11,,1534433,13,,,1,12,,1534419,13,,,1,52,,1534425,13,,,1,12,,1534431,13,,,1,12,,1534420,13,,,1,12,,1534427,13,,,1,12,,1534493,13,,,1,52,,1534492,13,,,1,12,,1534491,13,,,1,12,,1534490,13,,,1,12,,1534489,13,,,1,11,,1534488,13,,,1,52,,1534487,13,,,1,12,,1534486,13,,,1,12,,1534485,13,,,1,12,,1534484,13,,,1,12,,1534483,13,,,1,52,,1534482,13,,,1,11,,1534481,13,,,1,11,,1534480,13,,,1,13,,1534479,13,,,1,12,,1534478,13,,,1,53,,1534477,13,,,1,12,,1534476,13,,,1,12,,1534475,13,,,1,12,,1534474,13,,,1,11,,1534473,13,,,1,52,,1534472,13,,,1,10,,1534471,13,,,1,10,,1534470,13,,,1,10,,1534469,13,,,1,10,,1534468,13,,,1,10,,1534465,13,,,1,49,,1534498,13,,,1,10,,1534467,13,,,1,10,,1534466,13,,,1,10,,1534464,13,,,1,10,,1534499,13,,,1,9,,1534463,13,,,1,8,,1534462,13,,,1,49,,1534461,13,,,1,8,,1534460,13,,,1,10,,1534459,13,,,1,6,,1534458,13,,,1,8,,1534497,13,,,1,8,,1534500,13,,,1,9,,1534501,13,,,1,49,,1534457,13,,,1,11,,1534505,13,,,1,11,,1534502,13,,,1,9,,1534456,13,,,1,13,,1534455,13,,,1,55,,1534454,13,,,1,14,,1534509,13,,,1,16,,1534453,13,,,1,16,,1534452,13,,,1,56,,1534451,13,,,1,15,,1534450,13,,,1,15,,1534449,13,,,1,15,,1534448,13,,,1,56,,1534447,13,,,1,15,,1534446,13,,,1,15,,1534445,13,,,1,15,,1534444,13,,,1,55,,1534443,13,,,1,14,,1534442,13,,,1,15,,1534441,13,,,1,15,,1534440,13,,,1,55,,1534438,13,,,1,15,,1534439,13,,,1,15,,1534437,13,,,1,15,,1534436,13,,,1,55,,1534435,13,,,1,13,,1534496,13,,,1,15,,1534503,13,,,1,16,,1534506,13,,,1,55,,1534434,13,,,1
80302,'20261008',541,,1534510,13,,,1,16,,1534511,13,,,1,55,,1534512,13,,,1,14,,1534513,13,,,1,14,,1534514,13,,,1,11,,1534593,13,,,1,49,,1534592,13,,,1,11,,1534515,13,,,1,10,,1534516,13,,,1,11,,1534519,13,,,1,8,,1534520,13,,,1,9,,1534521,13,,,1,51,,1534522,13,,,1,10,,1534524,13,,,1,10,,1534526,13,,,1,10,,1534527,13,,,1,11,,1534602,13,,,1,11,,1534606,13,,,1,50,,1534605,13,,,1,13,,1534528,13,,,1,14,,1534530,13,,,1,11,,1534531,13,,,1,12,,1534517,13,,,1,52,,1534523,13,,,1,12,,1534529,13,,,1,12,,1534518,13,,,1,12,,1534525,13,,,1,12,,1534591,13,,,1,52,,1534590,13,,,1,12,,1534589,13,,,1,12,,1534588,13,,,1,12,,1534587,13,,,1,11,,1534586,13,,,1,52,,1534585,13,,,1,12,,1534584,13,,,1,12,,1534583,13,,,1,12,,1534582,13,,,1,12,,1534581,13,,,1,52,,1534580,13,,,1,11,,1534579,13,,,1,11,,1534578,13,,,1,13,,1534577,13,,,1,12,,1534576,13,,,1,53,,1534575,13,,,1,12,,1534574,13,,,1,12,,1534573,13,,,1,12,,1534572,13,,,1,11,,1534571,13,,,1,52,,1534570,13,,,1,10,,1534569,13,,,1,10,,1534568,13,,,1,10,,1534567,13,,,1,10,,1534566,13,,,1,10,,1534563,13,,,1,49,,1534596,13,,,1,10,,1534565,13,,,1,10,,1534564,13,,,1,10,,1534562,13,,,1,10,,1534597,13,,,1,9,,1534561,13,,,1,8,,1534560,13,,,1,49,,1534559,13,,,1,8,,1534558,13,,,1,10,,1534557,13,,,1,6,,1534556,13,,,1,8,,1534595,13,,,1,8,,1534598,13,,,1,9,,1534599,13,,,1,49,,1534555,13,,,1,11,,1534603,13,,,1,11,,1534600,13,,,1,9,,1534554,13,,,1,13,,1534553,13,,,1,55,,1534552,13,,,1,14,,1534607,13,,,1,16,,1534551,13,,,1,16,,1534550,13,,,1,56,,1534549,13,,,1,15,,1534548,13,,,1,15,,1534547,13,,,1,15,,1534546,13,,,1,56,,1534545,13,,,1,15,,1534544,13,,,1,15,,1534543,13,,,1,15,,1534542,13,,,1,55,,1534541,13,,,1,14,,1534540,13,,,1,15,,1534539,13,,,1,15,,1534538,13,,,1,55,,1534536,13,,,1,15,,1534537,13,,,1,15,,1534535,13,,,1,15,,1534534,13,,,1,55,,1534533,13,,,1,13,,1534594,13,,,1,15,,1534601,13,,,1,16,,1534604,13,,,1,55,,1534532,13,,,1
80302,'20261009',541,,1534608,13,,,1,16,,1534609,13,,,1,55,,1534610,13,,,1,14,,1534611,13,,,1,14,,1534612,13,,,1,11,,1534691,13,,,1,49,,1534690,13,,,1,11,,1534613,13,,,1,10,,1534614,13,,,1,11,,1534617,13,,,1,8,,1534618,13,,,1,9,,1534619,13,,,1,51,,1534620,13,,,1,10,,1534622,13,,,1,10,,1534624,13,,,1,10,,1534625,13,,,1,11,,1534700,13,,,1,11,,1534704,13,,,1,50,,1534703,13,,,1,13,,1534626,13,,,1,14,,1534628,13,,,1,11,,1534629,13,,,1,12,,1534615,13,,,1,52,,1534621,13,,,1,12,,1534627,13,,,1,12,,1534616,13,,,1,12,,1534623,13,,,1,12,,1534689,13,,,1,52,,1534688,13,,,1,12,,1534687,13,,,1,12,,1534686,13,,,1,12,,1534685,13,,,1,11,,1534684,13,,,1,52,,1534683,13,,,1,12,,1534682,13,,,1,12,,1534681,13,,,1,12,,1534680,13,,,1,12,,1534679,13,,,1,52,,1534678,13,,,1,11,,1534677,13,,,1,11,,1534676,13,,,1,13,,1534675,13,,,1,12,,1534674,13,,,1,53,,1534673,13,,,1,12,,1534672,13,,,1,12,,1534671,13,,,1,12,,1534670,13,,,1,11,,1534669,13,,,1,52,,1534668,13,,,1,10,,1534667,13,,,1,10,,1534666,13,,,1,10,,1534665,13,,,1,10,,1534664,13,,,1,10,,1534661,13,,,1,49,,1534694,13,,,1,10,,1534663,13,,,1,10,,1534662,13,,,1,10,,1534660,13,,,1,10,,1534695,13,,,1,9,,1534659,13,,,1,8,,1534658,13,,,1,49,,1534657,13,,,1,8,,1534656,13,,,1,10,,1534655,13,,,1,6,,1534654,13,,,1,8,,1534693,13,,,1,8,,1534696,13,,,1,9,,1534697,13,,,1,49,,1534653,13,,,1,11,,1534701,13,,,1,11,,1534698,13,,,1,9,,1534652,13,,,1,13,,1534651,13,,,1,55,,1534650,13,,,1,14,,1534705,13,,,1,16,,1534649,13,,,1,16,,1534648,13,,,1,56,,1534647,13,,,1,15,,1534646,13,,,1,15,,1534645,13,,,1,15,,1534644,13,,,1,56,,1534643,13,,,1,15,,1534642,13,,,1,15,,1534641,13,,,1,15,,1534640,13,,,1,55,,1534639,13,,,1,14,,1534638,13,,,1,15,,1534637,13,,,1,15,,1534636,13,,,1,55,,1534634,13,,,1,15,,1534635,13,,,1,15,,1534633,13,,,1,15,,1534632,13,,,1,55,,1534631,13,,,1,13,,1534692,13,,,1,15,,1534699,13,,,1,16,,1534702,13,,,1,55,,1534630,13,,,1
80302,'20261010',535,,1557673,13,,,1,15,,1557672,13,,,1,56,,1557734,13,,,1,16,,1557675,13,,,1,16,,1557676,13,,,1,16,,1557674,13,,,1,56,,1557735,13,,,1,14,,1557677,13,,,1,15,,1557685,13,,,1,15,,1557687,13,,,1,55,,1557736,13,,,1,13,,1557689,13,,,1,15,,1557688,13,,,1,15,,1557738,13,,,1,55,,1557682,13,,,1,15,,1557686,13,,,1,15,,1557681,13,,,1,15,,1557680,13,,,1,55,,1557684,13,,,1,15,,1557678,13,,,1,15,,1557683,13,,,1,15,,1557679,13,,,1,54,,1557725,13,,,1,15,,1557728,13,,,1,15,,1557726,13,,,1,14,,1557720,13,,,1,55,,1557694,13,,,1,16,,1557703,13,,,1,15,,1557691,13,,,1,14,,1557713,13,,,1,56,,1557718,13,,,1,15,,1557707,13,,,1,16,,1557722,13,,,1,13,,1557698,13,,,1,56,,1557712,13,,,1,14,,1557723,13,,,1,18,,1557721,13,,,1,15,,1557715,13,,,1,55,,1557714,13,,,1,15,,1557724,13,,,1,16,,1557730,13,,,1,13,,1557716,13,,,1,56,,1557719,13,,,1,15,,1557700,13,,,1,16,,1557727,13,,,1,14,,1557717,13,,,1,55,,1557706,13,,,1,15,,1557705,13,,,1,15,,1557702,13,,,1,16,,1557696,13,,,1,55,,1557708,13,,,1,15,,1557709,13,,,1,15,,1557739,13,,,1,15,,1557711,13,,,1,55,,1557692,13,,,1,15,,1557701,13,,,1,15,,1557740,13,,,1,15,,1557693,13,,,1,58,,1557690,13,,,1,15,,1557737,13,,,1,15,,1557697,13,,,1,15,,1557741,13,,,1,55,,1557731,13,,,1,15,,1557743,13,,,1,15,,1557733,13,,,1,15,,1557744,13,,,1,55,,1557695,13,,,1,15,,1557745,13,,,1,15,,1557729,13,,,1,15,,1557742,13,,,1,55,,1557704,13,,,1,15,,1557710,13,,,1,14,,1557746,13,,,1,15,,1557732,13,,,1,55,,1557747,13,,,1,15,,1557699,13,,,1,14,,1557748,13,,,1
80302,'20261011',535,,1557796,13,,,1,15,,1557795,13,,,1,56,,1557750,13,,,1,16,,1557815,13,,,1,16,,1557816,13,,,1,16,,1557807,13,,,1,56,,1557754,13,,,1,14,,1557813,13,,,1,15,,1557817,13,,,1,15,,1557811,13,,,1,55,,1557763,13,,,1,13,,1557814,13,,,1,15,,1557812,13,,,1,15,,1557766,13,,,1,55,,1557802,13,,,1,15,,1557800,13,,,1,15,,1557808,13,,,1,15,,1557805,13,,,1,55,,1557810,13,,,1,15,,1557809,13,,,1,15,,1557797,13,,,1,15,,1557806,13,,,1,54,,1557764,13,,,1,15,,1557760,13,,,1,15,,1557749,13,,,1,14,,1557790,13,,,1,55,,1557819,13,,,1,16,,1557778,13,,,1,15,,1557804,13,,,1,14,,1557784,13,,,1,56,,1557777,13,,,1,15,,1557794,13,,,1,16,,1557792,13,,,1,13,,1557822,13,,,1,56,,1557793,13,,,1,14,,1557759,13,,,1,18,,1557791,13,,,1,15,,1557785,13,,,1,55,,1557776,13,,,1,15,,1557752,13,,,1,16,,1557757,13,,,1,13,,1557775,13,,,1,56,,1557786,13,,,1,15,,1557823,13,,,1,16,,1557756,13,,,1,14,,1557788,13,,,1,55,,1557781,13,,,1,15,,1557780,13,,,1,15,,1557825,13,,,1,16,,1557801,13,,,1,55,,1557787,13,,,1,15,,1557782,13,,,1,15,,1557767,13,,,1,15,,1557783,13,,,1,55,,1557818,13,,,1,15,,1557824,13,,,1,15,,1557751,13,,,1,15,,1557799,13,,,1,58,,1557798,13,,,1,15,,1557762,13,,,1,15,,1557821,13,,,1,15,,1557768,13,,,1,55,,1557758,13,,,1,15,,1557770,13,,,1,15,,1557753,13,,,1,15,,1557771,13,,,1,55,,1557820,13,,,1,15,,1557755,13,,,1,15,,1557765,13,,,1,15,,1557769,13,,,1,55,,1557779,13,,,1,15,,1557789,13,,,1,14,,1557774,13,,,1,15,,1557761,13,,,1,55,,1557773,13,,,1,15,,1557803,13,,,1,14,,1557772,13,,,1
80302,'20261012',535,,1557873,13,,,1,15,,1557872,13,,,1,56,,1557827,13,,,1,16,,1557892,13,,,1,16,,1557893,13,,,1,16,,1557884,13,,,1,56,,1557831,13,,,1,14,,1557890,13,,,1,15,,1557894,13,,,1,15,,1557888,13,,,1,55,,1557840,13,,,1,13,,1557891,13,,,1,15,,1557889,13,,,1,15,,1557843,13,,,1,55,,1557879,13,,,1,15,,1557877,13,,,1,15,,1557885,13,,,1,15,,1557882,13,,,1,55,,1557887,13,,,1,15,,1557886,13,,,1,15,,1557874,13,,,1,15,,1557883,13,,,1,54,,1557841,13,,,1,15,,1557837,13,,,1,15,,1557826,13,,,1,14,,1557867,13,,,1,55,,1557896,13,,,1,16,,1557855,13,,,1,15,,1557881,13,,,1,14,,1557861,13,,,1,56,,1557854,13,,,1,15,,1557871,13,,,1,16,,1557869,13,,,1,13,,1557899,13,,,1,56,,1557870,13,,,1,14,,1557836,13,,,1,18,,1557868,13,,,1,15,,1557862,13,,,1,55,,1557853,13,,,1,15,,1557829,13,,,1,16,,1557834,13,,,1,13,,1557852,13,,,1,56,,1557863,13,,,1,15,,1557900,13,,,1,16,,1557833,13,,,1,14,,1557865,13,,,1,55,,1557858,13,,,1,15,,1557857,13,,,1,15,,1557902,13,,,1,16,,1557878,13,,,1,55,,1557864,13,,,1,15,,1557859,13,,,1,15,,1557844,13,,,1,15,,1557860,13,,,1,55,,1557895,13,,,1,15,,1557901,13,,,1,15,,1557828,13,,,1,15,,1557876,13,,,1,58,,1557875,13,,,1,15,,1557839,13,,,1,15,,1557898,13,,,1,15,,1557845,13,,,1,55,,1557835,13,,,1,15,,1557847,13,,,1,15,,1557830,13,,,1,15,,1557848,13,,,1,55,,1557897,13,,,1,15,,1557832,13,,,1,15,,1557842,13,,,1,15,,1557846,13,,,1,55,,1557856,13,,,1,15,,1557866,13,,,1,14,,1557851,13,,,1,15,,1557838,13,,,1,55,,1557850,13,,,1,15,,1557880,13,,,1,14,,1557849,13,,,1
80302,'20261013',541,,1587601,13,,,1,16,,1587602,13,,,1,55,,1587603,13,,,1,14,,1587604,13,,,1,14,,1587605,13,,,1,11,,1587684,13,,,1,49,,1587683,13,,,1,11,,1587606,13,,,1,10,,1587607,13,,,1,11,,1587610,13,,,1,8,,1587611,13,,,1,9,,1587612,13,,,1,51,,1587613,13,,,1,10,,1587615,13,,,1,10,,1587617,13,,,1,10,,1587618,13,,,1,11,,1587693,13,,,1,11,,1587697,13,,,1,50,,1587696,13,,,1,13,,1587619,13,,,1,14,,1587621,13,,,1,11,,1587622,13,,,1,12,,1587608,13,,,1,52,,1587614,13,,,1,12,,1587620,13,,,1,12,,1587609,13,,,1,12,,1587616,13,,,1,12,,1587682,13,,,1,52,,1587681,13,,,1,12,,1587680,13,,,1,12,,1587679,13,,,1,12,,1587678,13,,,1,11,,1587677,13,,,1,52,,1587676,13,,,1,12,,1587675,13,,,1,12,,1587674,13,,,1,12,,1587673,13,,,1,12,,1587672,13,,,1,52,,1587671,13,,,1,11,,1587670,13,,,1,11,,1587669,13,,,1,13,,1587668,13,,,1,12,,1587667,13,,,1,53,,1587666,13,,,1,12,,1587665,13,,,1,12,,1587664,13,,,1,12,,1587663,13,,,1,11,,1587662,13,,,1,52,,1587661,13,,,1,10,,1587660,13,,,1,10,,1587659,13,,,1,10,,1587658,13,,,1,10,,1587657,13,,,1,10,,1587654,13,,,1,49,,1587687,13,,,1,10,,1587656,13,,,1,10,,1587655,13,,,1,10,,1587653,13,,,1,10,,1587688,13,,,1,9,,1587652,13,,,1,8,,1587651,13,,,1,49,,1587650,13,,,1,8,,1587649,13,,,1,10,,1587648,13,,,1,6,,1587647,13,,,1,8,,1587686,13,,,1,8,,1587689,13,,,1,9,,1587690,13,,,1,49,,1587646,13,,,1,11,,1587694,13,,,1,11,,1587691,13,,,1,9,,1587645,13,,,1,13,,1587644,13,,,1,55,,1587643,13,,,1,14,,1587698,13,,,1,16,,1587642,13,,,1,16,,1587641,13,,,1,56,,1587640,13,,,1,15,,1587639,13,,,1,15,,1587638,13,,,1,15,,1587637,13,,,1,56,,1587636,13,,,1,15,,1587635,13,,,1,15,,1587634,13,,,1,15,,1587633,13,,,1,55,,1587632,13,,,1,14,,1587631,13,,,1,15,,1587630,13,,,1,15,,1587629,13,,,1,55,,1587627,13,,,1,15,,1587628,13,,,1,15,,1587626,13,,,1,15,,1587625,13,,,1,55,,1587624,13,,,1,13,,1587685,13,,,1,15,,1587692,13,,,1,16,,1587695,13,,,1,55,,1587623,13,,,1
80302,'20261014',541,,1587699,13,,,1,16,,1587700,13,,,1,55,,1587701,13,,,1,14,,1587702,13,,,1,14,,1587703,13,,,1,11,,1587782,13,,,1,49,,1587781,13,,,1,11,,1587704,13,,,1,10,,1587705,13,,,1,11,,1587708,13,,,1,8,,1587709,13,,,1,9,,1587710,13,,,1,51,,1587711,13,,,1,10,,1587713,13,,,1,10,,1587715,13,,,1,10,,1587716,13,,,1,11,,1587791,13,,,1,11,,1587795,13,,,1,50,,1587794,13,,,1,13,,1587717,13,,,1,14,,1587719,13,,,1,11,,1587720,13,,,1,12,,1587706,13,,,1,52,,1587712,13,,,1,12,,1587718,13,,,1,12,,1587707,13,,,1,12,,1587714,13,,,1,12,,1587780,13,,,1,52,,1587779,13,,,1,12,,1587778,13,,,1,12,,1587777,13,,,1,12,,1587776,13,,,1,11,,1587775,13,,,1,52,,1587774,13,,,1,12,,1587773,13,,,1,12,,1587772,13,,,1,12,,1587771,13,,,1,12,,1587770,13,,,1,52,,1587769,13,,,1,11,,1587768,13,,,1,11,,1587767,13,,,1,13,,1587766,13,,,1,12,,1587765,13,,,1,53,,1587764,13,,,1,12,,1587763,13,,,1,12,,1587762,13,,,1,12,,1587761,13,,,1,11,,1587760,13,,,1,52,,1587759,13,,,1,10,,1587758,13,,,1,10,,1587757,13,,,1,10,,1587756,13,,,1,10,,1587755,13,,,1,10,,1587752,13,,,1,49,,1587785,13,,,1,10,,1587754,13,,,1,10,,1587753,13,,,1,10,,1587751,13,,,1,10,,1587786,13,,,1,9,,1587750,13,,,1,8,,1587749,13,,,1,49,,1587748,13,,,1,8,,1587747,13,,,1,10,,1587746,13,,,1,6,,1587745,13,,,1,8,,1587784,13,,,1,8,,1587787,13,,,1,9,,1587788,13,,,1,49,,1587744,13,,,1,11,,1587792,13,,,1,11,,1587789,13,,,1,9,,1587743,13,,,1,13,,1587742,13,,,1,55,,1587741,13,,,1,14,,1587796,13,,,1,16,,1587740,13,,,1,16,,1587739,13,,,1,56,,1587738,13,,,1,15,,1587737,13,,,1,15,,1587736,13,,,1,15,,1587735,13,,,1,56,,1587734,13,,,1,15,,1587733,13,,,1,15,,1587732,13,,,1,15,,1587731,13,,,1,55,,1587730,13,,,1,14,,1587729,13,,,1,15,,1587728,13,,,1,15,,1587727,13,,,1,55,,1587725,13,,,1,15,,1587726,13,,,1,15,,1587724,13,,,1,15,,1587723,13,,,1,55,,1587722,13,,,1,13,,1587783,13,,,1,15,,1587790,13,,,1,16,,1587793,13,,,1,55,,1587721,13,,,1
80302,'20261015',541,,1587797,13,,,1,16,,1587798,13,,,1,55,,1587799,13,,,1,14,,1587800,13,,,1,14,,1587801,13,,,1,11,,1587880,13,,,1,49,,1587879,13,,,1,11,,1587802,13,,,1,10,,1587803,13,,,1,11,,1587806,13,,,1,8,,1587807,13,,,1,9,,1587808,13,,,1,51,,1587809,13,,,1,10,,1587811,13,,,1,10,,1587813,13,,,1,10,,1587814,13,,,1,11,,1587889,13,,,1,11,,1587893,13,,,1,50,,1587892,13,,,1,13,,1587815,13,,,1,14,,1587817,13,,,1,11,,1587818,13,,,1,12,,1587804,13,,,1,52,,1587810,13,,,1,12,,1587816,13,,,1,12,,1587805,13,,,1,12,,1587812,13,,,1,12,,1587878,13,,,1,52,,1587877,13,,,1,12,,1587876,13,,,1,12,,1587875,13,,,1,12,,1587874,13,,,1,11,,1587873,13,,,1,52,,1587872,13,,,1,12,,1587871,13,,,1,12,,1587870,13,,,1,12,,1587869,13,,,1,12,,1587868,13,,,1,52,,1587867,13,,,1,11,,1587866,13,,,1,11,,1587865,13,,,1,13,,1587864,13,,,1,12,,1587863,13,,,1,53,,1587862,13,,,1,12,,1587861,13,,,1,12,,1587860,13,,,1,12,,1587859,13,,,1,11,,1587858,13,,,1,52,,1587857,13,,,1,10,,1587856,13,,,1,10,,1587855,13,,,1,10,,1587854,13,,,1,10,,1587853,13,,,1,10,,1587850,13,,,1,49,,1587883,13,,,1,10,,1587852,13,,,1,10,,1587851,13,,,1,10,,1587849,13,,,1,10,,1587884,13,,,1,9,,1587848,13,,,1,8,,1587847,13,,,1,49,,1587846,13,,,1,8,,1587845,13,,,1,10,,1587844,13,,,1,6,,1587843,13,,,1,8,,1587882,13,,,1,8,,1587885,13,,,1,9,,1587886,13,,,1,49,,1587842,13,,,1,11,,1587890,13,,,1,11,,1587887,13,,,1,9,,1587841,13,,,1,13,,1587840,13,,,1,55,,1587839,13,,,1,14,,1587894,13,,,1,16,,1587838,13,,,1,16,,1587837,13,,,1,56,,1587836,13,,,1,15,,1587835,13,,,1,15,,1587834,13,,,1,15,,1587833,13,,,1,56,,1587832,13,,,1,15,,1587831,13,,,1,15,,1587830,13,,,1,15,,1587829,13,,,1,55,,1587828,13,,,1,14,,1587827,13,,,1,15,,1587826,13,,,1,15,,1587825,13,,,1,55,,1587823,13,,,1,15,,1587824,13,,,1,15,,1587822,13,,,1,15,,1587821,13,,,1,55,,1587820,13,,,1,13,,1587881,13,,,1,15,,1587888,13,,,1,16,,1587891,13,,,1,55,,1587819,13,,,1
80302,'20261016',541,,1587895,13,,,1,16,,1587896,13,,,1,55,,1587897,13,,,1,14,,1587898,13,,,1,14,,1587899,13,,,1,11,,1587978,13,,,1,49,,1587977,13,,,1,11,,1587900,13,,,1,10,,1587901,13,,,1,11,,1587904,13,,,1,8,,1587905,13,,,1,9,,1587906,13,,,1,51,,1587907,13,,,1,10,,1587909,13,,,1,10,,1587911,13,,,1,10,,1587912,13,,,1,11,,1587987,13,,,1,11,,1587991,13,,,1,50,,1587990,13,,,1,13,,1587913,13,,,1,14,,1587915,13,,,1,11,,1587916,13,,,1,12,,1587902,13,,,1,52,,1587908,13,,,1,12,,1587914,13,,,1,12,,1587903,13,,,1,12,,1587910,13,,,1,12,,1587976,13,,,1,52,,1587975,13,,,1,12,,1587974,13,,,1,12,,1587973,13,,,1,12,,1587972,13,,,1,11,,1587971,13,,,1,52,,1587970,13,,,1,12,,1587969,13,,,1,12,,1587968,13,,,1,12,,1587967,13,,,1,12,,1587966,13,,,1,52,,1587965,13,,,1,11,,1587964,13,,,1,11,,1587963,13,,,1,13,,1587962,13,,,1,12,,1587961,13,,,1,53,,1587960,13,,,1,12,,1587959,13,,,1,12,,1587958,13,,,1,12,,1587957,13,,,1,11,,1587956,13,,,1,52,,1587955,13,,,1,10,,1587954,13,,,1,10,,1587953,13,,,1,10,,1587952,13,,,1,10,,1587951,13,,,1,10,,1587948,13,,,1,49,,1587981,13,,,1,10,,1587950,13,,,1,10,,1587949,13,,,1,10,,1587947,13,,,1,10,,1587982,13,,,1,9,,1587946,13,,,1,8,,1587945,13,,,1,49,,1587944,13,,,1,8,,1587943,13,,,1,10,,1587942,13,,,1,6,,1587941,13,,,1,8,,1587980,13,,,1,8,,1587983,13,,,1,9,,1587984,13,,,1,49,,1587940,13,,,1,11,,1587988,13,,,1,11,,1587985,13,,,1,9,,1587939,13,,,1,13,,1587938,13,,,1,55,,1587937,13,,,1,14,,1587992,13,,,1,16,,1587936,13,,,1,16,,1587935,13,,,1,56,,1587934,13,,,1,15,,1587933,13,,,1,15,,1587932,13,,,1,15,,1587931,13,,,1,56,,1587930,13,,,1,15,,1587929,13,,,1,15,,1587928,13,,,1,15,,1587927,13,,,1,55,,1587926,13,,,1,14,,1587925,13,,,1,15,,1587924,13,,,1,15,,1587923,13,,,1,55,,1587921,13,,,1,15,,1587922,13,,,1,15,,1587920,13,,,1,15,,1587919,13,,,1,55,,1587918,13,,,1,13,,1587979,13,,,1,15,,1587986,13,,,1,16,,1587989,13,,,1,55,,1587917,13,,,1
80303,'20261002',556,,1587993,27,,,1,55,,1587994,27,,,1,15,,1587995,27,,,1,14,,1587996,27,,,1,13,,1587997,27,,,1,52,,1587998,27,,,1,13,,1587999,27,,,1,12,,1588000,27,,,1,11,,1588001,27,,,1,10,,1588002,27,,,1,49,,1588003,27,,,1,9,,1588004,27,,,1,7,,1588005,27,,,1,8,,1588006,27,,,1,9,,1588007,27,,,1,7,,1588008,27,,,1,9,,1588009,27,,,1,8,,1588010,27,,,1,50,,1588011,27,,,1,10,,1588012,27,,,1,9,,1588013,27,,,1,10,,1588014,27,,,1,10,,1588015,27,,,1,10,,1588016,27,,,1,52,,1588017,27,,,1,12,,1588018,27,,,1,12,,1588019,27,,,1,12,,1588020,27,,,1,12,,1588021,27,,,1,52,,1588022,27,,,1,12,,1588023,27,,,1,12,,1588024,27,,,1,12,,1588025,27,,,1,12,,1588026,27,,,1,54,,1588027,27,,,1,13,,1588028,27,,,1,12,,1588029,27,,,1,12,,1588030,27,,,1,11,,1588031,27,,,1,52,,1588032,27,,,1,12,,1588033,27,,,1,12,,1588034,27,,,1,12,,1588035,27,,,1,12,,1588036,27,,,1,52,,1588037,27,,,1,12,,1588038,27,,,1,11,,1588039,27,,,1,13,,1588040,27,,,1,12,,1588041,27,,,1,51,,1588042,27,,,1,12,,1588043,27,,,1,11,,1588044,27,,,1,10,,1588045,27,,,1,10,,1588046,27,,,1,50,,1588047,27,,,1,9,,1588048,27,,,1,11,,1588049,27,,,1,9,,1588050,27,,,1,11,,1588051,27,,,1,10,,1588052,27,,,1,50,,1588053,27,,,1,11,,1588054,27,,,1,9,,1588055,27,,,1,11,,1588056,27,,,1,9,,1588057,27,,,1,9,,1588058,27,,,1,51,,1588059,27,,,1,9,,1588060,27,,,1,10,,1588061,27,,,1,11,,1588062,27,,,1,12,,1588063,27,,,1,12,,1588064,27,,,1,54,,1588065,27,,,1,14,,1588066,27,,,1,16,,1588067,27,,,1,13,,1588068,27,,,1,55,,1588069,27,,,1,15,,1588070,27,,,1,15,,1588071,27,,,1,15,,1588072,27,,,1,55,,1588073,27,,,1,15,,1588074,27,,,1,15,,1588075,27,,,1,15,,1588076,27,,,1,54,,1588077,27,,,1,15,,1588078,27,,,1,15,,1588079,27,,,1,15,,1588080,27,,,1,55,,1588081,27,,,1,15,,1588082,27,,,1,15,,1588083,27,,,1,15,,1588084,27,,,1,55,,1588085,27,,,1,15,,1588086,27,,,1,15,,1588087,27,,,1,15,,1588088,27,,,1,56,,1588089,27,,,1,15,,1588090,27,,,1
80303,'20261003',558,,1588091,27,,,1,55,,1588092,27,,,1,14,,1588093,27,,,1,15,,1588094,27,,,1,14,,1588095,27,,,1,54,,1588096,27,,,1,15,,1588097,27,,,1,15,,1588098,27,,,1,16,,1588099,27,,,1,56,,1588100,27,,,1,16,,1588101,27,,,1,15,,1588102,27,,,1,15,,1588103,27,,,1,55,,1588104,27,,,1,15,,1588105,27,,,1,15,,1588106,27,,,1,15,,1588107,27,,,1,55,,1588108,27,,,1,15,,1588109,27,,,1,15,,1588110,27,,,1,15,,1588111,27,,,1,55,,1588112,27,,,1,15,,1588113,27,,,1,16,,1588114,27,,,1,15,,1588115,27,,,1,55,,1588116,27,,,1,18,,1588117,27,,,1,15,,1588118,27,,,1,56,,1588119,27,,,1,13,,1588120,27,,,1,15,,1588121,27,,,1,14,,1588122,27,,,1,57,,1588123,27,,,1,15,,1588124,27,,,1,14,,1588125,27,,,1,15,,1588126,27,,,1,56,,1588127,27,,,1,13,,1588128,27,,,1,16,,1588129,27,,,1,16,,1588130,27,,,1,56,,1588131,27,,,1,14,,1588132,27,,,1,15,,1588133,27,,,1,16,,1588134,27,,,1,55,,1588135,27,,,1,13,,1588136,27,,,1,15,,1588137,27,,,1,15,,1588138,27,,,1,54,,1588139,27,,,1,16,,1588140,27,,,1,14,,1588141,27,,,1,15,,1588142,27,,,1,55,,1588143,27,,,1,15,,1588144,27,,,1,15,,1588145,27,,,1,14,,1588146,27,,,1,15,,1588147,27,,,1,55,,1588148,27,,,1,15,,1588149,27,,,1,15,,1588150,27,,,1,15,,1588151,27,,,1,55,,1588152,27,,,1,15,,1588153,27,,,1,15,,1588154,27,,,1,15,,1588155,27,,,1,55,,1588156,27,,,1,15,,1588157,27,,,1,15,,1588158,27,,,1,15,,1588159,27,,,1,55,,1588160,27,,,1,16,,1588161,27,,,1,15,,1588162,27,,,1,55,,1588163,27,,,1,15,,1588164,27,,,1,15,,1588165,27,,,1,15,,1588166,27,,,1,55,,1588167,27,,,1
80303,'20261004',558,,1588168,27,,,1,55,,1588169,27,,,1,14,,1588170,27,,,1,15,,1588171,27,,,1,14,,1588172,27,,,1,54,,1588173,27,,,1,15,,1588174,27,,,1,15,,1588175,27,,,1,16,,1588176,27,,,1,56,,1588177,27,,,1,16,,1588178,27,,,1,15,,1588179,27,,,1,15,,1588180,27,,,1,55,,1588181,27,,,1,15,,1588182,27,,,1,15,,1588183,27,,,1,15,,1588184,27,,,1,55,,1588185,27,,,1,15,,1588186,27,,,1,15,,1588187,27,,,1,15,,1588188,27,,,1,55,,1588189,27,,,1,15,,1588190,27,,,1,16,,1588191,27,,,1,15,,1588192,27,,,1,55,,1588193,27,,,1,18,,1588194,27,,,1,15,,1588195,27,,,1,56,,1588196,27,,,1,13,,1588197,27,,,1,15,,1588198,27,,,1,14,,1588199,27,,,1,57,,1588200,27,,,1,15,,1588201,27,,,1,14,,1588202,27,,,1,15,,1588203,27,,,1,56,,1588204,27,,,1,13,,1588205,27,,,1,16,,1588206,27,,,1,16,,1588207,27,,,1,56,,1588208,27,,,1,14,,1588209,27,,,1,15,,1588210,27,,,1,16,,1588211,27,,,1,55,,1588212,27,,,1,13,,1588213,27,,,1,15,,1588214,27,,,1,15,,1588215,27,,,1,54,,1588216,27,,,1,16,,1588217,27,,,1,14,,1588218,27,,,1,15,,1588219,27,,,1,55,,1588220,27,,,1,15,,1588221,27,,,1,15,,1588222,27,,,1,14,,1588223,27,,,1,15,,1588224,27,,,1,55,,1588225,27,,,1,15,,1588226,27,,,1,15,,1588227,27,,,1,15,,1588228,27,,,1,55,,1588229,27,,,1,15,,1588230,27,,,1,15,,1588231,27,,,1,15,,1588232,27,,,1,55,,1588233,27,,,1,15,,1588234,27,,,1,15,,1588235,27,,,1,15,,1588236,27,,,1,55,,1588237,27,,,1,16,,1588238,27,,,1,15,,1588239,27,,,1,55,,1588240,27,,,1,15,,1588241,27,,,1,15,,1588242,27,,,1,15,,1588243,27,,,1,55,,1588244,27,,,1
80303,'20261005',556,,1588245,27,,,1,55,,1588246,27,,,1,15,,1588247,27,,,1,14,,1588248,27,,,1,13,,1588249,27,,,1,52,,1588250,27,,,1,13,,1588251,27,,,1,12,,1588252,27,,,1,11,,1588253,27,,,1,10,,1588254,27,,,1,49,,1588255,27,,,1,9,,1588256,27,,,1,7,,1588257,27,,,1,8,,1588258,27,,,1,9,,1588259,27,,,1,7,,1588260,27,,,1,9,,1588261,27,,,1,8,,1588262,27,,,1,50,,1588263,27,,,1,10,,1588264,27,,,1,9,,1588265,27,,,1,10,,1588266,27,,,1,10,,1588267,27,,,1,10,,1588268,27,,,1,52,,1588269,27,,,1,12,,1588270,27,,,1,12,,1588271,27,,,1,12,,1588272,27,,,1,12,,1588273,27,,,1,52,,1588274,27,,,1,12,,1588275,27,,,1,12,,1588276,27,,,1,12,,1588277,27,,,1,12,,1588278,27,,,1,54,,1588279,27,,,1,13,,1588280,27,,,1,12,,1588281,27,,,1,12,,1588282,27,,,1,11,,1588283,27,,,1,52,,1588284,27,,,1,12,,1588285,27,,,1,12,,1588286,27,,,1,12,,1588287,27,,,1,12,,1588288,27,,,1,52,,1588289,27,,,1,12,,1588290,27,,,1,11,,1588291,27,,,1,13,,1588292,27,,,1,12,,1588293,27,,,1,51,,1588294,27,,,1,12,,1588295,27,,,1,11,,1588296,27,,,1,10,,1588297,27,,,1,10,,1588298,27,,,1,50,,1588299,27,,,1,9,,1588300,27,,,1,11,,1588301,27,,,1,9,,1588302,27,,,1,11,,1588303,27,,,1,10,,1588304,27,,,1,50,,1588305,27,,,1,11,,1588306,27,,,1,9,,1588307,27,,,1,11,,1588308,27,,,1,9,,1588309,27,,,1,9,,1588310,27,,,1,51,,1588311,27,,,1,9,,1588312,27,,,1,10,,1588313,27,,,1,11,,1588314,27,,,1,12,,1588315,27,,,1,12,,1588316,27,,,1,54,,1588317,27,,,1,14,,1588318,27,,,1,16,,1588319,27,,,1,13,,1588320,27,,,1,55,,1588321,27,,,1,15,,1588322,27,,,1,15,,1588323,27,,,1,15,,1588324,27,,,1,55,,1588325,27,,,1,15,,1588326,27,,,1,15,,1588327,27,,,1,15,,1588328,27,,,1,54,,1588329,27,,,1,15,,1588330,27,,,1,15,,1588331,27,,,1,15,,1588332,27,,,1,55,,1588333,27,,,1,15,,1588334,27,,,1,15,,1588335,27,,,1,15,,1588336,27,,,1,55,,1588337,27,,,1,15,,1588338,27,,,1,15,,1588339,27,,,1,15,,1588340,27,,,1,56,,1588341,27,,,1,15,,1588342,27,,,1
80303,'20261006',556,,1535056,27,,,1,55,,1535057,27,,,1,15,,1535058,27,,,1,14,,1535059,27,,,1,13,,1535060,27,,,1,52,,1535061,27,,,1,13,,1535063,27,,,1,12,,1535065,27,,,1,11,,1535067,27,,,1,10,,1535145,27,,,1,49,,1535069,27,,,1,9,,1535144,27,,,1,7,,1535072,27,,,1,8,,1535073,27,,,1,9,,1535143,27,,,1,7,,1535076,27,,,1,9,,1535078,27,,,1,8,,1535142,27,,,1,50,,1535081,27,,,1,10,,1535153,27,,,1,9,,1535083,27,,,1,10,,1535146,27,,,1,10,,1535141,27,,,1,10,,1535085,27,,,1,52,,1535087,27,,,1,12,,1535090,27,,,1,12,,1535091,27,,,1,12,,1535140,27,,,1,12,,1535094,27,,,1,52,,1535096,27,,,1,12,,1535099,27,,,1,12,,1535101,27,,,1,12,,1535152,27,,,1,12,,1535139,27,,,1,54,,1535103,27,,,1,13,,1535138,27,,,1,12,,1535106,27,,,1,12,,1535107,27,,,1,11,,1535137,27,,,1,52,,1535110,27,,,1,12,,1535108,27,,,1,12,,1535136,27,,,1,12,,1535115,27,,,1,12,,1535135,27,,,1,52,,1535118,27,,,1,12,,1535120,27,,,1,11,,1535122,27,,,1,13,,1535124,27,,,1,12,,1535134,27,,,1,51,,1535062,27,,,1,12,,1535133,27,,,1,11,,1535079,27,,,1,10,,1535132,27,,,1,10,,1535088,27,,,1,50,,1535093,27,,,1,9,,1535100,27,,,1,11,,1535131,27,,,1,9,,1535109,27,,,1,11,,1535114,27,,,1,10,,1535130,27,,,1,50,,1535126,27,,,1,11,,1535075,27,,,1,9,,1535129,27,,,1,11,,1535070,27,,,1,9,,1535117,27,,,1,9,,1535127,27,,,1,51,,1535123,27,,,1,9,,1535112,27,,,1,10,,1535147,27,,,1,11,,1535128,27,,,1,12,,1535097,27,,,1,12,,1535082,27,,,1,54,,1535148,27,,,1,14,,1535064,27,,,1,16,,1535125,27,,,1,13,,1535121,27,,,1,55,,1535119,27,,,1,15,,1535116,27,,,1,15,,1535113,27,,,1,15,,1535111,27,,,1,55,,1535105,27,,,1,15,,1535104,27,,,1,15,,1535102,27,,,1,15,,1535098,27,,,1,54,,1535095,27,,,1,15,,1535092,27,,,1,15,,1535089,27,,,1,15,,1535086,27,,,1,55,,1535084,27,,,1,15,,1535080,27,,,1,15,,1535077,27,,,1,15,,1535074,27,,,1,55,,1535071,27,,,1,15,,1535068,27,,,1,15,,1535066,27,,,1,15,,1535149,27,,,1,56,,1535150,27,,,1,15,,1535151,27,,,1
80303,'20261007',556,,1535154,27,,,1,55,,1535155,27,,,1,15,,1535156,27,,,1,14,,1535157,27,,,1,13,,1535158,27,,,1,52,,1535159,27,,,1,13,,1535161,27,,,1,12,,1535163,27,,,1,11,,1535165,27,,,1,10,,1535243,27,,,1,49,,1535167,27,,,1,9,,1535242,27,,,1,7,,1535170,27,,,1,8,,1535171,27,,,1,9,,1535241,27,,,1,7,,1535174,27,,,1,9,,1535176,27,,,1,8,,1535240,27,,,1,50,,1535179,27,,,1,10,,1535251,27,,,1,9,,1535181,27,,,1,10,,1535244,27,,,1,10,,1535239,27,,,1,10,,1535183,27,,,1,52,,1535185,27,,,1,12,,1535188,27,,,1,12,,1535189,27,,,1,12,,1535238,27,,,1,12,,1535192,27,,,1,52,,1535194,27,,,1,12,,1535197,27,,,1,12,,1535199,27,,,1,12,,1535250,27,,,1,12,,1535237,27,,,1,54,,1535201,27,,,1,13,,1535236,27,,,1,12,,1535204,27,,,1,12,,1535205,27,,,1,11,,1535235,27,,,1,52,,1535208,27,,,1,12,,1535206,27,,,1,12,,1535234,27,,,1,12,,1535213,27,,,1,12,,1535233,27,,,1,52,,1535216,27,,,1,12,,1535218,27,,,1,11,,1535220,27,,,1,13,,1535222,27,,,1,12,,1535232,27,,,1,51,,1535160,27,,,1,12,,1535231,27,,,1,11,,1535177,27,,,1,10,,1535230,27,,,1,10,,1535186,27,,,1,50,,1535191,27,,,1,9,,1535198,27,,,1,11,,1535229,27,,,1,9,,1535207,27,,,1,11,,1535212,27,,,1,10,,1535228,27,,,1,50,,1535224,27,,,1,11,,1535173,27,,,1,9,,1535227,27,,,1,11,,1535168,27,,,1,9,,1535215,27,,,1,9,,1535225,27,,,1,51,,1535221,27,,,1,9,,1535210,27,,,1,10,,1535245,27,,,1,11,,1535226,27,,,1,12,,1535195,27,,,1,12,,1535180,27,,,1,54,,1535246,27,,,1,14,,1535162,27,,,1,16,,1535223,27,,,1,13,,1535219,27,,,1,55,,1535217,27,,,1,15,,1535214,27,,,1,15,,1535211,27,,,1,15,,1535209,27,,,1,55,,1535203,27,,,1,15,,1535202,27,,,1,15,,1535200,27,,,1,15,,1535196,27,,,1,54,,1535193,27,,,1,15,,1535190,27,,,1,15,,1535187,27,,,1,15,,1535184,27,,,1,55,,1535182,27,,,1,15,,1535178,27,,,1,15,,1535175,27,,,1,15,,1535172,27,,,1,55,,1535169,27,,,1,15,,1535166,27,,,1,15,,1535164,27,,,1,15,,1535247,27,,,1,56,,1535248,27,,,1,15,,1535249,27,,,1
80303,'20261008',556,,1535252,27,,,1,55,,1535253,27,,,1,15,,1535254,27,,,1,14,,1535255,27,,,1,13,,1535256,27,,,1,52,,1535257,27,,,1,13,,1535259,27,,,1,12,,1535261,27,,,1,11,,1535263,27,,,1,10,,1535341,27,,,1,49,,1535265,27,,,1,9,,1535340,27,,,1,7,,1535268,27,,,1,8,,1535269,27,,,1,9,,1535339,27,,,1,7,,1535272,27,,,1,9,,1535274,27,,,1,8,,1535338,27,,,1,50,,1535277,27,,,1,10,,1535349,27,,,1,9,,1535279,27,,,1,10,,1535342,27,,,1,10,,1535337,27,,,1,10,,1535281,27,,,1,52,,1535283,27,,,1,12,,1535286,27,,,1,12,,1535287,27,,,1,12,,1535336,27,,,1,12,,1535290,27,,,1,52,,1535292,27,,,1,12,,1535295,27,,,1,12,,1535297,27,,,1,12,,1535348,27,,,1,12,,1535335,27,,,1,54,,1535299,27,,,1,13,,1535334,27,,,1,12,,1535302,27,,,1,12,,1535303,27,,,1,11,,1535333,27,,,1,52,,1535306,27,,,1,12,,1535304,27,,,1,12,,1535332,27,,,1,12,,1535311,27,,,1,12,,1535331,27,,,1,52,,1535314,27,,,1,12,,1535316,27,,,1,11,,1535318,27,,,1,13,,1535320,27,,,1,12,,1535330,27,,,1,51,,1535258,27,,,1,12,,1535329,27,,,1,11,,1535275,27,,,1,10,,1535328,27,,,1,10,,1535284,27,,,1,50,,1535289,27,,,1,9,,1535296,27,,,1,11,,1535327,27,,,1,9,,1535305,27,,,1,11,,1535310,27,,,1,10,,1535326,27,,,1,50,,1535322,27,,,1,11,,1535271,27,,,1,9,,1535325,27,,,1,11,,1535266,27,,,1,9,,1535313,27,,,1,9,,1535323,27,,,1,51,,1535319,27,,,1,9,,1535308,27,,,1,10,,1535343,27,,,1,11,,1535324,27,,,1,12,,1535293,27,,,1,12,,1535278,27,,,1,54,,1535344,27,,,1,14,,1535260,27,,,1,16,,1535321,27,,,1,13,,1535317,27,,,1,55,,1535315,27,,,1,15,,1535312,27,,,1,15,,1535309,27,,,1,15,,1535307,27,,,1,55,,1535301,27,,,1,15,,1535300,27,,,1,15,,1535298,27,,,1,15,,1535294,27,,,1,54,,1535291,27,,,1,15,,1535288,27,,,1,15,,1535285,27,,,1,15,,1535282,27,,,1,55,,1535280,27,,,1,15,,1535276,27,,,1,15,,1535273,27,,,1,15,,1535270,27,,,1,55,,1535267,27,,,1,15,,1535264,27,,,1,15,,1535262,27,,,1,15,,1535345,27,,,1,56,,1535346,27,,,1,15,,1535347,27,,,1
80303,'20261009',556,,1535350,27,,,1,55,,1535351,27,,,1,15,,1535352,27,,,1,14,,1535353,27,,,1,13,,1535354,27,,,1,52,,1535355,27,,,1,13,,1535357,27,,,1,12,,1535359,27,,,1,11,,1535361,27,,,1,10,,1535439,27,,,1,49,,1535363,27,,,1,9,,1535438,27,,,1,7,,1535366,27,,,1,8,,1535367,27,,,1,9,,1535437,27,,,1,7,,1535370,27,,,1,9,,1535372,27,,,1,8,,1535436,27,,,1,50,,1535375,27,,,1,10,,1535447,27,,,1,9,,1535377,27,,,1,10,,1535440,27,,,1,10,,1535435,27,,,1,10,,1535379,27,,,1,52,,1535381,27,,,1,12,,1535384,27,,,1,12,,1535385,27,,,1,12,,1535434,27,,,1,12,,1535388,27,,,1,52,,1535390,27,,,1,12,,1535393,27,,,1,12,,1535395,27,,,1,12,,1535446,27,,,1,12,,1535433,27,,,1,54,,1535397,27,,,1,13,,1535432,27,,,1,12,,1535400,27,,,1,12,,1535401,27,,,1,11,,1535431,27,,,1,52,,1535404,27,,,1,12,,1535402,27,,,1,12,,1535430,27,,,1,12,,1535409,27,,,1,12,,1535429,27,,,1,52,,1535412,27,,,1,12,,1535414,27,,,1,11,,1535416,27,,,1,13,,1535418,27,,,1,12,,1535428,27,,,1,51,,1535356,27,,,1,12,,1535427,27,,,1,11,,1535373,27,,,1,10,,1535426,27,,,1,10,,1535382,27,,,1,50,,1535387,27,,,1,9,,1535394,27,,,1,11,,1535425,27,,,1,9,,1535403,27,,,1,11,,1535408,27,,,1,10,,1535424,27,,,1,50,,1535420,27,,,1,11,,1535369,27,,,1,9,,1535423,27,,,1,11,,1535364,27,,,1,9,,1535411,27,,,1,9,,1535421,27,,,1,51,,1535417,27,,,1,9,,1535406,27,,,1,10,,1535441,27,,,1,11,,1535422,27,,,1,12,,1535391,27,,,1,12,,1535376,27,,,1,54,,1535442,27,,,1,14,,1535358,27,,,1,16,,1535419,27,,,1,13,,1535415,27,,,1,55,,1535413,27,,,1,15,,1535410,27,,,1,15,,1535407,27,,,1,15,,1535405,27,,,1,55,,1535399,27,,,1,15,,1535398,27,,,1,15,,1535396,27,,,1,15,,1535392,27,,,1,54,,1535389,27,,,1,15,,1535386,27,,,1,15,,1535383,27,,,1,15,,1535380,27,,,1,55,,1535378,27,,,1,15,,1535374,27,,,1,15,,1535371,27,,,1,15,,1535368,27,,,1,55,,1535365,27,,,1,15,,1535362,27,,,1,15,,1535360,27,,,1,15,,1535443,27,,,1,56,,1535444,27,,,1,15,,1535445,27,,,1
80303,'20261010',558,,1558197,27,,,1,55,,1558198,27,,,1,14,,1558202,27,,,1,15,,1558260,27,,,1,14,,1558200,27,,,1,54,,1558199,27,,,1,15,,1558201,27,,,1,15,,1558261,27,,,1,16,,1558212,27,,,1,56,,1558208,27,,,1,16,,1558206,27,,,1,15,,1558262,27,,,1,15,,1558205,27,,,1,55,,1558203,27,,,1,15,,1558263,27,,,1,15,,1558204,27,,,1,15,,1558213,27,,,1,55,,1558214,27,,,1,15,,1558210,27,,,1,15,,1558211,27,,,1,15,,1558207,27,,,1,55,,1558209,27,,,1,15,,1558253,27,,,1,16,,1558251,27,,,1,15,,1558256,27,,,1,55,,1558252,27,,,1,18,,1558218,27,,,1,15,,1558222,27,,,1,56,,1558220,27,,,1,13,,1558238,27,,,1,15,,1558243,27,,,1,14,,1558244,27,,,1,57,,1558241,27,,,1,15,,1558239,27,,,1,14,,1558233,27,,,1,15,,1558247,27,,,1,56,,1558234,27,,,1,13,,1558246,27,,,1,16,,1558249,27,,,1,16,,1558248,27,,,1,56,,1558227,27,,,1,14,,1558258,27,,,1,15,,1558242,27,,,1,16,,1558221,27,,,1,55,,1558223,27,,,1,13,,1558240,27,,,1,15,,1558245,27,,,1,15,,1558230,27,,,1,54,,1558229,27,,,1,16,,1558232,27,,,1,14,,1558231,27,,,1,15,,1558236,27,,,1,55,,1558237,27,,,1,15,,1558264,27,,,1,15,,1558255,27,,,1,14,,1558224,27,,,1,15,,1558225,27,,,1,55,,1558265,27,,,1,15,,1558215,27,,,1,15,,1558217,27,,,1,15,,1558267,27,,,1,55,,1558254,27,,,1,15,,1558268,27,,,1,15,,1558216,27,,,1,15,,1558269,27,,,1,55,,1558250,27,,,1,15,,1558266,27,,,1,15,,1558228,27,,,1,15,,1558270,27,,,1,55,,1558226,27,,,1,16,,1558271,27,,,1,15,,1558257,27,,,1,55,,1558272,27,,,1,15,,1558219,27,,,1,15,,1558273,27,,,1,15,,1558235,27,,,1,55,,1558259,27,,,1
80303,'20261011',558,,1558350,27,,,1,55,,1558347,27,,,1,14,,1558345,27,,,1,15,,1558283,27,,,1,14,,1558343,27,,,1,54,,1558342,27,,,1,15,,1558346,27,,,1,15,,1558279,27,,,1,16,,1558334,27,,,1,56,,1558339,27,,,1,16,,1558349,27,,,1,15,,1558286,27,,,1,15,,1558344,27,,,1,55,,1558348,27,,,1,15,,1558284,27,,,1,15,,1558341,27,,,1,15,,1558321,27,,,1,55,,1558327,27,,,1,15,,1558337,27,,,1,15,,1558328,27,,,1,15,,1558338,27,,,1,55,,1558336,27,,,1,15,,1558319,27,,,1,16,,1558313,27,,,1,15,,1558317,27,,,1,55,,1558314,27,,,1,18,,1558330,27,,,1,15,,1558326,27,,,1,56,,1558324,27,,,1,13,,1558295,27,,,1,15,,1558293,27,,,1,14,,1558308,27,,,1,57,,1558306,27,,,1,15,,1558304,27,,,1,14,,1558298,27,,,1,15,,1558311,27,,,1,56,,1558300,27,,,1,13,,1558310,27,,,1,16,,1558312,27,,,1,16,,1558303,27,,,1,56,,1558290,27,,,1,14,,1558320,27,,,1,15,,1558307,27,,,1,16,,1558323,27,,,1,55,,1558331,27,,,1,13,,1558289,27,,,1,15,,1558309,27,,,1,15,,1558305,27,,,1,54,,1558292,27,,,1,16,,1558299,27,,,1,14,,1558296,27,,,1,15,,1558301,27,,,1,55,,1558297,27,,,1,15,,1558282,27,,,1,15,,1558316,27,,,1,14,,1558332,27,,,1,15,,1558333,27,,,1,55,,1558275,27,,,1,15,,1558329,27,,,1,15,,1558325,27,,,1,15,,1558288,27,,,1,55,,1558315,27,,,1,15,,1558277,27,,,1,15,,1558340,27,,,1,15,,1558287,27,,,1,55,,1558302,27,,,1,15,,1558276,27,,,1,15,,1558291,27,,,1,15,,1558278,27,,,1,55,,1558335,27,,,1,16,,1558281,27,,,1,15,,1558318,27,,,1,55,,1558280,27,,,1,15,,1558322,27,,,1,15,,1558285,27,,,1,15,,1558294,27,,,1,55,,1558274,27,,,1
80303,'20261012',558,,1558427,27,,,1,55,,1558424,27,,,1,14,,1558422,27,,,1,15,,1558360,27,,,1,14,,1558420,27,,,1,54,,1558419,27,,,1,15,,1558423,27,,,1,15,,1558356,27,,,1,16,,1558411,27,,,1,56,,1558416,27,,,1,16,,1558426,27,,,1,15,,1558363,27,,,1,15,,1558421,27,,,1,55,,1558425,27,,,1,15,,1558361,27,,,1,15,,1558418,27,,,1,15,,1558398,27,,,1,55,,1558404,27,,,1,15,,1558414,27,,,1,15,,1558405,27,,,1,15,,1558415,27,,,1,55,,1558413,27,,,1,15,,1558396,27,,,1,16,,1558390,27,,,1,15,,1558394,27,,,1,55,,1558391,27,,,1,18,,1558407,27,,,1,15,,1558403,27,,,1,56,,1558401,27,,,1,13,,1558372,27,,,1,15,,1558370,27,,,1,14,,1558385,27,,,1,57,,1558383,27,,,1,15,,1558381,27,,,1,14,,1558375,27,,,1,15,,1558388,27,,,1,56,,1558377,27,,,1,13,,1558387,27,,,1,16,,1558389,27,,,1,16,,1558380,27,,,1,56,,1558367,27,,,1,14,,1558397,27,,,1,15,,1558384,27,,,1,16,,1558400,27,,,1,55,,1558408,27,,,1,13,,1558366,27,,,1,15,,1558386,27,,,1,15,,1558382,27,,,1,54,,1558369,27,,,1,16,,1558376,27,,,1,14,,1558373,27,,,1,15,,1558378,27,,,1,55,,1558374,27,,,1,15,,1558359,27,,,1,15,,1558393,27,,,1,14,,1558409,27,,,1,15,,1558410,27,,,1,55,,1558352,27,,,1,15,,1558406,27,,,1,15,,1558402,27,,,1,15,,1558365,27,,,1,55,,1558392,27,,,1,15,,1558354,27,,,1,15,,1558417,27,,,1,15,,1558364,27,,,1,55,,1558379,27,,,1,15,,1558353,27,,,1,15,,1558368,27,,,1,15,,1558355,27,,,1,55,,1558412,27,,,1,16,,1558358,27,,,1,15,,1558395,27,,,1,55,,1558357,27,,,1,15,,1558399,27,,,1,15,,1558362,27,,,1,15,,1558371,27,,,1,55,,1558351,27,,,1
80303,'20261013',556,,1588343,27,,,1,55,,1588344,27,,,1,15,,1588345,27,,,1,14,,1588346,27,,,1,13,,1588347,27,,,1,52,,1588348,27,,,1,13,,1588350,27,,,1,12,,1588352,27,,,1,11,,1588354,27,,,1,10,,1588432,27,,,1,49,,1588356,27,,,1,9,,1588431,27,,,1,7,,1588359,27,,,1,8,,1588360,27,,,1,9,,1588430,27,,,1,7,,1588363,27,,,1,9,,1588365,27,,,1,8,,1588429,27,,,1,50,,1588368,27,,,1,10,,1588440,27,,,1,9,,1588370,27,,,1,10,,1588433,27,,,1,10,,1588428,27,,,1,10,,1588372,27,,,1,52,,1588374,27,,,1,12,,1588377,27,,,1,12,,1588378,27,,,1,12,,1588427,27,,,1,12,,1588381,27,,,1,52,,1588383,27,,,1,12,,1588386,27,,,1,12,,1588388,27,,,1,12,,1588439,27,,,1,12,,1588426,27,,,1,54,,1588390,27,,,1,13,,1588425,27,,,1,12,,1588393,27,,,1,12,,1588394,27,,,1,11,,1588424,27,,,1,52,,1588397,27,,,1,12,,1588395,27,,,1,12,,1588423,27,,,1,12,,1588402,27,,,1,12,,1588422,27,,,1,52,,1588405,27,,,1,12,,1588407,27,,,1,11,,1588409,27,,,1,13,,1588411,27,,,1,12,,1588421,27,,,1,51,,1588349,27,,,1,12,,1588420,27,,,1,11,,1588366,27,,,1,10,,1588419,27,,,1,10,,1588375,27,,,1,50,,1588380,27,,,1,9,,1588387,27,,,1,11,,1588418,27,,,1,9,,1588396,27,,,1,11,,1588401,27,,,1,10,,1588417,27,,,1,50,,1588413,27,,,1,11,,1588362,27,,,1,9,,1588416,27,,,1,11,,1588357,27,,,1,9,,1588404,27,,,1,9,,1588414,27,,,1,51,,1588410,27,,,1,9,,1588399,27,,,1,10,,1588434,27,,,1,11,,1588415,27,,,1,12,,1588384,27,,,1,12,,1588369,27,,,1,54,,1588435,27,,,1,14,,1588351,27,,,1,16,,1588412,27,,,1,13,,1588408,27,,,1,55,,1588406,27,,,1,15,,1588403,27,,,1,15,,1588400,27,,,1,15,,1588398,27,,,1,55,,1588392,27,,,1,15,,1588391,27,,,1,15,,1588389,27,,,1,15,,1588385,27,,,1,54,,1588382,27,,,1,15,,1588379,27,,,1,15,,1588376,27,,,1,15,,1588373,27,,,1,55,,1588371,27,,,1,15,,1588367,27,,,1,15,,1588364,27,,,1,15,,1588361,27,,,1,55,,1588358,27,,,1,15,,1588355,27,,,1,15,,1588353,27,,,1,15,,1588436,27,,,1,56,,1588437,27,,,1,15,,1588438,27,,,1
80303,'20261014',556,,1588441,27,,,1,55,,1588442,27,,,1,15,,1588443,27,,,1,14,,1588444,27,,,1,13,,1588445,27,,,1,52,,1588446,27,,,1,13,,1588448,27,,,1,12,,1588450,27,,,1,11,,1588452,27,,,1,10,,1588530,27,,,1,49,,1588454,27,,,1,9,,1588529,27,,,1,7,,1588457,27,,,1,8,,1588458,27,,,1,9,,1588528,27,,,1,7,,1588461,27,,,1,9,,1588463,27,,,1,8,,1588527,27,,,1,50,,1588466,27,,,1,10,,1588538,27,,,1,9,,1588468,27,,,1,10,,1588531,27,,,1,10,,1588526,27,,,1,10,,1588470,27,,,1,52,,1588472,27,,,1,12,,1588475,27,,,1,12,,1588476,27,,,1,12,,1588525,27,,,1,12,,1588479,27,,,1,52,,1588481,27,,,1,12,,1588484,27,,,1,12,,1588486,27,,,1,12,,1588537,27,,,1,12,,1588524,27,,,1,54,,1588488,27,,,1,13,,1588523,27,,,1,12,,1588491,27,,,1,12,,1588492,27,,,1,11,,1588522,27,,,1,52,,1588495,27,,,1,12,,1588493,27,,,1,12,,1588521,27,,,1,12,,1588500,27,,,1,12,,1588520,27,,,1,52,,1588503,27,,,1,12,,1588505,27,,,1,11,,1588507,27,,,1,13,,1588509,27,,,1,12,,1588519,27,,,1,51,,1588447,27,,,1,12,,1588518,27,,,1,11,,1588464,27,,,1,10,,1588517,27,,,1,10,,1588473,27,,,1,50,,1588478,27,,,1,9,,1588485,27,,,1,11,,1588516,27,,,1,9,,1588494,27,,,1,11,,1588499,27,,,1,10,,1588515,27,,,1,50,,1588511,27,,,1,11,,1588460,27,,,1,9,,1588514,27,,,1,11,,1588455,27,,,1,9,,1588502,27,,,1,9,,1588512,27,,,1,51,,1588508,27,,,1,9,,1588497,27,,,1,10,,1588532,27,,,1,11,,1588513,27,,,1,12,,1588482,27,,,1,12,,1588467,27,,,1,54,,1588533,27,,,1,14,,1588449,27,,,1,16,,1588510,27,,,1,13,,1588506,27,,,1,55,,1588504,27,,,1,15,,1588501,27,,,1,15,,1588498,27,,,1,15,,1588496,27,,,1,55,,1588490,27,,,1,15,,1588489,27,,,1,15,,1588487,27,,,1,15,,1588483,27,,,1,54,,1588480,27,,,1,15,,1588477,27,,,1,15,,1588474,27,,,1,15,,1588471,27,,,1,55,,1588469,27,,,1,15,,1588465,27,,,1,15,,1588462,27,,,1,15,,1588459,27,,,1,55,,1588456,27,,,1,15,,1588453,27,,,1,15,,1588451,27,,,1,15,,1588534,27,,,1,56,,1588535,27,,,1,15,,1588536,27,,,1
80303,'20261015',556,,1588539,27,,,1,55,,1588540,27,,,1,15,,1588541,27,,,1,14,,1588542,27,,,1,13,,1588543,27,,,1,52,,1588544,27,,,1,13,,1588546,27,,,1,12,,1588548,27,,,1,11,,1588550,27,,,1,10,,1588628,27,,,1,49,,1588552,27,,,1,9,,1588627,27,,,1,7,,1588555,27,,,1,8,,1588556,27,,,1,9,,1588626,27,,,1,7,,1588559,27,,,1,9,,1588561,27,,,1,8,,1588625,27,,,1,50,,1588564,27,,,1,10,,1588636,27,,,1,9,,1588566,27,,,1,10,,1588629,27,,,1,10,,1588624,27,,,1,10,,1588568,27,,,1,52,,1588570,27,,,1,12,,1588573,27,,,1,12,,1588574,27,,,1,12,,1588623,27,,,1,12,,1588577,27,,,1,52,,1588579,27,,,1,12,,1588582,27,,,1,12,,1588584,27,,,1,12,,1588635,27,,,1,12,,1588622,27,,,1,54,,1588586,27,,,1,13,,1588621,27,,,1,12,,1588589,27,,,1,12,,1588590,27,,,1,11,,1588620,27,,,1,52,,1588593,27,,,1,12,,1588591,27,,,1,12,,1588619,27,,,1,12,,1588598,27,,,1,12,,1588618,27,,,1,52,,1588601,27,,,1,12,,1588603,27,,,1,11,,1588605,27,,,1,13,,1588607,27,,,1,12,,1588617,27,,,1,51,,1588545,27,,,1,12,,1588616,27,,,1,11,,1588562,27,,,1,10,,1588615,27,,,1,10,,1588571,27,,,1,50,,1588576,27,,,1,9,,1588583,27,,,1,11,,1588614,27,,,1,9,,1588592,27,,,1,11,,1588597,27,,,1,10,,1588613,27,,,1,50,,1588609,27,,,1,11,,1588558,27,,,1,9,,1588612,27,,,1,11,,1588553,27,,,1,9,,1588600,27,,,1,9,,1588610,27,,,1,51,,1588606,27,,,1,9,,1588595,27,,,1,10,,1588630,27,,,1,11,,1588611,27,,,1,12,,1588580,27,,,1,12,,1588565,27,,,1,54,,1588631,27,,,1,14,,1588547,27,,,1,16,,1588608,27,,,1,13,,1588604,27,,,1,55,,1588602,27,,,1,15,,1588599,27,,,1,15,,1588596,27,,,1,15,,1588594,27,,,1,55,,1588588,27,,,1,15,,1588587,27,,,1,15,,1588585,27,,,1,15,,1588581,27,,,1,54,,1588578,27,,,1,15,,1588575,27,,,1,15,,1588572,27,,,1,15,,1588569,27,,,1,55,,1588567,27,,,1,15,,1588563,27,,,1,15,,1588560,27,,,1,15,,1588557,27,,,1,55,,1588554,27,,,1,15,,1588551,27,,,1,15,,1588549,27,,,1,15,,1588632,27,,,1,56,,1588633,27,,,1,15,,1588634,27,,,1
80303,'20261016',556,,1588637,27,,,1,55,,1588638,27,,,1,15,,1588639,27,,,1,14,,1588640,27,,,1,13,,1588641,27,,,1,52,,1588642,27,,,1,13,,1588644,27,,,1,12,,1588646,27,,,1,11,,1588648,27,,,1,10,,1588726,27,,,1,49,,1588650,27,,,1,9,,1588725,27,,,1,7,,1588653,27,,,1,8,,1588654,27,,,1,9,,1588724,27,,,1,7,,1588657,27,,,1,9,,1588659,27,,,1,8,,1588723,27,,,1,50,,1588662,27,,,1,10,,1588734,27,,,1,9,,1588664,27,,,1,10,,1588727,27,,,1,10,,1588722,27,,,1,10,,1588666,27,,,1,52,,1588668,27,,,1,12,,1588671,27,,,1,12,,1588672,27,,,1,12,,1588721,27,,,1,12,,1588675,27,,,1,52,,1588677,27,,,1,12,,1588680,27,,,1,12,,1588682,27,,,1,12,,1588733,27,,,1,12,,1588720,27,,,1,54,,1588684,27,,,1,13,,1588719,27,,,1,12,,1588687,27,,,1,12,,1588688,27,,,1,11,,1588718,27,,,1,52,,1588691,27,,,1,12,,1588689,27,,,1,12,,1588717,27,,,1,12,,1588696,27,,,1,12,,1588716,27,,,1,52,,1588699,27,,,1,12,,1588701,27,,,1,11,,1588703,27,,,1,13,,1588705,27,,,1,12,,1588715,27,,,1,51,,1588643,27,,,1,12,,1588714,27,,,1,11,,1588660,27,,,1,10,,1588713,27,,,1,10,,1588669,27,,,1,50,,1588674,27,,,1,9,,1588681,27,,,1,11,,1588712,27,,,1,9,,1588690,27,,,1,11,,1588695,27,,,1,10,,1588711,27,,,1,50,,1588707,27,,,1,11,,1588656,27,,,1,9,,1588710,27,,,1,11,,1588651,27,,,1,9,,1588698,27,,,1,9,,1588708,27,,,1,51,,1588704,27,,,1,9,,1588693,27,,,1,10,,1588728,27,,,1,11,,1588709,27,,,1,12,,1588678,27,,,1,12,,1588663,27,,,1,54,,1588729,27,,,1,14,,1588645,27,,,1,16,,1588706,27,,,1,13,,1588702,27,,,1,55,,1588700,27,,,1,15,,1588697,27,,,1,15,,1588694,27,,,1,15,,1588692,27,,,1,55,,1588686,27,,,1,15,,1588685,27,,,1,15,,1588683,27,,,1,15,,1588679,27,,,1,54,,1588676,27,,,1,15,,1588673,27,,,1,15,,1588670,27,,,1,15,,1588667,27,,,1,55,,1588665,27,,,1,15,,1588661,27,,,1,15,,1588658,27,,,1,15,,1588655,27,,,1,55,,1588652,27,,,1,15,,1588649,27,,,1,15,,1588647,27,,,1,15,,1588730,27,,,1,56,,1588731,27,,,1,15,,1588732,27,,,1
98200,'20261002',2558,,1593532,37,,,0
98200,'20261003',2558,,1593533,37,,,0
98200,'20261009',2558,,1540247,37,,,0
98200,'20261010',2558,,1561868,37,,,0
98200,'20261016',2558,,1593534,37,,,0
